#
# A fatal error has been detected by the Java Runtime Environment:
#
#  EXCEPTION_ACCESS_VIOLATION (0xc0000005) at pc=0x00007ff931ae108a, pid=2832, tid=10852
#
# JRE version: OpenJDK Runtime Environment Temurin-17.0.10+7 (17.0.10+7) (build 17.0.10+7)
# Java VM: OpenJDK 64-Bit Server VM Temurin-17.0.10+7 (17.0.10+7, mixed mode, sharing, tiered, compressed oops, compressed class ptrs, g1 gc, windows-amd64)
# Problematic frame:
# V  [jvm.dll+0x7a108a]
#
# No core dump will be written. Minidumps are not enabled by default on client versions of Windows
#
# If you would like to submit a bug report, please visit:
#   https://github.com/adoptium/adoptium-support/issues
#

---------------  S U M M A R Y ------------

Command Line: -Dforge.enableGameTest=true -Dforge.logging.console.level=debug -Dforge.logging.markers=REGISTRIES -DignoreList=bootstraplauncher,securejarhandler,asm-commons,asm-util,asm-analysis,asm-tree,asm,JarJarFileSystems,client-extra,fmlcore,javafmllanguage,lowcodelanguage,mclanguage,forge- -Djava.net.preferIPv6Addresses=system -DlegacyClassPath.file=F:\MCreatorWorkspace\JunjieTrafficMod\build\classpath\runClient_minecraftClasspath.txt -DmergeModules=jna-5.10.0.jar,jna-platform-5.10.0.jar --module-path=C:\Users\JunZulaki\.mcreator\gradle\caches\modules-2\files-2.1\cpw.mods\bootstraplauncher\1.1.2\c546e00443d8432cda6baa1c860346980742628\bootstraplauncher-1.1.2.jar;C:\Users\JunZulaki\.mcreator\gradle\caches\modules-2\files-2.1\cpw.mods\securejarhandler\2.1.10\51e6a22c6c716beb11e244bf5b8be480f51dd6b5\securejarhandler-2.1.10.jar;C:\Users\JunZulaki\.mcreator\gradle\caches\modules-2\files-2.1\org.ow2.asm\asm-commons\9.5\19ab5b5800a3910d30d3a3e64fdb00fd0cb42de0\asm-commons-9.5.jar;C:\Users\JunZulaki\.mcreator\gradle\caches\modules-2\files-2.1\org.ow2.asm\asm-util\9.5\64b5a1fc8c1b15ed2efd6a063e976bc8d3dc5ffe\asm-util-9.5.jar;C:\Users\JunZulaki\.mcreator\gradle\caches\modules-2\files-2.1\org.ow2.asm\asm-analysis\9.5\490bacc77de7cbc0be1a30bb3471072d705be4a4\asm-analysis-9.5.jar;C:\Users\JunZulaki\.mcreator\gradle\caches\modules-2\files-2.1\org.ow2.asm\asm-tree\9.5\fd33c8b6373abaa675be407082fdfda35021254a\asm-tree-9.5.jar;C:\Users\JunZulaki\.mcreator\gradle\caches\modules-2\files-2.1\org.ow2.asm\asm\9.5\dc6ea1875f4d64fbc85e1691c95b96a3d8569c90\asm-9.5.jar;C:\Users\JunZulaki\.mcreator\gradle\caches\modules-2\files-2.1\net.minecraftforge\JarJarFileSystems\0.3.19\2464eb7d6b9ddb9db36a82cf8a95193e5c6fe020\JarJarFileSystems-0.3.19.jar --add-modules=ALL-MODULE-PATH --add-opens=java.base/java.util.jar=cpw.mods.securejarhandler --add-opens=java.base/java.lang.invoke=cpw.mods.securejarhandler --add-exports=java.base/sun.security.util=cpw.mods.securejarhandler --add-exports=jdk.naming.dns/com.sun.jndi.dns=java.naming -XX:HeapDumpPath=MojangTricksIntelDriversForPerformance_javaw.exe_minecraft.exe.heapdump -Dfile.encoding=UTF-8 -Duser.country=CN -Duser.language=zh -Duser.variant cpw.mods.bootstraplauncher.BootstrapLauncher --launchTarget forgeclientuserdev --version MOD_DEV --assetIndex 5 --assetsDir C:\Users\JunZulaki\.mcreator\gradle\caches\forge_gradle\assets --gameDir . --fml.forgeVersion 47.2.0 --fml.mcVersion 1.20.1 --fml.forgeGroup net.minecraftforge --fml.mcpVersion 20230612.114412

Host: Intel(R) Core(TM) i7-5500U CPU @ 2.40GHz, 4 cores, 11G,  Windows 10 , 64 bit Build 19041 (10.0.19041.7663)
Time: Mon Sep  7 23:09:32 2026  Windows 10 , 64 bit Build 19041 (10.0.19041.7663) elapsed time: 489.163352 seconds (0d 0h 8m 9s)

---------------  T H R E A D  ---------------

Current thread (0x000002665d332bd0):  JavaThread "Render thread" [_thread_in_vm, id=10852, stack(0x000000b4b3700000,0x000000b4b3800000)]

Stack: [0x000000b4b3700000,0x000000b4b3800000],  sp=0x000000b4b37fc500,  free space=1009k
Native frames: (J=compiled Java code, j=interpreted, Vv=VM code, C=native code)
V  [jvm.dll+0x7a108a]
V  [jvm.dll+0x7a1189]
V  [jvm.dll+0x6e3d4e]
V  [jvm.dll+0x6e3ce4]
V  [jvm.dll+0x3870ec]
C  0x000002666c37c330

The last pc belongs to throw exception entrypoints (printed below).
Java frames: (J=compiled Java code, j=interpreted, Vv=VM code)
j  net.minecraft.client.renderer.chunk.ChunkRenderDispatcher$RenderChunk.getCompiledChunk()Lnet/minecraft/client/renderer/chunk/ChunkRenderDispatcher$CompiledChunk;+7 minecraft@1.20.1
j  net.minecraft.client.renderer.LevelRenderer.renderChunkLayer(Lnet/minecraft/client/renderer/RenderType;Lcom/mojang/blaze3d/vertex/PoseStack;DDDLorg/joml/Matrix4f;)V+651 minecraft@1.20.1
J 29157 c2 net.minecraft.client.renderer.LevelRenderer.renderLevel(Lcom/mojang/blaze3d/vertex/PoseStack;FJZLnet/minecraft/client/Camera;Lnet/minecraft/client/renderer/GameRenderer;Lnet/minecraft/client/renderer/LightTexture;Lorg/joml/Matrix4f;)V minecraft@1.20.1 (3061 bytes) @ 0x000002666de6c6d4 [0x000002666de6b240+0x0000000000001494]
J 29203 c2 net.minecraft.client.renderer.GameRenderer.renderLevel(FJLcom/mojang/blaze3d/vertex/PoseStack;)V minecraft@1.20.1 (737 bytes) @ 0x000002666dea6d54 [0x000002666dea57e0+0x0000000000001574]
J 29219 c2 net.minecraft.client.renderer.GameRenderer.render(FJZ)V minecraft@1.20.1 (960 bytes) @ 0x000002666deb9160 [0x000002666deb8aa0+0x00000000000006c0]
J 26630 c2 net.minecraft.client.Minecraft.runTick(Z)V minecraft@1.20.1 (1158 bytes) @ 0x000002666db34214 [0x000002666db333a0+0x0000000000000e74]
J 29439% c1 net.minecraft.client.Minecraft.run()V minecraft@1.20.1 (266 bytes) @ 0x0000026666894914 [0x0000026666894480+0x0000000000000494]
j  net.minecraft.client.main.Main.main([Ljava/lang/String;)V+1561 minecraft@1.20.1
v  ~StubRoutines::call_stub
J 6804  jdk.internal.reflect.NativeMethodAccessorImpl.invoke0(Ljava/lang/reflect/Method;Ljava/lang/Object;[Ljava/lang/Object;)Ljava/lang/Object; java.base@17.0.10 (0 bytes) @ 0x000002666c9881a7 [0x000002666c988120+0x0000000000000087]
j  jdk.internal.reflect.NativeMethodAccessorImpl.invoke(Ljava/lang/Object;[Ljava/lang/Object;)Ljava/lang/Object;+133 java.base@17.0.10
J 6786 c1 jdk.internal.reflect.DelegatingMethodAccessorImpl.invoke(Ljava/lang/Object;[Ljava/lang/Object;)Ljava/lang/Object; java.base@17.0.10 (10 bytes) @ 0x0000026664e6e34c [0x0000026664e6e240+0x000000000000010c]
J 6785 c1 java.lang.reflect.Method.invoke(Ljava/lang/Object;[Ljava/lang/Object;)Ljava/lang/Object; java.base@17.0.10 (65 bytes) @ 0x0000026664e6eb44 [0x0000026664e6e800+0x0000000000000344]
j  net.minecraftforge.fml.loading.targets.CommonLaunchHandler.runTarget(Ljava/lang/String;[Ljava/lang/String;Ljava/lang/ModuleLayer;)V+39 fmlloader@1.20.1-47.2.0
j  net.minecraftforge.fml.loading.targets.CommonLaunchHandler.clientService([Ljava/lang/String;Ljava/lang/ModuleLayer;)V+5 fmlloader@1.20.1-47.2.0
j  net.minecraftforge.fml.loading.targets.ForgeClientUserdevLaunchHandler.devService([Ljava/lang/String;Ljava/lang/ModuleLayer;)V+3 fmlloader@1.20.1-47.2.0
j  net.minecraftforge.fml.loading.targets.CommonDevLaunchHandler.lambda$makeService$7([Ljava/lang/String;Ljava/lang/ModuleLayer;)V+3 fmlloader@1.20.1-47.2.0
j  net.minecraftforge.fml.loading.targets.CommonDevLaunchHandler$$Lambda$1003+0x000002660140d368.run()V+12 fmlloader@1.20.1-47.2.0
j  cpw.mods.modlauncher.LaunchServiceHandlerDecorator.launch([Ljava/lang/String;Ljava/lang/ModuleLayer;)V+11 cpw.mods.modlauncher@10.0.9
j  cpw.mods.modlauncher.LaunchServiceHandler.launch(Ljava/lang/String;[Ljava/lang/String;Ljava/lang/ModuleLayer;Lcpw/mods/modlauncher/TransformingClassLoader;Lcpw/mods/modlauncher/LaunchPluginHandler;)V+58 cpw.mods.modlauncher@10.0.9
j  cpw.mods.modlauncher.LaunchServiceHandler.launch(Lcpw/mods/modlauncher/ArgumentHandler;Ljava/lang/ModuleLayer;Lcpw/mods/modlauncher/TransformingClassLoader;Lcpw/mods/modlauncher/LaunchPluginHandler;)V+21 cpw.mods.modlauncher@10.0.9
j  cpw.mods.modlauncher.Launcher.run([Ljava/lang/String;)V+307 cpw.mods.modlauncher@10.0.9
j  cpw.mods.modlauncher.Launcher.main([Ljava/lang/String;)V+78 cpw.mods.modlauncher@10.0.9
j  cpw.mods.modlauncher.BootstrapLaunchConsumer.accept([Ljava/lang/String;)V+1 cpw.mods.modlauncher@10.0.9
j  cpw.mods.modlauncher.BootstrapLaunchConsumer.accept(Ljava/lang/Object;)V+5 cpw.mods.modlauncher@10.0.9
j  cpw.mods.bootstraplauncher.BootstrapLauncher.main([Ljava/lang/String;)V+515 cpw.mods.bootstraplauncher@1.1.2
v  ~StubRoutines::call_stub

siginfo: EXCEPTION_ACCESS_VIOLATION (0xc0000005), reading address 0x0000000000000214


Registers:
RAX=0x0000000000000000, RBX=0x0000000000000000, RCX=0x0000000000000210, RDX=0x0000026602162230
RSP=0x000000b4b37fc500, RBP=0x000002665d3330b0, RSI=0x0000026602162230, RDI=0x000002660216ae30
R8 =0x0000000000000000, R9 =0x000000000000000a, R10=0x0000000000000003, R11=0x000000b4b37fc5b0
R12=0x0000026602162230, R13=0x000002660216ae30, R14=0x000002665d3330c0, R15=0x000002665d333498
RIP=0x00007ff931ae108a, EFLAGS=0x0000000000010206


Register to memory mapping:

RIP=0x00007ff931ae108a jvm.dll
RAX=0x0 is NULL
RBX=0x0 is NULL
RCX=0x0000000000000210 is an unknown value
RDX=0x0000026602162230 is pointing into metadata
RSP=0x000000b4b37fc500 is pointing into the stack for thread: 0x000002665d332bd0
RBP=0x000002665d3330b0 points into unknown readable memory: 0x0000000000000000 | 00 00 00 00 00 00 00 00
RSI=0x0000026602162230 is pointing into metadata
RDI=0x000002660216ae30 is a pointer to class: 
net.minecraft.client.renderer.chunk.ChunkRenderDispatcher$CompiledChunk {0x000002660216ae38}
 - instance size:     4
 - klass size:        69
 - access:            public synchronized 
 - state:             fully_initialized
 - name:              'net/minecraft/client/renderer/chunk/ChunkRenderDispatcher$CompiledChunk'
 - super:             'java/lang/Object'
 - sub:               'net/minecraft/client/renderer/chunk/ChunkRenderDispatcher$CompiledChunk$1'   
 - arrays:            NULL
 - methods:           Array<T>(0x00000266822c9fc8)
 - method ordering:   Array<T>(0x0000026600909c10)
 - default_methods:   Array<T>(0x0000000000000000)
 - local interfaces:  Array<T>(0x00000266005cc2e0)
 - trans. interfaces: Array<T>(0x00000266005cc2e0)
 - constants:         constant pool [103] {0x00000266822c9af0} for 'net/minecraft/client/renderer/chunk/ChunkRenderDispatcher$CompiledChunk' cache=0x00000266822cb470
 - class loader data:  loader data: 0x00000266461776b0 for instance a 'cpw/mods/modlauncher/TransformingClassLoader'{0x0000000746c2b1c0}
 - source file:       'ChunkRenderDispatcher.java'
 - class annotations:       Array<T>(0x0000000000000000)
 - class type annotations:  Array<T>(0x0000000000000000)
 - field annotations:       Array<T>(0x00000266822c9f50)
 - field type annotations:  Array<T>(0x0000000000000000)
 - inner classes:     Array<T>(0x00000266822ca670)
 - nest members:     Array<T>(0x00000266005cc270)
 - permitted subclasses:     Array<T>(0x00000266005cc270)
 - java mirror:       a 'java/lang/Class'{0x000000076c04b158} = 'net/minecraft/client/renderer/chunk/ChunkRenderDispatcher$CompiledChunk'
 - vtable length      9  (start addr: 0x000002660216aff8)
 - itable length      2 (start addr: 0x000002660216b040)
 - ---- static fields (1 words):
 - public static final 'UNCOMPILED' 'Lnet/minecraft/client/renderer/chunk/ChunkRenderDispatcher$CompiledChunk;' @112 
 - ---- non-static fields (4 words):
 - final 'hasBlocks' 'Ljava/util/Set;' @12 
 - final 'renderableBlockEntities' 'Ljava/util/List;' @16 
 - 'visibilitySet' 'Lnet/minecraft/client/renderer/chunk/VisibilitySet;' @20 
 - 'transparencyState' 'Lcom/mojang/blaze3d/vertex/BufferBuilder$SortState;' @24 
 - non-static oop maps: 12-24 
R8 =0x0 is NULL
R9 =0x000000000000000a is an unknown value
R10=0x0000000000000003 is an unknown value
R11=0x000000b4b37fc5b0 is pointing into the stack for thread: 0x000002665d332bd0
R12=0x0000026602162230 is pointing into metadata
R13=0x000002660216ae30 is a pointer to class: 
net.minecraft.client.renderer.chunk.ChunkRenderDispatcher$CompiledChunk {0x000002660216ae38}
 - instance size:     4
 - klass size:        69
 - access:            public synchronized 
 - state:             fully_initialized
 - name:              'net/minecraft/client/renderer/chunk/ChunkRenderDispatcher$CompiledChunk'
 - super:             'java/lang/Object'
 - sub:               'net/minecraft/client/renderer/chunk/ChunkRenderDispatcher$CompiledChunk$1'   
 - arrays:            NULL
 - methods:           Array<T>(0x00000266822c9fc8)
 - method ordering:   Array<T>(0x0000026600909c10)
 - default_methods:   Array<T>(0x0000000000000000)
 - local interfaces:  Array<T>(0x00000266005cc2e0)
 - trans. interfaces: Array<T>(0x00000266005cc2e0)
 - constants:         constant pool [103] {0x00000266822c9af0} for 'net/minecraft/client/renderer/chunk/ChunkRenderDispatcher$CompiledChunk' cache=0x00000266822cb470
 - class loader data:  loader data: 0x00000266461776b0 for instance a 'cpw/mods/modlauncher/TransformingClassLoader'{0x0000000746c2b1c0}
 - source file:       'ChunkRenderDispatcher.java'
 - class annotations:       Array<T>(0x0000000000000000)
 - class type annotations:  Array<T>(0x0000000000000000)
 - field annotations:       Array<T>(0x00000266822c9f50)
 - field type annotations:  Array<T>(0x0000000000000000)
 - inner classes:     Array<T>(0x00000266822ca670)
 - nest members:     Array<T>(0x00000266005cc270)
 - permitted subclasses:     Array<T>(0x00000266005cc270)
 - java mirror:       a 'java/lang/Class'{0x000000076c04b158} = 'net/minecraft/client/renderer/chunk/ChunkRenderDispatcher$CompiledChunk'
 - vtable length      9  (start addr: 0x000002660216aff8)
 - itable length      2 (start addr: 0x000002660216b040)
 - ---- static fields (1 words):
 - public static final 'UNCOMPILED' 'Lnet/minecraft/client/renderer/chunk/ChunkRenderDispatcher$CompiledChunk;' @112 
 - ---- non-static fields (4 words):
 - final 'hasBlocks' 'Ljava/util/Set;' @12 
 - final 'renderableBlockEntities' 'Ljava/util/List;' @16 
 - 'visibilitySet' 'Lnet/minecraft/client/renderer/chunk/VisibilitySet;' @20 
 - 'transparencyState' 'Lcom/mojang/blaze3d/vertex/BufferBuilder$SortState;' @24 
 - non-static oop maps: 12-24 
R14=0x000002665d3330c0 points into unknown readable memory: 0x656e696d2e74656e | 6e 65 74 2e 6d 69 6e 65
R15=0x000002665d333498 points into unknown readable memory: 0x0807f501b6d9a056 | 56 a0 d9 b6 01 f5 07 08


Top of Stack: (sp=0x000000b4b37fc500)
0x000000b4b37fc500:   000000b4b37fc578 00007ff931b323e6
0x000000b4b37fc510:   0000026600000000 0000026600000000
0x000000b4b37fc520:   000002660216ae30 00007ff931ae1189
0x000000b4b37fc530:   0000000000000000 00007ff9314c778a
0x000000b4b37fc540:   0000000200000000 00000266822b9000
0x000000b4b37fc550:   000002668461d110 00007ff931a23d4e
0x000000b4b37fc560:   000002665d332bd0 000002665b268180
0x000000b4b37fc570:   000002665b2681b0 000000b4b37fd9b0
0x000000b4b37fc580:   000002666c37c2ed 000002666c378e10
0x000000b4b37fc590:   0000026600000000 000000b4b37fd9f8
0x000000b4b37fc5a0:   000002665d333498 000002665d3330c0
0x000000b4b37fc5b0:   00000000000003d8 000002660216ae30
0x000000b4b37fc5c0:   0000026602162230 00007ff931a23ce4
0x000000b4b37fc5d0:   0000026602162230 00000266822bbfb7
0x000000b4b37fc5e0:   00000266822bbfb7 000002665d3330b0
0x000000b4b37fc5f0:   00000266822ba000 000002665d332bd0
0x000000b4b37fc600:   00000266822ba000 000002665d332bd0
0x000000b4b37fc610:   0000000000000000 0000000000000000
0x000000b4b37fc620:   0000000000000000 0000026600000002
0x000000b4b37fc630:   0000000000000000 0000000000000000
0x000000b4b37fc640:   000000b4b37fd9b0 000002666c37c2ed
0x000000b4b37fc650:   000002666c378e10 0000026600000000
0x000000b4b37fc660:   000000b4b37fd9f8 000000b4b37fd9b0
0x000000b4b37fc670:   000002665d332bd0 0000000000000c00
0x000000b4b37fc680:   0000000000000000 0000000000000000
0x000000b4b37fc690:   0000000000000000 0000000000000000
0x000000b4b37fc6a0:   0000000000000000 0000000000000000
0x000000b4b37fc6b0:   0000000000000000 0000000000000000
0x000000b4b37fc6c0:   0000000000000000 000000b4b37fda00
0x000000b4b37fc6d0:   000002665d332bd0 0000000000000101
0x000000b4b37fc6e0:   0000000000000000 0000000000000000
0x000000b4b37fc6f0:   0000000000000000 0000000000000000 

Instructions: (pc=0x00007ff931ae108a)
0x00007ff931ae0f8a:   48 83 c4 20 5f e9 8c 5c 90 ff cc cc cc cc cc cc
0x00007ff931ae0f9a:   cc cc cc cc cc cc 48 89 5c 24 08 57 48 83 ec 20
0x00007ff931ae0faa:   83 fa 02 8d 42 06 b9 08 00 00 00 49 8b d8 0f 4e
0x00007ff931ae0fba:   c1 48 63 c8 48 83 c1 07 83 e1 f8 48 63 f9 49 8b
0x00007ff931ae0fca:   48 18 48 8b c7 48 f7 d0 48 3b c1 73 16 4c 8d 05
0x00007ff931ae0fda:   5a 65 17 00 48 8b d7 48 8b cb e8 e7 bd 90 ff 48
0x00007ff931ae0fea:   8b 4b 18 48 8d 04 39 48 3b 43 20 76 18 45 33 c0
0x00007ff931ae0ffa:   48 8b d7 48 8b cb 48 8b 5c 24 30 48 83 c4 20 5f
0x00007ff931ae100a:   e9 11 bb 90 ff 48 89 43 18 48 8b c1 48 8b 5c 24
0x00007ff931ae101a:   30 48 83 c4 20 5f c3 cc cc cc cc cc cc cc cc cc
0x00007ff931ae102a:   cc cc cc cc cc cc 4c 8b d2 4c 8b d9 45 85 c0 7e
0x00007ff931ae103a:   3c 44 0f b7 49 04 41 8d 40 ff 41 3b c1 44 0f 4c
0x00007ff931ae104a:   c8 4d 63 c1 45 85 c9 7e 1f 48 8b c2 4c 2b da 49
0x00007ff931ae105a:   8b d0 0f 1f 40 00 41 0f b6 4c 03 06 88 08 48 8d
0x00007ff931ae106a:   40 01 48 83 ea 01 75 ee 43 c6 04 10 00 49 8b c2
0x00007ff931ae107a:   c3 cc cc cc cc cc 48 89 5c 24 08 57 48 83 ec 20
0x00007ff931ae108a:   0f b7 59 04 48 8b f9 33 d2 48 8d 4b 01 e8 e4 2c
0x00007ff931ae109a:   f3 ff 0f b7 57 04 4c 8b c0 3b da 0f 42 d3 44 8b
0x00007ff931ae10aa:   ca 85 d2 74 39 48 2b f8 0f 1f 40 00 66 66 0f 1f
0x00007ff931ae10ba:   84 00 00 00 00 00 0f b6 4c 07 06 88 08 48 ff c0
0x00007ff931ae10ca:   48 8b c8 49 2b c8 49 3b c9 7c eb 42 c6 04 02 00
0x00007ff931ae10da:   49 8b c0 48 8b 5c 24 30 48 83 c4 20 5f c3 48 8b
0x00007ff931ae10ea:   5c 24 30 c6 04 02 00 48 83 c4 20 5f c3 cc cc cc
0x00007ff931ae10fa:   cc cc cc cc cc cc 4c 8b d1 45 85 c0 7e 6c 44 0f
0x00007ff931ae110a:   b7 49 04 41 8d 40 ff 41 3b c1 44 0f 4c c8 4d 63
0x00007ff931ae111a:   d9 45 85 c9 7e 22 48 8b ca 4c 2b d2 4d 8b c3 0f
0x00007ff931ae112a:   1f 80 00 00 00 00 41 0f b6 44 0a 06 88 01 48 8d
0x00007ff931ae113a:   49 01 49 83 e8 01 75 ee 41 c6 04 13 00 48 c7 c0
0x00007ff931ae114a:   ff ff ff ff 66 90 48 ff c0 80 3c 02 00 75 f7 48
0x00007ff931ae115a:   63 c8 85 c0 48 8b c2 7e 14 80 38 2f 75 03 c6 00
0x00007ff931ae116a:   2e 48 ff c0 48 83 e9 01 75 ef 48 8b c2 c3 cc cc
0x00007ff931ae117a:   cc cc cc cc cc cc 48 83 ec 28 e8 f7 fe ff ff 4c 


Stack slot to memory mapping:
stack at sp + 0 slots: 0x000000b4b37fc578 is pointing into the stack for thread: 0x000002665d332bd0
stack at sp + 1 slots: 0x00007ff931b323e6 jvm.dll
stack at sp + 2 slots: 0x0000026600000000 is pointing into metadata
stack at sp + 3 slots: 0x0000026600000000 is pointing into metadata
stack at sp + 4 slots: 0x000002660216ae30 is a pointer to class: 
net.minecraft.client.renderer.chunk.ChunkRenderDispatcher$CompiledChunk {0x000002660216ae38}
 - instance size:     4
 - klass size:        69
 - access:            public synchronized 
 - state:             fully_initialized
 - name:              'net/minecraft/client/renderer/chunk/ChunkRenderDispatcher$CompiledChunk'
 - super:             'java/lang/Object'
 - sub:               'net/minecraft/client/renderer/chunk/ChunkRenderDispatcher$CompiledChunk$1'   
 - arrays:            NULL
 - methods:           Array<T>(0x00000266822c9fc8)
 - method ordering:   Array<T>(0x0000026600909c10)
 - default_methods:   Array<T>(0x0000000000000000)
 - local interfaces:  Array<T>(0x00000266005cc2e0)
 - trans. interfaces: Array<T>(0x00000266005cc2e0)
 - constants:         constant pool [103] {0x00000266822c9af0} for 'net/minecraft/client/renderer/chunk/ChunkRenderDispatcher$CompiledChunk' cache=0x00000266822cb470
 - class loader data:  loader data: 0x00000266461776b0 for instance a 'cpw/mods/modlauncher/TransformingClassLoader'{0x0000000746c2b1c0}
 - source file:       'ChunkRenderDispatcher.java'
 - class annotations:       Array<T>(0x0000000000000000)
 - class type annotations:  Array<T>(0x0000000000000000)
 - field annotations:       Array<T>(0x00000266822c9f50)
 - field type annotations:  Array<T>(0x0000000000000000)
 - inner classes:     Array<T>(0x00000266822ca670)
 - nest members:     Array<T>(0x00000266005cc270)
 - permitted subclasses:     Array<T>(0x00000266005cc270)
 - java mirror:       a 'java/lang/Class'{0x000000076c04b158} = 'net/minecraft/client/renderer/chunk/ChunkRenderDispatcher$CompiledChunk'
 - vtable length      9  (start addr: 0x000002660216aff8)
 - itable length      2 (start addr: 0x000002660216b040)
 - ---- static fields (1 words):
 - public static final 'UNCOMPILED' 'Lnet/minecraft/client/renderer/chunk/ChunkRenderDispatcher$CompiledChunk;' @112 
 - ---- non-static fields (4 words):
 - final 'hasBlocks' 'Ljava/util/Set;' @12 
 - final 'renderableBlockEntities' 'Ljava/util/List;' @16 
 - 'visibilitySet' 'Lnet/minecraft/client/renderer/chunk/VisibilitySet;' @20 
 - 'transparencyState' 'Lcom/mojang/blaze3d/vertex/BufferBuilder$SortState;' @24 
 - non-static oop maps: 12-24 
stack at sp + 5 slots: 0x00007ff931ae1189 jvm.dll
stack at sp + 6 slots: 0x0 is NULL
stack at sp + 7 slots: 0x00007ff9314c778a jvm.dll

throw exception entrypoints  [0x000002666c37c080, 0x000002666c37c520]  1184 bytes
[MachCode]
  0x000002666c37c080: 488b 65b8 | 48c7 45f0 | 0000 0000 | e805 0000 | 00e9 9b00 | 0000 4c8b | c348 8d44 | 2408 4c89 
  0x000002666c37c0a0: 6dc0 498b | cfc5 f877 | 4989 afa8 | 0200 0049 | 8987 9802 | 0000 4883 | ec20 f7c4 | 0f00 0000 
  0x000002666c37c0c0: 0f84 1a00 | 0000 4883 | ec08 49ba | b06e 6c31 | f97f 0000 | 41ff d248 | 83c4 08e9 | 0d00 0000 
  0x000002666c37c0e0: 49ba b06e | 6c31 f97f | 0000 41ff | d248 83c4 | 2049 c787 | 9802 0000 | 0000 0000 | 49c7 87a8 
  0x000002666c37c100: 0200 0000 | 0000 0049 | c787 a002 | 0000 0000 | 0000 c5f8 | 7749 817f | 0800 0000 | 000f 8405 
  0x000002666c37c120: 0000 00e9 | d84d ffff | 4c8b 6dc0 | 4c8b 75c8 | c341 5848 | 8b65 b848 | c745 f000 | 0000 0048 
  0x000002666c37c140: ba00 61d0 | 31f9 7f00 | 00e8 0500 | 0000 e9aa | 0000 0048 | 8d44 2408 | 4c89 6dc0 | 498b cfc5 
  0x000002666c37c160: f877 4989 | afa8 0200 | 0049 8987 | 9802 0000 | 4883 ec20 | f7c4 0f00 | 0000 0f84 | 1a00 0000 
  0x000002666c37c180: 4883 ec08 | 49ba 9030 | 6c31 f97f | 0000 41ff | d248 83c4 | 08e9 0d00 | 0000 49ba | 9030 6c31 
  0x000002666c37c1a0: f97f 0000 | 41ff d248 | 83c4 2049 | c787 9802 | 0000 0000 | 0000 49c7 | 87a8 0200 | 0000 0000 
  0x000002666c37c1c0: 0049 c787 | a002 0000 | 0000 0000 | c5f8 7749 | 817f 0800 | 0000 000f | 8405 0000 | 00e9 1e4d 
  0x000002666c37c1e0: ffff 498b | 87f0 0200 | 0049 c787 | f002 0000 | 0000 0000 | 4c8b 6dc0 | 4c8b 75c8 | c3e9 51f2 
  0x000002666c37c200: ffff 488b | 65b8 48c7 | 45f0 0000 | 0000 48ba | 2061 d031 | f97f 0000 | 49b8 80b9 | c631 f97f 
  0x000002666c37c220: 0000 e805 | 0000 00e9 | aa00 0000 | 488d 4424 | 084c 896d | c049 8bcf | c5f8 7749 | 89af a802 
  0x000002666c37c240: 0000 4989 | 8798 0200 | 0048 83ec | 20f7 c40f | 0000 000f | 841a 0000 | 0048 83ec | 0849 ba30 
  0x000002666c37c260: 2f6c 31f9 | 7f00 0041 | ffd2 4883 | c408 e90d | 0000 0049 | ba30 2f6c | 31f9 7f00 | 0041 ffd2 
  0x000002666c37c280: 4883 c420 | 49c7 8798 | 0200 0000 | 0000 0049 | c787 a802 | 0000 0000 | 0000 49c7 | 87a0 0200 
  0x000002666c37c2a0: 0000 0000 | 00c5 f877 | 4981 7f08 | 0000 0000 | 0f84 0500 | 0000 e945 | 4cff ff49 | 8b87 f002 
  0x000002666c37c2c0: 0000 49c7 | 87f0 0200 | 0000 0000 | 004c 8b6d | c04c 8b75 | c8c3 e978 | f1ff ff5a | 488b 65b8 
  0x000002666c37c2e0: 48c7 45f0 | 0000 0000 | e805 0000 | 00e9 9800 | 0000 488d | 4424 084c | 896d c049 | 8bcf c5f8 
  0x000002666c37c300: 7749 89af | a802 0000 | 4989 8798 | 0200 0048 | 83ec 20f7 | c40f 0000 | 000f 841a | 0000 0048 
  0x000002666c37c320: 83ec 0849 | ba80 706c | 31f9 7f00 | 0041 ffd2 | 4883 c408 | e90d 0000 | 0049 ba80 | 706c 31f9 
  0x000002666c37c340: 7f00 0041 | ffd2 4883 | c420 49c7 | 8798 0200 | 0000 0000 | 0049 c787 | a802 0000 | 0000 0000 
  0x000002666c37c360: 49c7 87a0 | 0200 0000 | 0000 00c5 | f877 4981 | 7f08 0000 | 0000 0f84 | 0500 0000 | e97f 4bff 
  0x000002666c37c380: ff4c 8b6d | c04c 8b75 | c8c3 488b | 65b8 48c7 | 45f0 0000 | 0000 48ba | 4061 d031 | f97f 0000 
  0x000002666c37c3a0: 49b8 0000 | 0000 0000 | 0000 e805 | 0000 00e9 | aa00 0000 | 488d 4424 | 084c 896d | c049 8bcf 
  0x000002666c37c3c0: c5f8 7749 | 89af a802 | 0000 4989 | 8798 0200 | 0048 83ec | 20f7 c40f | 0000 000f | 841a 0000 
  0x000002666c37c3e0: 0048 83ec | 0849 ba30 | 2f6c 31f9 | 7f00 0041 | ffd2 4883 | c408 e90d | 0000 0049 | ba30 2f6c 
  0x000002666c37c400: 31f9 7f00 | 0041 ffd2 | 4883 c420 | 49c7 8798 | 0200 0000 | 0000 0049 | c787 a802 | 0000 0000 
  0x000002666c37c420: 0000 49c7 | 87a0 0200 | 0000 0000 | 00c5 f877 | 4981 7f08 | 0000 0000 | 0f84 0500 | 0000 e9bd 
  0x000002666c37c440: 4aff ff49 | 8b87 f002 | 0000 49c7 | 87f0 0200 | 0000 0000 | 004c 8b6d | c04c 8b75 | c8c3 e9f0 
  0x000002666c37c460: efff ff4c | 8b6d c048 | 8b65 b848 | c745 f000 | 0000 00e8 | 0500 0000 | e998 0000 | 0048 8d44 
  0x000002666c37c480: 2408 4c89 | 6dc0 498b | cfc5 f877 | 4989 afa8 | 0200 0049 | 8987 9802 | 0000 4883 | ec20 f7c4 
  0x000002666c37c4a0: 0f00 0000 | 0f84 1a00 | 0000 4883 | ec08 49ba | d073 6c31 | f97f 0000 | 41ff d248 | 83c4 08e9 
  0x000002666c37c4c0: 0d00 0000 | 49ba d073 | 6c31 f97f | 0000 41ff | d248 83c4 | 2049 c787 | 9802 0000 | 0000 0000 
  0x000002666c37c4e0: 49c7 87a8 | 0200 0000 | 0000 0049 | c787 a002 | 0000 0000 | 0000 c5f8 | 7749 817f | 0800 0000 
  0x000002666c37c500: 000f 8405 | 0000 00e9 | f449 ffff | 4c8b 6dc0 | 4c8b 75c8 | c366 6690 | 0000 0000 | 0000 0000 
[/MachCode]

Compiled method (c2)  489302 29157   !   4       net.minecraft.client.renderer.LevelRenderer::renderLevel (3061 bytes)
 total in heap  [0x000002666de6a290,0x000002666de80630] = 91040
 relocation     [0x000002666de6a3e8,0x000002666de6b218] = 3632
 constants      [0x000002666de6b220,0x000002666de6b240] = 32
 main code      [0x000002666de6b240,0x000002666de75860] = 42528
 stub code      [0x000002666de75860,0x000002666de764d8] = 3192
 oops           [0x000002666de764d8,0x000002666de76560] = 136
 metadata       [0x000002666de76560,0x000002666de76cf8] = 1944
 scopes data    [0x000002666de76cf8,0x000002666de7c998] = 23712
 scopes pcs     [0x000002666de7c998,0x000002666de7eb38] = 8608
 dependencies   [0x000002666de7eb38,0x000002666de7edc0] = 648
 handler table  [0x000002666de7edc0,0x000002666de80230] = 5232
 nul chk table  [0x000002666de80230,0x000002666de80630] = 1024


[Constant Pool]
             Address          hex4                    hex8      
  0x000002666de6b220:   0x46bb8000      0x4400000046bb8000      
  0x000002666de6b224:   0x44000000                              
  0x000002666de6b228:   0x001c9c7a      0x001c9c7a001c9c7a      
  0x000002666de6b22c:   0x001c9c7a                              
  0x000002666de6b230:   0x42000000      0xf4f4f4f442000000      
  0x000002666de6b234:   0xf4f4f4f4                              
  0x000002666de6b238:   0xf4f4f4f4      0xf4f4f4f4f4f4f4f4      
  0x000002666de6b23c:   0xf4f4f4f4                              

[MachCode]
[Entry Point]
  # {method} {0x000002668081db78} 'renderLevel' '(Lcom/mojang/blaze3d/vertex/PoseStack;FJZLnet/minecraft/client/Camera;Lnet/minecraft/client/renderer/GameRenderer;Lnet/minecraft/client/renderer/LightTexture;Lorg/joml/Matrix4f;)V' in 'net/minecraft/client/renderer/LevelRenderer'
  # this:     rdx:rdx   = 'net/minecraft/client/renderer/LevelRenderer'
  # parm0:    r8:r8     = 'com/mojang/blaze3d/vertex/PoseStack'
  # parm1:    xmm0      = float
  # parm2:    r9:r9     = long
  # parm3:    rdi       = boolean
  # parm4:    rsi:rsi   = 'net/minecraft/client/Camera'
  # parm5:    rcx:rcx   = 'net/minecraft/client/renderer/GameRenderer'
  # parm6:    [sp+0xf0]   = 'net/minecraft/client/renderer/LightTexture'  (sp of caller)
  # parm7:    [sp+0xf8]   = 'org/joml/Matrix4f'
  0x000002666de6b240: ;   {no_reloc}
  0x000002666de6b240: 448b 5208 | 49bb 0000 | 0000 6602 | 0000 4d03 | d349 3bc2 

  0x000002666de6b254: ;   {runtime_call ic_miss_stub}
  0x000002666de6b254: 0f85 265e | 55fe 6690 | 0f1f 4000 
[Verified Entry Point]
  0x000002666de6b260: 8984 2400 | 90ff ff55 | 4881 ece0 | 0000 0048 | 894c 2470 | 4889 7424 | 3889 7c24 | 34c5 fa11 
  0x000002666de6b280: 8424 8800 | 0000 4c89 | 4424 2848 | 8954 2420 | 448b 9aa4 | 0000 0047 | 8b54 dc70 | 498b d248 
  0x000002666de6b2a0: c1e2 034d | 8b97 9002 | 0000 4d8b | 124c 8954 | 2448 c5f8 | 7748 b860 | f415 0266 

  0x000002666de6b2bc: ;   {virtual_call}
  0x000002666de6b2bc: 0200 00e8 

  0x000002666de6b2c0: ; ImmutableOopMap {[240]=Oop [248]=Oop [32]=Oop [40]=Oop [56]=Oop [72]=Oop [112]=Oop }
                      ;*invokeinterface getGameTime {reexecute=0 rethrow=0 return_oop=0}
                      ; - net.minecraft.world.level.Level::getGameTime@4 (line 729)
                      ; - net.minecraft.client.renderer.LevelRenderer::renderLevel@4 (line 1117)
  0x000002666de6b2c0: 5c35 95ff | 4c8b d84c | 8bd0 49c1 | fa3f 48b8 | a529 1567 | 1f3e c3ae | 49f7 eb49 | 03d3 48c1 
  0x000002666de6b2e0: fa0e 492b | d24c 69d2 | c05d 0000 | 4d2b dac4 | c1f2 2acb | c5f2 5884 | 2488 0000 

  0x000002666de6b2fc: ;   {section_word}
  0x000002666de6b2fc: 00c5 fa5e | 0d1b ffff 

  0x000002666de6b304: ;   {oop(a 'java/lang/Class'{0x000000074c5fb3e8} = 'com/mojang/blaze3d/systems/RenderSystem')}
  0x000002666de6b304: ff49 bae8 | b35f 4c07 | 0000 0041 | 8baa 8000 | 0000 4c8b | d549 c1e2 | 034c 8b5c | 2448 4d3b 
  0x000002666de6b324: da0f 85a5 

  0x000002666de6b328: ;   {oop(a 'java/lang/Class'{0x000000074c5fb3e8} = 'com/mojang/blaze3d/systems/RenderSystem')}
  0x000002666de6b328: 6300 0049 | bae8 b35f | 4c07 0000 | 00c4 c17a | 118a f400 | 0000 4c8b | 5424 2041 | 8bba 9c00 
  0x000002666de6b348: 0000 458b | 9aa4 0000 | 0045 8b82 | 9400 0000 

  0x000002666de6b358: ; implicit exception: dispatches to 0x000002666de736e0
  0x000002666de6b358: 438b 9cc4 | 8001 0000 

  0x000002666de6b360: ; implicit exception: dispatches to 0x000002666de73710
  0x000002666de6b360: 418b 6cfc | 1841 3beb | 0f85 7a6a | 0000 4180 | 7f38 000f | 85da 4800 | 004c 8b74 | 2438 4d8b 
  0x000002666de6b380: d649 8bf6 | 48c1 ee03 | 4189 74fc | 1c49 8d2c | fc4c 8beb | 49c1 e503 | 4c8b dd4d | 33d3 49c1 
  0x000002666de6b3a0: ea15 4d85 | d274 1f4d | 85f6 741a | 49c1 eb09 | 48b9 0040 | a370 6602 | 0000 4903 | cb80 3904 
  0x000002666de6b3c0: 0f85 324a | 0000 4180 | 7f38 000f | 854a 4800 | 0041 895c | fc20 4d8b | d54c 8bdd | 4d33 d349 
  0x000002666de6b3e0: c1ea 154d | 85d2 741e | 85db 741a | 49c1 eb09 | 48b9 0040 | a370 6602 | 0000 4903 | cb80 3904 
  0x000002666de6b400: 0f85 a949 | 0000 4c8b | 5424 2045 | 8b92 9400 | 0000 4c8b | 5c24 2041 | 8b9b 9800 | 0000 458b 
  0x000002666de6b420: 8ba4 0000 | 0043 8bac | d47c 0100 | 0085 db0f | 847b 5400 | 0041 807f | 3800 0f85 | 8348 0000 
  0x000002666de6b440: 4589 4cdc | 1c4d 8d2c | dc4d 8bd1 | 49c1 e203 | 4d8b dd4d | 33d3 49c1 | ea15 4d85 | d274 1f45 
  0x000002666de6b460: 85c9 741a | 49c1 eb09 | 48b9 0040 | a370 6602 | 0000 4903 | cb80 3904 | 0f85 1c4a | 0000 4180 
  0x000002666de6b480: 7f38 000f | 8502 4800 | 0041 8974 | dc20 4d8b | d64d 8bdd | 4d33 d349 | c1ea 154d | 85d2 741f 
  0x000002666de6b4a0: 4d85 f674 | 1a49 c1eb | 0948 b900 | 40a3 7066 | 0200 0049 | 03cb 8039 | 040f 8592 | 4900 0041 
  0x000002666de6b4c0: 8b7e 3c41 | 807f 3800 | 0f85 6548 | 0000 4189 | 7cdc 2448 | 8bf5 48c1 | e603 4c8b | d749 c1e2 
  0x000002666de6b4e0: 034d 8bdd | 4d33 d349 | c1ea 154d | 85d2 741e | 85ff 741a | 49c1 eb09 | 48b9 0040 | a370 6602 
  0x000002666de6b500: 0000 4903 | cb80 3904 | 0f85 264a | 0000 4180 | 7f38 000f | 85e2 4700 | 0041 896c | dc28 4c8b 
  0x000002666de6b520: d64d 8bdd | 4d33 d349 | c1ea 154d | 85d2 741e | 85ed 741a | 49c1 eb09 | 48b9 0040 | a370 6602 
  0x000002666de6b540: 0000 4903 | cb80 3904 | 0f85 9d49 | 0000 4c8b | 5424 2045 | 8b82 a400 | 0000 438b | 6cc4 7445 
  0x000002666de6b560: 8b5c ec08 | 4d8d 14ec 

  0x000002666de6b568: ;   {metadata('net/minecraft/server/level/ServerLevel$$Lambda$8112+0x0000026601fc7368')}
  0x000002666de6b568: 4181 fb68 | 73fc 010f | 8580 3400 | 0045 8b52 | 0c43 8b6c | d474 458b 

  0x000002666de6b580: ;   {metadata('net/minecraft/util/profiling/InactiveProfiler')}
  0x000002666de6b580: 5cec 0841 | 81fb 80dd | a701 0f85 | d87c 0000 | 48c1 e503 | 448b 5508 

  0x000002666de6b598: ;   {metadata('net/minecraft/util/profiling/InactiveProfiler')}
  0x000002666de6b598: 4181 fa80 | dda7 010f | 85eb 5800 | 0048 896c | 2458 438b | 9cc4 d000 | 0000 458b 

  0x000002666de6b5b4: ;   {metadata('java/util/ArrayDeque')}
  0x000002666de6b5b4: 54dc 0841 | 81fa 48d0 | 1300 0f85 | e058 0000 | 4d8d 14dc | 458b 4a14 

  0x000002666de6b5cc: ; implicit exception: dispatches to 0x000002666de73850
  0x000002666de6b5cc: 478b 4ccc | 0c41 8b7a | 1041 2b7a | 0c44 8bdf | 41c1 fb1f | 4523 d944 | 03df 4181 | fbe8 0300 
  0x000002666de6b5ec: 000f 8d11 | 6800 004f | 8d0c c445 | 8bd3 41c1 | fa1f 4d63 | db4d 69db | 6766 6666 | 49c1 fb22 
  0x000002666de6b60c: 458b db45 | 2bda 41ba | 0a00 0000 | 4183 fb0a | 450f 4eda | 49bd 0040 | a370 6602 | 0000 4533 
  0x000002666de6b62c: d2eb 4990 | 488b fd48 | c1e7 034b | 8d14 dc90 

  0x000002666de6b63c: ;   {optimized virtual_call}
  0x000002666de6b63c: c5f8 77e8 

  0x000002666de6b640: ; ImmutableOopMap {[240]=Oop [248]=Oop [32]=Oop [40]=Oop [56]=Oop [72]=Oop [80]=NarrowOop [88]=Oop [96]=Oop [112]=Oop }
                      ;*invokevirtual lambda$handleLevelChunkWithLight$4 {reexecute=0 rethrow=0 return_oop=0}
                      ; - net.minecraft.client.multiplayer.ClientPacketListener$$Lambda$9044/0x0000026602183968::run@16
                      ; - net.minecraft.client.multiplayer.ClientLevel::pollLightUpdates@62 (line 199)
                      ; - net.minecraft.client.renderer.LevelRenderer::renderLevel@74 (line 1122)
  0x000002666de6b640: 3cc0 ccf8 | 448b 5424 | 6841 ffc2 | 443b 5424 | 540f 8da9 | 0100 0044 | 8b44 2450 | 438b 9cc4 
  0x000002666de6b660: d000 0000 | 4c8b 7424 | 384c 8b6c | 2440 4c8b | 4c24 6044 | 8b5c 2454 

  0x000002666de6b678: ; implicit exception: dispatches to 0x000002666de735b4
  0x000002666de6b678: 418b 4cdc 

  0x000002666de6b67c: ;   {metadata('java/util/ArrayDeque')}
  0x000002666de6b67c: 0881 f948 | d013 000f | 855f 4e00 | 0049 8d04 | dc8b 4814 | 8b70 0c41 | 8b7c cc0c | 3bf7 0f83 
  0x000002666de6b69c: f44d 0000 | 498d 1ccc | 8b6c b310 | 85ed 0f84 | 5a01 0000 | 4180 7f38 | 000f 857c | 3400 004c 
  0x000002666de6b6bc: 8974 2438 | 4c89 6c24 | 4044 8944 | 2450 4c89 | 4c24 6044 | 895c 2454 | 4489 5424 | 6848 8944 
  0x000002666de6b6dc: 2478 448b | d641 ffc2 | 443b d70f | 8dcf 0000 | 004c 8b5c | 2478 4589 | 530c 4489 | 64b3 1045 
  0x000002666de6b6fc: 8b5c ec08 | 48be 0000 | 0000 6602 | 0000 4903 | f34c 8b56 

  0x000002666de6b710: ;   {metadata('java/lang/Runnable')}
  0x000002666de6b710: 2049 bb40 | c801 0066 | 0200 004d | 3bd3 7564 | 4d8d 0cec | 458b 5908 

  0x000002666de6b728: ;   {metadata('net/minecraft/client/multiplayer/ClientPacketListener$$Lambda$9044+0x0000026602183968')}
  0x000002666de6b728: 4181 fb68 | 3918 0274 

  0x000002666de6b730: ;   {metadata('net/minecraft/client/multiplayer/ClientPacketListener$$Lambda$9189+0x00000266021b9c68')}
  0x000002666de6b730: 2041 81fb | 689c 1b02 | 0f85 be4e | 0000 498b | d166 6690 

  0x000002666de6b744: ;   {optimized virtual_call}
  0x000002666de6b744: c5f8 77e8 

  0x000002666de6b748: ; ImmutableOopMap {[240]=Oop [248]=Oop [32]=Oop [40]=Oop [56]=Oop [72]=Oop [80]=NarrowOop [88]=Oop [96]=Oop [112]=Oop }
                      ;*invokeinterface run {reexecute=0 rethrow=0 return_oop=0}
                      ; - net.minecraft.client.multiplayer.ClientLevel::pollLightUpdates@62 (line 199)
                      ; - net.minecraft.client.renderer.LevelRenderer::renderLevel@74 (line 1122)
  0x000002666de6b748: 94b9 a9f8 | e9f3 feff | ff45 8b59 | 1441 8b69 | 1845 8b41 | 0c45 8b49 | 1045 85db | 0f85 c6fe 
  0x000002666de6b768: ffff baf6 | ffff ff44 | 8944 2450 | 4489 4c24 | 5466 6690 

  0x000002666de6b77c: ;   {runtime_call UncommonTrapBlob}
  0x000002666de6b77c: c5f8 77e8 

  0x000002666de6b780: ; ImmutableOopMap {rbp=NarrowOop [240]=Oop [248]=Oop [32]=Oop [40]=Oop [56]=Oop [88]=Oop [112]=Oop }
                      ;*invokevirtual lambda$handleLevelChunkWithLight$4 {reexecute=0 rethrow=0 return_oop=0}
                      ; - net.minecraft.client.multiplayer.ClientPacketListener$$Lambda$9044/0x0000026602183968::run@16
                      ; - net.minecraft.client.multiplayer.ClientLevel::pollLightUpdates@62 (line 199)
                      ; - net.minecraft.client.renderer.LevelRenderer::renderLevel@74 (line 1122)
  0x000002666de6b780: 7cb1 55fe 

  0x000002666de6b784: ;   {metadata('java/lang/Runnable')}
  0x000002666de6b784: 48b8 40c8 | 0100 6602 | 0000 488b | 7e28 8b0f | 4883 c708 | 4885 c0f2 | 48af 0f85 | 0400 0000 
  0x000002666de6b7a4: 4889 4620 | 0f84 72ff | ffff bade | ffff ff90 

  0x000002666de6b7b4: ;   {runtime_call UncommonTrapBlob}
  0x000002666de6b7b4: c5f8 77e8 

  0x000002666de6b7b8: ; ImmutableOopMap {rbp=NarrowOop [240]=Oop [248]=Oop [32]=Oop [40]=Oop [56]=Oop [88]=Oop [112]=Oop }
                      ;*checkcast {reexecute=0 rethrow=0 return_oop=0}
                      ; - net.minecraft.client.multiplayer.ClientLevel::pollLightUpdates@47 (line 194)
                      ; - net.minecraft.client.renderer.LevelRenderer::renderLevel@74 (line 1122)
  0x000002666de6b7b8: 44b1 55fe | 4533 d2e9 | 29ff ffff 

  0x000002666de6b7c4: ; implicit exception: dispatches to 0x000002666de74ce4
  0x000002666de6b7c4: 458b 5cec 

  0x000002666de6b7c8: ;   {metadata('net/minecraft/world/phys/BlockHitResult')}
  0x000002666de6b7c8: 0841 81fb | 281d 6c01 | 0f85 ca5e | 0000 48c1 | e503 488b | d566 6690 

  0x000002666de6b7e0: ;   {optimized virtual_call}
  0x000002666de6b7e0: c5f8 77e8 

  0x000002666de6b7e4: ; ImmutableOopMap {rbp=Oop [240]=Oop [248]=Oop [32]=Oop [56]=Oop [88]=Oop [96]=Oop [104]=NarrowOop [144]=Oop [152]=Oop }
                      ;*invokevirtual getType {reexecute=0 rethrow=0 return_oop=1}
                      ; - net.minecraft.client.renderer.LevelRenderer::renderLevel@2296 (line 1333)
  0x000002666de6b7e4: 380b 9bff 

  0x000002666de6b7e8: ;   {oop(a 'net/minecraft/world/phys/HitResult$Type'{0x00000007522ed2f8})}
  0x000002666de6b7e8: 49ba f8d2 | 2e52 0700 | 0000 493b | c20f 853d | 2900 00e9 | 7a6f 0000 | 4c8b 7424 | 384c 8b6c 
  0x000002666de6b808: 2440 4c8b | 5424 2045 | 8b92 a400 | 0000 478b | 9cd4 cc00 | 0000 438b | 6cdc 1045 | 8b54 ec08 
  0x000002666de6b828: ;   {metadata('net/minecraft/world/level/lighting/LevelLightEngine')}
  0x000002666de6b828: 4181 fa98 | 0e8d 010f | 85a3 5600 | 004d 8d1c | ec45 8b53 | 1047 8b44 | d414 438b | 4cc4 1c49 
  0x000002666de6b848: 8b87 0801 | 0000 4c8b | c849 83c1 | 284b 8d3c | d44d 3b8f | 1801 0000 | 0f83 964a | 0000 4d89 
  0x000002666de6b868: 8f08 0100 | 0041 0f0d | 89c0 0000 | 0048 c700 | 0100 0000 

  0x000002666de6b87c: ;   {metadata('it/unimi/dsi/fastutil/longs/LongOpenHashSet$SetIterator')}
  0x000002666de6b87c: c740 08a0 | da00 0244 | 8960 0c4c | 8960 184c | 8960 2047 | 0fb6 4cc4 | 2443 8b5c | c410 baff 
  0x000002666de6b89c: ffff ff48 | 8950 1048 | 8be8 4489 | 4020 8958 | 0c44 8848 | 1889 4814 | 448b 4d08 

  0x000002666de6b8b8: ;   {metadata('it/unimi/dsi/fastutil/longs/LongOpenHashSet$SetIterator')}
  0x000002666de6b8b8: 4181 f9a0 | da00 020f | 8527 5600 | 0085 c90f | 853d 4100 | 004c 8bcf | 418b 4914 

  0x000002666de6b8d4: ; implicit exception: dispatches to 0x000002666de7392c
  0x000002666de6b8d4: 458b 54cc | 1cc5 f5ef | c945 85d2 | 0f85 ac32 

  0x000002666de6b8e4: ;   {section_word}
  0x000002666de6b8e4: 0000 c5fa | 1005 36f9 | ffff c4c1 | 7a5e 5ccc | 20c5 ea5a | d3c4 e369 | 0bd2 02c5 | fb2c da81 
  0x000002666de6b904: fb00 0000 | 8075 0f48 | 83ec 08c5 | fb11 1424 

  0x000002666de6b914: ;   {runtime_call StubRoutines (1)}
  0x000002666de6b914: e867 5850 | fe5b 85db | 0f84 1a65 | 0000 458b | 54cc 10ff | cb8b fbd1 | ff0b fb44 | 8bc7 41c1 
  0x000002666de6b934: f802 440b | c741 8bf8 | c1ff 0441 | 0bf8 448b | c741 c1f8 | 0844 0bc7 | 418b e8c1 | fd10 410b 
  0x000002666de6b954: e8ff c541 | 3bea 0f8c | 2465 0000 | 458b 4118 

  0x000002666de6b964: ; implicit exception: dispatches to 0x000002666de73958
  0x000002666de6b964: 438b 4cc4 | 1443 2b4c | c410 418b | 7908 8bd9 | c1fb 1f43 | 235c c40c | 03d9 85db | 0f85 3e3e 
  0x000002666de6b984: 0000 33c9 | 418b 591c 

  0x000002666de6b98c: ; implicit exception: dispatches to 0x000002666de73984
  0x000002666de6b98c: 458b 54dc | 1445 2b54 | dc10 458b | c241 c1f8 | 1f45 2344 | dc0c 4503 | c245 85c0 | 0f85 c33a 
  0x000002666de6b9ac: 0000 4533 | d245 8b41 | 2443 8b5c | c40c 4403 

  0x000002666de6b9bc: ;   {section_word}
  0x000002666de6b9bc: d1c5 fa7e | 1563 f8ff | ffc4 e27d | 59d2 85db | 0f86 0a01 | 0000 8bcb | ffc9 3bcb | 0f83 865a 
  0x000002666de6b9dc: 0000 4b8d | 0cc4 448b | c141 c1e8 | 0341 83e0 | 03bf 0100 | 0000 412b | f883 e703 | ffc7 3bfb 
  0x000002666de6b9fc: 0f4f fb45 | 33c0 498b | d349 8bf1 | 418b ea8b | c349 ba7a | 9c1c 007a | 9c1c 004e | 8954 c110 
  0x000002666de6ba1c: 458b d841 | ffc3 443b | df7d 0545 | 8bc3 ebe1 | 8bd8 83c3 | f944 3bdb | 0f8d 765a | 0000 41ff 
  0x000002666de6ba3c: c044 8bc8 | 452b c841 | 83c1 f945 | 33d2 413b | d845 0f4c | ca41 81f9 | 401f 0000 | 41bb 401f 
  0x000002666de6ba5c: 0000 450f | 47cb 4503 | c866 6666 | 0f1f 8400 | 0000 0000 | c4a1 7e7f | 54c1 10c4 | a17e 7f54 
  0x000002666de6ba7c: c130 4183 | c008 453b | c17c e94d | 8b97 5803 

  0x000002666de6ba8c: ; ImmutableOopMap {rcx=Oop rdx=Oop rsi=Oop r14=Oop [240]=Oop [248]=Oop [32]=Oop [40]=Oop [72]=Oop [88]=Oop [112]=Oop }
                      ;*goto {reexecute=1 rethrow=0 return_oop=0}
                      ; - (reexecute) java.util.Arrays::fill@19 (line 3146)
                      ; - net.minecraft.world.level.lighting.LightEngine::clearChunkCache@7 (line 115)
                      ; - net.minecraft.world.level.lighting.LightEngine::runLightUpdates@65 (line 151)
                      ; - net.minecraft.world.level.lighting.LevelLightEngine::runLightUpdates@14 (line 48)
                      ; - net.minecraft.client.renderer.LevelRenderer::renderLevel@97 (line 1124)
                      ;   {poll}
  0x000002666de6ba8c: 0000 4185 | 0244 3bc3 | 7ca7 448b | d041 83c2 | fd45 3bc2 | 7d12 6690 | c4a1 7e7f | 54c1 1041 
  0x000002666de6baac: 83c0 0445 | 3bc2 7cf0 | 443b c07d | 1a66 6690 | 49ba 7a9c | 1c00 7a9c | 1c00 4e89 | 54c1 1041 
  0x000002666de6bacc: ffc0 443b | c07c e94c | 8bda 4c8b | ce44 8bd5 | 418b 7928 

  0x000002666de6bae0: ; implicit exception: dispatches to 0x000002666de739dc
  0x000002666de6bae0: 418b 6cfc | 0c85 ed0f | 86f1 0000 | 0085 ed0f | 863d 5a00 | 0041 807f | 3800 0f85 | 9b45 0000 
  0x000002666de6bb00: 4c89 6c24 | 384c 895c | 2440 4c89 | 4c24 5044 | 8954 2430 | 4589 64fc | 1089 7c24 | 608b fdff 
  0x000002666de6bb20: cf3b ef41 | ba00 0000 | 8041 0f4c | fa44 8b5c | 2460 4f8d | 2cdc 83ff | 010f 8ed4 | 5900 00bb 
  0x000002666de6bb40: 0100 0000 | 8bf7 2bf3 | 4533 d23b | fb41 0f4c | f281 fed0 | 0700 0041 | bbd0 0700 | 0041 0f47 
  0x000002666de6bb60: f303 f366 | 0f1f 8400 | 0000 0000 | 6666 6690 | 4180 7f38 | 000f 8598 | 2e00 0045 | 8964 9d10 
  0x000002666de6bb80: 4180 7f38 | 000f 85c0 | 2e00 0045 | 8964 9d14 | 83c3 023b | de7c d94d | 8b97 5803 

  0x000002666de6bb9c: ; ImmutableOopMap {r13=Oop r14=Oop [240]=Oop [248]=Oop [32]=Oop [40]=Oop [64]=Oop [72]=Oop [80]=Oop [88]=Oop [96]=NarrowOop [112]=Oop }
                      ;*goto {reexecute=1 rethrow=0 return_oop=0}
                      ; - (reexecute) java.util.Arrays::fill@17 (line 3429)
                      ; - net.minecraft.world.level.lighting.LightEngine::clearChunkCache@15 (line 116)
                      ; - net.minecraft.world.level.lighting.LightEngine::runLightUpdates@65 (line 151)
                      ; - net.minecraft.world.level.lighting.LevelLightEngine::runLightUpdates@14 (line 48)
                      ; - net.minecraft.client.renderer.LevelRenderer::renderLevel@97 (line 1124)
                      ;   {poll}
  0x000002666de6bb9c: 0000 4185 | 023b df7c | 9f3b dd7d | 2166 6690 | 3bdd 0f83 | 6959 0000 | 4180 7f38 | 000f 8528 
  0x000002666de6bbbc: 4500 0045 | 8964 9d10 | ffc3 3bdd | 7ce2 4c8b | 6c24 384c | 8b5c 2440 | 4c8b 4c24 | 5044 8b54 
  0x000002666de6bbdc: 2430 418b | 4910 85c9 | 0f84 de4c | 0000 c5fe | 7f94 24b0 | 0000 0044 | 8954 2460 | c5fa 1144 
  0x000002666de6bbfc: 2430 c5fe | 7f8c 2490 | 0000 004c | 894c 2450 | 498b eb4c | 896c 2440 | 4c89 7424 | 3849 8d14 
  0x000002666de6bc1c: cc4d 8bc1 

  0x000002666de6bc20: ;   {optimized virtual_call}
  0x000002666de6bc20: c5f8 77e8 

  0x000002666de6bc24: ; ImmutableOopMap {rbp=Oop [240]=Oop [248]=Oop [32]=Oop [40]=Oop [56]=Oop [72]=Oop [80]=Oop [88]=Oop [112]=Oop }
                      ;*invokevirtual markNewInconsistencies {reexecute=0 rethrow=0 return_oop=0}
                      ; - net.minecraft.world.level.lighting.LightEngine::runLightUpdates@73 (line 152)
                      ; - net.minecraft.world.level.lighting.LevelLightEngine::runLightUpdates@14 (line 48)
                      ; - net.minecraft.client.renderer.LevelRenderer::renderLevel@97 (line 1124)
  0x000002666de6bc24: f8f0 edff | 4c8b 5424 | 5045 8b5a | 1045 85db | 0f84 be4c | 0000 4b8d | 14dc 6690 

  0x000002666de6bc40: ;   {optimized virtual_call}
  0x000002666de6bc40: c5f8 77e8 

  0x000002666de6bc44: ; ImmutableOopMap {rbp=Oop [240]=Oop [248]=Oop [32]=Oop [40]=Oop [56]=Oop [72]=Oop [88]=Oop [112]=Oop }
                      ;*invokevirtual swapSectionMap {reexecute=0 rethrow=0 return_oop=0}
                      ; - net.minecraft.world.level.lighting.LightEngine::runLightUpdates@80 (line 153)
                      ; - net.minecraft.world.level.lighting.LevelLightEngine::runLightUpdates@14 (line 48)
                      ; - net.minecraft.client.renderer.LevelRenderer::renderLevel@97 (line 1124)
  0x000002666de6bc44: d81f b6ff | 4c8b d545 | 8b5a 1447 | 8b44 dc14 

  0x000002666de6bc54: ; implicit exception: dispatches to 0x000002666de73a08
  0x000002666de6bc54: 478b 4cc4 | 1c44 894c | 2464 4489 | 4424 5444 | 895c 2450 | 498b 8708 | 0100 004c | 8bd0 4983 
  0x000002666de6bc74: c228 49c1 | e303 4c89 | 5c24 684d | 3b97 1801 | 0000 0f83 | e546 0000 | 4d89 9708 | 0100 0041 
  0x000002666de6bc94: 0f0d 8ac0 | 0000 0048 | c700 0100 

  0x000002666de6bca0: ;   {metadata('it/unimi/dsi/fastutil/longs/LongOpenHashSet$SetIterator')}
  0x000002666de6bca0: 0000 c740 | 08a0 da00 | 0244 8960 | 0c4c 8960 | 184c 8960 | 2041 baff | ffff ff4c | 8950 1048 
  0x000002666de6bcc0: 8be8 448b | 5c24 5444 | 8958 2044 | 8b54 2464 | 4489 5014 | 478b 54dc | 1044 8950 | 0c44 8b5d 
  0x000002666de6bce0: 0844 8b54 | 2454 470f | b654 d424 | 4488 5018 

  0x000002666de6bcf0: ;   {metadata('it/unimi/dsi/fastutil/longs/LongOpenHashSet$SetIterator')}
  0x000002666de6bcf0: 4181 fba0 | da00 020f | 8517 5200 | 008b 4c24 | 6485 c90f | 85c8 3d00 | 004c 8b4c | 2468 418b 
  0x000002666de6bd10: 4914 458b | 54cc 1c45 | 85d2 0f85 | 582f 0000 | c5fa 1044 | 2430 c4c1 | 7a5e 44cc | 20c5 fa5a 
  0x000002666de6bd30: c0c4 e379 | 0bc0 02c5 | 7b2c d041 | 81fa 0000 | 0080 7510 | 4883 ec08 | c5fb 1104 

  0x000002666de6bd4c: ;   {runtime_call StubRoutines (1)}
  0x000002666de6bd4c: 24e8 2e54 | 50fe 415a | 4585 d20f | 8457 6100 | 0041 8b5c | cc10 41ff | ca45 8bda | 41d1 fb45 
  0x000002666de6bd6c: 0bda 458b | c341 c1f8 | 0245 0bc3 | 458b d841 | c1fb 0445 | 0bd8 458b | c341 c1f8 | 0845 0bc3 
  0x000002666de6bd8c: 418b e8c1 | fd10 410b | e8ff c53b | eb0f 8c5d | 6100 0045 | 8b41 1847 | 8b54 c414 | 472b 54c4 
  0x000002666de6bdac: 1041 8b69 | 0845 8bda | 41c1 fb1f | 4723 5cc4 | 0c45 03da | 4585 db0f | 8518 3b00 | 0045 33db 
  0x000002666de6bdcc: 458b 511c 

  0x000002666de6bdd0: ; implicit exception: dispatches to 0x000002666de73a98
  0x000002666de6bdd0: 478b 44d4 | 1444 895c | 2464 4c89 | 4c24 5047 | 2b44 d410 | 458b c841 | c1f9 1f47 | 234c d40c 
  0x000002666de6bdf0: 4503 c845 | 85c9 0f85 | 6938 0000 | 4533 d24c | 8b44 2450 | 418b 4824 

  0x000002666de6be08: ; implicit exception: dispatches to 0x000002666de73ac8
  0x000002666de6be08: 458b 5ccc | 0c44 0354 | 2464 4585 | db0f 86e7 | 0000 0041 | 8bdb ffcb | 413b db0f | 838f 5600 
  0x000002666de6be28: 0049 8d3c | cc8b cfc1 | e903 83e1 | 0341 b901 | 0000 0044 | 2bc9 4183 | e103 41ff | c145 3bcb 
  0x000002666de6be48: 450f 4fcb | 33d2 48b9 | 7a9c 1c00 | 7a9c 1c00 | 4889 4cd7 | 108b daff | c341 3bd9 | 7d04 8bd3 
  0x000002666de6be68: ebe4 418b | cb83 c1f9 | 3bd9 0f8d | 9456 0000 | ffc2 418b | db2b da83 | c3f9 33c0 | 3bca 0f4c 
  0x000002666de6be88: d881 fb40 | 1f00 00be | 401f 0000 | 0f47 de03 | da0f 1f80 | 0000 0000 | c5fe 6f84 | 24b0 0000 
  0x000002666de6bea8: 00c5 fe7f | 44d7 10c5 | fe7f 44d7 | 3083 c208 | 3bd3 7ce4 | 4d8b 8f58 

  0x000002666de6bec0: ; ImmutableOopMap {r8=Oop rdi=Oop [240]=Oop [248]=Oop [32]=Oop [40]=Oop [56]=Oop [72]=Oop [88]=Oop [112]=Oop }
                      ;*goto {reexecute=1 rethrow=0 return_oop=0}
                      ; - (reexecute) java.util.Arrays::fill@19 (line 3146)
                      ; - net.minecraft.world.level.lighting.LightEngine::clearChunkCache@7 (line 115)
                      ; - net.minecraft.world.level.lighting.LightEngine::runLightUpdates@65 (line 151)
                      ; - net.minecraft.world.level.lighting.LevelLightEngine::runLightUpdates@31 (line 52)
                      ; - net.minecraft.client.renderer.LevelRenderer::renderLevel@97 (line 1124)
                      ;   {poll}
  0x000002666de6bec0: 0300 0041 | 8501 3bd1 | 7cb0 458b | cb41 83c1 | fd41 3bd1 | 7d10 6690 | c5fe 7f44 | d710 83c2 
  0x000002666de6bee0: 0441 3bd1 | 7cf2 413b | d37d 1790 | 49b9 7a9c | 1c00 7a9c | 1c00 4c89 | 4cd7 10ff | c241 3bd3 
  0x000002666de6bf00: 7cea 458b | 7028 438b | 6cf4 0c85 | ed0f 86b7 | 0000 0085 | ed0f 8693 | 5600 0041 | 807f 3800 
  0x000002666de6bf20: 0f85 f941 | 0000 4789 | 64f4 108b | fdff cf3b | ef41 bb00 | 0000 8041 | 0f4c fb4b | 8d1c f483 
  0x000002666de6bf40: ff01 0f8e | 5c56 0000 | be01 0000 | 0044 8bef | 442b ee45 | 33c9 3bfe | 450f 4ce9 | 4181 fdd0 
  0x000002666de6bf60: 0700 0041 | b9d0 0700 | 0045 0f47 | e944 03ee | 4180 7f38 | 000f 8556 | 2b00 0044 | 8964 b310 
  0x000002666de6bf80: 4180 7f38 | 000f 85f8 | 2a00 0044 | 8964 b314 | 83c6 0241 | 3bf5 7cd8 | 4d8b 9f58 

  0x000002666de6bf9c: ; ImmutableOopMap {r8=Oop rbx=Oop r14=NarrowOop [240]=Oop [248]=Oop [32]=Oop [40]=Oop [56]=Oop [72]=Oop [88]=Oop [112]=Oop }
                      ;*goto {reexecute=1 rethrow=0 return_oop=0}
                      ; - (reexecute) java.util.Arrays::fill@17 (line 3429)
                      ; - net.minecraft.world.level.lighting.LightEngine::clearChunkCache@15 (line 116)
                      ; - net.minecraft.world.level.lighting.LightEngine::runLightUpdates@65 (line 151)
                      ; - net.minecraft.world.level.lighting.LevelLightEngine::runLightUpdates@31 (line 52)
                      ; - net.minecraft.client.renderer.LevelRenderer::renderLevel@97 (line 1124)
                      ;   {poll}
  0x000002666de6bf9c: 0300 0041 | 8503 3bf7 | 7ca7 3bf5 | 7d20 6690 | 3bf5 0f83 | fc55 0000 | 4180 7f38 | 000f 8598 
  0x000002666de6bfbc: 4100 0044 | 8964 b310 | ffc6 3bf5 | 7ce2 458b | 4810 4585 | c90f 8451 | 4900 0044 | 8954 2430 
  0x000002666de6bfdc: 498b e84b | 8d14 cc90 

  0x000002666de6bfe4: ;   {optimized virtual_call}
  0x000002666de6bfe4: c5f8 77e8 

  0x000002666de6bfe8: ; ImmutableOopMap {rbp=Oop [240]=Oop [248]=Oop [32]=Oop [40]=Oop [56]=Oop [72]=Oop [88]=Oop [112]=Oop }
                      ;*invokevirtual markNewInconsistencies {reexecute=0 rethrow=0 return_oop=0}
                      ; - net.minecraft.world.level.lighting.LightEngine::runLightUpdates@73 (line 152)
                      ; - net.minecraft.world.level.lighting.LevelLightEngine::runLightUpdates@31 (line 52)
                      ; - net.minecraft.client.renderer.LevelRenderer::renderLevel@97 (line 1124)
  0x000002666de6bfe8: 34ed edff | 448b 5510 | 4585 d20f | 8467 4900 | 004b 8d14 | d466 6690 

  0x000002666de6c000: ;   {optimized virtual_call}
  0x000002666de6c000: c5f8 77e8 

  0x000002666de6c004: ; ImmutableOopMap {[240]=Oop [248]=Oop [32]=Oop [40]=Oop [56]=Oop [72]=Oop [88]=Oop [112]=Oop }
                      ;*invokevirtual swapSectionMap {reexecute=0 rethrow=0 return_oop=0}
                      ; - net.minecraft.world.level.lighting.LightEngine::runLightUpdates@80 (line 153)
                      ; - net.minecraft.world.level.lighting.LevelLightEngine::runLightUpdates@31 (line 52)
                      ; - net.minecraft.client.renderer.LevelRenderer::renderLevel@97 (line 1124)
  0x000002666de6c004: 181c b6ff | 488b 5c24 | 3844 8b43 | 28c4 817b | 1054 c410 | c481 7b10 | 5cc4 20c4 | 817b 1064 
  0x000002666de6c024: c418 4c8b | 5c24 2841 | 8b6b 0c45 | 8b4c ec08 

  0x000002666de6c034: ;   {metadata('java/util/ArrayDeque')}
  0x000002666de6c034: 4181 f948 | d013 000f | 85e3 4e00 | 004d 8d14 | ec41 8b7a | 1445 8b4c | fc0c 418b | 6a10 ffcd 
  0x000002666de6c054: 85ed 0f8c | d12a 0000 | 413b e90f | 832b 4900 | 004d 8d14 | fc45 8b4c | aa10 478b 

  0x000002666de6c070: ;   {metadata('com/mojang/blaze3d/vertex/PoseStack$Pose')}
  0x000002666de6c070: 54cc 0841 | 81fa 18a6 | a501 0f85 | fc71 0000 | 4c8b 5424 | 2041 8bba | 1001 0000 | 49c1 e103 
  0x000002666de6c090: 418b 490c | 85ff 0f85 | 905e 0000 | 458b 8a0c | 0100 0041 | 8b92 9400 | 0000 418b | acd4 a401 
  0x000002666de6c0b0: 0000 418b 

  0x000002666de6c0b4: ;   {metadata('net/minecraft/util/profiling/InactiveProfiler')}
  0x000002666de6c0b4: 74ec 0881 | fe80 dda7 | 010f 8591 | 4e00 0041 | 0fb6 aa91 | 0000 0085 | ed0f 85a9 | 5e00 0041 
  0x000002666de6c0d4: 8bbc d4bc | 0000 0045 | 8b84 d468 | 0100 0041 | 8b4c fc0c | 85c9 0f8e | be56 0000 | 418b 74fc 
  0x000002666de6c0f4: 3841 8b6c | f428 418b 

  0x000002666de6c0fc: ;   {metadata('java/lang/Integer')}
  0x000002666de6c0fc: 54ec 0881 | fa78 1904 | 000f 85bd | 7100 0049 | 8d3c ec8b | 570c 3bd1 | 0f4c ca48 | 8b7c 2470 
  0x000002666de6c11c: ; implicit exception: dispatches to 0x000002666de73e04
  0x000002666de6c11c: c5fa 104f | 2c44 898c | 248c 0000 | 00c5 fb11 | 6424 60c5 | fb11 9c24 | 8000 0000 | c5fb 1154 
  0x000002666de6c13c: 2450 4c89 | 5c24 68c5 | fa10 4730 | c5f2 5cd0 | c5ea 598c | 2488 0000 | 00c5 f258 | c849 c1e0 
  0x000002666de6c15c: 0348 8bd3 | c5fa 1084 | 2488 0000 | 0044 8bc9 

  0x000002666de6c16c: ;   {static_call}
  0x000002666de6c16c: c5f8 77e8 

  0x000002666de6c170: ; ImmutableOopMap {[240]=Oop [248]=Oop [32]=Oop [40]=Oop [56]=Oop [72]=Oop [88]=Oop [104]=Oop [112]=Oop [140]=NarrowOop }
                      ;*invokestatic setupColor {reexecute=0 rethrow=0 return_oop=0}
                      ; - net.minecraft.client.renderer.LevelRenderer::renderLevel@315 (line 1147)
  0x000002666de6c170: ec03 d3ff 

  0x000002666de6c174: ;   {oop(a 'java/lang/Class'{0x000000074c5fb3e8} = 'com/mojang/blaze3d/systems/RenderSystem')}
  0x000002666de6c174: 49ba e8b3 | 5f4c 0700 | 0000 418b | aa80 0000 | 004c 8bd5 | 49c1 e203 

  0x000002666de6c18c: ;   {oop(a 'java/lang/Class'{0x0000000751701d48} = 'net/minecraft/client/renderer/FogRenderer')}
  0x000002666de6c18c: 49bb 481d | 7051 0700 | 0000 c4c1 | 7a10 8388 | 0000 00c4 | c17a 1093 | 9000 0000 | c4c1 7a10 
  0x000002666de6c1ac: 8b8c 0000 | 004c 8b44 | 2448 4d3b | c20f 855d 

  0x000002666de6c1bc: ;   {oop(a 'java/lang/Class'{0x000000074c5fb3e8} = 'com/mojang/blaze3d/systems/RenderSystem')}
  0x000002666de6c1bc: 5600 0049 | bae8 b35f | 4c07 0000 | 0041 0fb6 | aafd 0000 

  0x000002666de6c1d0: ;   {oop([F{0x000000074c5fb5e8})}
  0x000002666de6c1d0: 0049 bae8 | b55f 4c07 | 0000 00c4 | c17a 1142 | 10c4 c17a | 114a 14c4 | c17a 1152 | 1841 c742 
  0x000002666de6c1f0: 1c00 0080 | 3f85 ed0f | 8577 5600 | 00ba 0041 | 0000 6690 

  0x000002666de6c204: ;   {static_call}
  0x000002666de6c204: c5f8 77e8 

  0x000002666de6c208: ; ImmutableOopMap {[240]=Oop [248]=Oop [32]=Oop [56]=Oop [72]=Oop [88]=Oop [104]=Oop [112]=Oop [140]=NarrowOop }
                      ;*invokestatic glClear {reexecute=0 rethrow=0 return_oop=0}
                      ; - org.lwjgl.opengl.GL11::glClear@1 (line 992)
                      ; - com.mojang.blaze3d.platform.GlStateManager::_clear@4 (line 684)
                      ; - com.mojang.blaze3d.systems.RenderSystem::clear@5 (line 388)
                      ; - net.minecraft.client.renderer.LevelRenderer::renderLevel@327 (line 1149)
  0x000002666de6c208: b44d f3fe | 4c8b 5c24 | 2045 8b93 | 9400 0000 | 4c8b 4424 | 70c4 c17a | 1058 0c47 | 8b8c d468 
  0x000002666de6c228: 0100 0043 | 8bbc ccb4 | 0000 00c5 | fb10 5424 | 60c5 7b2c | c241 81f8 | 0000 0080 | 7510 4883 
  0x000002666de6c248: ec08 c5fb 

  0x000002666de6c24c: ;   {runtime_call StubRoutines (1)}
  0x000002666de6c24c: 1114 24e8 | 2c4f 50fe | 4158 c5fb | 1064 2450 | c57b 2ccc | 4181 f900 | 0000 8075 | 1048 83ec 
  0x000002666de6c26c: 08c5 fb11 

  0x000002666de6c270: ;   {runtime_call StubRoutines (1)}
  0x000002666de6c270: 2424 e809 | 4f50 fe41 | 59c4 c17b | 2ac0 c4c1 | 732a c941 | 8bc8 ffc9 | c5f9 2ec2 | 410f 46c8 
  0x000002666de6c290: 418b e9ff | cdc5 f92e | cc41 0f46 | e945 8b44 

  0x000002666de6c2a0: ;   {metadata('net/minecraft/client/renderer/DimensionSpecialEffects$OverworldEffects')}
  0x000002666de6c2a0: fc08 4181 | f830 6bce | 010f 85e9 | 4c00 0047 | 8b94 d4b8 | 0000 0047 | 8b8c d484 | 0000 0043 
  0x000002666de6c2c0: 8b6c cc10 

  0x000002666de6c2c4: ; implicit exception: dispatches to 0x000002666de73fa4
  0x000002666de6c2c4: 458b 44ec 

  0x000002666de6c2c8: ;   {metadata('java/util/LinkedHashMap')}
  0x000002666de6c2c8: 0841 81f8 | d854 0b00 | 0f85 fe4c | 0000 4d8d | 14ec 418b | 4a14 85c9 | 0f85 da5c | 0000 c5fa 
  0x000002666de6c2e8: 119c 2490 | 0000 00c5 | fb11 5424 | 78c5 fb11 

  0x000002666de6c2f8: ;   {oop(a 'net/minecraft/client/renderer/FogRenderer$FogMode'{0x000000076c029df0})}
  0x000002666de6c2f8: 6424 7049 | b8f0 9d02 | 6c07 0000 | 0048 8b54 | 2438 c5f8 | 28c3 4533 | c9c5 fa10 | 8c24 8800 
  0x000002666de6c318: 0000 6690 

  0x000002666de6c31c: ;   {static_call}
  0x000002666de6c31c: c5f8 77e8 

  0x000002666de6c320: ; ImmutableOopMap {[240]=Oop [248]=Oop [32]=Oop [56]=Oop [72]=Oop [88]=Oop [104]=Oop [140]=NarrowOop }
                      ;*invokestatic setupFog {reexecute=0 rethrow=0 return_oop=0}
                      ; - net.minecraft.client.renderer.LevelRenderer::renderLevel@396 (line 1152)
  0x000002666de6c320: bcd3 9eff 

  0x000002666de6c324: ;   {oop(a 'java/lang/Class'{0x000000074c5fb3e8} = 'com/mojang/blaze3d/systems/RenderSystem')}
  0x000002666de6c324: 49ba e8b3 | 5f4c 0700 | 0000 418b | aa80 0000 | 004c 8bd5 | 49c1 e203 | 488b 5c24 | 4849 3bda 
  0x000002666de6c344: 0f85 5a55 | 0000 4180 | 7f38 000f | 8516 3a00 

  0x000002666de6c354: ;   {oop(a 'java/lang/Class'{0x000000074c5fb3e8} = 'com/mojang/blaze3d/systems/RenderSystem')}
  0x000002666de6c354: 0049 bae8 | b35f 4c07 | 0000 0048 | 8b74 2438 | 488b fe48 

  0x000002666de6c368: ;   {oop(a 'java/lang/Class'{0x000000074bdd5860} = 'net/minecraft/client/renderer/GameRenderer')}
  0x000002666de6c368: c1ef 0349 | bb60 58dd | 4b07 0000 | 0045 8b5b 

  0x000002666de6c378: ;   {oop(a 'java/lang/Class'{0x000000074c5fb3e8} = 'com/mojang/blaze3d/systems/RenderSystem')}
  0x000002666de6c378: 7c49 b8e8 | b35f 4c07 | 0000 0045 | 8998 c800 | 0000 4d8b | c349 c1e0 | 034d 33c2 | 49c1 e815 
  0x000002666de6c398: 4d85 c074 | 1b45 85db | 7416 49c1 | ea09 4c8b | 4424 404d | 03c2 4180 | 3804 0f85 | cd3b 0000 
  0x000002666de6c3b8: 498b 8f08 | 0100 004c | 8bd1 4983 | c220 4d3b | 9718 0100 | 000f 83be | 3f00 004d | 8997 0801 
  0x000002666de6c3d8: 0000 410f | 0d8a c000 | 0000 48c7 | 0101 0000 

  0x000002666de6c3e8: ;   {metadata('net/minecraft/client/renderer/LevelRenderer$$Lambda$9076+0x0000026602194aa0')}
  0x000002666de6c3e8: 00c7 4108 | a04a 1902 | 4489 610c | 4489 6114 | 4489 611c | 4889 b424 | 9800 0000 | 48ff 7424 
  0x000002666de6c408: 4848 8f44 | 2428 c5fa | 1084 2488 | 0000 00c5 | fa11 4110 | 8979 1889 | 7c24 30c5 | fa10 8c24 
  0x000002666de6c428: 9000 0000 | c5fa 1149 | 0c48 8b54 | 2420 4c8b | 4424 684c | 8b8c 24f8 | 0000 0048 | 8bbc 2498 
  0x000002666de6c448: 0000 0033 | f666 6690 

  0x000002666de6c450: ;   {optimized virtual_call}
  0x000002666de6c450: c5f8 77e8 

  0x000002666de6c454: ; ImmutableOopMap {[240]=Oop [248]=Oop [32]=Oop [40]=Oop [48]=NarrowOop [88]=Oop [104]=Oop [140]=NarrowOop [152]=Oop }
                      ;*invokevirtual renderSky {reexecute=0 rethrow=0 return_oop=0}
                      ; - net.minecraft.client.renderer.LevelRenderer::renderLevel@438 (line 1155)
  0x000002666de6c454: c8cb 99ff 

  0x000002666de6c458: ;   {oop(a 'java/lang/Class'{0x0000000746edc7c8} = 'net/minecraft/client/Minecraft')}
  0x000002666de6c458: 49ba c8c7 | ed46 0700 | 0000 458b | 6a70 478b | 94ec a401 

  0x000002666de6c46c: ;   {oop(a 'net/minecraftforge/client/event/RenderLevelStageEvent$Stage'{0x000000076c029e30})}
  0x000002666de6c46c: 0000 41bb | c653 80ed | 478b 44dc | 0c43 8b4c | d408 488b | 7c24 2044 

  0x000002666de6c484: ;   {metadata('net/minecraft/util/profiling/InactiveProfiler')}
  0x000002666de6c484: 8b5f 0c81 | f980 dda7 | 010f 8579 | 4b00 0049 | 8b87 0801 | 0000 4c8b | c049 83c0 | 384b 8d34 
  0x000002666de6c4a4: d44d 3b87 | 1801 0000 | 0f83 103f | 0000 4d89 | 8708 0100 | 0041 0f0d | 88c0 0000 | 0048 c700 
  0x000002666de6c4c4: 0100 0000 

  0x000002666de6c4c8: ;   {metadata('net/minecraftforge/client/event/RenderLevelStageEvent')}
  0x000002666de6c4c8: c740 0820 | e5c6 0144 | 8960 0c44 | 8960 1444 

  0x000002666de6c4d8: ;   {oop(a 'net/minecraftforge/eventbus/api/Event$Result'{0x000000074bf97eb8})}
  0x000002666de6c4d8: 8960 34c7 | 4010 d72f | 7fe9 4489 | 5818 c481 | 7a10 4cec | 58c5 fa11 

  0x000002666de6c4f0: ;   {oop(a 'net/minecraftforge/client/event/RenderLevelStageEvent$Stage'{0x000000076c029e30})}
  0x000002666de6c4f0: 481c c740 | 20c6 5380 | ed4c 8b8c | 24f8 0000 | 004d 8bd1 | 49c1 ea03 | 4c8b 4424 | 684d 8bd8 
  0x000002666de6c510: 49c1 eb03 | 488b cf48 | c1e9 0389 | 4824 4489 | 5828 4489 | 502c 448b | 5c24 3044 | 8958 304c 
  0x000002666de6c530: 8bd0 448b | 9c24 8c00 | 0000 4589 

  0x000002666de6c53c: ;   {oop(a 'net/minecraftforge/eventbus/EventBus'{0x000000074bbe0050})}
  0x000002666de6c53c: 5a34 48b9 | 5000 be4b | 0700 0000 | 0fb6 4911 | 85c9 0f85 | fd2d 0000 

  0x000002666de6c554: ;   {oop(a 'net/minecraftforge/eventbus/EventBus'{0x000000074bbe0050})}
  0x000002666de6c554: 48b9 5000 | be4b 0700 | 0000 0fb6 | 6912 85ed | 0f85 865d | 0000 8b49 

  0x000002666de6c56c: ;   {oop(a 'net/minecraftforge/eventbus/ListenerList'{0x000000075469c5c8})}
  0x000002666de6c56c: 0c48 bbc8 | c569 5407 | 0000 008b | 6b10 418b | 54ec 0c3b | ca0f 8381 | 4c00 0049 | 8d1c ec8b 
  0x000002666de6c58c: 6c8b 1041 | 0fb6 5cec | 0c85 db0f | 8505 3400 | 0041 8b4c | ec10 418b | 6ccc 0c41 | 8b5c ec08 
  0x000002666de6c5ac: ;   {metadata('net/minecraftforge/eventbus/api/IEventListener'[])}
  0x000002666de6c5ac: 81fb c00c | b301 0f85 | fc6d 0000 | 498d 1cec | 8b6b 0c85 | ed0f 87a9 | 2d00 0048 | 8bef 4c89 
  0x000002666de6c5cc: 4424 604c | 894c 2438 | 4489 5c24 

  0x000002666de6c5d8: ;   {section_word}
  0x000002666de6c5d8: 68c5 fa10 | 054f ecff | ffc5 f828 

  0x000002666de6c5e4: ;   {oop(a 'net/minecraft/client/renderer/FogRenderer$FogMode'{0x000000076c029e58})}
  0x000002666de6c5e4: c849 b858 | 9e02 6c07 | 0000 00c5 | fa10 a424 | 9000 0000 | c4e3 714a | c410 c4e3 | 594a d910 
  0x000002666de6c604: c5e2 5fd0 | c5e0 c2c3 | 03c4 e369 | 4ac3 0048 | 8b94 2498 | 0000 0045 | 33c9 c5fa | 108c 2488 
  0x000002666de6c624: 0000 0090 

  0x000002666de6c628: ;   {static_call}
  0x000002666de6c628: c5f8 77e8 

  0x000002666de6c62c: ; ImmutableOopMap {rbp=Oop [240]=Oop [40]=Oop [56]=Oop [88]=Oop [96]=Oop [104]=NarrowOop [152]=Oop }
                      ;*invokestatic setupFog {reexecute=0 rethrow=0 return_oop=0}
                      ; - net.minecraft.client.renderer.LevelRenderer::renderLevel@485 (line 1160)
  0x000002666de6c62c: b0d0 9eff | 4c8b c544 | 8b95 9400 | 0000 438b | 8cd4 6c01 | 0000 458b | 8ccc 1403 | 0000 438b 
  0x000002666de6c64c: ;   {oop(a 'net/minecraft/world/level/GameType'{0x00000007522d1348})}
  0x000002666de6c64c: 6ccc 1c81 | fd69 a245 | ea0f 84ad | 5900 0049 | 8be8 448b | 5424 6849 | c1e2 034c | 8994 24f8 
  0x000002666de6c66c: 0000 0048 | 8bd5 4c8b | 8424 9800 | 0000 4d8b | ca33 ff33 | f666 6690 

  0x000002666de6c684: ;   {optimized virtual_call}
  0x000002666de6c684: c5f8 77e8 

  0x000002666de6c688: ; ImmutableOopMap {rbp=Oop [240]=Oop [248]=Oop [40]=Oop [56]=Oop [88]=Oop [96]=Oop [104]=NarrowOop [152]=Oop }
                      ;*invokevirtual setupRender {reexecute=0 rethrow=0 return_oop=0}
                      ; - net.minecraft.client.renderer.LevelRenderer::renderLevel@515 (line 1162)
  0x000002666de6c688: 5471 9dff | 488b d54c | 8b84 2498 | 0000 0090 

  0x000002666de6c698: ;   {optimized virtual_call}
  0x000002666de6c698: c5f8 77e8 

  0x000002666de6c69c: ; ImmutableOopMap {rbp=Oop [240]=Oop [248]=Oop [40]=Oop [56]=Oop [88]=Oop [96]=Oop [104]=NarrowOop [152]=Oop }
                      ;*invokevirtual compileChunks {reexecute=0 rethrow=0 return_oop=0}
                      ; - net.minecraft.client.renderer.LevelRenderer::renderLevel@531 (line 1164)
  0x000002666de6c69c: 40a9 b2ff 

  0x000002666de6c6a0: ;   {oop(a 'net/minecraft/client/renderer/RenderType$CompositeRenderType'{0x000000074b0324c8})}
  0x000002666de6c6a0: 49b8 c824 | 034b 0700 | 0000 488b | d54c 8b4c | 2460 c5fb | 1044 2470 | c5fb 104c | 2478 c5fb 
  0x000002666de6c6c0: 1094 2480 | 0000 0048 | 8b7c 2438 

  0x000002666de6c6cc: ;   {optimized virtual_call}
  0x000002666de6c6cc: c5f8 77e8 

  0x000002666de6c6d0: ; ImmutableOopMap {rbp=Oop [240]=Oop [248]=Oop [40]=Oop [56]=Oop [88]=Oop [96]=Oop [104]=NarrowOop [152]=Oop }
                      ;*invokevirtual renderChunkLayer {reexecute=0 rethrow=0 return_oop=0}
                      ; - net.minecraft.client.renderer.LevelRenderer::renderLevel@557 (line 1166)
  0x000002666de6c6d0: ec94 c4ff | 488b cd44 | 8b9d 9400 | 0000 478b | 94dc 3001 | 0000 478b | 5cd4 1443 | 8b6c dc0c 
  0x000002666de6c6f0: ; implicit exception: dispatches to 0x000002666de74114
  0x000002666de6c6f0: 458b 54ec 

  0x000002666de6c6f4: ;   {metadata('java/util/HashMap')}
  0x000002666de6c6f4: 0841 81fa | d850 0b00 | 0f85 aa49 | 0000 4d8d | 14ec 458b | 5224 438b | 5cd4 0c85 | db0f 86cd 
  0x000002666de6c714: ;   {oop(a 'net/minecraft/resources/ResourceLocation'{0x000000074bbd85e0})}
  0x000002666de6c714: 5100 0049 | bbe0 85bd | 4b07 0000 | 0045 8b5b | 0c43 8b44 | dc0c 4b8d | 14d4 ffcb | 85c0 0f85 
  0x000002666de6c734: 5501 0000 | 470f b64c | dc11 4585 | c90f 851c | 2d00 0043 | 8b7c dc14 | 4f8d 0cdc | 4380 7cdc 
  0x000002666de6c754: 1000 0f85 | e333 0000 

  0x000002666de6c75c: ; implicit exception: dispatches to 0x000002666de74c24
  0x000002666de6c75c: 418b 6cfc | 0c85 ed0f | 86de 2c00 | 0044 8bc5 | 41ff c844 | 3bc5 0f83 | 5c5e 0000 | c4c1 f96e 
  0x000002666de6c77c: d9c4 e1f9 | 6eca c4c1 | 796e d344 | 8bf3 c4c1 | 796e c245 | 0fb6 54fc | 1044 8bdd | 4183 c3fd 
  0x000002666de6c79c: 4d8d 0cfc | 4183 fb01 | 0f8e 865e | 0000 418b | dac1 e305 | 412b dabf | 0100 0000 | 8bf5 2bf7 
  0x000002666de6c7bc: 83c6 fd45 | 33c0 443b | df41 0f4c | f081 fea0 | 0f00 0041 | baa0 0f00 | 0041 0f47 | f203 f70f 
  0x000002666de6c7dc: 1f44 0000 | 4863 d745 | 0fb6 5411 | 1041 0fb6 | 4411 1345 | 0fb6 4411 | 1141 0fb6 | 5411 1241 
  0x000002666de6c7fc: 03da 448b | eb41 c1e5 | 0544 2beb | 4503 e845 | 8bc5 41c1 | e005 452b | c544 03c2 | 458b d041 
  0x000002666de6c81c: c1e2 0545 | 2bd0 4403 | d041 8bda | c1e3 0541 | 2bda 83c7 | 043b fe7c | ab4d 8b87 

  0x000002666de6c838: ; ImmutableOopMap {r9=Oop rcx=Oop xmm0=NarrowOop xmm1=Oop xmm2=NarrowOop xmm3=Oop [240]=Oop [248]=Oop [40]=Oop [56]=Oop [88]=Oop [96]=Oop [104]=NarrowOop [152]=Oop }
                      ;*goto {reexecute=1 rethrow=0 return_oop=0}
                      ; - (reexecute) java.lang.StringLatin1::hashCode@37 (line 196)
                      ; - java.lang.String::hashCode@27 (line 2344)
                      ; - net.minecraft.resources.ResourceLocation::hashCode@6 (line 134)
                      ; - java.util.HashMap::hash@9 (line 338)
                      ; - java.util.HashMap::getNode@23 (line 568)
                      ; - java.util.HashMap::get@2 (line 556)
                      ; - net.minecraft.client.resources.model.AtlasSet::getAtlas@5 (line 30)
                      ; - net.minecraft.client.resources.model.ModelManager::getAtlas@23 (line 232)
                      ; - net.minecraft.client.renderer.LevelRenderer::renderLevel@570 (line 1167)
  0x000002666de6c838: 5803 0000 

  0x000002666de6c83c: ;   {poll}
  0x000002666de6c83c: 4185 0041 | 3bfb 0f8c | 70ff ffff | 3bfd 7c05 | 418b c2eb | 1d45 0fb6 | 5c39 1041 | 8bc2 c1e0 
  0x000002666de6c85c: 0541 2bc2 | 4103 c3ff | c73b fd7d | 0544 8bd0 | ebe3 c4c1 | 797e c241 | 8bde c4c1 | 797e d3c4 
  0x000002666de6c87c: e1f9 7eca | 85c0 0f84 | 793b 0000 | 4389 44dc 

  0x000002666de6c88c: ;   {oop(a 'net/minecraft/resources/ResourceLocation'{0x000000074bbd85e0})}
  0x000002666de6c88c: 0c49 bbe0 | 85bd 4b07 | 0000 0045 | 8b4b 1047 | 8b5c cc0c | 448b c041 | c1e0 0544 | 2bc0 4585 
  0x000002666de6c8ac: db0f 851d | 0100 0043 | 0fb6 7ccc | 1185 ff0f | 8553 0100 | 0047 8b5c | cc14 4b8d | 3ccc 4380 
  0x000002666de6c8cc: 7ccc 1000 | 0f85 b132 | 0000 438b | 6cdc 0c85 | ed0f 866b | 2b00 00c4 | e1f9 6ecf | c4c1 796e 
  0x000002666de6c8ec: d8c4 c179 | 6ed1 c4e1 | f96e c244 | 8bf3 458b | c244 8bd5 | 41ff ca44 | 3bd5 0f83 | 2e5d 0000 
  0x000002666de6c90c: 470f b654 | dc10 448b | cd41 83c1 | fd4f 8d04 | dc41 83f9 | 010f 8e79 | 5d00 0041 | 8bfa c1e7 
  0x000002666de6c92c: 0541 2bfa | bb01 0000 | 008b f52b | f383 c6fd | 4533 d244 | 3bcb 410f | 4cf2 81fe | a00f 0000 
  0x000002666de6c94c: 41bb a00f | 0000 410f | 47f3 03f3 | 0f1f 8400 | 0000 0000 | 4863 c345 | 0fb6 5c00 | 1041 0fb6 
  0x000002666de6c96c: 5400 1345 | 0fb6 5400 | 1145 0fb6 | 6c00 1241 | 03fb 448b | df41 c1e3 | 0544 2bdf | 4503 da41 
  0x000002666de6c98c: 8bc3 c1e0 | 0541 2bc3 | 4103 c544 | 8bd0 41c1 | e205 442b | d044 03d2 | 418b fac1 | e705 412b 
  0x000002666de6c9ac: fa83 c304 | 3bde 7cac | 4d8b 9f58 

  0x000002666de6c9b8: ; ImmutableOopMap {r8=Oop rcx=Oop xmm0=Oop xmm1=Oop xmm2=NarrowOop [240]=Oop [248]=Oop [40]=Oop [56]=Oop [88]=Oop [96]=Oop [104]=NarrowOop [152]=Oop }
                      ;*goto {reexecute=1 rethrow=0 return_oop=0}
                      ; - (reexecute) java.lang.StringLatin1::hashCode@37 (line 196)
                      ; - java.lang.String::hashCode@27 (line 2344)
                      ; - net.minecraft.resources.ResourceLocation::hashCode@14 (line 134)
                      ; - java.util.HashMap::hash@9 (line 338)
                      ; - java.util.HashMap::getNode@23 (line 568)
                      ; - java.util.HashMap::get@2 (line 556)
                      ; - net.minecraft.client.resources.model.AtlasSet::getAtlas@5 (line 30)
                      ; - net.minecraft.client.resources.model.ModelManager::getAtlas@23 (line 232)
                      ; - net.minecraft.client.renderer.LevelRenderer::renderLevel@570 (line 1167)
                      ;   {poll}
  0x000002666de6c9b8: 0300 0041 | 8503 413b | d90f 8c6e | ffff ff3b | dd7c 0a41 | 8bc2 eb22 | 4503 c3eb | 3f45 0fb6 
  0x000002666de6c9d8: 5c18 1041 | 8bc2 c1e0 | 0541 2bc2 | 4103 c3ff | c33b dd7d | 0544 8bd0 | ebe3 418b | dec4 e1f9 
  0x000002666de6c9f8: 7ec2 c4c1 | 797e d1c4 | c179 7ed8 | 85c0 0f84 | 023a 0000 | 4389 44cc | 0c44 03c0 | 458b c841 
  0x000002666de6ca18: c1e9 1045 | 33c8 4123 | d944 8b5c | 9a10 478b 

  0x000002666de6ca28: ;   {oop(a 'net/minecraft/resources/ResourceLocation'{0x000000074bbd85e0})}
  0x000002666de6ca28: 54dc 0c49 | b8e0 85bd | 4b07 0000 | 0041 8b50 | 0c45 8b68 | 104f 8d34 | dc45 3bd1 | 0f85 d002 
  0x000002666de6ca48: 0000 438b 

  0x000002666de6ca4c: ;   {oop(a 'net/minecraft/resources/ResourceLocation'{0x000000074bbd85e0})}
  0x000002666de6ca4c: 5cdc 1081 | fbbc b077 | e90f 8418 | 0300 0045 | 8b54 dc08 | 49b8 0000 | 0000 6602 | 0000 4d03 
  0x000002666de6ca6c: c24d 8b50 

  0x000002666de6ca70: ;   {metadata('net/minecraft/resources/ResourceLocation')}
  0x000002666de6ca70: 3849 b8d0 | 2745 0166 | 0200 004d | 3bd0 0f85 | 9b20 0000 | bd01 0000 | 004d 3bd0 | 0f85 a25a 
  0x000002666de6ca90: 0000 4d8d | 04dc 418b | 680c 450f | be54 d410 | 3bd5 0f84 | 2c01 0000 | 85ed 0f84 | 6a02 0000 
  0x000002666de6cab0: c4c1 f96e | c6c4 c179 | 6ecb 458b | f14c 8bd9 | 410f be4c | ec10 443b | d10f 853a | 3100 0045 
  0x000002666de6cad0: 8b54 ec14 | 418b 5cd4 | 1447 8b4c | d40c 418b | 4cdc 0c41 | 3bc9 0f85 | a336 0000 | 4f8d 0cd4 
  0x000002666de6caf0: 4b8d 74d4 | 104d 8d14 | dc49 8d7c | dc10 85c9 | 0f84 a500 | 0000 8bc1 | 83e0 1f83 | e1e0 0f84 
  0x000002666de6cb10: 4b00 0000 | 488d 3c0f | 488d 340e | 48f7 d9c5 | fe6f 1c0f | c5fe 6f14 | 0ec5 e5ef | dac4 e27d 
  0x000002666de6cb30: 17db 0f85 | 7a00 0000 | 4883 c120 | 75e1 85c0 | 0f84 6500 | 0000 c5fe | 6f5c 07e0 | c5fe 6f54 
  0x000002666de6cb50: 06e0 c5e5 | efda c4e2 | 7d17 db75 | 55eb 4c8b | c883 e1fc | 7419 488d | 3c0f 488d | 340e 48f7 
  0x000002666de6cb70: d98b 1c0f | 3b1c 0e75 | 3948 83c1 | 0475 f2f7 | c002 0000 | 0074 120f | b71f 0fb7 | 0e3b d975 
  0x000002666de6cb90: 2148 8d7f | 0248 8d76 | 02f7 c001 | 0000 0074 | 0a0f b61f | 0fb6 0e3b | d975 07b8 | 0100 0000 
  0x000002666de6cbb0: eb02 33c0 | c5e5 efdb | c5ed efd2 | 85c0 0f84 | 4601 0000 | 498b cb45 | 8bce c4c1 | 797e cbc4 
  0x000002666de6cbd0: c1f9 7ec6 | 418b 6810 

  0x000002666de6cbd8: ; implicit exception: dispatches to 0x000002666de74dcc
  0x000002666de6cbd8: 470f be54 | ec10 443b | ed0f 848c | 0100 0085 | ed0f 842b | 0100 0041 | 0fbe 5cec | 1044 3bd3 
  0x000002666de6cbf8: 0f85 1c01 | 0000 4d8b | c645 8bf3 | 4c8b d945 | 8b54 ec14 | 438b 44ec | 1443 8b7c | d40c 418b 
  0x000002666de6cc18: 4cc4 0c3b | cf0f 85d6 | 3500 004b | 8d1c d44b | 8d74 d410 | 4d8d 14c4 | 498d 7cc4 | 1085 c90f 
  0x000002666de6cc38: 84a5 0000 | 008b c183 | e01f 83e1 | e00f 844b | 0000 0048 | 8d3c 0f48 | 8d34 0e48 | f7d9 c5fe 
  0x000002666de6cc58: 6f0c 0fc5 | fe6f 040e | c5f5 efc8 | c4e2 7d17 | c90f 857a | 0000 0048 | 83c1 2075 | e185 c00f 
  0x000002666de6cc78: 8465 0000 | 00c5 fe6f | 4c07 e0c5 | fe6f 4406 | e0c5 f5ef | c8c4 e27d | 17c9 7555 | eb4c 8bc8 
  0x000002666de6cc98: 83e1 fc74 | 1948 8d3c | 0f48 8d34 | 0e48 f7d9 | 8b1c 0f3b | 1c0e 7539 | 4883 c104 | 75f2 f7c0 
  0x000002666de6ccb8: 0200 0000 | 7412 0fb7 | 1f0f b70e | 3bd9 7521 | 488d 7f02 | 488d 7602 | f7c0 0100 | 0000 740a 
  0x000002666de6ccd8: 0fb6 1f0f | b60e 3bd9 | 7507 b801 | 0000 00eb | 0233 c0c5 | f5ef c9c5 | fdef c085 | c074 0849 
  0x000002666de6ccf8: 8bcb 4d8b | f0eb 7449 | 8bcb 458b | de4d 8bf0 | eb10 498b | cb45 8bce | c4c1 797e | cbc4 c1f9 
  0x000002666de6cd18: 7ec6 438b | 6cdc 1885 | ed0f 8442 | 5700 0047 | 8b44 dc08 

  0x000002666de6cd2c: ;   {metadata('java/util/HashMap$TreeNode')}
  0x000002666de6cd2c: 4181 f838 | 7813 000f | 8553 2000 | 0041 8b6e | 2885 ed0f | 85e7 5d00 | 0048 8be9 | 498b d645 
  0x000002666de6cd4c: ;   {oop(a 'net/minecraft/resources/ResourceLocation'{0x000000074bbd85e0})}
  0x000002666de6cd4c: 8bc1 49b9 | e085 bd4b | 0700 0000 | 33ff 6690 

  0x000002666de6cd5c: ;   {optimized virtual_call}
  0x000002666de6cd5c: c5f8 77e8 

  0x000002666de6cd60: ; ImmutableOopMap {rbp=Oop [240]=Oop [248]=Oop [40]=Oop [56]=Oop [88]=Oop [96]=Oop [104]=NarrowOop [152]=Oop }
                      ;*invokevirtual find {reexecute=0 rethrow=0 return_oop=1}
                      ; - java.util.HashMap$TreeNode::getTreeNode@18 (line 2040)
                      ; - java.util.HashMap::getNode@95 (line 574)
                      ; - java.util.HashMap::get@2 (line 556)
                      ; - net.minecraft.client.resources.model.AtlasSet::getAtlas@5 (line 30)
                      ; - net.minecraft.client.resources.model.ModelManager::getAtlas@23 (line 232)
                      ; - net.minecraft.client.renderer.LevelRenderer::renderLevel@570 (line 1167)
  0x000002666de6cd60: 1c46 55fe | 4885 c00f | 84f9 5600 | 0048 8bcd | 4c8b f041 | 8b6e 1445 | 8b5c ec08 

  0x000002666de6cd7c: ;   {metadata('net/minecraft/client/resources/model/AtlasSet$AtlasEntry')}
  0x000002666de6cd7c: 4181 fb68 | b8c7 010f | 8587 6500 | 0044 8b81 | 9400 0000 | 4d8d 14ec | 458b 5a0c 

  0x000002666de6cd98: ; implicit exception: dispatches to 0x000002666de741a4
  0x000002666de6cd98: 478b 84c4 | bc00 0000 

  0x000002666de6cda0: ; implicit exception: dispatches to 0x000002666de741d8
  0x000002666de6cda0: 478b 94c4 | 9c00 0000 

  0x000002666de6cda8: ; implicit exception: dispatches to 0x000002666de7420c
  0x000002666de6cda8: 438b 6cd4 | 2845 8b44 

  0x000002666de6cdb0: ;   {metadata('java/lang/Integer')}
  0x000002666de6cdb0: ec08 4181 | f878 1904 | 000f 8585 | 6500 004d | 8d14 ec41 | 8b6a 0c85 | ed0f 8e59 | 4b00 0047 
  0x000002666de6cdd0: 0fb6 44dc | 1047 8844 

  0x000002666de6cdd8: ;   {oop(a 'java/lang/Class'{0x000000074c5fb3e8} = 'com/mojang/blaze3d/systems/RenderSystem')}
  0x000002666de6cdd8: dc12 49ba | e8b3 5f4c | 0700 0000 | 410f b6aa | fd00 0000 | 470f b654 | dc11 4788 | 54dc 1385 
  0x000002666de6cdf8: ed0f 8561 

  0x000002666de6cdfc: ;   {oop(a 'java/lang/Class'{0x000000074c5fb3e8} = 'com/mojang/blaze3d/systems/RenderSystem')}
  0x000002666de6cdfc: 4b00 0049 | bae8 b35f | 4c07 0000 | 0041 8baa | 8000 0000 | 4c8b d549 | c1e2 034c | 8b44 2428 
  0x000002666de6ce1c: 4d3b c20f | 8573 4b00 | 0043 c644 | dc11 0143 | 8b7c dc0c | 4788 64dc | 1083 ffff | 0f84 9431 
  0x000002666de6ce3c: ;   {oop(a 'java/lang/Class'{0x000000074c5a5f90} = 'com/mojang/blaze3d/platform/GlStateManager')}
  0x000002666de6ce3c: 0000 49ba | 905f 5a4c | 0700 0000 | 418b aa98 | 0000 0083 | fd0c 0f83 | 6c3b 0000 

  0x000002666de6ce58: ;   {oop(a 'com/mojang/blaze3d/platform/GlStateManager$TextureState'[12] {0x000000074c5ac7d8})}
  0x000002666de6ce58: 49ba d8c7 | 5a4c 0700 | 0000 458b | 54aa 1047 | 8b4c d40c | 413b f90f | 84b6 2500 | 004c 8944 
  0x000002666de6ce78: 2428 4889 | 4c24 2043 | 897c d40c | 448b c7ba | e10d 0000 

  0x000002666de6ce8c: ;   {static_call}
  0x000002666de6ce8c: c5f8 77e8 

  0x000002666de6ce90: ; ImmutableOopMap {[240]=Oop [248]=Oop [32]=Oop [40]=Oop [56]=Oop [88]=Oop [96]=Oop [104]=NarrowOop [152]=Oop }
                      ;*invokestatic glBindTexture {reexecute=0 rethrow=0 return_oop=0}
                      ; - org.lwjgl.opengl.GL11::glBindTexture@2 (line 854)
                      ; - com.mojang.blaze3d.platform.GlStateManager::_bindTexture@32 (line 566)
                      ; - net.minecraft.client.renderer.texture.AbstractTexture::bind@22 (line 86)
                      ; - net.minecraft.client.renderer.texture.AbstractTexture::setFilter@59 (line 34)
                      ; - net.minecraft.client.renderer.texture.AbstractTexture::setBlurMipmap@19 (line 46)
                      ; - net.minecraft.client.renderer.LevelRenderer::renderLevel@601 (line 1167)
  0x000002666de6ce90: 2c0a 3bff 

  0x000002666de6ce94: ;   {oop(a 'java/lang/Class'{0x000000074c5fb3e8} = 'com/mojang/blaze3d/systems/RenderSystem')}
  0x000002666de6ce94: 49ba e8b3 | 5f4c 0700 | 0000 410f | b6aa fd00 | 0000 85ed | 0f85 1e4d | 0000 418b | aa80 0000 
  0x000002666de6ceb4: 004c 8bdd | 49c1 e303 | 4c8b 5424 | 284d 3bd3 | 0f85 3a4d | 0000 4c89 | 9424 b000 | 0000 bae1 
  0x000002666de6ced4: 0d00 0041 | b801 2800 | 0041 b902 | 2700 0090 

  0x000002666de6cee4: ;   {static_call}
  0x000002666de6cee4: c5f8 77e8 

  0x000002666de6cee8: ; ImmutableOopMap {[240]=Oop [248]=Oop [32]=Oop [56]=Oop [88]=Oop [96]=Oop [104]=NarrowOop [152]=Oop [176]=Oop }
                      ;*invokestatic glTexParameteri {reexecute=0 rethrow=0 return_oop=0}
                      ; - org.lwjgl.opengl.GL11::glTexParameteri@3 (line 7154)
                      ; - com.mojang.blaze3d.platform.GlStateManager::_texParameter@6 (line 518)
                      ; - net.minecraft.client.renderer.texture.AbstractTexture::setFilter@69 (line 35)
                      ; - net.minecraft.client.renderer.texture.AbstractTexture::setBlurMipmap@19 (line 46)
                      ; - net.minecraft.client.renderer.LevelRenderer::renderLevel@601 (line 1167)
  0x000002666de6cee8: 5499 52ff 

  0x000002666de6ceec: ;   {oop(a 'java/lang/Class'{0x000000074c5fb3e8} = 'com/mojang/blaze3d/systems/RenderSystem')}
  0x000002666de6ceec: 49ba e8b3 | 5f4c 0700 | 0000 410f | b6aa fd00 | 0000 85ed | 0f85 da4a | 0000 418b | aa80 0000 
  0x000002666de6cf0c: 004c 8bd5 | 49c1 e203 | 4c8b 9c24 | b000 0000 | 4d3b da0f | 85f3 4a00 | 00ba e10d | 0000 41b8 
  0x000002666de6cf2c: 0028 0000 | 41b9 0026 | 0000 6690 

  0x000002666de6cf38: ;   {static_call}
  0x000002666de6cf38: c5f8 77e8 

  0x000002666de6cf3c: ; ImmutableOopMap {[240]=Oop [248]=Oop [32]=Oop [56]=Oop [88]=Oop [96]=Oop [104]=NarrowOop [152]=Oop [176]=Oop }
                      ;*invokestatic glTexParameteri {reexecute=0 rethrow=0 return_oop=0}
                      ; - org.lwjgl.opengl.GL11::glTexParameteri@3 (line 7154)
                      ; - com.mojang.blaze3d.platform.GlStateManager::_texParameter@6 (line 518)
                      ; - net.minecraft.client.renderer.texture.AbstractTexture::setFilter@80 (line 36)
                      ; - net.minecraft.client.renderer.texture.AbstractTexture::setBlurMipmap@19 (line 46)
                      ; - net.minecraft.client.renderer.LevelRenderer::renderLevel@601 (line 1167)
  0x000002666de6cf3c: 0099 52ff 

  0x000002666de6cf40: ;   {oop(a 'net/minecraft/client/renderer/RenderType$CompositeRenderType'{0x000000074b0319d8})}
  0x000002666de6cf40: 49b8 d819 | 034b 0700 | 0000 488b | 5424 204c | 8b4c 2460 | c5fb 1044 | 2470 c5fb | 104c 2478 
  0x000002666de6cf60: c5fb 1094 | 2480 0000 | 0048 8b7c | 2438 6690 

  0x000002666de6cf70: ;   {optimized virtual_call}
  0x000002666de6cf70: c5f8 77e8 

  0x000002666de6cf74: ; ImmutableOopMap {[240]=Oop [248]=Oop [32]=Oop [56]=Oop [88]=Oop [96]=Oop [104]=NarrowOop [152]=Oop [176]=Oop }
                      ;*invokevirtual renderChunkLayer {reexecute=0 rethrow=0 return_oop=0}
                      ; - net.minecraft.client.renderer.LevelRenderer::renderLevel@617 (line 1168)
  0x000002666de6cf74: 488c c4ff | 4c8b 5424 | 2045 8b9a | 9400 0000 

  0x000002666de6cf84: ; implicit exception: dispatches to 0x000002666de742d4
  0x000002666de6cf84: 478b 94dc | 3001 0000 

  0x000002666de6cf8c: ; implicit exception: dispatches to 0x000002666de74304
  0x000002666de6cf8c: 478b 5cd4 | 1443 8b6c | dc0c 458b 

  0x000002666de6cf98: ;   {metadata('java/util/HashMap')}
  0x000002666de6cf98: 54ec 0841 | 81fa d850 | 0b00 0f85 | 3841 0000 | 4d8d 14ec | 458b 5a24 | 4489 5c24 | 6c47 8b54 
  0x000002666de6cfb8: dc0c 4585 | d20f 8699 

  0x000002666de6cfc0: ;   {oop(a 'net/minecraft/resources/ResourceLocation'{0x000000074bbd85e0})}
  0x000002666de6cfc0: 4a00 0049 | bbe0 85bd | 4b07 0000 | 0045 8b5b | 0c44 899c | 248c 0000 | 0043 8b44 | dc0c 448b 
  0x000002666de6cfe0: 5c24 6c49 | c1e3 034c | 895c 2428 | 41ff ca44 | 8994 2490 | 0000 0085 | c00f 8541 | 0100 0044 
  0x000002666de6d000: 8b9c 248c | 0000 0047 | 0fb6 5cdc | 1145 85db | 0f85 5424 | 0000 448b | 9424 8c00 | 0000 438b 
  0x000002666de6d020: 4cd4 1445 | 8bda 4f8d | 2cdc 4380 | 7cdc 1000 | 0f85 992b | 0000 418b | 6ccc 0c85 | ed0f 8612 
  0x000002666de6d040: 2400 0044 | 8bd5 41ff | ca44 3bd5 | 0f83 5856 | 0000 450f | b65c cc10 | 448b cd41 | 83c1 fd48 
  0x000002666de6d060: c1e1 0341 | 83f9 010f | 8e9b 5600 | 0041 8bdb | c1e3 0541 | 2bdb bf01 | 0000 008b | d52b d783 
  0x000002666de6d080: c2fd 4533 | d244 3bcf | 410f 4cd2 | 81fa a00f | 0000 41bb | a00f 0000 | 410f 47d3 | 03d7 6690 
  0x000002666de6d0a0: 4c63 df46 | 0fb6 5419 | 1042 0fb6 | 4419 1346 | 0fb6 4419 | 1146 0fb6 | 5c19 1241 | 03da 8bf3 
  0x000002666de6d0c0: c1e6 052b | f341 03f0 | 448b d641 | c1e2 0544 | 2bd6 4503 | d345 8bda | 41c1 e305 | 452b da44 
  0x000002666de6d0e0: 03d8 418b | dbc1 e305 | 412b db83 | c704 3bfa | 7cae 4d8b | 9758 0300 

  0x000002666de6d0f8: ; ImmutableOopMap {rcx=Oop r13=Oop [240]=Oop [248]=Oop [32]=Oop [40]=Oop [56]=Oop [88]=Oop [96]=Oop [104]=NarrowOop [108]=NarrowOop [140]=NarrowOop [152]=Oop [176]=Oop }
                      ;*goto {reexecute=1 rethrow=0 return_oop=0}
                      ; - (reexecute) java.lang.StringLatin1::hashCode@37 (line 196)
                      ; - java.lang.String::hashCode@27 (line 2344)
                      ; - net.minecraft.resources.ResourceLocation::hashCode@6 (line 134)
                      ; - java.util.HashMap::hash@9 (line 338)
                      ; - java.util.HashMap::getNode@23 (line 568)
                      ; - java.util.HashMap::get@2 (line 556)
                      ; - net.minecraft.client.resources.model.AtlasSet::getAtlas@5 (line 30)
                      ; - net.minecraft.client.resources.model.ModelManager::getAtlas@23 (line 232)
                      ; - net.minecraft.client.renderer.LevelRenderer::renderLevel@630 (line 1169)
                      ;   {poll}
  0x000002666de6d0f8: 0041 8502 | 413b f90f | 8c76 ffff | ff3b fd7c | 0541 8bc3 | eb1d 440f | b644 3910 | 418b c3c1 
  0x000002666de6d118: e005 412b | c341 03c0 | ffc7 3bfd | 7d05 448b | d8eb e385 | c00f 84e6 | 3200 0044 | 8b9c 248c 
  0x000002666de6d138: 0000 0043 | 8944 dc0c 

  0x000002666de6d140: ;   {oop(a 'net/minecraft/resources/ResourceLocation'{0x000000074bbd85e0})}
  0x000002666de6d140: 49ba e085 | bd4b 0700 | 0000 458b | 5a10 4489 | 9c24 8c00 | 0000 478b | 5cdc 0c44 | 8bd0 41c1 
  0x000002666de6d160: e205 442b | d044 8994 | 2494 0000 | 0045 85db | 0f85 0a01 | 0000 448b | 9424 8c00 | 0000 470f 
  0x000002666de6d180: b654 d411 | 4585 d20f | 8548 0100 | 0044 8b9c | 248c 0000 | 0047 8b54 | dc14 4f8d | 2cdc 4380 
  0x000002666de6d1a0: 7cdc 1000 | 0f85 432a | 0000 438b | 6cd4 0c85 | ed0f 86a5 | 2200 0044 | 8bc5 41ff | c844 3bc5 
  0x000002666de6d1c0: 0f83 4c55 | 0000 470f | b65c d410 | 8bfd 83c7 | fd49 c1e2 | 0383 ff01 | 0f8e 9255 | 0000 458b 
  0x000002666de6d1e0: cb41 c1e1 | 0545 2bcb | b901 0000 | 008b dd2b | d983 c3fd | 4533 db3b | f941 0f4c | db81 fba0 
  0x000002666de6d200: 0f00 0041 | b8a0 0f00 | 0041 0f47 | d803 d990 | 4863 d145 | 0fb6 5c12 | 1041 0fb6 | 7412 1345 
  0x000002666de6d220: 0fb6 4412 | 1141 0fb6 | 5412 1245 | 03cb 418b | c1c1 e005 | 412b c141 | 03c0 448b | c041 c1e0 
  0x000002666de6d240: 0544 2bc0 | 4403 c245 | 8bd8 41c1 | e305 452b | d844 03de | 458b cb41 | c1e1 0545 | 2bcb 83c1 
  0x000002666de6d260: 043b cb7c | ab4d 8b87 

  0x000002666de6d268: ; ImmutableOopMap {r10=Oop r13=Oop [240]=Oop [248]=Oop [32]=Oop [40]=Oop [56]=Oop [88]=Oop [96]=Oop [104]=NarrowOop [140]=NarrowOop [152]=Oop [176]=Oop }
                      ;*goto {reexecute=1 rethrow=0 return_oop=0}
                      ; - (reexecute) java.lang.StringLatin1::hashCode@37 (line 196)
                      ; - java.lang.String::hashCode@27 (line 2344)
                      ; - net.minecraft.resources.ResourceLocation::hashCode@14 (line 134)
                      ; - java.util.HashMap::hash@9 (line 338)
                      ; - java.util.HashMap::getNode@23 (line 568)
                      ; - java.util.HashMap::get@2 (line 556)
                      ; - net.minecraft.client.resources.model.AtlasSet::getAtlas@5 (line 30)
                      ; - net.minecraft.client.resources.model.ModelManager::getAtlas@23 (line 232)
                      ; - net.minecraft.client.renderer.LevelRenderer::renderLevel@630 (line 1169)
  0x000002666de6d268: 5803 0000 

  0x000002666de6d26c: ;   {poll}
  0x000002666de6d26c: 4185 003b | cf0f 8c76 | ffff ff3b | cd7c 1541 | 8bc3 eb2d | 458b c245 | 03c3 4489 | 8424 9400 
  0x000002666de6d28c: 0000 eb45 | 450f b644 | 0a10 418b | c3c1 e005 | 412b c341 | 03c0 ffc1 | 3bcd 7d05 | 448b d8eb 
  0x000002666de6d2ac: e385 c00f | 8479 3100 | 0044 8b9c | 248c 0000 | 0043 8944 | dc0c 448b | 9424 9400 | 0000 4403 
  0x000002666de6d2cc: d044 8994 | 2494 0000 | 0044 8bb4 | 2494 0000 | 0041 c1ee | 1044 33b4 | 2494 0000 | 0044 8b94 
  0x000002666de6d2ec: 2490 0000 | 0045 23d6 | 4c8b 5c24 | 2847 8b4c | 9310 478b 

  0x000002666de6d300: ;   {oop(a 'net/minecraft/resources/ResourceLocation'{0x000000074bbd85e0})}
  0x000002666de6d300: 5ccc 0c49 | bae0 85bd | 4b07 0000 | 0045 8b42 | 0c41 8b52 | 104f 8d14 | ccc4 c1f9 | 6ec2 453b 
  0x000002666de6d320: de0f 8585 | 0200 0047 | 8b5c cc10 

  0x000002666de6d32c: ;   {oop(a 'net/minecraft/resources/ResourceLocation'{0x000000074bbd85e0})}
  0x000002666de6d32c: 4181 fbbc | b077 e90f | 84cd 0200 | 0043 8b4c | dc08 49ba | 0000 0000 | 6602 0000 | 4c03 d14d 
  0x000002666de6d34c: ;   {metadata('net/minecraft/resources/ResourceLocation')}
  0x000002666de6d34c: 8b52 3848 | b9d0 2745 | 0166 0200 | 004c 3bd1 | 0f85 c417 | 0000 bd01 | 0000 004c | 3bd1 0f85 
  0x000002666de6d36c: 1052 0000 | 49c1 e303 | 418b 6b0c 

  0x000002666de6d378: ; implicit exception: dispatches to 0x000002666de74bec
  0x000002666de6d378: 470f be54 | c410 443b | c50f 840b | 0100 0085 | ed0f 841d | 0200 0041 | 0fbe 5cec | 1044 3bd3 
  0x000002666de6d398: 0f85 0e02 | 0000 458b | 54ec 1443 | 8b44 c414 | 438b 7cd4 | 0c41 8b4c | c40c 3bcf | 0f85 f201 
  0x000002666de6d3b8: 0000 4b8d | 1cd4 4b8d | 74d4 104d | 8d14 c449 | 8d7c c410 | 85c9 0f84 | a500 0000 | 8bc1 83e0 
  0x000002666de6d3d8: 1f83 e1e0 | 0f84 4b00 | 0000 488d | 3c0f 488d | 340e 48f7 | d9c5 fe6f | 0c0f c5fe | 6f14 0ec5 
  0x000002666de6d3f8: f5ef cac4 | e27d 17c9 | 0f85 7a00 | 0000 4883 | c120 75e1 | 85c0 0f84 | 6500 0000 | c5fe 6f4c 
  0x000002666de6d418: 07e0 c5fe | 6f54 06e0 | c5f5 efca | c4e2 7d17 | c975 55eb | 4c8b c883 | e1fc 7419 | 488d 3c0f 
  0x000002666de6d438: 488d 340e | 48f7 d98b | 1c0f 3b1c | 0e75 3948 | 83c1 0475 | f2f7 c002 | 0000 0074 | 120f b71f 
  0x000002666de6d458: 0fb7 0e3b | d975 2148 | 8d7f 0248 | 8d76 02f7 | c001 0000 | 0074 0a0f | b61f 0fb6 | 0e3b d975 
  0x000002666de6d478: 07b8 0100 | 0000 eb02 | 33c0 c5f5 | efc9 c5ed | efd2 85c0 | 0f84 1a01 | 0000 418b | 6b10 450f 
  0x000002666de6d498: be54 d410 | 3bd5 0f84 | 6201 0000 | 85ed 0f84 | 0001 0000 | 410f be4c | ec10 443b | d10f 85f1 
  0x000002666de6d4b8: 0000 0045 | 8b5c ec14 | 418b 5cd4 | 1447 8b54 | dc0c 418b | 4cdc 0c41 | 3bca 0f85 | d400 0000 
  0x000002666de6d4d8: 4f8d 14dc | 4b8d 74dc | 104d 8d14 | dc49 8d7c | dc10 85c9 | 0f84 a500 | 0000 8bc1 | 83e0 1f83 
  0x000002666de6d4f8: e1e0 0f84 | 4b00 0000 | 488d 3c0f | 488d 340e | 48f7 d9c5 | fe6f 140f | c5fe 6f0c | 0ec5 edef 
  0x000002666de6d518: d1c4 e27d | 17d2 0f85 | 7a00 0000 | 4883 c120 | 75e1 85c0 | 0f84 6500 | 0000 c5fe | 6f54 07e0 
  0x000002666de6d538: c5fe 6f4c | 06e0 c5ed | efd1 c4e2 | 7d17 d275 | 55eb 4c8b | c883 e1fc | 7419 488d | 3c0f 488d 
  0x000002666de6d558: 340e 48f7 | d98b 1c0f | 3b1c 0e75 | 3948 83c1 | 0475 f2f7 | c002 0000 | 0074 120f | b71f 0fb7 
  0x000002666de6d578: 0e3b d975 | 2148 8d7f | 0248 8d76 | 02f7 c001 | 0000 0074 | 0a0f b61f | 0fb6 0e3b | d975 07b8 
  0x000002666de6d598: 0100 0000 | eb02 33c0 | c5ed efd2 | c5f5 efc9 | 85c0 755a | 438b 6ccc | 1885 ed0f | 84df 4e00 
  0x000002666de6d5b8: 0047 8b54 

  0x000002666de6d5bc: ;   {metadata('java/util/HashMap$TreeNode')}
  0x000002666de6d5bc: cc08 4181 | fa38 7813 | 000f 859d | 1a00 00c4 | c1f9 7ec2 | 418b 6a28 | 85ed 0f85 | 9855 0000 
  0x000002666de6d5dc: 498b d245 

  0x000002666de6d5e0: ;   {oop(a 'net/minecraft/resources/ResourceLocation'{0x000000074bbd85e0})}
  0x000002666de6d5e0: 8bc6 49b9 | e085 bd4b | 0700 0000 | 33ff 6690 

  0x000002666de6d5f0: ;   {optimized virtual_call}
  0x000002666de6d5f0: c5f8 77e8 

  0x000002666de6d5f4: ; ImmutableOopMap {[240]=Oop [248]=Oop [32]=Oop [56]=Oop [88]=Oop [96]=Oop [104]=NarrowOop [152]=Oop [176]=Oop }
                      ;*invokevirtual find {reexecute=0 rethrow=0 return_oop=1}
                      ; - java.util.HashMap$TreeNode::getTreeNode@18 (line 2040)
                      ; - java.util.HashMap::getNode@95 (line 574)
                      ; - java.util.HashMap::get@2 (line 556)
                      ; - net.minecraft.client.resources.model.AtlasSet::getAtlas@5 (line 30)
                      ; - net.minecraft.client.resources.model.ModelManager::getAtlas@23 (line 232)
                      ; - net.minecraft.client.renderer.LevelRenderer::renderLevel@630 (line 1169)
  0x000002666de6d5f4: 883d 55fe | 4885 c00f | 8497 4e00 | 00c4 e1f9 | 6ec0 c4c1 | f97e c241 | 8b6a 1445 | 8b54 ec08 
  0x000002666de6d614: ;   {metadata('net/minecraft/client/resources/model/AtlasSet$AtlasEntry')}
  0x000002666de6d614: 4181 fa68 | b8c7 010f | 855b 5d00 | 004d 8d14 | ec45 8b42 | 0c47 0fb6 | 4cc4 1243 | 0fb6 4cc4 
  0x000002666de6d634: ;   {oop(a 'java/lang/Class'{0x000000074c5fb3e8} = 'com/mojang/blaze3d/systems/RenderSystem')}
  0x000002666de6d634: 1349 bae8 | b35f 4c07 | 0000 0041 | 0fb6 aafd | 0000 0085 | ed0f 8551 | 4400 0041 | 8baa 8000 
  0x000002666de6d654: 0000 4c8b | d549 c1e2 | 034c 8b9c | 24b0 0000 | 004d 3bda | 0f85 8244 | 0000 4388 | 4cc4 1147 
  0x000002666de6d674: 884c c410 | 4585 c90f | 85cf 4900 | 0043 8b5c | c40c 85c9 | 41b9 0026 | 0000 41bb | 0227 0000 
  0x000002666de6d694: 450f 45cb | 83fb ff0f | 8493 2900 | 0048 8b8c | 24b0 0000 

  0x000002666de6d6a8: ;   {oop(a 'java/lang/Class'{0x000000074c5a5f90} = 'com/mojang/blaze3d/platform/GlStateManager')}
  0x000002666de6d6a8: 0049 ba90 | 5f5a 4c07 | 0000 0041 | 8baa 9800 | 0000 83fd | 0c0f 8345 

  0x000002666de6d6c0: ;   {oop(a 'com/mojang/blaze3d/platform/GlStateManager$TextureState'[12] {0x000000074c5ac7d8})}
  0x000002666de6d6c0: 3300 0049 | bad8 c75a | 4c07 0000 | 0045 8b54 | aa10 478b | 44d4 0c41 | 3bd8 0f84 | 5d1d 0000 
  0x000002666de6d6e0: 4489 4c24 | 6c48 894c | 2428 4389 | 5cd4 0c44 | 8bc3 bae1 | 0d00 0090 

  0x000002666de6d6f8: ;   {static_call}
  0x000002666de6d6f8: c5f8 77e8 

  0x000002666de6d6fc: ; ImmutableOopMap {[240]=Oop [248]=Oop [32]=Oop [40]=Oop [56]=Oop [88]=Oop [96]=Oop [104]=NarrowOop [152]=Oop }
                      ;*invokestatic glBindTexture {reexecute=0 rethrow=0 return_oop=0}
                      ; - org.lwjgl.opengl.GL11::glBindTexture@2 (line 854)
                      ; - com.mojang.blaze3d.platform.GlStateManager::_bindTexture@32 (line 566)
                      ; - net.minecraft.client.renderer.texture.AbstractTexture::bind@22 (line 86)
                      ; - net.minecraft.client.renderer.texture.AbstractTexture::setFilter@59 (line 34)
                      ; - net.minecraft.client.renderer.texture.AbstractTexture::restoreLastBlurMipmap@9 (line 50)
                      ; - net.minecraft.client.renderer.LevelRenderer::renderLevel@633 (line 1169)
  0x000002666de6d6fc: c001 3bff 

  0x000002666de6d700: ;   {oop(a 'java/lang/Class'{0x000000074c5fb3e8} = 'com/mojang/blaze3d/systems/RenderSystem')}
  0x000002666de6d700: 49ba e8b3 | 5f4c 0700 | 0000 410f | b6aa fd00 | 0000 85ed | 0f85 3245 | 0000 418b | aa80 0000 
  0x000002666de6d720: 004c 8bd5 | 49c1 e203 | 4c8b 4424 | 284d 3bc2 | 0f85 4e45 | 0000 448b | 4c24 6cba | e10d 0000 
  0x000002666de6d740: 41b8 0128 | 0000 6690 

  0x000002666de6d748: ;   {static_call}
  0x000002666de6d748: c5f8 77e8 

  0x000002666de6d74c: ; ImmutableOopMap {[240]=Oop [248]=Oop [32]=Oop [40]=Oop [56]=Oop [88]=Oop [96]=Oop [104]=NarrowOop [152]=Oop }
                      ;*invokestatic glTexParameteri {reexecute=0 rethrow=0 return_oop=0}
                      ; - org.lwjgl.opengl.GL11::glTexParameteri@3 (line 7154)
                      ; - com.mojang.blaze3d.platform.GlStateManager::_texParameter@6 (line 518)
                      ; - net.minecraft.client.renderer.texture.AbstractTexture::setFilter@69 (line 35)
                      ; - net.minecraft.client.renderer.texture.AbstractTexture::restoreLastBlurMipmap@9 (line 50)
                      ; - net.minecraft.client.renderer.LevelRenderer::renderLevel@633 (line 1169)
  0x000002666de6d74c: f090 52ff 

  0x000002666de6d750: ;   {oop(a 'java/lang/Class'{0x000000074c5fb3e8} = 'com/mojang/blaze3d/systems/RenderSystem')}
  0x000002666de6d750: 49ba e8b3 | 5f4c 0700 | 0000 410f | b6aa fd00 | 0000 85ed | 0f85 e243 | 0000 418b | aa80 0000 
  0x000002666de6d770: 004c 8bdd | 49c1 e303 | 4c8b 5424 | 284d 3bd3 | 0f85 fe43 | 0000 bae1 | 0d00 0041 | b800 2800 
  0x000002666de6d790: 0041 b900 | 2600 0090 

  0x000002666de6d798: ;   {static_call}
  0x000002666de6d798: c5f8 77e8 

  0x000002666de6d79c: ; ImmutableOopMap {[240]=Oop [248]=Oop [32]=Oop [56]=Oop [88]=Oop [96]=Oop [104]=NarrowOop [152]=Oop }
                      ;*invokestatic glTexParameteri {reexecute=0 rethrow=0 return_oop=0}
                      ; - org.lwjgl.opengl.GL11::glTexParameteri@3 (line 7154)
                      ; - com.mojang.blaze3d.platform.GlStateManager::_texParameter@6 (line 518)
                      ; - net.minecraft.client.renderer.texture.AbstractTexture::setFilter@80 (line 36)
                      ; - net.minecraft.client.renderer.texture.AbstractTexture::restoreLastBlurMipmap@9 (line 50)
                      ; - net.minecraft.client.renderer.LevelRenderer::renderLevel@633 (line 1169)
  0x000002666de6d79c: a090 52ff 

  0x000002666de6d7a0: ;   {static_call}
  0x000002666de6d7a0: c5f8 77e8 

  0x000002666de6d7a4: ; ImmutableOopMap {[240]=Oop [248]=Oop [32]=Oop [56]=Oop [88]=Oop [96]=Oop [104]=NarrowOop [152]=Oop }
                      ;*invokestatic cutout {reexecute=0 rethrow=0 return_oop=1}
                      ; - net.minecraft.client.renderer.LevelRenderer::renderLevel@637 (line 1170)
  0x000002666de6d7a4: 5875 c1ff | 488b 5424 | 204c 8bc0 | 4c8b 4c24 | 60c5 fb10 | 4424 70c5 | fb10 4c24 | 78c5 fb10 
  0x000002666de6d7c4: 9424 8000 | 0000 488b | 7c24 3890 

  0x000002666de6d7d0: ;   {optimized virtual_call}
  0x000002666de6d7d0: c5f8 77e8 

  0x000002666de6d7d4: ; ImmutableOopMap {[240]=Oop [248]=Oop [32]=Oop [56]=Oop [88]=Oop [96]=Oop [104]=NarrowOop [152]=Oop }
                      ;*invokevirtual renderChunkLayer {reexecute=0 rethrow=0 return_oop=0}
                      ; - net.minecraft.client.renderer.LevelRenderer::renderLevel@649 (line 1170)
  0x000002666de6d7d4: e883 c4ff | 488b 6c24 | 2044 8b9d | a400 0000 | 4585 db0f | 8467 3200 | 004b 8d14 | dc66 6690 
  0x000002666de6d7f4: ;   {optimized virtual_call}
  0x000002666de6d7f4: c5f8 77e8 

  0x000002666de6d7f8: ; ImmutableOopMap {rbp=Oop [240]=Oop [248]=Oop [32]=Oop [56]=Oop [88]=Oop [96]=Oop [104]=NarrowOop [152]=Oop }
                      ;*invokevirtual effects {reexecute=0 rethrow=0 return_oop=1}
                      ; - net.minecraft.client.renderer.LevelRenderer::renderLevel@656 (line 1171)
  0x000002666de6d7f8: c42b 71ff | 4885 c00f | 847b 3200 | 0048 8bd0 

  0x000002666de6d808: ;   {optimized virtual_call}
  0x000002666de6d808: c5f8 77e8 

  0x000002666de6d80c: ; ImmutableOopMap {rbp=Oop [240]=Oop [248]=Oop [32]=Oop [56]=Oop [88]=Oop [96]=Oop [104]=NarrowOop [152]=Oop }
                      ;*invokevirtual constantAmbientLight {reexecute=0 rethrow=0 return_oop=0}
                      ; - net.minecraft.client.renderer.LevelRenderer::renderLevel@659 (line 1171)
  0x000002666de6d80c: b095 8dff | 85c0 0f85 | 8448 0000 | 488b 5424 | 6066 6690 

  0x000002666de6d820: ;   {optimized virtual_call}
  0x000002666de6d820: c5f8 77e8 

  0x000002666de6d824: ; ImmutableOopMap {rbp=Oop [240]=Oop [248]=Oop [32]=Oop [56]=Oop [88]=Oop [96]=Oop [104]=NarrowOop [152]=Oop }
                      ;*invokevirtual last {reexecute=0 rethrow=0 return_oop=1}
                      ; - net.minecraft.client.renderer.LevelRenderer::renderLevel@679 (line 1174)
  0x000002666de6d824: 183f 79ff | 4885 c00f | 847b 3200 | 0048 8bd0 

  0x000002666de6d834: ;   {optimized virtual_call}
  0x000002666de6d834: c5f8 77e8 

  0x000002666de6d838: ; ImmutableOopMap {rbp=Oop [240]=Oop [248]=Oop [32]=Oop [56]=Oop [88]=Oop [96]=Oop [104]=NarrowOop [152]=Oop }
                      ;*invokevirtual pose {reexecute=0 rethrow=0 return_oop=1}
                      ; - net.minecraft.client.renderer.LevelRenderer::renderLevel@682 (line 1174)
  0x000002666de6d838: 04df b1fe | 488b d090 

  0x000002666de6d840: ;   {static_call}
  0x000002666de6d840: c5f8 77e8 

  0x000002666de6d844: ; ImmutableOopMap {rbp=Oop [240]=Oop [248]=Oop [32]=Oop [56]=Oop [88]=Oop [96]=Oop [104]=NarrowOop [152]=Oop }
                      ;*invokestatic setupLevel {reexecute=0 rethrow=0 return_oop=0}
                      ; - net.minecraft.client.renderer.LevelRenderer::renderLevel@685 (line 1174)
  0x000002666de6d844: 58c6 9cff 

  0x000002666de6d848: ;   {oop("entities"{0x00000007445ea2c0})}
  0x000002666de6d848: 49b8 c0a2 | 5e44 0700 | 0000 488b | 5424 5890 

  0x000002666de6d858: ;   {optimized virtual_call}
  0x000002666de6d858: c5f8 77e8 

  0x000002666de6d85c: ; ImmutableOopMap {rbp=Oop [240]=Oop [248]=Oop [32]=Oop [56]=Oop [88]=Oop [96]=Oop [104]=NarrowOop [152]=Oop }
                      ;*invokeinterface popPush {reexecute=0 rethrow=0 return_oop=0}
                      ; - net.minecraft.client.renderer.LevelRenderer::renderLevel@693 (line 1177)
  0x000002666de6d85c: c016 4eff | 4489 a588 | 0000 008b | adec 0000 | 004c 8b54 | 2420 4589 | a284 0000 | 0085 ed0f 
  0x000002666de6d87c: 854b 4800 | 0041 8baa | f400 0000 | 85ed 0f85 | 7448 0000 | 488b 5424 | 2066 6690 

  0x000002666de6d898: ;   {optimized virtual_call}
  0x000002666de6d898: c5f8 77e8 

  0x000002666de6d89c: ; ImmutableOopMap {[240]=Oop [248]=Oop [32]=Oop [56]=Oop [88]=Oop [96]=Oop [104]=NarrowOop [152]=Oop }
                      ;*invokevirtual shouldShowEntityOutlines {reexecute=0 rethrow=0 return_oop=0}
                      ; - net.minecraft.client.renderer.LevelRenderer::renderLevel@768 (line 1190)
  0x000002666de6d89c: a021 b1ff | 85c0 0f84 | 9448 0000 | 4c8b 5424 | 2045 8b92 | e000 0000 | 4585 d20f | 841b 3200 
  0x000002666de6d8bc: 004b 8d14 | d445 33c0 

  0x000002666de6d8c4: ;   {optimized virtual_call}
  0x000002666de6d8c4: c5f8 77e8 

  0x000002666de6d8c8: ; ImmutableOopMap {[240]=Oop [248]=Oop [32]=Oop [56]=Oop [88]=Oop [96]=Oop [104]=NarrowOop [152]=Oop }
                      ;*invokevirtual clear {reexecute=0 rethrow=0 return_oop=0}
                      ; - net.minecraft.client.renderer.LevelRenderer::renderLevel@781 (line 1191)
  0x000002666de6d8c8: 74c3 bcff | 488b 6c24 | 2044 8b9d | 9400 0000 | 4585 db0f | 8427 3200 | 004b 8d14 | dc66 6690 
  0x000002666de6d8e8: ;   {optimized virtual_call}
  0x000002666de6d8e8: c5f8 77e8 

  0x000002666de6d8ec: ; ImmutableOopMap {rbp=Oop [240]=Oop [248]=Oop [32]=Oop [56]=Oop [88]=Oop [96]=Oop [104]=NarrowOop [152]=Oop }
                      ;*invokevirtual getMainRenderTarget {reexecute=0 rethrow=0 return_oop=1}
                      ; - net.minecraft.client.renderer.LevelRenderer::renderLevel@788 (line 1192)
  0x000002666de6d8ec: d0bf bbff | 4885 c00f | 843b 3200 | 0048 8bd0 | 4533 c090 

  0x000002666de6d900: ;   {optimized virtual_call}
  0x000002666de6d900: c5f8 77e8 

  0x000002666de6d904: ; ImmutableOopMap {rbp=Oop [240]=Oop [248]=Oop [32]=Oop [56]=Oop [88]=Oop [96]=Oop [104]=NarrowOop [152]=Oop }
                      ;*invokevirtual bindWrite {reexecute=0 rethrow=0 return_oop=0}
                      ; - net.minecraft.client.renderer.LevelRenderer::renderLevel@792 (line 1192)
  0x000002666de6d904: 583e c7ff | 448b 9da0 | 0000 0045 | 85db 0f84 | 4832 0000 | 4b8d 14dc 

  0x000002666de6d91c: ;   {optimized virtual_call}
  0x000002666de6d91c: c5f8 77e8 

  0x000002666de6d920: ; ImmutableOopMap {rbp=Oop [240]=Oop [248]=Oop [32]=Oop [56]=Oop [88]=Oop [96]=Oop [104]=NarrowOop [152]=Oop }
                      ;*invokevirtual bufferSource {reexecute=0 rethrow=0 return_oop=1}
                      ; - net.minecraft.client.renderer.LevelRenderer::renderLevel@802 (line 1196)
  0x000002666de6d920: 9cde 32ff | 4889 8424 | 9000 0000 | 448b 95a4 | 0000 0045 | 85d2 0f84 | 5032 0000 | 4b8d 14d4 
  0x000002666de6d940: ;   {optimized virtual_call}
  0x000002666de6d940: c5f8 77e8 

  0x000002666de6d944: ; ImmutableOopMap {rbp=Oop [240]=Oop [248]=Oop [32]=Oop [56]=Oop [88]=Oop [96]=Oop [104]=NarrowOop [144]=Oop [152]=Oop }
                      ;*invokevirtual entitiesForRendering {reexecute=0 rethrow=0 return_oop=1}
                      ; - net.minecraft.client.renderer.LevelRenderer::renderLevel@811 (line 1198)
  0x000002666de6d944: 18bf 9cff 

  0x000002666de6d948: ; implicit exception: dispatches to 0x000002666de74424
  0x000002666de6d948: 448b 5808 

  0x000002666de6d94c: ;   {metadata('com/google/common/collect/Iterables$UnmodifiableIterable')}
  0x000002666de6d94c: 4181 fb28 | 2086 010f | 85bf 3700 | 0048 8bd0 

  0x000002666de6d95c: ;   {optimized virtual_call}
  0x000002666de6d95c: c5f8 77e8 

  0x000002666de6d960: ; ImmutableOopMap {rbp=Oop [240]=Oop [248]=Oop [32]=Oop [56]=Oop [88]=Oop [96]=Oop [104]=NarrowOop [144]=Oop [152]=Oop }
                      ;*invokeinterface iterator {reexecute=0 rethrow=0 return_oop=1}
                      ; - net.minecraft.client.renderer.LevelRenderer::renderLevel@814 (line 1198)
  0x000002666de6d960: fcea d6ff 

  0x000002666de6d964: ; implicit exception: dispatches to 0x000002666de7445c
  0x000002666de6d964: 448b 5808 

  0x000002666de6d968: ;   {metadata('com/google/common/collect/Iterators$1')}
  0x000002666de6d968: 4181 fb10 | af24 010f | 85eb 3700 | 0048 8984 | 24a0 0000 | 0048 8bd0 

  0x000002666de6d980: ;   {optimized virtual_call}
  0x000002666de6d980: c5f8 77e8 

  0x000002666de6d984: ; ImmutableOopMap {[240]=Oop [248]=Oop [32]=Oop [56]=Oop [88]=Oop [96]=Oop [104]=NarrowOop [144]=Oop [152]=Oop [160]=Oop }
                      ;*invokeinterface hasNext {reexecute=0 rethrow=0 return_oop=0}
                      ; - net.minecraft.client.renderer.LevelRenderer::renderLevel@823 (line 1198)
  0x000002666de6d984: 3811 83ff | 85c0 0f85 | 180e 0000 | 4c8b 9424 | 9000 0000 | 4d85 d20f | 8423 3200 | 0049 8bd2 
  0x000002666de6d9a4: ;   {optimized virtual_call}
  0x000002666de6d9a4: c5f8 77e8 

  0x000002666de6d9a8: ; ImmutableOopMap {[240]=Oop [248]=Oop [32]=Oop [56]=Oop [88]=Oop [96]=Oop [104]=NarrowOop [144]=Oop [152]=Oop }
                      ;*invokevirtual endLastBatch {reexecute=0 rethrow=0 return_oop=0}
                      ; - net.minecraft.client.renderer.LevelRenderer::renderLevel@1161 (line 1228)
  0x000002666de6d9a8: 34f7 c1ff | 488b 5424 | 204c 8b44 | 2460 6690 

  0x000002666de6d9b8: ;   {optimized virtual_call}
  0x000002666de6d9b8: c5f8 77e8 

  0x000002666de6d9bc: ; ImmutableOopMap {[240]=Oop [248]=Oop [32]=Oop [56]=Oop [88]=Oop [96]=Oop [104]=NarrowOop [144]=Oop [152]=Oop }
                      ;*invokevirtual checkPoseStack {reexecute=0 rethrow=0 return_oop=0}
                      ; - net.minecraft.client.renderer.LevelRenderer::renderLevel@1166 (line 1229)
  0x000002666de6d9bc: 00e7 bfff 

  0x000002666de6d9c0: ;   {oop(a 'net/minecraft/resources/ResourceLocation'{0x000000074bbd85e0})}
  0x000002666de6d9c0: 48ba e085 | bd4b 0700 | 0000 6690 

  0x000002666de6d9cc: ;   {static_call}
  0x000002666de6d9cc: c5f8 77e8 

  0x000002666de6d9d0: ; ImmutableOopMap {[240]=Oop [248]=Oop [32]=Oop [56]=Oop [88]=Oop [96]=Oop [104]=NarrowOop [144]=Oop [152]=Oop }
                      ;*invokestatic entitySolid {reexecute=0 rethrow=0 return_oop=1}
                      ; - net.minecraft.client.renderer.LevelRenderer::renderLevel@1174 (line 1230)
  0x000002666de6d9d0: ccef c5ff | 488b 9424 | 9000 0000 | 4c8b c090 

  0x000002666de6d9e0: ;   {optimized virtual_call}
  0x000002666de6d9e0: c5f8 77e8 

  0x000002666de6d9e4: ; ImmutableOopMap {[240]=Oop [248]=Oop [32]=Oop [56]=Oop [88]=Oop [96]=Oop [104]=NarrowOop [144]=Oop [152]=Oop }
                      ;*invokevirtual endBatch {reexecute=0 rethrow=0 return_oop=0}
                      ; - net.minecraft.client.renderer.LevelRenderer::renderLevel@1177 (line 1230)
  0x000002666de6d9e4: 18b5 a0ff 

  0x000002666de6d9e8: ;   {oop(a 'net/minecraft/resources/ResourceLocation'{0x000000074bbd85e0})}
  0x000002666de6d9e8: 48ba e085 | bd4b 0700 | 0000 6690 

  0x000002666de6d9f4: ;   {static_call}
  0x000002666de6d9f4: c5f8 77e8 

  0x000002666de6d9f8: ; ImmutableOopMap {[240]=Oop [248]=Oop [32]=Oop [56]=Oop [88]=Oop [96]=Oop [104]=NarrowOop [144]=Oop [152]=Oop }
                      ;*invokestatic entityCutout {reexecute=0 rethrow=0 return_oop=1}
                      ; - net.minecraft.client.renderer.LevelRenderer::renderLevel@1185 (line 1231)
  0x000002666de6d9f8: a4eb c5ff | 488b 9424 | 9000 0000 | 4c8b c090 

  0x000002666de6da08: ;   {optimized virtual_call}
  0x000002666de6da08: c5f8 77e8 

  0x000002666de6da0c: ; ImmutableOopMap {[240]=Oop [248]=Oop [32]=Oop [56]=Oop [88]=Oop [96]=Oop [104]=NarrowOop [144]=Oop [152]=Oop }
                      ;*invokevirtual endBatch {reexecute=0 rethrow=0 return_oop=0}
                      ; - net.minecraft.client.renderer.LevelRenderer::renderLevel@1188 (line 1231)
  0x000002666de6da0c: f0b4 a0ff 

  0x000002666de6da10: ;   {oop(a 'net/minecraft/resources/ResourceLocation'{0x000000074bbd85e0})}
  0x000002666de6da10: 48ba e085 | bd4b 0700 | 0000 6690 

  0x000002666de6da1c: ;   {static_call}
  0x000002666de6da1c: c5f8 77e8 

  0x000002666de6da20: ; ImmutableOopMap {[240]=Oop [248]=Oop [32]=Oop [56]=Oop [88]=Oop [96]=Oop [104]=NarrowOop [144]=Oop [152]=Oop }
                      ;*invokestatic entityCutoutNoCull {reexecute=0 rethrow=0 return_oop=1}
                      ; - net.minecraft.client.renderer.LevelRenderer::renderLevel@1196 (line 1232)
  0x000002666de6da20: 1cf9 7aff | 488b 9424 | 9000 0000 | 4c8b c090 

  0x000002666de6da30: ;   {optimized virtual_call}
  0x000002666de6da30: c5f8 77e8 

  0x000002666de6da34: ; ImmutableOopMap {[240]=Oop [248]=Oop [32]=Oop [56]=Oop [88]=Oop [96]=Oop [104]=NarrowOop [144]=Oop [152]=Oop }
                      ;*invokevirtual endBatch {reexecute=0 rethrow=0 return_oop=0}
                      ; - net.minecraft.client.renderer.LevelRenderer::renderLevel@1199 (line 1232)
  0x000002666de6da34: c8b4 a0ff 

  0x000002666de6da38: ;   {oop(a 'net/minecraft/resources/ResourceLocation'{0x000000074bbd85e0})}
  0x000002666de6da38: 48ba e085 | bd4b 0700 | 0000 6690 

  0x000002666de6da44: ;   {static_call}
  0x000002666de6da44: c5f8 77e8 

  0x000002666de6da48: ; ImmutableOopMap {[240]=Oop [248]=Oop [32]=Oop [56]=Oop [88]=Oop [96]=Oop [104]=NarrowOop [144]=Oop [152]=Oop }
                      ;*invokestatic entitySmoothCutout {reexecute=0 rethrow=0 return_oop=1}
                      ; - net.minecraft.client.renderer.LevelRenderer::renderLevel@1207 (line 1233)
  0x000002666de6da48: 54e7 c5ff | 488b 9424 | 9000 0000 | 4c8b c090 

  0x000002666de6da58: ;   {optimized virtual_call}
  0x000002666de6da58: c5f8 77e8 

  0x000002666de6da5c: ; ImmutableOopMap {[240]=Oop [248]=Oop [32]=Oop [56]=Oop [88]=Oop [96]=Oop [104]=NarrowOop [144]=Oop [152]=Oop }
                      ;*invokevirtual endBatch {reexecute=0 rethrow=0 return_oop=0}
                      ; - net.minecraft.client.renderer.LevelRenderer::renderLevel@1210 (line 1233)
  0x000002666de6da5c: a0b4 a0ff | 4c8b 5424 | 2041 8b72 

  0x000002666de6da68: ;   {oop(a 'net/minecraftforge/client/event/RenderLevelStageEvent$Stage'{0x000000076c029eb8})}
  0x000002666de6da68: 0c48 bab8 | 9e02 6c07 | 0000 004c | 8b44 2420 | 4c8b 4c24 | 6048 8b7c | 2438 488b | 8c24 9800 
  0x000002666de6da88: 0000 4c8b | 9424 f800 | 0000 4c89 | 1424 6690 

  0x000002666de6da98: ;   {static_call}
  0x000002666de6da98: c5f8 77e8 

  0x000002666de6da9c: ; ImmutableOopMap {[240]=Oop [248]=Oop [32]=Oop [56]=Oop [88]=Oop [96]=Oop [104]=NarrowOop [144]=Oop [152]=Oop }
                      ;*invokestatic dispatchRenderStage {reexecute=0 rethrow=0 return_oop=0}
                      ; - net.minecraft.client.renderer.LevelRenderer::renderLevel@1228 (line 1234)
  0x000002666de6da9c: c06b b5ff 

  0x000002666de6daa0: ;   {oop("blockentities"{0x0000000747720178})}
  0x000002666de6daa0: 49b8 7801 | 7247 0700 | 0000 488b | 5424 5890 

  0x000002666de6dab0: ;   {optimized virtual_call}
  0x000002666de6dab0: c5f8 77e8 

  0x000002666de6dab4: ; ImmutableOopMap {[240]=Oop [248]=Oop [32]=Oop [56]=Oop [88]=Oop [96]=Oop [104]=NarrowOop [144]=Oop [152]=Oop }
                      ;*invokeinterface popPush {reexecute=0 rethrow=0 return_oop=0}
                      ; - net.minecraft.client.renderer.LevelRenderer::renderLevel@1236 (line 1235)
  0x000002666de6dab4: 6814 4eff | 488b 6c24 | 2044 8b95 | b000 0000 | 4585 d20f | 8427 3100 | 004b 8d14 | d466 6690 
  0x000002666de6dad4: ;   {optimized virtual_call}
  0x000002666de6dad4: c5f8 77e8 

  0x000002666de6dad8: ; ImmutableOopMap {rbp=Oop [240]=Oop [248]=Oop [32]=Oop [56]=Oop [88]=Oop [96]=Oop [104]=NarrowOop [144]=Oop [152]=Oop }
                      ;*invokevirtual iterator {reexecute=0 rethrow=0 return_oop=1}
                      ; - net.minecraft.client.renderer.LevelRenderer::renderLevel@1245 (line 1237)
  0x000002666de6dad8: e42a b1ff 

  0x000002666de6dadc: ; implicit exception: dispatches to 0x000002666de74494
  0x000002666de6dadc: 448b 5808 

  0x000002666de6dae0: ;   {metadata('it/unimi/dsi/fastutil/objects/ObjectArrayList$1')}
  0x000002666de6dae0: 4181 fbc0 | d600 020f | 85c7 3600 | 0048 8984 | 24a0 0000 | 0048 8bd0 

  0x000002666de6daf8: ;   {optimized virtual_call}
  0x000002666de6daf8: c5f8 77e8 

  0x000002666de6dafc: ; ImmutableOopMap {[240]=Oop [248]=Oop [32]=Oop [56]=Oop [88]=Oop [96]=Oop [104]=NarrowOop [144]=Oop [152]=Oop [160]=Oop }
                      ;*invokeinterface hasNext {reexecute=0 rethrow=0 return_oop=0}
                      ; - net.minecraft.client.renderer.LevelRenderer::renderLevel@1252 (line 1237)
  0x000002666de6dafc: 20af 5aff | 85c0 0f84 | 9800 0000 | 0f1f 8400 | 0000 0000 | 488b 9424 | a000 0000 

  0x000002666de6db18: ;   {optimized virtual_call}
  0x000002666de6db18: c5f8 77e8 

  0x000002666de6db1c: ; ImmutableOopMap {[240]=Oop [248]=Oop [32]=Oop [56]=Oop [88]=Oop [96]=Oop [104]=NarrowOop [144]=Oop [152]=Oop [160]=Oop }
                      ;*invokeinterface next {reexecute=0 rethrow=0 return_oop=1}
                      ; - net.minecraft.client.renderer.LevelRenderer::renderLevel@1262 (line 1237)
  0x000002666de6db1c: 0033 7fff 

  0x000002666de6db20: ; implicit exception: dispatches to 0x000002666de73524
  0x000002666de6db20: 448b 5808 

  0x000002666de6db24: ;   {metadata('net/minecraft/client/renderer/LevelRenderer$RenderChunkInfo')}
  0x000002666de6db24: 4181 fb50 | e816 020f | 85d3 5800 | 0044 8b58 | 1445 85db | 0f84 c926 | 0000 4b8d | 14dc 6690 
  0x000002666de6db44: ;   {optimized virtual_call}
  0x000002666de6db44: c5f8 77e8 

  0x000002666de6db48: ; ImmutableOopMap {[240]=Oop [248]=Oop [32]=Oop [56]=Oop [88]=Oop [96]=Oop [104]=NarrowOop [144]=Oop [152]=Oop [160]=Oop }
                      ;*invokevirtual getCompiledChunk {reexecute=0 rethrow=0 return_oop=1}
                      ; - net.minecraft.client.renderer.LevelRenderer::renderLevel@1277 (line 1238)
  0x000002666de6db48: d41c a7ff | 4885 c00f | 84fb 2600 | 0048 8bd0 

  0x000002666de6db58: ;   {optimized virtual_call}
  0x000002666de6db58: c5f8 77e8 

  0x000002666de6db5c: ; ImmutableOopMap {[240]=Oop [248]=Oop [32]=Oop [56]=Oop [88]=Oop [96]=Oop [104]=NarrowOop [144]=Oop [152]=Oop [160]=Oop }
                      ;*invokevirtual getRenderableBlockEntities {reexecute=0 rethrow=0 return_oop=1}
                      ; - net.minecraft.client.renderer.LevelRenderer::renderLevel@1280 (line 1238)
  0x000002666de6db5c: e087 90ff 

  0x000002666de6db60: ; implicit exception: dispatches to 0x000002666de7356c
  0x000002666de6db60: 448b 5808 

  0x000002666de6db64: ;   {metadata('java/util/ArrayList')}
  0x000002666de6db64: 4181 fb20 | df00 000f | 8527 2700 | 0048 8be8 | 488b d590 

  0x000002666de6db78: ;   {optimized virtual_call}
  0x000002666de6db78: c5f8 77e8 

  0x000002666de6db7c: ; ImmutableOopMap {rbp=Oop [240]=Oop [248]=Oop [32]=Oop [56]=Oop [88]=Oop [96]=Oop [104]=NarrowOop [144]=Oop [152]=Oop [160]=Oop }
                      ;*invokeinterface isEmpty {reexecute=0 rethrow=0 return_oop=0}
                      ; - net.minecraft.client.renderer.LevelRenderer::renderLevel@1287 (line 1239)
  0x000002666de6db7c: a09c f5fe | 85c0 0f84 | b928 0000 | 488b 9424 | a000 0000 

  0x000002666de6db90: ;   {optimized virtual_call}
  0x000002666de6db90: c5f8 77e8 

  0x000002666de6db94: ; ImmutableOopMap {[240]=Oop [248]=Oop [32]=Oop [56]=Oop [88]=Oop [96]=Oop [104]=NarrowOop [144]=Oop [152]=Oop [160]=Oop }
                      ;*invokeinterface hasNext {reexecute=0 rethrow=0 return_oop=0}
                      ; - net.minecraft.client.renderer.LevelRenderer::renderLevel@1252 (line 1237)
  0x000002666de6db94: 88ae 5aff | 85c0 0f85 | 70ff ffff | 4c8b 4c24 | 2045 8b91 | b400 0000 | 4585 d20f | 8477 3000 
  0x000002666de6dbb4: 004b 8d0c | d448 8d9c | 24d0 0000 | 0048 8b01 | 48f7 c002 | 0000 0075 | 2448 83c8 | 0148 8903 
  0x000002666de6dbd4: f048 0fb1 | 190f 843e | 0000 0048 | 2bc4 4881 | e007 f0ff | ff48 8903 | e92c 0000 | 004c 8bc0 
  0x000002666de6dbf4: 4833 c0f0 | 4d0f b178 | 3e48 c703 | 0300 0000 | 0f84 1300 | 0000 4c3b | f80f 850a | 0000 0049 
  0x000002666de6dc14: ff80 8600 | 0000 4833 | c00f 853d | 3600 0041 | 8ba9 b400 | 0000 458b 

  0x000002666de6dc2c: ;   {metadata('java/util/HashSet')}
  0x000002666de6dc2c: 44ec 0841 | 81f8 28c6 | 1100 0f85 | 5636 0000 | 4889 4c24 | 2844 8954 | 246c 4c89 | 4c24 2049 
  0x000002666de6dc4c: 8d14 ec90 

  0x000002666de6dc50: ;   {optimized virtual_call}
  0x000002666de6dc50: c5f8 77e8 

  0x000002666de6dc54: ; ImmutableOopMap {[240]=Oop [248]=Oop [32]=Oop [40]=Oop [56]=Oop [88]=Oop [96]=Oop [104]=NarrowOop [108]=NarrowOop [144]=Oop [152]=Oop }
                      ;*invokeinterface iterator {reexecute=0 rethrow=0 return_oop=1}
                      ; - net.minecraft.client.renderer.LevelRenderer::renderLevel@1562 (line 1269)
  0x000002666de6dc54: 08aa b1fe 

  0x000002666de6dc58: ; implicit exception: dispatches to 0x000002666de74518
  0x000002666de6dc58: 448b 5008 

  0x000002666de6dc5c: ;   {metadata('java/util/HashMap$KeyIterator')}
  0x000002666de6dc5c: 4181 faa8 | 141c 000f | 8577 3600 | 0048 8984 | 24a0 0000 | 0048 8bd0 

  0x000002666de6dc74: ;   {optimized virtual_call}
  0x000002666de6dc74: c5f8 77e8 

  0x000002666de6dc78: ; ImmutableOopMap {[240]=Oop [248]=Oop [32]=Oop [40]=Oop [56]=Oop [88]=Oop [96]=Oop [104]=NarrowOop [108]=NarrowOop [144]=Oop [152]=Oop [160]=Oop }
                      ;*invokeinterface hasNext {reexecute=0 rethrow=0 return_oop=0}
                      ; - net.minecraft.client.renderer.LevelRenderer::renderLevel@1571 (line 1269)
  0x000002666de6dc78: 2428 c2fe | 85c0 0f85 | ec44 0000 | 4c8b 5c24 | 2848 8d84 | 24d0 0000 | 0048 8138 | 0000 0000 
  0x000002666de6dc98: 0f84 8300 | 0000 4d8b | 1349 f7c2 | 0200 0000 | 746f 4981 | ba86 0000 | 0000 0000 | 0074 0949 
  0x000002666de6dcb8: ff8a 8600 | 0000 eb51 | 498b 8296 | 0000 0049 | 0b82 8e00 | 0000 750a | 49c7 423e | 0000 0000 
  0x000002666de6dcd8: eb47 4981 | ba9e 0000 | 0000 0000 | 0074 2548 | 33c0 49c7 | 423e 0000 | 0000 f083 | 0424 0049 
  0x000002666de6dcf8: 81ba 9e00 | 0000 0000 | 0000 750d | f04d 0fb1 | 7a3e 7505 | 83c8 01eb | 10f7 c000 | 0000 00eb 
  0x000002666de6dd18: 084c 8b10 | f04d 0fb1 | 130f 8531 | 3600 0048 | 8b54 2420 | 4c8b 4424 | 6066 6690 

  0x000002666de6dd34: ;   {optimized virtual_call}
  0x000002666de6dd34: c5f8 77e8 

  0x000002666de6dd38: ; ImmutableOopMap {[240]=Oop [248]=Oop [32]=Oop [56]=Oop [88]=Oop [96]=Oop [104]=NarrowOop [144]=Oop [152]=Oop }
                      ;*invokevirtual checkPoseStack {reexecute=0 rethrow=0 return_oop=0}
                      ; - net.minecraft.client.renderer.LevelRenderer::renderLevel@1710 (line 1282)
  0x000002666de6dd38: 84e3 bfff 

  0x000002666de6dd3c: ;   {static_call}
  0x000002666de6dd3c: c5f8 77e8 

  0x000002666de6dd40: ; ImmutableOopMap {[240]=Oop [248]=Oop [32]=Oop [56]=Oop [88]=Oop [96]=Oop [104]=NarrowOop [144]=Oop [152]=Oop }
                      ;*invokestatic solid {reexecute=0 rethrow=0 return_oop=1}
                      ; - net.minecraft.client.renderer.LevelRenderer::renderLevel@1715 (line 1283)
  0x000002666de6dd40: 3c00 bfff | 488b 9424 | 9000 0000 | 4c8b c090 

  0x000002666de6dd50: ;   {optimized virtual_call}
  0x000002666de6dd50: c5f8 77e8 

  0x000002666de6dd54: ; ImmutableOopMap {[240]=Oop [248]=Oop [32]=Oop [56]=Oop [88]=Oop [96]=Oop [104]=NarrowOop [144]=Oop [152]=Oop }
                      ;*invokevirtual endBatch {reexecute=0 rethrow=0 return_oop=0}
                      ; - net.minecraft.client.renderer.LevelRenderer::renderLevel@1718 (line 1283)
  0x000002666de6dd54: a8b1 a0ff 

  0x000002666de6dd58: ;   {static_call}
  0x000002666de6dd58: c5f8 77e8 

  0x000002666de6dd5c: ; ImmutableOopMap {[240]=Oop [248]=Oop [32]=Oop [56]=Oop [88]=Oop [96]=Oop [104]=NarrowOop [144]=Oop [152]=Oop }
                      ;*invokestatic endPortal {reexecute=0 rethrow=0 return_oop=1}
                      ; - net.minecraft.client.renderer.LevelRenderer::renderLevel@1723 (line 1284)
  0x000002666de6dd5c: a033 c1ff | 488b 9424 | 9000 0000 | 4c8b c090 

  0x000002666de6dd6c: ;   {optimized virtual_call}
  0x000002666de6dd6c: c5f8 77e8 

  0x000002666de6dd70: ; ImmutableOopMap {[240]=Oop [248]=Oop [32]=Oop [56]=Oop [88]=Oop [96]=Oop [104]=NarrowOop [144]=Oop [152]=Oop }
                      ;*invokevirtual endBatch {reexecute=0 rethrow=0 return_oop=0}
                      ; - net.minecraft.client.renderer.LevelRenderer::renderLevel@1726 (line 1284)
  0x000002666de6dd70: 8cb1 a0ff 

  0x000002666de6dd74: ;   {static_call}
  0x000002666de6dd74: c5f8 77e8 

  0x000002666de6dd78: ; ImmutableOopMap {[240]=Oop [248]=Oop [32]=Oop [56]=Oop [88]=Oop [96]=Oop [104]=NarrowOop [144]=Oop [152]=Oop }
                      ;*invokestatic endGateway {reexecute=0 rethrow=0 return_oop=1}
                      ; - net.minecraft.client.renderer.LevelRenderer::renderLevel@1731 (line 1285)
  0x000002666de6dd78: 8469 c1ff | 488b 9424 | 9000 0000 | 4c8b c090 

  0x000002666de6dd88: ;   {optimized virtual_call}
  0x000002666de6dd88: c5f8 77e8 

  0x000002666de6dd8c: ; ImmutableOopMap {[240]=Oop [248]=Oop [32]=Oop [56]=Oop [88]=Oop [96]=Oop [104]=NarrowOop [144]=Oop [152]=Oop }
                      ;*invokevirtual endBatch {reexecute=0 rethrow=0 return_oop=0}
                      ; - net.minecraft.client.renderer.LevelRenderer::renderLevel@1734 (line 1285)
  0x000002666de6dd8c: 70b1 a0ff 

  0x000002666de6dd90: ;   {static_call}
  0x000002666de6dd90: c5f8 77e8 

  0x000002666de6dd94: ; ImmutableOopMap {[240]=Oop [248]=Oop [32]=Oop [56]=Oop [88]=Oop [96]=Oop [104]=NarrowOop [144]=Oop [152]=Oop }
                      ;*invokestatic solidBlockSheet {reexecute=0 rethrow=0 return_oop=1}
                      ; - net.minecraft.client.renderer.LevelRenderer::renderLevel@1739 (line 1286)
  0x000002666de6dd94: 6839 c1ff | 488b 9424 | 9000 0000 | 4c8b c090 

  0x000002666de6dda4: ;   {optimized virtual_call}
  0x000002666de6dda4: c5f8 77e8 

  0x000002666de6dda8: ; ImmutableOopMap {[240]=Oop [248]=Oop [32]=Oop [56]=Oop [88]=Oop [96]=Oop [104]=NarrowOop [144]=Oop [152]=Oop }
                      ;*invokevirtual endBatch {reexecute=0 rethrow=0 return_oop=0}
                      ; - net.minecraft.client.renderer.LevelRenderer::renderLevel@1742 (line 1286)
  0x000002666de6dda8: 54b1 a0ff 

  0x000002666de6ddac: ;   {static_call}
  0x000002666de6ddac: c5f8 77e8 

  0x000002666de6ddb0: ; ImmutableOopMap {[240]=Oop [248]=Oop [32]=Oop [56]=Oop [88]=Oop [96]=Oop [104]=NarrowOop [144]=Oop [152]=Oop }
                      ;*invokestatic cutoutBlockSheet {reexecute=0 rethrow=0 return_oop=1}
                      ; - net.minecraft.client.renderer.LevelRenderer::renderLevel@1747 (line 1287)
  0x000002666de6ddb0: 4c3c c1ff | 488b 9424 | 9000 0000 | 4c8b c090 

  0x000002666de6ddc0: ;   {optimized virtual_call}
  0x000002666de6ddc0: c5f8 77e8 

  0x000002666de6ddc4: ; ImmutableOopMap {[240]=Oop [248]=Oop [32]=Oop [56]=Oop [88]=Oop [96]=Oop [104]=NarrowOop [144]=Oop [152]=Oop }
                      ;*invokevirtual endBatch {reexecute=0 rethrow=0 return_oop=0}
                      ; - net.minecraft.client.renderer.LevelRenderer::renderLevel@1750 (line 1287)
  0x000002666de6ddc4: 38b1 a0ff 

  0x000002666de6ddc8: ;   {static_call}
  0x000002666de6ddc8: c5f8 77e8 

  0x000002666de6ddcc: ; ImmutableOopMap {[240]=Oop [248]=Oop [32]=Oop [56]=Oop [88]=Oop [96]=Oop [104]=NarrowOop [144]=Oop [152]=Oop }
                      ;*invokestatic bedSheet {reexecute=0 rethrow=0 return_oop=1}
                      ; - net.minecraft.client.renderer.LevelRenderer::renderLevel@1755 (line 1288)
  0x000002666de6ddcc: 303f c1ff | 488b 9424 | 9000 0000 | 4c8b c090 

  0x000002666de6dddc: ;   {optimized virtual_call}
  0x000002666de6dddc: c5f8 77e8 

  0x000002666de6dde0: ; ImmutableOopMap {[240]=Oop [248]=Oop [32]=Oop [56]=Oop [88]=Oop [96]=Oop [104]=NarrowOop [144]=Oop [152]=Oop }
                      ;*invokevirtual endBatch {reexecute=0 rethrow=0 return_oop=0}
                      ; - net.minecraft.client.renderer.LevelRenderer::renderLevel@1758 (line 1288)
  0x000002666de6dde0: 1cb1 a0ff 

  0x000002666de6dde4: ;   {static_call}
  0x000002666de6dde4: c5f8 77e8 

  0x000002666de6dde8: ; ImmutableOopMap {[240]=Oop [248]=Oop [32]=Oop [56]=Oop [88]=Oop [96]=Oop [104]=NarrowOop [144]=Oop [152]=Oop }
                      ;*invokestatic shulkerBoxSheet {reexecute=0 rethrow=0 return_oop=1}
                      ; - net.minecraft.client.renderer.LevelRenderer::renderLevel@1763 (line 1289)
  0x000002666de6dde8: 1442 c1ff | 488b 9424 | 9000 0000 | 4c8b c090 

  0x000002666de6ddf8: ;   {optimized virtual_call}
  0x000002666de6ddf8: c5f8 77e8 

  0x000002666de6ddfc: ; ImmutableOopMap {[240]=Oop [248]=Oop [32]=Oop [56]=Oop [88]=Oop [96]=Oop [104]=NarrowOop [144]=Oop [152]=Oop }
                      ;*invokevirtual endBatch {reexecute=0 rethrow=0 return_oop=0}
                      ; - net.minecraft.client.renderer.LevelRenderer::renderLevel@1766 (line 1289)
  0x000002666de6ddfc: 00b1 a0ff 

  0x000002666de6de00: ;   {static_call}
  0x000002666de6de00: c5f8 77e8 

  0x000002666de6de04: ; ImmutableOopMap {[240]=Oop [248]=Oop [32]=Oop [56]=Oop [88]=Oop [96]=Oop [104]=NarrowOop [144]=Oop [152]=Oop }
                      ;*invokestatic signSheet {reexecute=0 rethrow=0 return_oop=1}
                      ; - net.minecraft.client.renderer.LevelRenderer::renderLevel@1771 (line 1290)
  0x000002666de6de04: f844 c1ff | 488b 9424 | 9000 0000 | 4c8b c090 

  0x000002666de6de14: ;   {optimized virtual_call}
  0x000002666de6de14: c5f8 77e8 

  0x000002666de6de18: ; ImmutableOopMap {[240]=Oop [248]=Oop [32]=Oop [56]=Oop [88]=Oop [96]=Oop [104]=NarrowOop [144]=Oop [152]=Oop }
                      ;*invokevirtual endBatch {reexecute=0 rethrow=0 return_oop=0}
                      ; - net.minecraft.client.renderer.LevelRenderer::renderLevel@1774 (line 1290)
  0x000002666de6de18: e4b0 a0ff 

  0x000002666de6de1c: ;   {static_call}
  0x000002666de6de1c: c5f8 77e8 

  0x000002666de6de20: ; ImmutableOopMap {[240]=Oop [248]=Oop [32]=Oop [56]=Oop [88]=Oop [96]=Oop [104]=NarrowOop [144]=Oop [152]=Oop }
                      ;*invokestatic hangingSignSheet {reexecute=0 rethrow=0 return_oop=1}
                      ; - net.minecraft.client.renderer.LevelRenderer::renderLevel@1779 (line 1291)
  0x000002666de6de20: dc47 c1ff | 488b 9424 | 9000 0000 | 4c8b c090 

  0x000002666de6de30: ;   {optimized virtual_call}
  0x000002666de6de30: c5f8 77e8 

  0x000002666de6de34: ; ImmutableOopMap {[240]=Oop [248]=Oop [32]=Oop [56]=Oop [88]=Oop [96]=Oop [104]=NarrowOop [144]=Oop [152]=Oop }
                      ;*invokevirtual endBatch {reexecute=0 rethrow=0 return_oop=0}
                      ; - net.minecraft.client.renderer.LevelRenderer::renderLevel@1782 (line 1291)
  0x000002666de6de34: c8b0 a0ff 

  0x000002666de6de38: ;   {static_call}
  0x000002666de6de38: c5f8 77e8 

  0x000002666de6de3c: ; ImmutableOopMap {[240]=Oop [248]=Oop [32]=Oop [56]=Oop [88]=Oop [96]=Oop [104]=NarrowOop [144]=Oop [152]=Oop }
                      ;*invokestatic chestSheet {reexecute=0 rethrow=0 return_oop=1}
                      ; - net.minecraft.client.renderer.LevelRenderer::renderLevel@1787 (line 1292)
  0x000002666de6de3c: c04a c1ff | 488b 9424 | 9000 0000 | 4c8b c090 

  0x000002666de6de4c: ;   {optimized virtual_call}
  0x000002666de6de4c: c5f8 77e8 

  0x000002666de6de50: ; ImmutableOopMap {[240]=Oop [248]=Oop [32]=Oop [56]=Oop [88]=Oop [96]=Oop [104]=NarrowOop [144]=Oop [152]=Oop }
                      ;*invokevirtual endBatch {reexecute=0 rethrow=0 return_oop=0}
                      ; - net.minecraft.client.renderer.LevelRenderer::renderLevel@1790 (line 1292)
  0x000002666de6de50: acb0 a0ff | 488b 6c24 | 2044 8b95 | a000 0000 | 4585 d20f | 8403 2e00 | 004b 8d14 | d466 6690 
  0x000002666de6de70: ;   {optimized virtual_call}
  0x000002666de6de70: c5f8 77e8 

  0x000002666de6de74: ; ImmutableOopMap {rbp=Oop [240]=Oop [248]=Oop [32]=Oop [56]=Oop [88]=Oop [96]=Oop [104]=NarrowOop [144]=Oop [152]=Oop }
                      ;*invokevirtual outlineBufferSource {reexecute=0 rethrow=0 return_oop=1}
                      ; - net.minecraft.client.renderer.LevelRenderer::renderLevel@1797 (line 1293)
  0x000002666de6de74: 4878 bbff | 4885 c00f | 8423 2e00 | 0048 8bd0 

  0x000002666de6de84: ;   {optimized virtual_call}
  0x000002666de6de84: c5f8 77e8 

  0x000002666de6de88: ; ImmutableOopMap {rbp=Oop [240]=Oop [248]=Oop [32]=Oop [56]=Oop [88]=Oop [96]=Oop [104]=NarrowOop [144]=Oop [152]=Oop }
                      ;*invokevirtual endOutlineBatch {reexecute=0 rethrow=0 return_oop=0}
                      ; - net.minecraft.client.renderer.LevelRenderer::renderLevel@1800 (line 1293)
  0x000002666de6de88: b423 c7ff 

  0x000002666de6de8c: ;   {oop(a 'net/minecraftforge/client/event/RenderLevelStageEvent$Stage'{0x000000076c029ec8})}
  0x000002666de6de8c: 8b75 0c48 | bac8 9e02 | 6c07 0000 | 004c 8bc5 | 4c8b 4c24 | 6048 8b7c | 2438 488b | 8c24 9800 
  0x000002666de6deac: 0000 4c8b | 9424 f800 | 0000 4c89 | 1424 6690 

  0x000002666de6debc: ;   {static_call}
  0x000002666de6debc: c5f8 77e8 

  0x000002666de6dec0: ; ImmutableOopMap {rbp=Oop [240]=Oop [248]=Oop [32]=Oop [56]=Oop [88]=Oop [96]=Oop [104]=NarrowOop [144]=Oop [152]=Oop }
                      ;*invokestatic dispatchRenderStage {reexecute=0 rethrow=0 return_oop=0}
                      ; - net.minecraft.client.renderer.LevelRenderer::renderLevel@1842 (line 1299)
  0x000002666de6dec0: 9c67 b5ff 

  0x000002666de6dec4: ;   {oop("destroyProgress"{0x000000076c029ed8})}
  0x000002666de6dec4: 49b8 d89e | 026c 0700 | 0000 488b | 5424 5890 

  0x000002666de6ded4: ;   {optimized virtual_call}
  0x000002666de6ded4: c5f8 77e8 

  0x000002666de6ded8: ; ImmutableOopMap {rbp=Oop [240]=Oop [248]=Oop [32]=Oop [56]=Oop [88]=Oop [96]=Oop [104]=NarrowOop [144]=Oop [152]=Oop }
                      ;*invokeinterface popPush {reexecute=0 rethrow=0 return_oop=0}
                      ; - net.minecraft.client.renderer.LevelRenderer::renderLevel@1850 (line 1300)
  0x000002666de6ded8: 4410 4eff | 8bad d800 | 0000 458b 

  0x000002666de6dee4: ;   {metadata('it/unimi/dsi/fastutil/longs/Long2ObjectOpenHashMap')}
  0x000002666de6dee4: 54ec 0841 | 81fa d829 | 7501 0f85 | 8734 0000 | 498d 14ec 

  0x000002666de6def8: ;   {optimized virtual_call}
  0x000002666de6def8: c5f8 77e8 

  0x000002666de6defc: ; ImmutableOopMap {[240]=Oop [248]=Oop [32]=Oop [56]=Oop [88]=Oop [96]=Oop [104]=NarrowOop [144]=Oop [152]=Oop }
                      ;*invokeinterface long2ObjectEntrySet {reexecute=0 rethrow=0 return_oop=1}
                      ; - net.minecraft.client.renderer.LevelRenderer::renderLevel@1859 (line 1302)
  0x000002666de6defc: c0c2 e0ff 

  0x000002666de6df00: ; implicit exception: dispatches to 0x000002666de745b4
  0x000002666de6df00: 448b 5808 

  0x000002666de6df04: ;   {metadata('it/unimi/dsi/fastutil/longs/Long2ObjectOpenHashMap$MapEntrySet')}
  0x000002666de6df04: 4181 fb80 | acfe 010f | 85af 3400 | 0048 8bd0 

  0x000002666de6df14: ;   {optimized virtual_call}
  0x000002666de6df14: c5f8 77e8 

  0x000002666de6df18: ; ImmutableOopMap {[240]=Oop [248]=Oop [32]=Oop [56]=Oop [88]=Oop [96]=Oop [104]=NarrowOop [144]=Oop [152]=Oop }
                      ;*invokeinterface iterator {reexecute=0 rethrow=0 return_oop=1}
                      ; - net.minecraft.client.renderer.LevelRenderer::renderLevel@1864 (line 1302)
  0x000002666de6df18: a403 c9ff 

  0x000002666de6df1c: ; implicit exception: dispatches to 0x000002666de745f4
  0x000002666de6df1c: 448b 5808 

  0x000002666de6df20: ;   {metadata('it/unimi/dsi/fastutil/longs/Long2ObjectOpenHashMap$EntryIterator')}
  0x000002666de6df20: 4181 fba8 | b4fe 010f | 85df 3400 | 0048 8be8 | 488b d590 

  0x000002666de6df34: ;   {optimized virtual_call}
  0x000002666de6df34: c5f8 77e8 

  0x000002666de6df38: ; ImmutableOopMap {rbp=Oop [240]=Oop [248]=Oop [32]=Oop [56]=Oop [88]=Oop [96]=Oop [104]=NarrowOop [144]=Oop [152]=Oop }
                      ;*invokeinterface hasNext {reexecute=0 rethrow=0 return_oop=0}
                      ; - net.minecraft.client.renderer.LevelRenderer::renderLevel@1873 (line 1302)
  0x000002666de6df38: e400 83ff | 85c0 0f85 | 8442 0000 | 488b 5424 | 204c 8b44 | 2460 6690 

  0x000002666de6df50: ;   {optimized virtual_call}
  0x000002666de6df50: c5f8 77e8 

  0x000002666de6df54: ; ImmutableOopMap {[240]=Oop [248]=Oop [32]=Oop [56]=Oop [88]=Oop [96]=Oop [104]=NarrowOop [144]=Oop [152]=Oop }
                      ;*invokevirtual checkPoseStack {reexecute=0 rethrow=0 return_oop=0}
                      ; - net.minecraft.client.renderer.LevelRenderer::renderLevel@2152 (line 1322)
  0x000002666de6df54: 68e1 bfff | 4c8b 5424 | 2045 8b92 | 9400 0000 

  0x000002666de6df64: ; implicit exception: dispatches to 0x000002666de74634
  0x000002666de6df64: 438b acd4 | 8001 0000 | 448b 5c24 | 3445 85db | 0f84 4ad8 | ffff 458b 

  0x000002666de6df7c: ;   {metadata('net/minecraft/world/phys/BlockHitResult')}
  0x000002666de6df7c: 54ec 0841 | 81fa 281d | 6c01 0f85 | e835 0000 | 4d8d 14ec | 4c89 9424 | a000 0000 | 498b d290 
  0x000002666de6df9c: ;   {optimized virtual_call}
  0x000002666de6df9c: c5f8 77e8 

  0x000002666de6dfa0: ; ImmutableOopMap {rbp=NarrowOop [240]=Oop [248]=Oop [32]=Oop [56]=Oop [88]=Oop [96]=Oop [104]=NarrowOop [144]=Oop [152]=Oop [160]=Oop }
                      ;*invokevirtual getType {reexecute=0 rethrow=0 return_oop=1}
                      ; - net.minecraft.client.renderer.LevelRenderer::renderLevel@2176 (line 1324)
  0x000002666de6dfa0: 7ce3 9aff 

  0x000002666de6dfa4: ;   {oop(a 'net/minecraft/world/phys/HitResult$Type'{0x00000007522ed310})}
  0x000002666de6dfa4: 49ba 10d3 | 2e52 0700 | 0000 493b | c20f 850d 

  0x000002666de6dfb4: ;   {oop("outline"{0x000000074b031ff0})}
  0x000002666de6dfb4: d8ff ff49 | b8f0 1f03 | 4b07 0000 | 0048 8b54 | 2458 6690 

  0x000002666de6dfc8: ;   {optimized virtual_call}
  0x000002666de6dfc8: c5f8 77e8 

  0x000002666de6dfcc: ; ImmutableOopMap {[240]=Oop [248]=Oop [32]=Oop [56]=Oop [88]=Oop [96]=Oop [104]=NarrowOop [144]=Oop [152]=Oop [160]=Oop }
                      ;*invokeinterface popPush {reexecute=0 rethrow=0 return_oop=0}
                      ; - net.minecraft.client.renderer.LevelRenderer::renderLevel@2190 (line 1325)
  0x000002666de6dfcc: 500f 4eff | 488b 9424 | a000 0000 

  0x000002666de6dfd8: ;   {optimized virtual_call}
  0x000002666de6dfd8: c5f8 77e8 

  0x000002666de6dfdc: ; ImmutableOopMap {[240]=Oop [248]=Oop [32]=Oop [56]=Oop [88]=Oop [96]=Oop [104]=NarrowOop [144]=Oop [152]=Oop [160]=Oop }
                      ;*invokevirtual getBlockPos {reexecute=0 rethrow=0 return_oop=1}
                      ; - net.minecraft.client.renderer.LevelRenderer::renderLevel@2200 (line 1326)
  0x000002666de6dfdc: e0bb bbff | 4889 8424 | a800 0000 | 4c8b 5424 | 2045 8b92 | a400 0000 | 4585 d20f | 84db 3c00 
  0x000002666de6dffc: 004b 8d14 | d44c 8bc0 

  0x000002666de6e004: ;   {optimized virtual_call}
  0x000002666de6e004: c5f8 77e8 

  0x000002666de6e008: ; ImmutableOopMap {[240]=Oop [248]=Oop [32]=Oop [56]=Oop [88]=Oop [96]=Oop [104]=NarrowOop [144]=Oop [152]=Oop [160]=Oop [168]=Oop }
                      ;*invokevirtual getBlockState {reexecute=0 rethrow=0 return_oop=1}
                      ; - net.minecraft.client.renderer.LevelRenderer::renderLevel@2211 (line 1327)
  0x000002666de6e008: 54ba 8aff | 4889 8424 | b000 0000 | 488b 5424 | 204c 8b84 | 2498 0000 | 004c 8b8c | 24a0 0000 
  0x000002666de6e028: 00c5 fa10 | 8424 8800 | 0000 488b | 7c24 6048 | 8bb4 2490 | 0000 0090 

  0x000002666de6e040: ;   {static_call}
  0x000002666de6e040: c5f8 77e8 

  0x000002666de6e044: ; ImmutableOopMap {[240]=Oop [248]=Oop [32]=Oop [56]=Oop [88]=Oop [96]=Oop [104]=NarrowOop [144]=Oop [152]=Oop [168]=Oop [176]=Oop }
                      ;*invokestatic onDrawHighlight {reexecute=0 rethrow=0 return_oop=0}
                      ; - net.minecraft.client.renderer.LevelRenderer::renderLevel@2225 (line 1328)
  0x000002666de6e044: 98eb e1ff | 85c0 0f85 | 6847 0000 | 488b ac24 | b000 0000 | 4885 ed0f | 84c7 3c00 | 0048 8bd5 
  0x000002666de6e064: ;   {optimized virtual_call}
  0x000002666de6e064: c5f8 77e8 

  0x000002666de6e068: ; ImmutableOopMap {rbp=Oop [240]=Oop [248]=Oop [32]=Oop [56]=Oop [88]=Oop [96]=Oop [104]=NarrowOop [144]=Oop [152]=Oop [168]=Oop }
                      ;*invokevirtual isAir {reexecute=0 rethrow=0 return_oop=0}
                      ; - net.minecraft.client.renderer.LevelRenderer::renderLevel@2233 (line 1329)
  0x000002666de6e068: 34d1 87ff | 85c0 0f85 | 9447 0000 | 4c8b 5424 | 2045 8b92 | a400 0000 | 4585 d20f | 84d3 3c00 
  0x000002666de6e088: 004b 8d14 | d466 6690 

  0x000002666de6e090: ;   {optimized virtual_call}
  0x000002666de6e090: c5f8 77e8 

  0x000002666de6e094: ; ImmutableOopMap {rbp=Oop [240]=Oop [248]=Oop [32]=Oop [56]=Oop [88]=Oop [96]=Oop [104]=NarrowOop [144]=Oop [152]=Oop [168]=Oop }
                      ;*invokevirtual getWorldBorder {reexecute=0 rethrow=0 return_oop=1}
                      ; - net.minecraft.client.renderer.LevelRenderer::renderLevel@2243 (line 1329)
  0x000002666de6e094: 28a4 83ff | 4885 c00f | 84f3 3c00 | 0048 8bd0 | 4c8b 8424 | a800 0000 

  0x000002666de6e0ac: ;   {optimized virtual_call}
  0x000002666de6e0ac: c5f8 77e8 

  0x000002666de6e0b0: ; ImmutableOopMap {rbp=Oop [240]=Oop [248]=Oop [32]=Oop [56]=Oop [88]=Oop [96]=Oop [104]=NarrowOop [144]=Oop [152]=Oop [168]=Oop }
                      ;*invokevirtual isWithinBounds {reexecute=0 rethrow=0 return_oop=0}
                      ; - net.minecraft.client.renderer.LevelRenderer::renderLevel@2248 (line 1329)
  0x000002666de6e0b0: 0c79 8cff | 85c0 0f84 | 4848 0000 | 4c8b 9424 | 9000 0000 | 4c89 5424 | 2866 6690 

  0x000002666de6e0cc: ;   {static_call}
  0x000002666de6e0cc: c5f8 77e8 

  0x000002666de6e0d0: ; ImmutableOopMap {rbp=Oop [240]=Oop [248]=Oop [32]=Oop [40]=Oop [56]=Oop [88]=Oop [96]=Oop [104]=NarrowOop [144]=Oop [152]=Oop [168]=Oop }
                      ;*invokestatic lines {reexecute=0 rethrow=0 return_oop=1}
                      ; - net.minecraft.client.renderer.LevelRenderer::renderLevel@2256 (line 1330)
  0x000002666de6e0d0: acf9 beff | 488b 5424 | 284c 8bc0 

  0x000002666de6e0dc: ;   {optimized virtual_call}
  0x000002666de6e0dc: c5f8 77e8 

  0x000002666de6e0e0: ; ImmutableOopMap {rbp=Oop [240]=Oop [248]=Oop [32]=Oop [40]=Oop [56]=Oop [88]=Oop [96]=Oop [104]=NarrowOop [144]=Oop [152]=Oop [168]=Oop }
                      ;*invokevirtual getBuffer {reexecute=0 rethrow=0 return_oop=1}
                      ; - net.minecraft.client.renderer.LevelRenderer::renderLevel@2259 (line 1330)
  0x000002666de6e0e0: 3c0f a8ff | 4889 4424 | 2848 8b94 | 2498 0000 | 0066 6690 

  0x000002666de6e0f4: ;   {optimized virtual_call}
  0x000002666de6e0f4: c5f8 77e8 

  0x000002666de6e0f8: ; ImmutableOopMap {rbp=Oop [240]=Oop [248]=Oop [32]=Oop [40]=Oop [56]=Oop [88]=Oop [96]=Oop [104]=NarrowOop [144]=Oop [152]=Oop [168]=Oop }
                      ;*invokevirtual getEntity {reexecute=0 rethrow=0 return_oop=1}
                      ; - net.minecraft.client.renderer.LevelRenderer::renderLevel@2270 (line 1331)
  0x000002666de6e0f8: 440c 8fff | 488b cd48 | 8b54 2420 | 4c8b 4424 | 604c 8b4c | 2428 488b | f8c5 fb10 | 4424 70c5 
  0x000002666de6e118: fb10 4c24 | 78c5 fb10 | 9424 8000 | 0000 488b | b424 a800 | 0000 6690 

  0x000002666de6e130: ;   {optimized virtual_call}
  0x000002666de6e130: c5f8 77e8 

  0x000002666de6e134: ; ImmutableOopMap {[240]=Oop [248]=Oop [32]=Oop [56]=Oop [88]=Oop [96]=Oop [104]=NarrowOop [144]=Oop [152]=Oop }
                      ;*invokevirtual renderHitOutline {reexecute=0 rethrow=0 return_oop=0}
                      ; - net.minecraft.client.renderer.LevelRenderer::renderLevel@2283 (line 1331)
  0x000002666de6e134: e89c e7fe | 4c8b 5424 | 2045 8b9a | 9400 0000 

  0x000002666de6e144: ; implicit exception: dispatches to 0x000002666de74674
  0x000002666de6e144: 478b 94dc | b000 0000 | 4585 d20f | 8487 2b00 | 004b 8d14 | d44c 8b44 | 2460 4c8b | 8c24 9000 
  0x000002666de6e164: 0000 c5fb | 1044 2470 | c5fb 104c | 2478 c5fb | 1094 2480 | 0000 0090 

  0x000002666de6e17c: ;   {optimized virtual_call}
  0x000002666de6e17c: c5f8 77e8 

  0x000002666de6e180: ; ImmutableOopMap {[240]=Oop [248]=Oop [32]=Oop [56]=Oop [88]=Oop [96]=Oop [104]=NarrowOop [144]=Oop [152]=Oop }
                      ;*invokevirtual render {reexecute=0 rethrow=0 return_oop=0}
                      ; - net.minecraft.client.renderer.LevelRenderer::renderLevel@2334 (line 1337)
  0x000002666de6e180: 1c17 afff | 488b 9424 | 9000 0000 

  0x000002666de6e18c: ;   {optimized virtual_call}
  0x000002666de6e18c: c5f8 77e8 

  0x000002666de6e190: ; ImmutableOopMap {[240]=Oop [248]=Oop [32]=Oop [56]=Oop [88]=Oop [96]=Oop [104]=NarrowOop [144]=Oop [152]=Oop }
                      ;*invokevirtual endLastBatch {reexecute=0 rethrow=0 return_oop=0}
                      ; - net.minecraft.client.renderer.LevelRenderer::renderLevel@2339 (line 1338)
  0x000002666de6e190: 4cef c1ff 

  0x000002666de6e194: ;   {static_call}
  0x000002666de6e194: c5f8 77e8 

  0x000002666de6e198: ; ImmutableOopMap {[240]=Oop [248]=Oop [32]=Oop [56]=Oop [88]=Oop [96]=Oop [104]=NarrowOop [144]=Oop [152]=Oop }
                      ;*invokestatic getModelViewStack {reexecute=0 rethrow=0 return_oop=1}
                      ; - net.minecraft.client.renderer.LevelRenderer::renderLevel@2342 (line 1339)
  0x000002666de6e198: 6461 acff | 4889 8424 | a000 0000 

  0x000002666de6e1a4: ;   {static_call}
  0x000002666de6e1a4: c5f8 77e8 

  0x000002666de6e1a8: ; ImmutableOopMap {[240]=Oop [248]=Oop [32]=Oop [56]=Oop [88]=Oop [96]=Oop [104]=NarrowOop [144]=Oop [152]=Oop [160]=Oop }
                      ;*invokestatic applyModelViewMatrix {reexecute=0 rethrow=0 return_oop=0}
                      ; - net.minecraft.client.renderer.LevelRenderer::renderLevel@2347 (line 1340)
  0x000002666de6e1a8: 7402 b0ff | 488b ac24 | 9000 0000 

  0x000002666de6e1b4: ;   {static_call}
  0x000002666de6e1b4: c5f8 77e8 

  0x000002666de6e1b8: ; ImmutableOopMap {rbp=Oop [240]=Oop [248]=Oop [32]=Oop [56]=Oop [88]=Oop [96]=Oop [104]=NarrowOop [144]=Oop [152]=Oop [160]=Oop }
                      ;*invokestatic translucentCullBlockSheet {reexecute=0 rethrow=0 return_oop=1}
                      ; - net.minecraft.client.renderer.LevelRenderer::renderLevel@2352 (line 1341)
  0x000002666de6e1b8: 444d c1ff | 488b d54c | 8bc0 6690 

  0x000002666de6e1c4: ;   {optimized virtual_call}
  0x000002666de6e1c4: c5f8 77e8 

  0x000002666de6e1c8: ; ImmutableOopMap {rbp=Oop [240]=Oop [248]=Oop [32]=Oop [56]=Oop [88]=Oop [96]=Oop [104]=NarrowOop [144]=Oop [152]=Oop [160]=Oop }
                      ;*invokevirtual endBatch {reexecute=0 rethrow=0 return_oop=0}
                      ; - net.minecraft.client.renderer.LevelRenderer::renderLevel@2355 (line 1341)
  0x000002666de6e1c8: 34ad a0ff 

  0x000002666de6e1cc: ;   {static_call}
  0x000002666de6e1cc: c5f8 77e8 

  0x000002666de6e1d0: ; ImmutableOopMap {rbp=Oop [240]=Oop [248]=Oop [32]=Oop [56]=Oop [88]=Oop [96]=Oop [104]=NarrowOop [144]=Oop [152]=Oop [160]=Oop }
                      ;*invokestatic bannerSheet {reexecute=0 rethrow=0 return_oop=1}
                      ; - net.minecraft.client.renderer.LevelRenderer::renderLevel@2360 (line 1342)
  0x000002666de6e1d0: 2c4a c1ff | 488b d54c | 8bc0 6690 

  0x000002666de6e1dc: ;   {optimized virtual_call}
  0x000002666de6e1dc: c5f8 77e8 

  0x000002666de6e1e0: ; ImmutableOopMap {rbp=Oop [240]=Oop [248]=Oop [32]=Oop [56]=Oop [88]=Oop [96]=Oop [104]=NarrowOop [144]=Oop [152]=Oop [160]=Oop }
                      ;*invokevirtual endBatch {reexecute=0 rethrow=0 return_oop=0}
                      ; - net.minecraft.client.renderer.LevelRenderer::renderLevel@2363 (line 1342)
  0x000002666de6e1e0: 1cad a0ff 

  0x000002666de6e1e4: ;   {static_call}
  0x000002666de6e1e4: c5f8 77e8 

  0x000002666de6e1e8: ; ImmutableOopMap {rbp=Oop [240]=Oop [248]=Oop [32]=Oop [56]=Oop [88]=Oop [96]=Oop [104]=NarrowOop [144]=Oop [152]=Oop [160]=Oop }
                      ;*invokestatic shieldSheet {reexecute=0 rethrow=0 return_oop=1}
                      ; - net.minecraft.client.renderer.LevelRenderer::renderLevel@2368 (line 1343)
  0x000002666de6e1e8: 1450 c1ff | 488b d54c | 8bc0 6690 

  0x000002666de6e1f4: ;   {optimized virtual_call}
  0x000002666de6e1f4: c5f8 77e8 

  0x000002666de6e1f8: ; ImmutableOopMap {rbp=Oop [240]=Oop [248]=Oop [32]=Oop [56]=Oop [88]=Oop [96]=Oop [104]=NarrowOop [144]=Oop [152]=Oop [160]=Oop }
                      ;*invokevirtual endBatch {reexecute=0 rethrow=0 return_oop=0}
                      ; - net.minecraft.client.renderer.LevelRenderer::renderLevel@2371 (line 1343)
  0x000002666de6e1f8: 04ad a0ff 

  0x000002666de6e1fc: ;   {static_call}
  0x000002666de6e1fc: c5f8 77e8 

  0x000002666de6e200: ; ImmutableOopMap {rbp=Oop [240]=Oop [248]=Oop [32]=Oop [56]=Oop [88]=Oop [96]=Oop [104]=NarrowOop [144]=Oop [152]=Oop [160]=Oop }
                      ;*invokestatic armorGlint {reexecute=0 rethrow=0 return_oop=1}
                      ; - net.minecraft.client.renderer.LevelRenderer::renderLevel@2376 (line 1344)
  0x000002666de6e200: fc52 c1ff | 488b d54c | 8bc0 6690 

  0x000002666de6e20c: ;   {optimized virtual_call}
  0x000002666de6e20c: c5f8 77e8 

  0x000002666de6e210: ; ImmutableOopMap {rbp=Oop [240]=Oop [248]=Oop [32]=Oop [56]=Oop [88]=Oop [96]=Oop [104]=NarrowOop [144]=Oop [152]=Oop [160]=Oop }
                      ;*invokevirtual endBatch {reexecute=0 rethrow=0 return_oop=0}
                      ; - net.minecraft.client.renderer.LevelRenderer::renderLevel@2379 (line 1344)
  0x000002666de6e210: ecac a0ff 

  0x000002666de6e214: ;   {static_call}
  0x000002666de6e214: c5f8 77e8 

  0x000002666de6e218: ; ImmutableOopMap {rbp=Oop [240]=Oop [248]=Oop [32]=Oop [56]=Oop [88]=Oop [96]=Oop [104]=NarrowOop [144]=Oop [152]=Oop [160]=Oop }
                      ;*invokestatic armorEntityGlint {reexecute=0 rethrow=0 return_oop=1}
                      ; - net.minecraft.client.renderer.LevelRenderer::renderLevel@2384 (line 1345)
  0x000002666de6e218: e455 c1ff | 488b d54c | 8bc0 6690 

  0x000002666de6e224: ;   {optimized virtual_call}
  0x000002666de6e224: c5f8 77e8 

  0x000002666de6e228: ; ImmutableOopMap {rbp=Oop [240]=Oop [248]=Oop [32]=Oop [56]=Oop [88]=Oop [96]=Oop [104]=NarrowOop [144]=Oop [152]=Oop [160]=Oop }
                      ;*invokevirtual endBatch {reexecute=0 rethrow=0 return_oop=0}
                      ; - net.minecraft.client.renderer.LevelRenderer::renderLevel@2387 (line 1345)
  0x000002666de6e228: d4ac a0ff 

  0x000002666de6e22c: ;   {static_call}
  0x000002666de6e22c: c5f8 77e8 

  0x000002666de6e230: ; ImmutableOopMap {rbp=Oop [240]=Oop [248]=Oop [32]=Oop [56]=Oop [88]=Oop [96]=Oop [104]=NarrowOop [144]=Oop [152]=Oop [160]=Oop }
                      ;*invokestatic glint {reexecute=0 rethrow=0 return_oop=1}
                      ; - net.minecraft.client.renderer.LevelRenderer::renderLevel@2392 (line 1346)
  0x000002666de6e230: cc58 c1ff | 488b d54c | 8bc0 6690 

  0x000002666de6e23c: ;   {optimized virtual_call}
  0x000002666de6e23c: c5f8 77e8 

  0x000002666de6e240: ; ImmutableOopMap {rbp=Oop [240]=Oop [248]=Oop [32]=Oop [56]=Oop [88]=Oop [96]=Oop [104]=NarrowOop [144]=Oop [152]=Oop [160]=Oop }
                      ;*invokevirtual endBatch {reexecute=0 rethrow=0 return_oop=0}
                      ; - net.minecraft.client.renderer.LevelRenderer::renderLevel@2395 (line 1346)
  0x000002666de6e240: bcac a0ff 

  0x000002666de6e244: ;   {static_call}
  0x000002666de6e244: c5f8 77e8 

  0x000002666de6e248: ; ImmutableOopMap {rbp=Oop [240]=Oop [248]=Oop [32]=Oop [56]=Oop [88]=Oop [96]=Oop [104]=NarrowOop [144]=Oop [152]=Oop [160]=Oop }
                      ;*invokestatic glintDirect {reexecute=0 rethrow=0 return_oop=1}
                      ; - net.minecraft.client.renderer.LevelRenderer::renderLevel@2400 (line 1347)
  0x000002666de6e248: b428 c1ff | 488b d54c | 8bc0 6690 

  0x000002666de6e254: ;   {optimized virtual_call}
  0x000002666de6e254: c5f8 77e8 

  0x000002666de6e258: ; ImmutableOopMap {rbp=Oop [240]=Oop [248]=Oop [32]=Oop [56]=Oop [88]=Oop [96]=Oop [104]=NarrowOop [144]=Oop [152]=Oop [160]=Oop }
                      ;*invokevirtual endBatch {reexecute=0 rethrow=0 return_oop=0}
                      ; - net.minecraft.client.renderer.LevelRenderer::renderLevel@2403 (line 1347)
  0x000002666de6e258: a4ac a0ff 

  0x000002666de6e25c: ;   {static_call}
  0x000002666de6e25c: c5f8 77e8 

  0x000002666de6e260: ; ImmutableOopMap {rbp=Oop [240]=Oop [248]=Oop [32]=Oop [56]=Oop [88]=Oop [96]=Oop [104]=NarrowOop [144]=Oop [152]=Oop [160]=Oop }
                      ;*invokestatic glintTranslucent {reexecute=0 rethrow=0 return_oop=1}
                      ; - net.minecraft.client.renderer.LevelRenderer::renderLevel@2408 (line 1348)
  0x000002666de6e260: 9c5b c1ff | 488b d54c | 8bc0 6690 

  0x000002666de6e26c: ;   {optimized virtual_call}
  0x000002666de6e26c: c5f8 77e8 

  0x000002666de6e270: ; ImmutableOopMap {rbp=Oop [240]=Oop [248]=Oop [32]=Oop [56]=Oop [88]=Oop [96]=Oop [104]=NarrowOop [144]=Oop [152]=Oop [160]=Oop }
                      ;*invokevirtual endBatch {reexecute=0 rethrow=0 return_oop=0}
                      ; - net.minecraft.client.renderer.LevelRenderer::renderLevel@2411 (line 1348)
  0x000002666de6e270: 8cac a0ff 

  0x000002666de6e274: ;   {static_call}
  0x000002666de6e274: c5f8 77e8 

  0x000002666de6e278: ; ImmutableOopMap {rbp=Oop [240]=Oop [248]=Oop [32]=Oop [56]=Oop [88]=Oop [96]=Oop [104]=NarrowOop [144]=Oop [152]=Oop [160]=Oop }
                      ;*invokestatic entityGlint {reexecute=0 rethrow=0 return_oop=1}
                      ; - net.minecraft.client.renderer.LevelRenderer::renderLevel@2416 (line 1349)
  0x000002666de6e278: 845e c1ff | 488b d54c | 8bc0 6690 

  0x000002666de6e284: ;   {optimized virtual_call}
  0x000002666de6e284: c5f8 77e8 

  0x000002666de6e288: ; ImmutableOopMap {rbp=Oop [240]=Oop [248]=Oop [32]=Oop [56]=Oop [88]=Oop [96]=Oop [104]=NarrowOop [144]=Oop [152]=Oop [160]=Oop }
                      ;*invokevirtual endBatch {reexecute=0 rethrow=0 return_oop=0}
                      ; - net.minecraft.client.renderer.LevelRenderer::renderLevel@2419 (line 1349)
  0x000002666de6e288: 74ac a0ff 

  0x000002666de6e28c: ;   {static_call}
  0x000002666de6e28c: c5f8 77e8 

  0x000002666de6e290: ; ImmutableOopMap {rbp=Oop [240]=Oop [248]=Oop [32]=Oop [56]=Oop [88]=Oop [96]=Oop [104]=NarrowOop [144]=Oop [152]=Oop [160]=Oop }
                      ;*invokestatic entityGlintDirect {reexecute=0 rethrow=0 return_oop=1}
                      ; - net.minecraft.client.renderer.LevelRenderer::renderLevel@2424 (line 1350)
  0x000002666de6e290: 6c2b c1ff | 488b d54c | 8bc0 6690 

  0x000002666de6e29c: ;   {optimized virtual_call}
  0x000002666de6e29c: c5f8 77e8 

  0x000002666de6e2a0: ; ImmutableOopMap {rbp=Oop [240]=Oop [248]=Oop [32]=Oop [56]=Oop [88]=Oop [96]=Oop [104]=NarrowOop [144]=Oop [152]=Oop [160]=Oop }
                      ;*invokevirtual endBatch {reexecute=0 rethrow=0 return_oop=0}
                      ; - net.minecraft.client.renderer.LevelRenderer::renderLevel@2427 (line 1350)
  0x000002666de6e2a0: 5cac a0ff 

  0x000002666de6e2a4: ;   {static_call}
  0x000002666de6e2a4: c5f8 77e8 

  0x000002666de6e2a8: ; ImmutableOopMap {rbp=Oop [240]=Oop [248]=Oop [32]=Oop [56]=Oop [88]=Oop [96]=Oop [104]=NarrowOop [144]=Oop [152]=Oop [160]=Oop }
                      ;*invokestatic waterMask {reexecute=0 rethrow=0 return_oop=1}
                      ; - net.minecraft.client.renderer.LevelRenderer::renderLevel@2432 (line 1351)
  0x000002666de6e2a8: 5461 c1ff | 488b d54c | 8bc0 6690 

  0x000002666de6e2b4: ;   {optimized virtual_call}
  0x000002666de6e2b4: c5f8 77e8 

  0x000002666de6e2b8: ; ImmutableOopMap {rbp=Oop [240]=Oop [248]=Oop [32]=Oop [56]=Oop [88]=Oop [96]=Oop [104]=NarrowOop [144]=Oop [152]=Oop [160]=Oop }
                      ;*invokevirtual endBatch {reexecute=0 rethrow=0 return_oop=0}
                      ; - net.minecraft.client.renderer.LevelRenderer::renderLevel@2435 (line 1351)
  0x000002666de6e2b8: 44ac a0ff | 488b 6c24 | 2044 8b9d | a000 0000 | 4585 db0f | 844b 2a00 | 004b 8d14 | dc66 6690 
  0x000002666de6e2d8: ;   {optimized virtual_call}
  0x000002666de6e2d8: c5f8 77e8 

  0x000002666de6e2dc: ; ImmutableOopMap {rbp=Oop [240]=Oop [248]=Oop [32]=Oop [56]=Oop [88]=Oop [96]=Oop [104]=NarrowOop [144]=Oop [152]=Oop [160]=Oop }
                      ;*invokevirtual crumblingBufferSource {reexecute=0 rethrow=0 return_oop=1}
                      ; - net.minecraft.client.renderer.LevelRenderer::renderLevel@2442 (line 1352)
  0x000002666de6e2dc: e076 bbff | 4885 c00f | 8463 2a00 | 0048 8bd0 

  0x000002666de6e2ec: ;   {optimized virtual_call}
  0x000002666de6e2ec: c5f8 77e8 

  0x000002666de6e2f0: ; ImmutableOopMap {rbp=Oop [240]=Oop [248]=Oop [32]=Oop [56]=Oop [88]=Oop [96]=Oop [104]=NarrowOop [144]=Oop [152]=Oop [160]=Oop }
                      ;*invokevirtual endBatch {reexecute=0 rethrow=0 return_oop=0}
                      ; - net.minecraft.client.renderer.LevelRenderer::renderLevel@2445 (line 1352)
  0x000002666de6e2f0: 4c2f e4ff | 4c8b d541 | 8baa fc00 | 0000 85ed | 0f85 0a3f 

  0x000002666de6e304: ;   {oop("translucent"{0x000000074b032718})}
  0x000002666de6e304: 0000 49b8 | 1827 034b | 0700 0000 | 488b 5424 | 5866 6690 

  0x000002666de6e318: ;   {optimized virtual_call}
  0x000002666de6e318: c5f8 77e8 

  0x000002666de6e31c: ; ImmutableOopMap {[240]=Oop [248]=Oop [32]=Oop [56]=Oop [88]=Oop [96]=Oop [104]=NarrowOop [144]=Oop [152]=Oop [160]=Oop }
                      ;*invokeinterface popPush {reexecute=0 rethrow=0 return_oop=0}
                      ; - net.minecraft.client.renderer.LevelRenderer::renderLevel@2636 (line 1370)
  0x000002666de6e31c: 000c 4eff | 4c8b 5424 | 2041 8baa | e800 0000 | 85ed 0f85 | 103f 0000 | 498b ea90 

  0x000002666de6e338: ;   {static_call}
  0x000002666de6e338: c5f8 77e8 

  0x000002666de6e33c: ; ImmutableOopMap {rbp=Oop [240]=Oop [248]=Oop [32]=Oop [56]=Oop [88]=Oop [96]=Oop [104]=NarrowOop [144]=Oop [152]=Oop [160]=Oop }
                      ;*invokestatic translucent {reexecute=0 rethrow=0 return_oop=1}
                      ; - net.minecraft.client.renderer.LevelRenderer::renderLevel@2659 (line 1375)
  0x000002666de6e33c: c08b 57ff | 4c8b c048 | 8bd5 4c8b | 4c24 60c5 | fb10 4424 | 70c5 fb10 | 4c24 78c5 | fb10 9424 
  0x000002666de6e35c: 8000 0000 | 488b 7c24 | 3866 6690 

  0x000002666de6e368: ;   {optimized virtual_call}
  0x000002666de6e368: c5f8 77e8 

  0x000002666de6e36c: ; ImmutableOopMap {rbp=Oop [240]=Oop [248]=Oop [32]=Oop [56]=Oop [88]=Oop [96]=Oop [104]=NarrowOop [144]=Oop [152]=Oop [160]=Oop }
                      ;*invokevirtual renderChunkLayer {reexecute=0 rethrow=0 return_oop=0}
                      ; - net.minecraft.client.renderer.LevelRenderer::renderLevel@2671 (line 1375)
  0x000002666de6e36c: 5078 c4ff | 488b ac24 | 9000 0000 

  0x000002666de6e378: ;   {static_call}
  0x000002666de6e378: c5f8 77e8 

  0x000002666de6e37c: ; ImmutableOopMap {rbp=Oop [240]=Oop [248]=Oop [32]=Oop [56]=Oop [88]=Oop [96]=Oop [104]=NarrowOop [144]=Oop [152]=Oop [160]=Oop }
                      ;*invokestatic lines {reexecute=0 rethrow=0 return_oop=1}
                      ; - net.minecraft.client.renderer.LevelRenderer::renderLevel@2676 (line 1376)
  0x000002666de6e37c: 00f7 beff | 488b d54c | 8bc0 6690 

  0x000002666de6e388: ;   {optimized virtual_call}
  0x000002666de6e388: c5f8 77e8 

  0x000002666de6e38c: ; ImmutableOopMap {rbp=Oop [240]=Oop [248]=Oop [32]=Oop [56]=Oop [88]=Oop [96]=Oop [104]=NarrowOop [144]=Oop [152]=Oop [160]=Oop }
                      ;*invokevirtual endBatch {reexecute=0 rethrow=0 return_oop=0}
                      ; - net.minecraft.client.renderer.LevelRenderer::renderLevel@2679 (line 1376)
  0x000002666de6e38c: 70ab a0ff | 488b d590 

  0x000002666de6e394: ;   {optimized virtual_call}
  0x000002666de6e394: c5f8 77e8 

  0x000002666de6e398: ; ImmutableOopMap {rbp=Oop [240]=Oop [248]=Oop [32]=Oop [56]=Oop [88]=Oop [96]=Oop [104]=NarrowOop [144]=Oop [152]=Oop [160]=Oop }
                      ;*invokevirtual endBatch {reexecute=0 rethrow=0 return_oop=0}
                      ; - net.minecraft.client.renderer.LevelRenderer::renderLevel@2684 (line 1377)
  0x000002666de6e398: a42e e4ff 

  0x000002666de6e39c: ;   {oop("string"{0x000000074404fb08})}
  0x000002666de6e39c: 49b8 08fb | 0444 0700 | 0000 488b | 5424 5890 

  0x000002666de6e3ac: ;   {optimized virtual_call}
  0x000002666de6e3ac: c5f8 77e8 

  0x000002666de6e3b0: ; ImmutableOopMap {rbp=Oop [240]=Oop [248]=Oop [32]=Oop [56]=Oop [88]=Oop [96]=Oop [104]=NarrowOop [144]=Oop [152]=Oop [160]=Oop }
                      ;*invokeinterface popPush {reexecute=0 rethrow=0 return_oop=0}
                      ; - net.minecraft.client.renderer.LevelRenderer::renderLevel@2692 (line 1378)
  0x000002666de6e3b0: 6c0b 4eff 

  0x000002666de6e3b4: ;   {static_call}
  0x000002666de6e3b4: c5f8 77e8 

  0x000002666de6e3b8: ; ImmutableOopMap {rbp=Oop [240]=Oop [248]=Oop [32]=Oop [56]=Oop [88]=Oop [96]=Oop [104]=NarrowOop [144]=Oop [152]=Oop [160]=Oop }
                      ;*invokestatic tripwire {reexecute=0 rethrow=0 return_oop=1}
                      ; - net.minecraft.client.renderer.LevelRenderer::renderLevel@2698 (line 1379)
  0x000002666de6e3b8: 4430 c1ff | 488b 5424 | 204c 8bc0 | 4c8b 4c24 | 60c5 fb10 | 4424 70c5 | fb10 4c24 | 78c5 fb10 
  0x000002666de6e3d8: 9424 8000 | 0000 488b | 7c24 3890 

  0x000002666de6e3e4: ;   {optimized virtual_call}
  0x000002666de6e3e4: c5f8 77e8 

  0x000002666de6e3e8: ; ImmutableOopMap {rbp=Oop [240]=Oop [248]=Oop [32]=Oop [56]=Oop [88]=Oop [96]=Oop [104]=NarrowOop [144]=Oop [152]=Oop [160]=Oop }
                      ;*invokevirtual renderChunkLayer {reexecute=0 rethrow=0 return_oop=0}
                      ; - net.minecraft.client.renderer.LevelRenderer::renderLevel@2710 (line 1379)
  0x000002666de6e3e8: d477 c4ff 

  0x000002666de6e3ec: ;   {oop("particles"{0x000000074b1c8d20})}
  0x000002666de6e3ec: 49b8 208d | 1c4b 0700 | 0000 488b | 5424 5890 

  0x000002666de6e3fc: ;   {optimized virtual_call}
  0x000002666de6e3fc: c5f8 77e8 

  0x000002666de6e400: ; ImmutableOopMap {rbp=Oop [240]=Oop [248]=Oop [32]=Oop [56]=Oop [88]=Oop [96]=Oop [104]=NarrowOop [144]=Oop [152]=Oop [160]=Oop }
                      ;*invokeinterface popPush {reexecute=0 rethrow=0 return_oop=0}
                      ; - net.minecraft.client.renderer.LevelRenderer::renderLevel@2718 (line 1380)
  0x000002666de6e400: 1c0b 4eff | 4c8b 4424 | 2045 8b98 | 9400 0000 

  0x000002666de6e410: ; implicit exception: dispatches to 0x000002666de7469c
  0x000002666de6e410: 478b 94dc | 9800 0000 | 4585 d20f | 845b 2900 | 004b 8d14 | d44c 8b44 | 2460 4c8b | cd48 8bbc 
  0x000002666de6e430: 24f0 0000 | 0048 8bb4 | 2498 0000 | 00c5 fa10 | 8424 8800 | 0000 488b | 8c24 f800 | 0000 6690 
  0x000002666de6e450: ;   {optimized virtual_call}
  0x000002666de6e450: c5f8 77e8 

  0x000002666de6e454: ; ImmutableOopMap {rbp=Oop [240]=Oop [248]=Oop [32]=Oop [56]=Oop [88]=Oop [96]=Oop [104]=NarrowOop [144]=Oop [152]=Oop [160]=Oop }
                      ;*invokevirtual render {reexecute=0 rethrow=0 return_oop=0}
                      ; - net.minecraft.client.renderer.LevelRenderer::renderLevel@2740 (line 1381)
  0x000002666de6e454: 2877 c0ff | 4c8b 5424 | 2041 8b72 

  0x000002666de6e460: ;   {oop(a 'net/minecraftforge/client/event/RenderLevelStageEvent$Stage'{0x000000076c029ef0})}
  0x000002666de6e460: 0c48 baf0 | 9e02 6c07 | 0000 004d | 8bc2 4c8b | 4c24 6048 | 8b7c 2438 | 488b 8c24 | 9800 0000 
  0x000002666de6e480: 4c8b 9424 | f800 0000 | 4c89 1424 

  0x000002666de6e48c: ;   {static_call}
  0x000002666de6e48c: c5f8 77e8 

  0x000002666de6e490: ; ImmutableOopMap {rbp=Oop [240]=Oop [248]=Oop [32]=Oop [56]=Oop [88]=Oop [96]=Oop [104]=NarrowOop [144]=Oop [152]=Oop [160]=Oop }
                      ;*invokestatic dispatchRenderStage {reexecute=0 rethrow=0 return_oop=0}
                      ; - net.minecraft.client.renderer.LevelRenderer::renderLevel@2758 (line 1382)
  0x000002666de6e490: cc61 b5ff | 4c8b 9424 | a000 0000 | 4d85 d20f | 8443 2900 | 0049 8bd2 

  0x000002666de6e4a8: ;   {optimized virtual_call}
  0x000002666de6e4a8: c5f8 77e8 

  0x000002666de6e4ac: ; ImmutableOopMap {rbp=Oop [240]=Oop [248]=Oop [32]=Oop [56]=Oop [88]=Oop [96]=Oop [104]=NarrowOop [144]=Oop [152]=Oop [160]=Oop }
                      ;*invokevirtual pushPose {reexecute=0 rethrow=0 return_oop=0}
                      ; - net.minecraft.client.renderer.LevelRenderer::renderLevel@2763 (line 1385)
  0x000002666de6e4ac: 5004 9fff | 488b 5424 | 6048 8bac | 24a0 0000 | 0066 6690 

  0x000002666de6e4c0: ;   {optimized virtual_call}
  0x000002666de6e4c0: c5f8 77e8 

  0x000002666de6e4c4: ; ImmutableOopMap {rbp=Oop [240]=Oop [248]=Oop [32]=Oop [56]=Oop [88]=Oop [96]=Oop [104]=NarrowOop [144]=Oop [152]=Oop [160]=Oop }
                      ;*invokevirtual last {reexecute=0 rethrow=0 return_oop=1}
                      ; - net.minecraft.client.renderer.LevelRenderer::renderLevel@2769 (line 1386)
  0x000002666de6e4c4: 7832 79ff | 4885 c00f | 843f 2900 | 0048 8bd0 

  0x000002666de6e4d4: ;   {optimized virtual_call}
  0x000002666de6e4d4: c5f8 77e8 

  0x000002666de6e4d8: ; ImmutableOopMap {rbp=Oop [240]=Oop [248]=Oop [32]=Oop [56]=Oop [88]=Oop [96]=Oop [104]=NarrowOop [144]=Oop [152]=Oop [160]=Oop }
                      ;*invokevirtual pose {reexecute=0 rethrow=0 return_oop=1}
                      ; - net.minecraft.client.renderer.LevelRenderer::renderLevel@2772 (line 1386)
  0x000002666de6e4d8: 64d2 b1fe | 488b d54c | 8bc0 6690 

  0x000002666de6e4e4: ;   {optimized virtual_call}
  0x000002666de6e4e4: c5f8 77e8 

  0x000002666de6e4e8: ; ImmutableOopMap {rbp=Oop [240]=Oop [248]=Oop [32]=Oop [56]=Oop [88]=Oop [96]=Oop [104]=NarrowOop [144]=Oop [152]=Oop [160]=Oop }
                      ;*invokevirtual mulPoseMatrix {reexecute=0 rethrow=0 return_oop=0}
                      ; - net.minecraft.client.renderer.LevelRenderer::renderLevel@2775 (line 1386)
  0x000002666de6e4e8: 746b c1ff 

  0x000002666de6e4ec: ;   {static_call}
  0x000002666de6e4ec: c5f8 77e8 

  0x000002666de6e4f0: ; ImmutableOopMap {rbp=Oop [240]=Oop [248]=Oop [32]=Oop [56]=Oop [88]=Oop [96]=Oop [104]=NarrowOop [144]=Oop [152]=Oop [160]=Oop }
                      ;*invokestatic applyModelViewMatrix {reexecute=0 rethrow=0 return_oop=0}
                      ; - net.minecraft.client.renderer.LevelRenderer::renderLevel@2778 (line 1387)
  0x000002666de6e4f0: 2cff afff | 4c8b 5424 | 2045 8b9a | 9400 0000 

  0x000002666de6e500: ; implicit exception: dispatches to 0x000002666de746d0
  0x000002666de6e500: 478b 94dc | bc00 0000 | 4585 d20f | 844b 2900 | 004b 8d14 | d466 6690 

  0x000002666de6e518: ;   {optimized virtual_call}
  0x000002666de6e518: c5f8 77e8 

  0x000002666de6e51c: ; ImmutableOopMap {rbp=Oop [240]=Oop [248]=Oop [32]=Oop [56]=Oop [88]=Oop [96]=Oop [104]=NarrowOop [144]=Oop [152]=Oop [160]=Oop }
                      ;*invokevirtual getCloudsType {reexecute=0 rethrow=0 return_oop=1}
                      ; - net.minecraft.client.renderer.LevelRenderer::renderLevel@2788 (line 1388)
  0x000002666de6e51c: 2014 c8ff 

  0x000002666de6e520: ;   {oop(a 'net/minecraft/client/CloudStatus'{0x000000074b0b7018})}
  0x000002666de6e520: 49ba 1870 | 0b4b 0700 | 0000 493b | c20f 8545 | 3d00 004c | 8b54 2420 | 418b aafc | 0000 0085 
  0x000002666de6e540: ed0f 8575 | 3d00 0049 | 8bea 33d2 

  0x000002666de6e54c: ;   {static_call}
  0x000002666de6e54c: c5f8 77e8 

  0x000002666de6e550: ; ImmutableOopMap {rbp=Oop [240]=Oop [248]=Oop [56]=Oop [88]=Oop [96]=Oop [104]=NarrowOop [144]=Oop [152]=Oop [160]=Oop }
                      ;*invokestatic depthMask {reexecute=0 rethrow=0 return_oop=0}
                      ; - net.minecraft.client.renderer.LevelRenderer::renderLevel@2974 (line 1412)
  0x000002666de6e550: 4c70 bdff 

  0x000002666de6e554: ;   {oop("weather"{0x000000074b0e3b18})}
  0x000002666de6e554: 49b8 183b | 0e4b 0700 | 0000 488b | 5424 5890 

  0x000002666de6e564: ;   {optimized virtual_call}
  0x000002666de6e564: c5f8 77e8 

  0x000002666de6e568: ; ImmutableOopMap {rbp=Oop [240]=Oop [248]=Oop [56]=Oop [96]=Oop [104]=NarrowOop [144]=Oop [152]=Oop [160]=Oop }
                      ;*invokeinterface popPush {reexecute=0 rethrow=0 return_oop=0}
                      ; - net.minecraft.client.renderer.LevelRenderer::renderLevel@2982 (line 1413)
  0x000002666de6e568: b409 4eff | 488b d54c | 8b84 24f0 | 0000 00c5 | fa10 8424 | 8800 0000 | c5fb 104c | 2470 c5fb 
  0x000002666de6e588: 1054 2478 | c5fb 109c | 2480 0000 | 0066 6690 

  0x000002666de6e598: ;   {optimized virtual_call}
  0x000002666de6e598: c5f8 77e8 

  0x000002666de6e59c: ; ImmutableOopMap {rbp=Oop [248]=Oop [56]=Oop [96]=Oop [104]=NarrowOop [144]=Oop [152]=Oop [160]=Oop }
                      ;*invokevirtual renderSnowAndRain {reexecute=0 rethrow=0 return_oop=0}
                      ; - net.minecraft.client.renderer.LevelRenderer::renderLevel@2997 (line 1414)
  0x000002666de6e59c: a0b0 bcff 

  0x000002666de6e5a0: ;   {oop(a 'net/minecraftforge/client/event/RenderLevelStageEvent$Stage'{0x000000076c029f00})}
  0x000002666de6e5a0: 8b75 0c48 | ba00 9f02 | 6c07 0000 | 004c 8bc5 | 4c8b 4c24 | 6048 8b7c | 2438 488b | 8c24 9800 
  0x000002666de6e5c0: 0000 4c8b | 9424 f800 | 0000 4c89 | 1424 6690 

  0x000002666de6e5d0: ;   {static_call}
  0x000002666de6e5d0: c5f8 77e8 

  0x000002666de6e5d4: ; ImmutableOopMap {rbp=Oop [96]=Oop [144]=Oop [152]=Oop [160]=Oop }
                      ;*invokestatic dispatchRenderStage {reexecute=0 rethrow=0 return_oop=0}
                      ; - net.minecraft.client.renderer.LevelRenderer::renderLevel@3015 (line 1415)
  0x000002666de6e5d4: 8860 b5ff | 488b d54c | 8b84 2498 | 0000 0090 

  0x000002666de6e5e4: ;   {optimized virtual_call}
  0x000002666de6e5e4: c5f8 77e8 

  0x000002666de6e5e8: ; ImmutableOopMap {rbp=Oop [96]=Oop [144]=Oop [152]=Oop [160]=Oop }
                      ;*invokevirtual renderWorldBorder {reexecute=0 rethrow=0 return_oop=0}
                      ; - net.minecraft.client.renderer.LevelRenderer::renderLevel@3021 (line 1416)
  0x000002666de6e5e8: 7415 76ff | ba01 0000 | 0066 6690 

  0x000002666de6e5f4: ;   {static_call}
  0x000002666de6e5f4: c5f8 77e8 

  0x000002666de6e5f8: ; ImmutableOopMap {rbp=Oop [96]=Oop [144]=Oop [152]=Oop [160]=Oop }
                      ;*invokestatic depthMask {reexecute=0 rethrow=0 return_oop=0}
                      ; - net.minecraft.client.renderer.LevelRenderer::renderLevel@3025 (line 1417)
  0x000002666de6e5f8: a46f bdff | 488b 9424 | a000 0000 

  0x000002666de6e604: ;   {optimized virtual_call}
  0x000002666de6e604: c5f8 77e8 

  0x000002666de6e608: ; ImmutableOopMap {rbp=Oop [96]=Oop [144]=Oop [152]=Oop }
                      ;*invokevirtual popPose {reexecute=0 rethrow=0 return_oop=0}
                      ; - net.minecraft.client.renderer.LevelRenderer::renderLevel@3030 (line 1420)
  0x000002666de6e608: b43a 9fff 

  0x000002666de6e60c: ;   {static_call}
  0x000002666de6e60c: c5f8 77e8 

  0x000002666de6e610: ; ImmutableOopMap {rbp=Oop [96]=Oop [144]=Oop [152]=Oop }
                      ;*invokestatic applyModelViewMatrix {reexecute=0 rethrow=0 return_oop=0}
                      ; - net.minecraft.client.renderer.LevelRenderer::renderLevel@3033 (line 1421)
  0x000002666de6e610: 0cfe afff | 488b d54c | 8b44 2460 | 4c8b 8c24 | 9000 0000 | 488b bc24 | 9800 0000 

  0x000002666de6e62c: ;   {optimized virtual_call}
  0x000002666de6e62c: c5f8 77e8 

  0x000002666de6e630: ; ImmutableOopMap {[144]=Oop }
                      ;*invokevirtual renderDebug {reexecute=0 rethrow=0 return_oop=0}
                      ; - net.minecraft.client.renderer.LevelRenderer::renderLevel@3042 (line 1422)
  0x000002666de6e630: ec10 76ff | 488b 9424 | 9000 0000 

  0x000002666de6e63c: ;   {optimized virtual_call}
  0x000002666de6e63c: c5f8 77e8 

  0x000002666de6e640: ; ImmutableOopMap {}
                      ;*invokevirtual endLastBatch {reexecute=0 rethrow=0 return_oop=0}
                      ; - net.minecraft.client.renderer.LevelRenderer::renderLevel@3047 (line 1423)
  0x000002666de6e640: 9cea c1ff | ba01 0000 | 0066 6690 

  0x000002666de6e64c: ;   {static_call}
  0x000002666de6e64c: c5f8 77e8 

  0x000002666de6e650: ; ImmutableOopMap {}
                      ;*invokestatic depthMask {reexecute=0 rethrow=0 return_oop=0}
                      ; - net.minecraft.client.renderer.LevelRenderer::renderLevel@3051 (line 1424)
  0x000002666de6e650: 4c6f bdff 

  0x000002666de6e654: ;   {static_call}
  0x000002666de6e654: c5f8 77e8 

  0x000002666de6e658: ; ImmutableOopMap {}
                      ;*invokestatic disableBlend {reexecute=0 rethrow=0 return_oop=0}
                      ; - net.minecraft.client.renderer.LevelRenderer::renderLevel@3054 (line 1425)
  0x000002666de6e658: c4ee abff 

  0x000002666de6e65c: ;   {static_call}
  0x000002666de6e65c: c5f8 77e8 

  0x000002666de6e660: ; ImmutableOopMap {}
                      ;*invokestatic setupNoFog {reexecute=0 rethrow=0 return_oop=0}
                      ; - net.minecraft.client.renderer.LevelRenderer::renderLevel@3057 (line 1426)
  0x000002666de6e660: 9cfd c1ff | c5f8 7748 | 81c4 e000 

  0x000002666de6e66c: ;   {poll_return}
  0x000002666de6e66c: 0000 5d49 | 3ba7 5003 | 0000 0f87 | ba71 0000 | c348 8b94 | 24a8 0000 | 0066 6690 

  0x000002666de6e688: ;   {optimized virtual_call}
  0x000002666de6e688: c5f8 77e8 

  0x000002666de6e68c: ; ImmutableOopMap {[240]=Oop [248]=Oop [32]=Oop [56]=Oop [88]=Oop [96]=Oop [104]=NarrowOop [144]=Oop [152]=Oop [160]=Oop [168]=Oop }
                      ;*invokevirtual blockPosition {reexecute=0 rethrow=0 return_oop=1}
                      ; - net.minecraft.client.renderer.LevelRenderer::renderLevel@880 (line 1200)
  0x000002666de6e68c: b074 82ff | 4c8b 5424 | 2041 8baa | a400 0000 | 4885 c00f | 844a 2100 | 0048 8984 | 24b0 0000 
  0x000002666de6e6ac: 0048 8bd0 

  0x000002666de6e6b0: ;   {optimized virtual_call}
  0x000002666de6e6b0: c5f8 77e8 

  0x000002666de6e6b4: ; ImmutableOopMap {rbp=NarrowOop [240]=Oop [248]=Oop [32]=Oop [56]=Oop [88]=Oop [96]=Oop [104]=NarrowOop [144]=Oop [152]=Oop [160]=Oop [168]=Oop [176]=Oop }
                      ;*invokevirtual getY {reexecute=0 rethrow=0 return_oop=0}
                      ; - net.minecraft.client.renderer.LevelRenderer::renderLevel@891 (line 1201)
  0x000002666de6e6b4: 8850 f5fe | 85ed 0f84 | 8c21 0000 | 498d 14ec | 448b c090 

  0x000002666de6e6c8: ;   {optimized virtual_call}
  0x000002666de6e6c8: c5f8 77e8 

  0x000002666de6e6cc: ; ImmutableOopMap {[240]=Oop [248]=Oop [32]=Oop [56]=Oop [88]=Oop [96]=Oop [104]=NarrowOop [144]=Oop [152]=Oop [160]=Oop [168]=Oop [176]=Oop }
                      ;*invokevirtual isOutsideBuildHeight {reexecute=0 rethrow=0 return_oop=0}
                      ; - net.minecraft.client.renderer.LevelRenderer::renderLevel@894 (line 1201)
  0x000002666de6e6cc: 70c6 82ff | 85c0 0f85 | 0c2f 0000 | 488b 5424 | 204c 8b84 | 24b0 0000 | 0066 6690 

  0x000002666de6e6e8: ;   {optimized virtual_call}
  0x000002666de6e6e8: c5f8 77e8 

  0x000002666de6e6ec: ; ImmutableOopMap {[240]=Oop [248]=Oop [32]=Oop [56]=Oop [88]=Oop [96]=Oop [104]=NarrowOop [144]=Oop [152]=Oop [160]=Oop [168]=Oop }
                      ;*invokevirtual isChunkCompiled {reexecute=0 rethrow=0 return_oop=0}
                      ; - net.minecraft.client.renderer.LevelRenderer::renderLevel@903 (line 1201)
  0x000002666de6e6ec: 7031 7bff | 85c0 0f84 | 502f 0000 | 488b 9424 | 9800 0000 

  0x000002666de6e700: ;   {optimized virtual_call}
  0x000002666de6e700: c5f8 77e8 

  0x000002666de6e704: ; ImmutableOopMap {[240]=Oop [248]=Oop [32]=Oop [56]=Oop [88]=Oop [96]=Oop [104]=NarrowOop [144]=Oop [152]=Oop [160]=Oop [168]=Oop }
                      ;*invokevirtual getEntity {reexecute=0 rethrow=0 return_oop=1}
                      ; - net.minecraft.client.renderer.LevelRenderer::renderLevel@913 (line 1201)
  0x000002666de6e704: 3806 8fff | 4c8b 9424 | a800 0000 | 4c3b d00f | 85ab 0100 | 0048 8b94 | 2498 0000 | 0066 6690 
  0x000002666de6e724: ;   {optimized virtual_call}
  0x000002666de6e724: c5f8 77e8 

  0x000002666de6e728: ; ImmutableOopMap {[240]=Oop [248]=Oop [32]=Oop [56]=Oop [88]=Oop [96]=Oop [104]=NarrowOop [144]=Oop [152]=Oop [160]=Oop [168]=Oop }
                      ;*invokevirtual isDetached {reexecute=0 rethrow=0 return_oop=0}
                      ; - net.minecraft.client.renderer.LevelRenderer::renderLevel@921 (line 1201)
  0x000002666de6e728: 1404 bcff | 85c0 0f85 | 8801 0000 | 488b 9424 | 9800 0000 

  0x000002666de6e73c: ;   {optimized virtual_call}
  0x000002666de6e73c: c5f8 77e8 

  0x000002666de6e740: ; ImmutableOopMap {[240]=Oop [248]=Oop [32]=Oop [56]=Oop [88]=Oop [96]=Oop [104]=NarrowOop [144]=Oop [152]=Oop [160]=Oop [168]=Oop }
                      ;*invokevirtual getEntity {reexecute=0 rethrow=0 return_oop=1}
                      ; - net.minecraft.client.renderer.LevelRenderer::renderLevel@929 (line 1201)
  0x000002666de6e740: fc05 8fff 

  0x000002666de6e744: ; implicit exception: dispatches to 0x000002666de7480c
  0x000002666de6e744: 448b 5808 

  0x000002666de6e748: ;   {metadata('net/minecraft/client/player/LocalPlayer')}
  0x000002666de6e748: 4181 fb68 | 5da7 010f | 8507 4d00 | 0048 8b94 | 2498 0000 | 0066 6690 

  0x000002666de6e760: ;   {optimized virtual_call}
  0x000002666de6e760: c5f8 77e8 

  0x000002666de6e764: ; ImmutableOopMap {[240]=Oop [248]=Oop [32]=Oop [56]=Oop [88]=Oop [96]=Oop [104]=NarrowOop [144]=Oop [152]=Oop [160]=Oop [168]=Oop }
                      ;*invokevirtual getEntity {reexecute=0 rethrow=0 return_oop=1}
                      ; - net.minecraft.client.renderer.LevelRenderer::renderLevel@940 (line 1201)
  0x000002666de6e764: d805 8fff 

  0x000002666de6e768: ; implicit exception: dispatches to 0x000002666de74860
  0x000002666de6e768: 448b 5808 

  0x000002666de6e76c: ;   {metadata('net/minecraft/client/player/LocalPlayer')}
  0x000002666de6e76c: 4181 fb68 | 5da7 010f | 8547 4d00 | 0048 8bd0 

  0x000002666de6e77c: ;   {optimized virtual_call}
  0x000002666de6e77c: c5f8 77e8 

  0x000002666de6e780: ; ImmutableOopMap {[240]=Oop [248]=Oop [32]=Oop [56]=Oop [88]=Oop [96]=Oop [104]=NarrowOop [144]=Oop [152]=Oop [160]=Oop [168]=Oop }
                      ;*invokevirtual isSleeping {reexecute=0 rethrow=0 return_oop=0}
                      ; - net.minecraft.client.renderer.LevelRenderer::renderLevel@946 (line 1201)
  0x000002666de6e780: 3c3f 7eff | 85c0 0f85 | ac3b 0000 | 0f1f 4000 | 488b 9424 | a000 0000 

  0x000002666de6e798: ;   {optimized virtual_call}
  0x000002666de6e798: c5f8 77e8 

  0x000002666de6e79c: ; ImmutableOopMap {[240]=Oop [248]=Oop [32]=Oop [56]=Oop [88]=Oop [96]=Oop [104]=NarrowOop [144]=Oop [152]=Oop [160]=Oop }
                      ;*invokeinterface hasNext {reexecute=0 rethrow=0 return_oop=0}
                      ; - net.minecraft.client.renderer.LevelRenderer::renderLevel@823 (line 1198)
  0x000002666de6e79c: 2003 83ff | 85c0 0f84 | e8f1 ffff | 488b 9424 | a000 0000 

  0x000002666de6e7b0: ;   {optimized virtual_call}
  0x000002666de6e7b0: c5f8 77e8 

  0x000002666de6e7b4: ; ImmutableOopMap {[240]=Oop [248]=Oop [32]=Oop [56]=Oop [88]=Oop [96]=Oop [104]=NarrowOop [144]=Oop [152]=Oop [160]=Oop }
                      ;*invokeinterface next {reexecute=0 rethrow=0 return_oop=1}
                      ; - net.minecraft.client.renderer.LevelRenderer::renderLevel@833 (line 1198)
  0x000002666de6e7b4: 8809 83ff 

  0x000002666de6e7b8: ; implicit exception: dispatches to 0x000002666de73610
  0x000002666de6e7b8: 448b 5808 | 49ba 0000 | 0000 6602 | 0000 4d03 | d34d 8b52 

  0x000002666de6e7cc: ;   {metadata('net/minecraft/world/entity/Entity')}
  0x000002666de6e7cc: 4049 bb30 | 594d 0166 | 0200 004d | 3bd3 0f85 | 941f 0000 | 4c8b 5c24 | 2045 8b93 | 9800 0000 
  0x000002666de6e7ec: 4585 d20f | 84ed 1e00 | 0048 8984 | 24a8 0000 | 0048 8b6c | 2420 4b8d | 14d4 4c8b | c04c 8b8c 
  0x000002666de6e80c: 24f8 0000 | 00c5 fb10 | 4424 70c5 | fb10 4c24 | 78c5 fb10 | 9424 8000 | 0000 6690 

  0x000002666de6e828: ;   {optimized virtual_call}
  0x000002666de6e828: c5f8 77e8 

  0x000002666de6e82c: ; ImmutableOopMap {rbp=Oop [240]=Oop [248]=Oop [32]=Oop [56]=Oop [88]=Oop [96]=Oop [104]=NarrowOop [144]=Oop [152]=Oop [160]=Oop [168]=Oop }
                      ;*invokevirtual shouldRender {reexecute=0 rethrow=0 return_oop=0}
                      ; - net.minecraft.client.renderer.LevelRenderer::renderLevel@857 (line 1199)
  0x000002666de6e82c: 9080 a4ff | 85c0 0f85 | 45fe ffff | 448b 9d94 | 0000 0047 | 8b94 dc6c | 0100 004d | 8bc2 49c1 
  0x000002666de6e84c: e003 488b | 9424 a800 | 0000 6690 

  0x000002666de6e858: ;   {optimized virtual_call}
  0x000002666de6e858: c5f8 77e8 

  0x000002666de6e85c: ; ImmutableOopMap {rbp=Oop [240]=Oop [248]=Oop [32]=Oop [56]=Oop [88]=Oop [96]=Oop [104]=NarrowOop [144]=Oop [152]=Oop [160]=Oop [168]=Oop }
                      ;*invokevirtual hasIndirectPassenger {reexecute=0 rethrow=0 return_oop=0}
                      ; - net.minecraft.client.renderer.LevelRenderer::renderLevel@872 (line 1199)
  0x000002666de6e85c: c0b0 beff | 85c0 0f84 | 28ff ffff | ba45 ffff | ff4c 8b54 | 2460 4c89 | 9424 f800 | 0000 448b 
  0x000002666de6e87c: 5424 3444 | 8954 2424 | 4c8b 5424 | 384c 8954 | 2430 4c8b | 5424 584c | 8954 2438 | c5fb 1044 
  0x000002666de6e89c: 2470 c5fb | 1144 2440 | 448b 5424 | 6844 8954 | 2458 8944 | 245c 6690 

  0x000002666de6e8b4: ;   {runtime_call UncommonTrapBlob}
  0x000002666de6e8b4: c5f8 77e8 

  0x000002666de6e8b8: ; ImmutableOopMap {rbp=Oop [240]=Oop [248]=Oop [48]=Oop [56]=Oop [88]=NarrowOop [144]=Oop [152]=Oop [160]=Oop [168]=Oop }
                      ;*ifeq {reexecute=1 rethrow=0 return_oop=0}
                      ; - (reexecute) net.minecraft.client.renderer.LevelRenderer::renderLevel@875 (line 1199)
  0x000002666de6e8b8: 4480 55fe | 4c8b 9424 | a800 0000 | 458b 5a08 

  0x000002666de6e8c8: ;   {metadata('net/minecraft/client/player/LocalPlayer')}
  0x000002666de6e8c8: 4181 fb68 | 5da7 0175 | 254c 8954 | 2428 488b | 9424 9800 | 0000 6690 

  0x000002666de6e8e0: ;   {optimized virtual_call}
  0x000002666de6e8e0: c5f8 77e8 

  0x000002666de6e8e4: ; ImmutableOopMap {[240]=Oop [248]=Oop [32]=Oop [40]=Oop [56]=Oop [88]=Oop [96]=Oop [104]=NarrowOop [144]=Oop [152]=Oop [160]=Oop }
                      ;*invokevirtual getEntity {reexecute=0 rethrow=0 return_oop=1}
                      ; - net.minecraft.client.renderer.LevelRenderer::renderLevel@962 (line 1201)
  0x000002666de6e8e4: 982a 55fe | 4c8b 5424 | 2849 3bc2 | 0f85 ca42 | 0000 4c8b | 5c24 2041 | ff83 8400 | 0000 418b 
  0x000002666de6e904: aa8c 0000 | 0085 ed0f | 8445 4000 | 004c 8994 | 24a8 0000 | 0048 8b54 | 2420 6690 

  0x000002666de6e920: ;   {optimized virtual_call}
  0x000002666de6e920: c5f8 77e8 

  0x000002666de6e924: ; ImmutableOopMap {[240]=Oop [248]=Oop [32]=Oop [56]=Oop [88]=Oop [96]=Oop [104]=NarrowOop [144]=Oop [152]=Oop [160]=Oop [168]=Oop }
                      ;*invokevirtual shouldShowEntityOutlines {reexecute=0 rethrow=0 return_oop=0}
                      ; - net.minecraft.client.renderer.LevelRenderer::renderLevel@1044 (line 1210)
  0x000002666de6e924: 1811 b1ff | 85c0 0f84 | 8840 0000 | 4c8b 5c24 | 2045 8b93 | 9400 0000 | 4585 d20f | 8483 3b00 
  0x000002666de6e944: 004b 8d14 | d44c 8b84 | 24a8 0000 | 0066 6690 

  0x000002666de6e954: ;   {optimized virtual_call}
  0x000002666de6e954: c5f8 77e8 

  0x000002666de6e958: ; ImmutableOopMap {[240]=Oop [248]=Oop [32]=Oop [56]=Oop [88]=Oop [96]=Oop [104]=NarrowOop [144]=Oop [152]=Oop [160]=Oop [168]=Oop }
                      ;*invokevirtual shouldEntityAppearGlowing {reexecute=0 rethrow=0 return_oop=0}
                      ; - net.minecraft.client.renderer.LevelRenderer::renderLevel@1056 (line 1210)
  0x000002666de6e958: 2452 cdff | 85c0 0f85 | ac40 0000 | 488b 5424 | 2066 6690 

  0x000002666de6e96c: ;   {optimized virtual_call}
  0x000002666de6e96c: c5f8 77e8 

  0x000002666de6e970: ; ImmutableOopMap {[240]=Oop [248]=Oop [32]=Oop [56]=Oop [88]=Oop [96]=Oop [104]=NarrowOop [144]=Oop [152]=Oop [160]=Oop [168]=Oop }
                      ;*invokevirtual shouldShowEntityOutlines {reexecute=0 rethrow=0 return_oop=0}
                      ; - net.minecraft.client.renderer.LevelRenderer::renderLevel@1112 (line 1217)
  0x000002666de6e970: cc10 b1ff | 85c0 0f84 | ec40 0000 | 4c8b 4424 | 2045 8b98 | 9400 0000 

  0x000002666de6e988: ; implicit exception: dispatches to 0x000002666de74abc
  0x000002666de6e988: 478b 94dc | 6c01 0000 | 4d8b c249 | c1e0 0348 | 8b94 24a8 | 0000 0090 

  0x000002666de6e9a0: ;   {optimized virtual_call}
  0x000002666de6e9a0: c5f8 77e8 

  0x000002666de6e9a4: ; ImmutableOopMap {[240]=Oop [248]=Oop [32]=Oop [56]=Oop [88]=Oop [96]=Oop [104]=NarrowOop [144]=Oop [152]=Oop [160]=Oop [168]=Oop }
                      ;*invokevirtual hasCustomOutlineRendering {reexecute=0 rethrow=0 return_oop=0}
                      ; - net.minecraft.client.renderer.LevelRenderer::renderLevel@1127 (line 1217)
  0x000002666de6e9a4: 18e5 a5ff | 85c0 0f85 | 1041 0000 | 488b 5424 | 204c 8b84 | 24a8 0000 | 00c5 fb10 | 4424 70c5 
  0x000002666de6e9c4: fb10 4c24 | 78c5 fb10 | 9424 8000 | 0000 c5fa | 109c 2488 | 0000 004c | 8b4c 2460 | 488b bc24 
  0x000002666de6e9e4: 9000 0000 

  0x000002666de6e9e8: ;   {optimized virtual_call}
  0x000002666de6e9e8: c5f8 77e8 

  0x000002666de6e9ec: ; ImmutableOopMap {[240]=Oop [248]=Oop [32]=Oop [56]=Oop [88]=Oop [96]=Oop [104]=NarrowOop [144]=Oop [152]=Oop [160]=Oop }
                      ;*invokevirtual renderEntity {reexecute=0 rethrow=0 return_oop=0}
                      ; - net.minecraft.client.renderer.LevelRenderer::renderLevel@1153 (line 1223)
  0x000002666de6e9ec: d0df b9ff | e99b fdff 

  0x000002666de6e9f4: ;   {metadata('net/minecraft/client/multiplayer/ClientPacketListener$$Lambda$8914+0x0000026602160000')}
  0x000002666de6e9f4: ff41 81fb | 0000 1602 | 0f85 1641 | 0000 458b | 520c 438b | acd4 a401 | 0000 e96b | cbff ff45 
  0x000002666de6ea14: 8b5c 9d10 | 4585 db0f | 845a d1ff | ff4d 8b57 | 2049 8bcb | 48c1 e103 | 4d85 d20f | 8437 1b00 
  0x000002666de6ea34: 004d 8b5f | 304b 894c | 13f8 4983 | c2f8 4d89 | 5720 e930 | d1ff ff45 | 8b54 9d14 | 4585 d20f 
  0x000002666de6ea54: 8432 d1ff | ff4d 8b5f | 2049 8bca | 48c1 e103 | 4d85 db0f | 84b7 1a00 | 004d 8b57 | 304b 894c 
  0x000002666de6ea74: 1af8 4983 | c3f8 4d89 | 5f20 e908 | d1ff ff44 | 8974 2450 | 4489 5424 | 304d 8bf0 | 448b 54b3 
  0x000002666de6ea94: 1445 85d2 | 7425 4d8b | 5f20 498b | ca48 c1e1 | 034d 85db | 0f84 061b | 0000 4d8b | 5730 4b89 
  0x000002666de6eab4: 4c1a f849 | 83c3 f84d | 895f 204d | 8bc6 448b | 5424 3044 | 8b74 2450 | e9ba d4ff | ff44 8974 
  0x000002666de6ead4: 2450 4489 | 5424 304d | 8bf0 448b | 54b3 1045 | 85d2 7425 | 4d8b 5f20 | 498b ca48 | c1e1 034d 
  0x000002666de6eaf4: 85db 0f84 | d01a 0000 | 4d8b 5730 | 4b89 4c1a | f849 83c3 | f84d 895f | 204d 8bc6 | 448b 5424 
  0x000002666de6eb14: 3044 8b74 | 2450 e95c | d4ff ff33 | ede9 63df | ffff 33ed | e93a e8ff | ff41 8be9 | ffcd e925 
  0x000002666de6eb34: d5ff ff48 | 8944 2478 | 4489 5424 | 6844 895c | 2454 4c89 | 4c24 6044 | 8944 2450 | 4c89 6c24 
  0x000002666de6eb54: 404c 8974 | 2438 448b | 54b3 1045 | 85d2 0f84 | 76cb ffff | 4d8b 5f20 | 498b ca48 | c1e1 034d 
  0x000002666de6eb74: 85db 0f84 | 681a 0000 | 4d8b 5730 | 4b89 4c1a | f849 83c3 | f84d 895f | 20e9 4ccb | ffff 4588 
  0x000002666de6eb94: 64cc 2445 | 8b44 cc28 | 4589 64cc | 1c43 8b6c | c40c 85ed | 0f86 38cd | ffff 8bdd | ffcb 3bdd 
  0x000002666de6ebb4: 0f83 8240 | 0000 49c1 | e003 458b | d041 c1ea | 0341 83e2 | 03bb 0100 | 0000 412b | da83 e303 
  0x000002666de6ebd4: ffc3 3bdd | 0f4f dd33 | ff4d 8964 | f810 448b | d741 ffc2 | 443b d37d | 0541 8bfa | ebeb 8bdd 
  0x000002666de6ebf4: 83c3 f944 | 3bd3 0f8d | 6840 0000 | ffc7 8bf5 | 2bf7 83c6 | f933 d23b | df0f 4cf2 | 81fe 401f 
  0x000002666de6ec14: 0000 41ba | 401f 0000 | 410f 47f2 | 03f7 c4c1 | 7e7f 4cf8 | 10c4 c17e | 7f4c f830 | 83c7 083b 
  0x000002666de6ec34: fe7c eb49 | 8bb7 5803 

  0x000002666de6ec3c: ; ImmutableOopMap {r11=Oop r8=Oop r9=Oop rcx=NarrowOop r14=Oop [240]=Oop [248]=Oop [32]=Oop [40]=Oop [72]=Oop [88]=Oop [112]=Oop }
                      ;*goto {reexecute=1 rethrow=0 return_oop=0}
                      ; - (reexecute) java.util.Arrays::fill@19 (line 3146)
                      ; - it.unimi.dsi.fastutil.longs.LongOpenHashSet::clear@23 (line 490)
                      ; - net.minecraft.world.level.lighting.LightEngine::runLightUpdates@34 (line 146)
                      ; - net.minecraft.world.level.lighting.LevelLightEngine::runLightUpdates@14 (line 48)
                      ; - net.minecraft.client.renderer.LevelRenderer::renderLevel@97 (line 1124)
                      ;   {poll}
  0x000002666de6ec3c: 0000 8506 | 3bfb 7cbe | 448b d541 | 83c2 fd41 | 3bfa 7d0f | c4c1 7e7f | 4cf8 1083 | c704 413b 
  0x000002666de6ec5c: fa7c f13b | fd0f 8d7f | ccff ff90 | 4d89 64f8 | 10ff c73b | fd7c f5e9 | 6ecc ffff | 4588 64cc 
  0x000002666de6ec7c: 2441 8b5c | cc28 4589 | 64cc 1c41 | 8b6c dc0c | 85ed 0f86 | 8cd0 ffff | 448b dd41 | ffcb 443b 
  0x000002666de6ec9c: dd0f 83cd | 3f00 0044 | 8bc1 4d8b | d149 8d3c | dc44 8bcf | 41c1 e903 | 4183 e103 | b901 0000 
  0x000002666de6ecbc: 0041 2bc9 | 83e1 03ff | c13b cd0f | 4fcd 4533 | db4e 8964 | df10 418b | dbff c33b | d97d 0544 
  0x000002666de6ecdc: 8bdb ebed | 8bd5 83c2 | f93b da0f | 8da3 3f00 | 0041 ffc3 | 8bcd 412b | cb83 c1f9 | 4533 c941 
  0x000002666de6ecfc: 3bd3 410f | 4cc9 81f9 | 401f 0000 | bb40 1f00 | 000f 47cb | 4103 cb66 | 0f1f 8400 | 0000 0000 
  0x000002666de6ed1c: 6666 6690 | c5fe 6f84 | 2490 0000 | 00c4 a17e | 7f44 df10 | c4a1 7e7f | 44df 3041 | 83c3 0844 
  0x000002666de6ed3c: 3bd9 7ce0 | 4d8b 8f58 

  0x000002666de6ed44: ; ImmutableOopMap {r10=Oop r8=NarrowOop rdi=Oop [240]=Oop [248]=Oop [32]=Oop [40]=Oop [56]=Oop [72]=Oop [88]=Oop [112]=Oop }
                      ;*goto {reexecute=1 rethrow=0 return_oop=0}
                      ; - (reexecute) java.util.Arrays::fill@19 (line 3146)
                      ; - it.unimi.dsi.fastutil.longs.LongOpenHashSet::clear@23 (line 490)
                      ; - net.minecraft.world.level.lighting.LightEngine::runLightUpdates@34 (line 146)
                      ; - net.minecraft.world.level.lighting.LevelLightEngine::runLightUpdates@31 (line 52)
                      ; - net.minecraft.client.renderer.LevelRenderer::renderLevel@97 (line 1124)
                      ;   {poll}
  0x000002666de6ed44: 0300 0041 | 8501 443b | da7c a144 | 8bcd 4183 | c1fd 453b | d97d 1190 | c4a1 7e7f | 44df 1041 
  0x000002666de6ed64: 83c3 0445 | 3bd9 7cf0 | 443b dd7d | 1066 6690 | 4e89 64df | 1041 ffc3 | 443b dd7c | f34d 8bca 
  0x000002666de6ed84: 418b c8e9 | 94cf ffff 

  0x000002666de6ed8c: ; implicit exception: dispatches to 0x000002666de74f00
  0x000002666de6ed8c: 450f be44 | d410 458b | 5cd4 144d | 8d34 ec4f | 8d14 dc4b | 8d5c dc10 | c4e1 f96e | c144 898c 
  0x000002666de6edac: 248c 0000 | 00c4 e1f9 | 6ecb eb22 | 0f1f 8400 | 0000 0000 | 498b 8f58 | 0300 0045 

  0x000002666de6edc8: ; ImmutableOopMap {r10=Oop r11=NarrowOop r9=NarrowOop rdx=NarrowOop r13=NarrowOop xmm0=Oop xmm1=Derived_oop_r10 [240]=Oop [248]=Oop [40]=Oop [56]=Oop [88]=Oop [96]=Oop [104]=NarrowOop [152]=Oop }
                      ;*ifnonnull {reexecute=1 rethrow=0 return_oop=0}
                      ; - (reexecute) java.util.HashMap::getNode@145 (line 579)
                      ; - java.util.HashMap::get@2 (line 556)
                      ; - net.minecraft.client.resources.model.AtlasSet::getAtlas@5 (line 30)
                      ; - net.minecraft.client.resources.model.ModelManager::getAtlas@23 (line 232)
                      ; - net.minecraft.client.renderer.LevelRenderer::renderLevel@570 (line 1167)
                      ;   {poll}
  0x000002666de6edc8: 8b4e 1885 | 0145 85c9 | 0f84 763b | 0000 4f8d | 34cc 418b | 4e0c 3b8c | 248c 0000 | 0075 d945 
  0x000002666de6ede8: ;   {oop(a 'net/minecraft/resources/ResourceLocation'{0x000000074bbd85e0})}
  0x000002666de6ede8: 8b4e 1041 | 81f9 bcb0 | 77e9 0f84 | 6602 0000 

  0x000002666de6edf8: ; implicit exception: dispatches to 0x000002666de74d14
  0x000002666de6edf8: 438b 4ccc | 0848 bb00 | 0000 0066 | 0200 0048 | 03d9 488b 

  0x000002666de6ee0c: ;   {metadata('net/minecraft/resources/ResourceLocation')}
  0x000002666de6ee0c: 4b38 48bb | d027 4501 | 6602 0000 | 483b cb0f | 8522 0500 | 00bd 0100 | 0000 483b | cb0f 8521 
  0x000002666de6ee2c: 3a00 004b | 8d2c cc8b | 5d0c 3bd3 | 0f84 0201 | 0000 85db | 0f84 7aff | ffff 450f | be4c dc10 
  0x000002666de6ee4c: 453b c10f | 856b ffff | ff43 8b4c | dc0c 458b | 4cdc 1443 | 8b7c cc0c | 3bcf 0f85 | 54ff ffff 
  0x000002666de6ee6c: 4b8d 1ccc | 4b8d 74cc | 10c4 e1f9 | 7ecf 85c9 | 0f84 a500 | 0000 8bc1 | 83e0 1f83 | e1e0 0f84 
  0x000002666de6ee8c: 4b00 0000 | 488d 3c0f | 488d 340e | 48f7 d9c5 | fe6f 140f | c5fe 6f1c | 0ec5 edef | d3c4 e27d 
  0x000002666de6eeac: 17d2 0f85 | 7a00 0000 | 4883 c120 | 75e1 85c0 | 0f84 6500 | 0000 c5fe | 6f54 07e0 | c5fe 6f5c 
  0x000002666de6eecc: 06e0 c5ed | efd3 c4e2 | 7d17 d275 | 55eb 4c8b | c883 e1fc | 7419 488d | 3c0f 488d | 340e 48f7 
  0x000002666de6eeec: d98b 1c0f | 3b1c 0e75 | 3948 83c1 | 0475 f2f7 | c002 0000 | 0074 120f | b71f 0fb7 | 0e3b d975 
  0x000002666de6ef0c: 2148 8d7f | 0248 8d76 | 02f7 c001 | 0000 0074 | 0a0f b61f | 0fb6 0e3b | d975 07b8 | 0100 0000 
  0x000002666de6ef2c: eb02 33c0 | c5ed efd2 | c5e5 efdb | 85c0 0f84 | 80fe ffff | 8b6d 1043 | 0fbe 4cec | 1044 3bed 
  0x000002666de6ef4c: 0f84 0c01 | 0000 85ed | 0f84 66fe | ffff 450f | be4c ec10 | 413b c90f | 8557 feff | ff41 8b5c 
  0x000002666de6ef6c: ec14 438b | 7cec 1445 | 8b4c dc0c | 418b 4cfc | 0c41 3bc9 | 0f85 3afe | ffff 4d8d | 0cdc 498d 
  0x000002666de6ef8c: 74dc 104d | 8d0c fc49 | 8d7c fc10 | 85c9 0f84 | a500 0000 | 8bc1 83e0 | 1f83 e1e0 | 0f84 4b00 
  0x000002666de6efac: 0000 488d | 3c0f 488d | 340e 48f7 | d9c5 fe6f | 1c0f c5fe | 6f14 0ec5 | e5ef dac4 | e27d 17db 
  0x000002666de6efcc: 0f85 7a00 | 0000 4883 | c120 75e1 | 85c0 0f84 | 6500 0000 | c5fe 6f5c | 07e0 c5fe | 6f54 06e0 
  0x000002666de6efec: c5e5 efda | c4e2 7d17 | db75 55eb | 4c8b c883 | e1fc 7419 | 488d 3c0f | 488d 340e | 48f7 d98b 
  0x000002666de6f00c: 1c0f 3b1c | 0e75 3948 | 83c1 0475 | f2f7 c002 | 0000 0074 | 120f b71f | 0fb7 0e3b | d975 2148 
  0x000002666de6f02c: 8d7f 0248 | 8d76 02f7 | c001 0000 | 0074 0a0f | b61f 0fb6 | 0e3b d975 | 07b8 0100 | 0000 eb02 
  0x000002666de6f04c: 33c0 c5e5 | efdb c5ed | efd2 85c0 | 0f84 62fd | ffff c4e1 | f97e c1e9 | 0bdd ffff 

  0x000002666de6f068: ; implicit exception: dispatches to 0x000002666de74f48
  0x000002666de6f068: 470f be5c | c410 478b | 4cc4 144d | 8d14 ecc4 | c1f9 6ec2 | 4f8d 2ccc | 4f8d 54cc | 10c4 c1f9 
  0x000002666de6f088: 6eca eb27 | 0f1f 4000 | 4d8b 9758 | 0300 00c4 | e1f9 7ec1 

  0x000002666de6f09c: ; ImmutableOopMap {r8=NarrowOop r9=NarrowOop rcx=NarrowOop rdx=NarrowOop r13=Oop xmm1=Derived_oop_r13 [240]=Oop [248]=Oop [32]=Oop [56]=Oop [88]=Oop [96]=Oop [104]=NarrowOop [152]=Oop [176]=Oop }
                      ;*ifnonnull {reexecute=1 rethrow=0 return_oop=0}
                      ; - (reexecute) java.util.HashMap::getNode@145 (line 579)
                      ; - java.util.HashMap::get@2 (line 556)
                      ; - net.minecraft.client.resources.model.AtlasSet::getAtlas@5 (line 30)
                      ; - net.minecraft.client.resources.model.ModelManager::getAtlas@23 (line 232)
                      ; - net.minecraft.client.renderer.LevelRenderer::renderLevel@630 (line 1169)
                      ;   {poll}
  0x000002666de6f09c: 8b49 1841 | 8502 85c9 | 0f84 ee33 | 0000 4d8d | 14cc c4c1 | f96e c2c4 | c1f9 7ec2 | 458b 520c 
  0x000002666de6f0bc: 453b d675 | cfc4 c1f9 | 7ec2 458b 

  0x000002666de6f0c8: ;   {oop(a 'net/minecraft/resources/ResourceLocation'{0x000000074bbd85e0})}
  0x000002666de6f0c8: 5210 4181 | fabc b077 | e90f 842f | e5ff ff43 | 8b5c d408 | 48b9 0000 | 0000 6602 | 0000 4803 
  0x000002666de6f0e8: cb48 8b59 

  0x000002666de6f0ec: ;   {metadata('net/minecraft/resources/ResourceLocation')}
  0x000002666de6f0ec: 3848 b9d0 | 2745 0166 | 0200 0048 | 3bd9 0f85 | 4a02 0000 | bd01 0000 | 0048 3bd9 | 0f85 9637 
  0x000002666de6f10c: 0000 4b8d | 2cd4 448b | 550c 453b | c20f 8403 | 0100 0045 | 85d2 0f84 | 68ff ffff | 430f be5c 
  0x000002666de6f12c: d410 443b | db0f 8559 | ffff ff43 | 8b4c cc0c | 478b 54d4 | 1443 8b7c | d40c 3bcf | 0f85 42ff 
  0x000002666de6f14c: ffff 4b8d | 1cd4 4b8d | 74d4 10c4 | e1f9 7ecf | 85c9 0f84 | a500 0000 | 8bc1 83e0 | 1f83 e1e0 
  0x000002666de6f16c: 0f84 4b00 | 0000 488d | 3c0f 488d | 340e 48f7 | d9c5 fe6f | 140f c5fe | 6f1c 0ec5 | edef d3c4 
  0x000002666de6f18c: e27d 17d2 | 0f85 7a00 | 0000 4883 | c120 75e1 | 85c0 0f84 | 6500 0000 | c5fe 6f54 | 07e0 c5fe 
  0x000002666de6f1ac: 6f5c 06e0 | c5ed efd3 | c4e2 7d17 | d275 55eb | 4c8b c883 | e1fc 7419 | 488d 3c0f | 488d 340e 
  0x000002666de6f1cc: 48f7 d98b | 1c0f 3b1c | 0e75 3948 | 83c1 0475 | f2f7 c002 | 0000 0074 | 120f b71f | 0fb7 0e3b 
  0x000002666de6f1ec: d975 2148 | 8d7f 0248 | 8d76 02f7 | c001 0000 | 0074 0a0f | b61f 0fb6 | 0e3b d975 | 07b8 0100 
  0x000002666de6f20c: 0000 eb02 | 33c0 c5ed | efd2 c5e5 | efdb 85c0 | 0f84 6efe | ffff 8b6d | 1045 0fbe | 54d4 103b 
  0x000002666de6f22c: d50f 84d3 | e3ff ff85 | ed0f 8455 | feff ff41 | 0fbe 5cec | 1044 3bd3 | 0f85 46fe | ffff 458b 
  0x000002666de6f24c: 54ec 1441 | 8b7c d414 | 438b 5cd4 | 0c41 8b4c | fc0c 3bcb | 0f85 2afe | ffff 4b8d | 1cd4 4b8d 
  0x000002666de6f26c: 74d4 104d | 8d14 fc49 | 8d7c fc10 | 85c9 0f84 | a500 0000 | 8bc1 83e0 | 1f83 e1e0 | 0f84 4b00 
  0x000002666de6f28c: 0000 488d | 3c0f 488d | 340e 48f7 | d9c5 fe6f | 1c0f c5fe | 6f14 0ec5 | e5ef dac4 | e27d 17db 
  0x000002666de6f2ac: 0f85 7a00 | 0000 4883 | c120 75e1 | 85c0 0f84 | 6500 0000 | c5fe 6f5c | 07e0 c5fe | 6f54 06e0 
  0x000002666de6f2cc: c5e5 efda | c4e2 7d17 | db75 55eb | 4c8b c883 | e1fc 7419 | 488d 3c0f | 488d 340e | 48f7 d98b 
  0x000002666de6f2ec: 1c0f 3b1c | 0e75 3948 | 83c1 0475 | f2f7 c002 | 0000 0074 | 120f b71f | 0fb7 0e3b | d975 2148 
  0x000002666de6f30c: 8d7f 0248 | 8d76 02f7 | c001 0000 | 0074 0a0f | b61f 0fb6 | 0e3b d975 | 07b8 0100 | 0000 eb02 
  0x000002666de6f32c: 33c0 c5e5 | efdb c5ed | efd2 85c0 | 0f84 52fd | ffff e9c3 | e2ff ff33 | ede9 dcfa | ffff 33ed 
  0x000002666de6f34c: e9b4 fdff | ff48 8bef | 4c89 4424 | 6048 ffb4 | 24f8 0000 | 0048 8f44 | 2438 4489 | 5c24 68e9 
  0x000002666de6f36c: 69d2 ffff | 8bd5 ffca | 3bd5 0f83 | 1c39 0000 | 33c9 6690 

  0x000002666de6f380: ;   {oop(a 'net/minecraftforge/eventbus/EventBus'{0x000000074bbe0050})}
  0x000002666de6f380: 48ba 5000 | be4b 0700 | 0000 0fb6 | 5210 85d2 | 0f84 0e0e | 0000 4c89 | 9424 a000 | 0000 4889 
  0x000002666de6f3a0: 7424 6844 | 895c 2460 | 4c89 4c24 | 384c 8944 | 2420 4889 | bc24 f800 | 0000 448b | 548b 1089 
  0x000002666de6f3c0: 4c24 6448 | 899c 24a8 | 0000 0049 | 8bd2 48c1 | e203 4c8b | 8424 a000 | 0000 c5f8 | 7748 b8ff 
  0x000002666de6f3e0: ffff ffff 

  0x000002666de6f3e4: ;   {virtual_call}
  0x000002666de6f3e4: ffff ffe8 

  0x000002666de6f3e8: ; ImmutableOopMap {[240]=Oop [248]=Oop [32]=Oop [40]=Oop [56]=Oop [88]=Oop [96]=NarrowOop [104]=Oop [152]=Oop [160]=Oop [168]=Oop }
                      ;*invokeinterface invoke {reexecute=0 rethrow=0 return_oop=0}
                      ; - net.minecraftforge.eventbus.EventBus$$Lambda$4757/0x0000026601bbd100::invoke@2
                      ; - net.minecraftforge.eventbus.EventBus::post@107 (line 315)
                      ; - net.minecraftforge.eventbus.EventBus::post@7 (line 296)
                      ; - net.minecraftforge.client.ForgeHooksClient::dispatchRenderStage@48 (line 288)
                      ; - net.minecraft.client.renderer.LevelRenderer::renderLevel@456 (line 1158)
  0x000002666de6f3e8: 9422 55fe | 488b bc24 | f800 0000 | 4c8b 4424 | 204c 8b4c | 2438 448b | 5c24 6048 | 8b74 2468 
  0x000002666de6f408: 4c8b 9424 | a000 0000 | 488b 9c24 | a800 0000 | 8b4c 2464 | ffc1 3bcd | 0f8c 5aff | ffff e99c 
  0x000002666de6f428: d1ff ff48 | 894c 2420 | 4c89 8424 | b000 0000 | e995 daff | ff48 894c | 2428 e9f4 | e2ff ff33 
  0x000002666de6f448: c0e9 32d4 | ffff 33c0 | e9af d5ff | ff33 c0e9 | cfdc ffff | 33c0 e94a | deff ff33 | c0e9 23d4 
  0x000002666de6f468: ffff 33c0 | e9cf dcff | ff45 33d2 | 85db 0f84 | 7c38 0000 | 4489 9424 | 8000 0000 | 894c 247c 
  0x000002666de6f488: 897c 2478 | c5fa 1144 | 2430 c5fe | 7f8c 2490 | 0000 004c | 894c 2468 | 4c89 5c24 | 604c 896c 
  0x000002666de6f4a8: 2450 48ff | 7424 4848 | 8f44 2440 | 4c89 7424 | 3848 8b6c | 2420 498d | 14dc 6690 

  0x000002666de6f4c4: ;   {optimized virtual_call}
  0x000002666de6f4c4: c5f8 77e8 

  0x000002666de6f4c8: ; ImmutableOopMap {rbp=Oop [240]=Oop [248]=Oop [40]=Oop [56]=Oop [64]=Oop [88]=Oop [96]=Oop [104]=Oop [112]=Oop }
                      ;*invokevirtual dequeueLong {reexecute=0 rethrow=0 return_oop=0}
                      ; - net.minecraft.world.level.lighting.LightEngine::propagateIncreases@16 (line 160)
                      ; - net.minecraft.world.level.lighting.LightEngine::runLightUpdates@59 (line 150)
                      ; - net.minecraft.world.level.lighting.LevelLightEngine::runLightUpdates@14 (line 48)
                      ; - net.minecraft.client.renderer.LevelRenderer::renderLevel@97 (line 1124)
  0x000002666de6f4c8: b41e 55fe | 4889 4424 | 484c 8b54 | 2468 458b | 5a1c 4585 | db0f 8441 | 3800 004c | 8954 2420 
  0x000002666de6f4e8: 4b8d 14dc 

  0x000002666de6f4ec: ;   {optimized virtual_call}
  0x000002666de6f4ec: c5f8 77e8 

  0x000002666de6f4f0: ; ImmutableOopMap {rbp=Oop [240]=Oop [248]=Oop [32]=Oop [40]=Oop [56]=Oop [64]=Oop [88]=Oop [96]=Oop [112]=Oop }
                      ;*invokevirtual dequeueLong {reexecute=0 rethrow=0 return_oop=0}
                      ; - net.minecraft.world.level.lighting.LightEngine::propagateIncreases@24 (line 161)
                      ; - net.minecraft.world.level.lighting.LightEngine::runLightUpdates@59 (line 150)
                      ; - net.minecraft.world.level.lighting.LevelLightEngine::runLightUpdates@14 (line 48)
                      ; - net.minecraft.client.renderer.LevelRenderer::renderLevel@97 (line 1124)
  0x000002666de6f4f0: 8c1e 55fe | 4889 4424 | 684c 8b5c | 2420 458b | 5310 4585 | d20f 8445 | 3800 004c | 899c 24b0 
  0x000002666de6f510: 0000 004b | 8d14 d44c | 8b44 2448 

  0x000002666de6f51c: ;   {optimized virtual_call}
  0x000002666de6f51c: c5f8 77e8 

  0x000002666de6f520: ; ImmutableOopMap {rbp=Oop [240]=Oop [248]=Oop [40]=Oop [56]=Oop [64]=Oop [88]=Oop [96]=Oop [112]=Oop [176]=Oop }
                      ;*invokevirtual getStoredLevel {reexecute=0 rethrow=0 return_oop=0}
                      ; - net.minecraft.world.level.lighting.LightEngine::propagateIncreases@34 (line 162)
                      ; - net.minecraft.world.level.lighting.LightEngine::runLightUpdates@59 (line 150)
                      ; - net.minecraft.world.level.lighting.LevelLightEngine::runLightUpdates@14 (line 48)
                      ; - net.minecraft.client.renderer.LevelRenderer::renderLevel@97 (line 1124)
  0x000002666de6f520: 5c1e 55fe | 8944 2420 | 488b 5424 | 6866 6690 

  0x000002666de6f530: ;   {static_call}
  0x000002666de6f530: c5f8 77e8 

  0x000002666de6f534: ; ImmutableOopMap {rbp=Oop [240]=Oop [248]=Oop [40]=Oop [56]=Oop [64]=Oop [88]=Oop [96]=Oop [112]=Oop [176]=Oop }
                      ;*invokestatic getFromLevel {reexecute=0 rethrow=0 return_oop=0}
                      ; - net.minecraft.world.level.lighting.LightEngine::propagateIncreases@41 (line 163)
                      ; - net.minecraft.world.level.lighting.LightEngine::runLightUpdates@59 (line 150)
                      ; - net.minecraft.world.level.lighting.LevelLightEngine::runLightUpdates@14 (line 48)
                      ; - net.minecraft.client.renderer.LevelRenderer::renderLevel@97 (line 1124)
  0x000002666de6f534: 4824 55fe | 8984 2484 | 0000 0048 | 8b54 2468 

  0x000002666de6f544: ;   {static_call}
  0x000002666de6f544: c5f8 77e8 

  0x000002666de6f548: ; ImmutableOopMap {rbp=Oop [240]=Oop [248]=Oop [40]=Oop [56]=Oop [64]=Oop [88]=Oop [96]=Oop [112]=Oop [176]=Oop }
                      ;*invokestatic isIncreaseFromEmission {reexecute=0 rethrow=0 return_oop=0}
                      ; - net.minecraft.world.level.lighting.LightEngine::propagateIncreases@48 (line 164)
                      ; - net.minecraft.world.level.lighting.LightEngine::runLightUpdates@59 (line 150)
                      ; - net.minecraft.world.level.lighting.LevelLightEngine::runLightUpdates@14 (line 48)
                      ; - net.minecraft.client.renderer.LevelRenderer::renderLevel@97 (line 1124)
  0x000002666de6f548: 3424 55fe | 85c0 0f84 | 720c 0000 | 448b 5424 | 2044 3b94 | 2484 0000 | 000f 8de8 | 0000 004c 
  0x000002666de6f568: 8b94 24b0 | 0000 0045 | 8b5a 1045 | 85db 0f84 | f83a 0000 | 4b8d 14dc | 4c8b 4424 | 4844 8b8c 
  0x000002666de6f588: 2484 0000 | 0066 6690 

  0x000002666de6f590: ;   {optimized virtual_call}
  0x000002666de6f590: c5f8 77e8 

  0x000002666de6f594: ; ImmutableOopMap {rbp=Oop [240]=Oop [248]=Oop [40]=Oop [56]=Oop [64]=Oop [88]=Oop [96]=Oop [112]=Oop [176]=Oop }
                      ;*invokevirtual setStoredLevel {reexecute=0 rethrow=0 return_oop=0}
                      ; - net.minecraft.world.level.lighting.LightEngine::propagateIncreases@68 (line 165)
                      ; - net.minecraft.world.level.lighting.LightEngine::runLightUpdates@59 (line 150)
                      ; - net.minecraft.world.level.lighting.LevelLightEngine::runLightUpdates@14 (line 48)
                      ; - net.minecraft.client.renderer.LevelRenderer::renderLevel@97 (line 1124)
  0x000002666de6f594: e81d 55fe | 8b9c 2484 | 0000 0044 | 8b54 2478 

  0x000002666de6f5a4: ;   {metadata('net/minecraft/world/level/lighting/BlockLightEngine')}
  0x000002666de6f5a4: 4181 fab8 | 5bfe 010f | 85df 3900 | 004c 8b94 | 24b0 0000 | 0049 8bd2 | 4c8b 4424 | 484c 8b4c 
  0x000002666de6f5c4: 2468 8bfb | 4c89 9424 | b800 0000 

  0x000002666de6f5d0: ;   {optimized virtual_call}
  0x000002666de6f5d0: c5f8 77e8 

  0x000002666de6f5d4: ; ImmutableOopMap {rbp=Oop [240]=Oop [248]=Oop [40]=Oop [56]=Oop [64]=Oop [88]=Oop [96]=Oop [112]=Oop [176]=Oop [184]=Oop }
                      ;*invokevirtual propagateIncrease {reexecute=0 rethrow=0 return_oop=0}
                      ; - net.minecraft.world.level.lighting.LightEngine::propagateIncreases@88 (line 170)
                      ; - net.minecraft.world.level.lighting.LightEngine::runLightUpdates@59 (line 150)
                      ; - net.minecraft.world.level.lighting.LevelLightEngine::runLightUpdates@14 (line 48)
                      ; - net.minecraft.client.renderer.LevelRenderer::renderLevel@97 (line 1124)
  0x000002666de6f5d4: a81d 55fe | 4d8b 9f58 | 0300 004c | 8b8c 24b0 | 0000 0041 | 8b59 1c44 | 8b94 2480 | 0000 0041 
  0x000002666de6f5f4: ; ImmutableOopMap {r9=Oop rbx=NarrowOop rbp=Oop [240]=Oop [248]=Oop [40]=Oop [56]=Oop [64]=Oop [88]=Oop [96]=Oop [112]=Oop }
                      ;*goto {reexecute=1 rethrow=0 return_oop=0}
                      ; - (reexecute) net.minecraft.world.level.lighting.LightEngine::propagateIncreases@94 (line 159)
                      ; - net.minecraft.world.level.lighting.LightEngine::runLightUpdates@59 (line 150)
                      ; - net.minecraft.world.level.lighting.LevelLightEngine::runLightUpdates@14 (line 48)
                      ; - net.minecraft.client.renderer.LevelRenderer::renderLevel@97 (line 1124)
                      ;   {poll}
  0x000002666de6f5f4: ffc2 4185 | 0345 8b5c | dc14 452b | 5cdc 1041 | 8bcb c1f9 | 1f41 234c | dc0c 4103 | cb85 c90f 
  0x000002666de6f614: 852f 1000 | 0048 896c | 2420 4c8b | 7424 3848 | ff74 2440 | 488f 4424 | 484c 8b6c | 2450 4c8b 
  0x000002666de6f634: 5c24 60c5 | fe6f 8c24 | 9000 0000 | c5fa 1044 | 2430 8b4c | 247c e962 | c3ff ff44 | 3b94 2484 
  0x000002666de6f654: 0000 000f | 857b ffff | ff41 8bda | e93a ffff | ff45 33db | 4585 d20f | 840b 3700 | 0044 895c 
  0x000002666de6f674: 2468 4b8d | 14d4 6690 

  0x000002666de6f67c: ;   {optimized virtual_call}
  0x000002666de6f67c: c5f8 77e8 

  0x000002666de6f680: ; ImmutableOopMap {[240]=Oop [248]=Oop [32]=Oop [40]=Oop [56]=Oop [72]=Oop [80]=Oop [88]=Oop [112]=Oop }
                      ;*invokevirtual dequeueLong {reexecute=0 rethrow=0 return_oop=0}
                      ; - net.minecraft.world.level.lighting.LightEngine::propagateIncreases@16 (line 160)
                      ; - net.minecraft.world.level.lighting.LightEngine::runLightUpdates@59 (line 150)
                      ; - net.minecraft.world.level.lighting.LevelLightEngine::runLightUpdates@31 (line 52)
                      ; - net.minecraft.client.renderer.LevelRenderer::renderLevel@97 (line 1124)
  0x000002666de6f680: fc1c 55fe | 4889 4424 | 784c 8b5c | 2450 458b | 531c 4585 | d20f 8411 | 3700 004b | 8d14 d490 
  0x000002666de6f6a0: ;   {optimized virtual_call}
  0x000002666de6f6a0: c5f8 77e8 

  0x000002666de6f6a4: ; ImmutableOopMap {[240]=Oop [248]=Oop [32]=Oop [40]=Oop [56]=Oop [72]=Oop [80]=Oop [88]=Oop [112]=Oop }
                      ;*invokevirtual dequeueLong {reexecute=0 rethrow=0 return_oop=0}
                      ; - net.minecraft.world.level.lighting.LightEngine::propagateIncreases@24 (line 161)
                      ; - net.minecraft.world.level.lighting.LightEngine::runLightUpdates@59 (line 150)
                      ; - net.minecraft.world.level.lighting.LevelLightEngine::runLightUpdates@31 (line 52)
                      ; - net.minecraft.client.renderer.LevelRenderer::renderLevel@97 (line 1124)
  0x000002666de6f6a4: d81c 55fe | 4889 8424 | 8000 0000 | 4c8b 5424 | 5045 8b5a | 1045 85db | 0f84 1a37 | 0000 4b8d 
  0x000002666de6f6c4: 14dc 4c8b | 4424 7890 

  0x000002666de6f6cc: ;   {optimized virtual_call}
  0x000002666de6f6cc: c5f8 77e8 

  0x000002666de6f6d0: ; ImmutableOopMap {[240]=Oop [248]=Oop [32]=Oop [40]=Oop [56]=Oop [72]=Oop [80]=Oop [88]=Oop [112]=Oop }
                      ;*invokevirtual getStoredLevel {reexecute=0 rethrow=0 return_oop=0}
                      ; - net.minecraft.world.level.lighting.LightEngine::propagateIncreases@34 (line 162)
                      ; - net.minecraft.world.level.lighting.LightEngine::runLightUpdates@59 (line 150)
                      ; - net.minecraft.world.level.lighting.LevelLightEngine::runLightUpdates@31 (line 52)
                      ; - net.minecraft.client.renderer.LevelRenderer::renderLevel@97 (line 1124)
  0x000002666de6f6d0: ac1c 55fe | 8944 2430 | 488b 9424 | 8000 0000 

  0x000002666de6f6e0: ;   {static_call}
  0x000002666de6f6e0: c5f8 77e8 

  0x000002666de6f6e4: ; ImmutableOopMap {[240]=Oop [248]=Oop [32]=Oop [40]=Oop [56]=Oop [72]=Oop [80]=Oop [88]=Oop [112]=Oop }
                      ;*invokestatic getFromLevel {reexecute=0 rethrow=0 return_oop=0}
                      ; - net.minecraft.world.level.lighting.LightEngine::propagateIncreases@41 (line 163)
                      ; - net.minecraft.world.level.lighting.LightEngine::runLightUpdates@59 (line 150)
                      ; - net.minecraft.world.level.lighting.LevelLightEngine::runLightUpdates@31 (line 52)
                      ; - net.minecraft.client.renderer.LevelRenderer::renderLevel@97 (line 1124)
  0x000002666de6f6e4: 9822 55fe | 8944 246c | 488b 9424 | 8000 0000 

  0x000002666de6f6f4: ;   {static_call}
  0x000002666de6f6f4: c5f8 77e8 

  0x000002666de6f6f8: ; ImmutableOopMap {[240]=Oop [248]=Oop [32]=Oop [40]=Oop [56]=Oop [72]=Oop [80]=Oop [88]=Oop [112]=Oop }
                      ;*invokestatic isIncreaseFromEmission {reexecute=0 rethrow=0 return_oop=0}
                      ; - net.minecraft.world.level.lighting.LightEngine::propagateIncreases@48 (line 164)
                      ; - net.minecraft.world.level.lighting.LightEngine::runLightUpdates@59 (line 150)
                      ; - net.minecraft.world.level.lighting.LevelLightEngine::runLightUpdates@31 (line 52)
                      ; - net.minecraft.client.renderer.LevelRenderer::renderLevel@97 (line 1124)
  0x000002666de6f6f8: 8422 55fe | 85c0 0f84 | dd0a 0000 | 448b 5424 | 3044 3b54 | 246c 0f8d | a100 0000 | 4c8b 5424 
  0x000002666de6f718: 5045 8b5a | 1045 85db | 0f84 7a39 | 0000 4b8d | 14dc 4c8b | 4424 7844 | 8b4c 246c 

  0x000002666de6f734: ;   {optimized virtual_call}
  0x000002666de6f734: c5f8 77e8 

  0x000002666de6f738: ; ImmutableOopMap {[240]=Oop [248]=Oop [32]=Oop [40]=Oop [56]=Oop [72]=Oop [80]=Oop [88]=Oop [112]=Oop }
                      ;*invokevirtual setStoredLevel {reexecute=0 rethrow=0 return_oop=0}
                      ; - net.minecraft.world.level.lighting.LightEngine::propagateIncreases@68 (line 165)
                      ; - net.minecraft.world.level.lighting.LightEngine::runLightUpdates@59 (line 150)
                      ; - net.minecraft.world.level.lighting.LevelLightEngine::runLightUpdates@31 (line 52)
                      ; - net.minecraft.client.renderer.LevelRenderer::renderLevel@97 (line 1124)
  0x000002666de6f738: 441c 55fe | 8b5c 246c 

  0x000002666de6f740: ;   {metadata('net/minecraft/world/level/lighting/SkyLightEngine')}
  0x000002666de6f740: 81fd 105f | fe01 0f85 | b838 0000 | 4c8b 5424 | 5049 8bd2 | 4c8b 4424 | 784c 8b8c | 2480 0000 
  0x000002666de6f760: 008b fb4c | 8954 2478 

  0x000002666de6f768: ;   {optimized virtual_call}
  0x000002666de6f768: c5f8 77e8 

  0x000002666de6f76c: ; ImmutableOopMap {[240]=Oop [248]=Oop [32]=Oop [40]=Oop [56]=Oop [72]=Oop [80]=Oop [88]=Oop [112]=Oop [120]=Oop }
                      ;*invokevirtual propagateIncrease {reexecute=0 rethrow=0 return_oop=0}
                      ; - net.minecraft.world.level.lighting.LightEngine::propagateIncreases@88 (line 170)
                      ; - net.minecraft.world.level.lighting.LightEngine::runLightUpdates@59 (line 150)
                      ; - net.minecraft.world.level.lighting.LevelLightEngine::runLightUpdates@31 (line 52)
                      ; - net.minecraft.client.renderer.LevelRenderer::renderLevel@97 (line 1124)
  0x000002666de6f76c: 101c 55fe | 4c8b 5424 | 5045 8b5a | 1c4d 8b97 | 5803 0000 | 448b 4424 

  0x000002666de6f784: ; ImmutableOopMap {r11=NarrowOop [240]=Oop [248]=Oop [32]=Oop [40]=Oop [56]=Oop [72]=Oop [80]=Oop [88]=Oop [112]=Oop }
                      ;*goto {reexecute=1 rethrow=0 return_oop=0}
                      ; - (reexecute) net.minecraft.world.level.lighting.LightEngine::propagateIncreases@94 (line 159)
                      ; - net.minecraft.world.level.lighting.LightEngine::runLightUpdates@59 (line 150)
                      ; - net.minecraft.world.level.lighting.LevelLightEngine::runLightUpdates@31 (line 52)
                      ; - net.minecraft.client.renderer.LevelRenderer::renderLevel@97 (line 1124)
  0x000002666de6f784: 6841 ffc0 

  0x000002666de6f788: ;   {poll}
  0x000002666de6f788: 4185 0247 | 8b54 dc14 | 472b 54dc | 1045 8bca | 41c1 f91f | 4723 4cdc | 0c45 03ca | 4585 c90f 
  0x000002666de6f7a8: 85d5 0e00 | 0045 8bd0 | e94a c6ff | ff44 3b54 | 246c 75b4 | 418b dae9 | 7cff ffff 

  0x000002666de6f7c4: ;   {metadata('net/minecraft/world/level/lighting/BlockLightEngine')}
  0x000002666de6f7c4: 81ff b85b | fe01 0f85 | f436 0000 | 498b d933 | c945 85c0 | 0f84 2e36 | 0000 894c | 247c 4889 
  0x000002666de6f7e4: 9c24 8000 | 0000 897c | 2478 c5fa | 1144 2430 | c5fe 7f8c | 2490 0000 | 004c 894c | 2468 4c89 
  0x000002666de6f804: 5c24 604c | 896c 2450 | 48ff 7424 | 4848 8f44 | 2440 4c89 | 7424 3848 | 8b6c 2420 | 4b8d 14c4 
  0x000002666de6f824: ;   {optimized virtual_call}
  0x000002666de6f824: c5f8 77e8 

  0x000002666de6f828: ; ImmutableOopMap {rbp=Oop [240]=Oop [248]=Oop [40]=Oop [56]=Oop [64]=Oop [88]=Oop [96]=Oop [104]=Oop [112]=Oop [128]=Oop }
                      ;*invokevirtual dequeueLong {reexecute=0 rethrow=0 return_oop=0}
                      ; - net.minecraft.world.level.lighting.LightEngine::propagateDecreases@16 (line 180)
                      ; - net.minecraft.world.level.lighting.LightEngine::runLightUpdates@52 (line 149)
                      ; - net.minecraft.world.level.lighting.LevelLightEngine::runLightUpdates@14 (line 48)
                      ; - net.minecraft.client.renderer.LevelRenderer::renderLevel@97 (line 1124)
  0x000002666de6f828: 541b 55fe | 4889 4424 | 204c 8b54 | 2468 458b | 5a18 4585 | db0f 84f5 | 3500 004b | 8d14 dc90 
  0x000002666de6f848: ;   {optimized virtual_call}
  0x000002666de6f848: c5f8 77e8 

  0x000002666de6f84c: ; ImmutableOopMap {rbp=Oop [240]=Oop [248]=Oop [40]=Oop [56]=Oop [64]=Oop [88]=Oop [96]=Oop [104]=Oop [112]=Oop [128]=Oop }
                      ;*invokevirtual dequeueLong {reexecute=0 rethrow=0 return_oop=0}
                      ; - net.minecraft.world.level.lighting.LightEngine::propagateDecreases@24 (line 181)
                      ; - net.minecraft.world.level.lighting.LightEngine::runLightUpdates@52 (line 149)
                      ; - net.minecraft.world.level.lighting.LevelLightEngine::runLightUpdates@14 (line 48)
                      ; - net.minecraft.client.renderer.LevelRenderer::renderLevel@97 (line 1124)
  0x000002666de6f84c: 301b 55fe | 488b 9424 | 8000 0000 | 4c8b 4424 | 204c 8bc8 

  0x000002666de6f860: ;   {optimized virtual_call}
  0x000002666de6f860: c5f8 77e8 

  0x000002666de6f864: ; ImmutableOopMap {rbp=Oop [240]=Oop [248]=Oop [40]=Oop [56]=Oop [64]=Oop [88]=Oop [96]=Oop [104]=Oop [112]=Oop [128]=Oop }
                      ;*invokevirtual propagateDecrease {reexecute=0 rethrow=0 return_oop=0}
                      ; - net.minecraft.world.level.lighting.LightEngine::propagateDecreases@33 (line 182)
                      ; - net.minecraft.world.level.lighting.LightEngine::runLightUpdates@52 (line 149)
                      ; - net.minecraft.world.level.lighting.LevelLightEngine::runLightUpdates@14 (line 48)
                      ; - net.minecraft.client.renderer.LevelRenderer::renderLevel@97 (line 1124)
  0x000002666de6f864: 181b 55fe | 4d8b 9f58 | 0300 0048 | 8b9c 2480 | 0000 0044 | 8b53 188b | 4c24 7cff 

  0x000002666de6f880: ; ImmutableOopMap {r10=NarrowOop rbx=Oop rbp=Oop [240]=Oop [248]=Oop [40]=Oop [56]=Oop [64]=Oop [88]=Oop [96]=Oop [104]=Oop [112]=Oop }
                      ;*goto {reexecute=1 rethrow=0 return_oop=0}
                      ; - (reexecute) net.minecraft.world.level.lighting.LightEngine::propagateDecreases@39 (line 179)
                      ; - net.minecraft.world.level.lighting.LightEngine::runLightUpdates@52 (line 149)
                      ; - net.minecraft.world.level.lighting.LevelLightEngine::runLightUpdates@14 (line 48)
                      ; - net.minecraft.client.renderer.LevelRenderer::renderLevel@97 (line 1124)
                      ;   {poll}
  0x000002666de6f880: c141 8503 

  0x000002666de6f884: ; implicit exception: dispatches to 0x000002666de74ff0
  0x000002666de6f884: 478b 5cd4 | 1447 2b5c | d410 458b | cb41 c1f9 | 1f47 234c | d40c 4503 | cb45 85c9 | 0f85 ed0d 
  0x000002666de6f8a4: 0000 4889 | 6c24 204c | 8b74 2438 | 48ff 7424 | 4048 8f44 | 2448 4c8b | 6c24 504c | 8b5c 2460 
  0x000002666de6f8c4: 4c8b 4c24 | 68c5 fe6f | 8c24 9000 | 0000 c5fa | 1044 2430 | 8b7c 2478 | e9a7 c0ff 

  0x000002666de6f8e0: ;   {metadata('net/minecraft/world/level/lighting/SkyLightEngine')}
  0x000002666de6f8e0: ff81 fd10 | 5ffe 010f | 850b 3600 | 004d 8bd1 | 4533 db45 | 85c0 0f84 | 6835 0000 | 4489 5c24 
  0x000002666de6f900: 644c 8954 | 2450 896c | 2430 498b | e94b 8d14 | c466 6690 

  0x000002666de6f914: ;   {optimized virtual_call}
  0x000002666de6f914: c5f8 77e8 

  0x000002666de6f918: ; ImmutableOopMap {rbp=Oop [240]=Oop [248]=Oop [32]=Oop [40]=Oop [56]=Oop [72]=Oop [80]=Oop [88]=Oop [112]=Oop }
                      ;*invokevirtual dequeueLong {reexecute=0 rethrow=0 return_oop=0}
                      ; - net.minecraft.world.level.lighting.LightEngine::propagateDecreases@16 (line 180)
                      ; - net.minecraft.world.level.lighting.LightEngine::runLightUpdates@52 (line 149)
                      ; - net.minecraft.world.level.lighting.LevelLightEngine::runLightUpdates@31 (line 52)
                      ; - net.minecraft.client.renderer.LevelRenderer::renderLevel@97 (line 1124)
  0x000002666de6f918: 641a 55fe | 4889 4424 | 684c 8bdd | 458b 5318 | 4585 d20f | 8463 3500 | 004b 8d14 | d466 6690 
  0x000002666de6f938: ;   {optimized virtual_call}
  0x000002666de6f938: c5f8 77e8 

  0x000002666de6f93c: ; ImmutableOopMap {rbp=Oop [240]=Oop [248]=Oop [32]=Oop [40]=Oop [56]=Oop [72]=Oop [80]=Oop [88]=Oop [112]=Oop }
                      ;*invokevirtual dequeueLong {reexecute=0 rethrow=0 return_oop=0}
                      ; - net.minecraft.world.level.lighting.LightEngine::propagateDecreases@24 (line 181)
                      ; - net.minecraft.world.level.lighting.LightEngine::runLightUpdates@52 (line 149)
                      ; - net.minecraft.world.level.lighting.LevelLightEngine::runLightUpdates@31 (line 52)
                      ; - net.minecraft.client.renderer.LevelRenderer::renderLevel@97 (line 1124)
  0x000002666de6f93c: 401a 55fe | 488b 5424 | 504c 8b44 | 2468 4c8b | c866 6690 

  0x000002666de6f950: ;   {optimized virtual_call}
  0x000002666de6f950: c5f8 77e8 

  0x000002666de6f954: ; ImmutableOopMap {rbp=Oop [240]=Oop [248]=Oop [32]=Oop [40]=Oop [56]=Oop [72]=Oop [80]=Oop [88]=Oop [112]=Oop }
                      ;*invokevirtual propagateDecrease {reexecute=0 rethrow=0 return_oop=0}
                      ; - net.minecraft.world.level.lighting.LightEngine::propagateDecreases@33 (line 182)
                      ; - net.minecraft.world.level.lighting.LightEngine::runLightUpdates@52 (line 149)
                      ; - net.minecraft.world.level.lighting.LevelLightEngine::runLightUpdates@31 (line 52)
                      ; - net.minecraft.client.renderer.LevelRenderer::renderLevel@97 (line 1124)
  0x000002666de6f954: 281a 55fe | 4d8b 9f58 | 0300 004c | 8b54 2450 | 418b 4a18 | 8b5c 2464 

  0x000002666de6f96c: ; ImmutableOopMap {r10=Oop rcx=NarrowOop rbp=Oop [240]=Oop [248]=Oop [32]=Oop [40]=Oop [56]=Oop [72]=Oop [88]=Oop [112]=Oop }
                      ;*goto {reexecute=1 rethrow=0 return_oop=0}
                      ; - (reexecute) net.minecraft.world.level.lighting.LightEngine::propagateDecreases@39 (line 179)
                      ; - net.minecraft.world.level.lighting.LightEngine::runLightUpdates@52 (line 149)
                      ; - net.minecraft.world.level.lighting.LevelLightEngine::runLightUpdates@31 (line 52)
                      ; - net.minecraft.client.renderer.LevelRenderer::renderLevel@97 (line 1124)
                      ;   {poll}
  0x000002666de6f96c: ffc3 4185 | 0345 8b44 | cc14 448b | db45 2b44 | cc10 458b | c841 c1f9 | 1f45 234c | cc0c 4503 
  0x000002666de6f98c: c845 85c9 | 0f85 3c0d | 0000 4c8b | cd8b 6c24 | 30e9 2ac4 | ffff 4c89 | 5424 4848 | 8974 2440 
  0x000002666de6f9ac: 4489 5c24 | 3048 ffb4 | 24f8 0000 | 0048 8f44 | 2438 4c89 | 4424 2048 | 89bc 24f8 | 0000 004d 
  0x000002666de6f9cc: 8d14 ec49 | 8bd2 4c89 | 9424 a000 | 0000 6690 

  0x000002666de6f9dc: ;   {optimized virtual_call}
  0x000002666de6f9dc: c5f8 77e8 

  0x000002666de6f9e0: ; ImmutableOopMap {rbp=NarrowOop [240]=Oop [248]=Oop [32]=Oop [40]=Oop [48]=NarrowOop [56]=Oop [64]=Oop [72]=Oop [88]=Oop [152]=Oop [160]=Oop }
                      ;*invokevirtual buildCache {reexecute=0 rethrow=0 return_oop=0}
                      ; - net.minecraftforge.eventbus.ListenerList$ListenerListInst::getListeners@8 (line 217)
                      ; - net.minecraftforge.eventbus.ListenerList::getListeners@6 (line 123)
                      ; - net.minecraftforge.eventbus.EventBus::post@62 (line 308)
                      ; - net.minecraftforge.eventbus.EventBus::post@7 (line 296)
                      ; - net.minecraftforge.client.ForgeHooksClient::dispatchRenderStage@48 (line 288)
                      ; - net.minecraft.client.renderer.LevelRenderer::renderLevel@456 (line 1158)
  0x000002666de6f9e0: 9c19 55fe | 488b bc24 | f800 0000 | 4c8b 4424 | 204c 8b4c | 2438 448b | 5c24 3048 | 8b74 2440 
  0x000002666de6fa00: 4c8b 5424 | 48e9 93cb | ffff 4c8b | c547 8b4c 

  0x000002666de6fa10: ;   {metadata('net/minecraft/world/level/lighting/BlockLightEngine')}
  0x000002666de6fa10: d408 4181 | f9b8 5bfe | 010f 850d | 3500 004c | 8bd7 48ff | 7424 4848 | 8f44 2478 | 4c89 ac24 
  0x000002666de6fa30: 8000 0000 | 4c89 9424 | 9000 0000 | 4c89 4424 | 4848 897c | 2460 4c89 | 5c24 5048 | ff74 2458 
  0x000002666de6fa50: 488f 4424 | 404c 8974 | 2438 488b | 6c24 2049 | 8bd0 6690 

  0x000002666de6fa64: ;   {optimized virtual_call}
  0x000002666de6fa64: c5f8 77e8 

  0x000002666de6fa68: ; ImmutableOopMap {rbp=Oop [240]=Oop [248]=Oop [40]=Oop [56]=Oop [64]=Oop [72]=Oop [80]=Oop [96]=Oop [112]=Oop [120]=Oop [144]=Oop }
                      ;*invokeinterface nextLong {reexecute=0 rethrow=0 return_oop=0}
                      ; - net.minecraft.world.level.lighting.LightEngine::runLightUpdates@19 (line 143)
                      ; - net.minecraft.world.level.lighting.LevelLightEngine::runLightUpdates@14 (line 48)
                      ; - net.minecraft.client.renderer.LevelRenderer::renderLevel@97 (line 1124)
  0x000002666de6fa68: 1419 55fe | 488b 9424 | 9000 0000 | 4c8b c090 

  0x000002666de6fa78: ;   {optimized virtual_call}
  0x000002666de6fa78: c5f8 77e8 

  0x000002666de6fa7c: ; ImmutableOopMap {rbp=Oop [240]=Oop [248]=Oop [40]=Oop [56]=Oop [64]=Oop [72]=Oop [80]=Oop [96]=Oop [112]=Oop [120]=Oop [144]=Oop }
                      ;*invokevirtual checkNode {reexecute=0 rethrow=0 return_oop=0}
                      ; - net.minecraft.world.level.lighting.LightEngine::runLightUpdates@24 (line 143)
                      ; - net.minecraft.world.level.lighting.LevelLightEngine::runLightUpdates@14 (line 48)
                      ; - net.minecraft.client.renderer.LevelRenderer::renderLevel@97 (line 1124)
  0x000002666de6fa7c: 0019 55fe | 4d8b 9758 

  0x000002666de6fa84: ; ImmutableOopMap {rbp=Oop [240]=Oop [248]=Oop [40]=Oop [56]=Oop [64]=Oop [72]=Oop [80]=Oop [96]=Oop [112]=Oop [120]=Oop [144]=Oop }
                      ;*goto {reexecute=1 rethrow=0 return_oop=0}
                      ; - (reexecute) net.minecraft.world.level.lighting.LightEngine::runLightUpdates@27 (line 143)
                      ; - net.minecraft.world.level.lighting.LevelLightEngine::runLightUpdates@14 (line 48)
                      ; - net.minecraft.client.renderer.LevelRenderer::renderLevel@97 (line 1124)
                      ;   {poll}
  0x000002666de6fa84: 0300 0041 | 8502 4c8b | 4424 4845 | 8b50 1445 | 85d2 0f85 | 300d 0000 | 4889 6c24 | 204c 8b74 
  0x000002666de6faa4: 2438 48ff | 7424 7848 | 8f44 2448 | 4c8b ac24 | 8000 0000 | 48ff 7424 | 4048 8f44 | 2458 4c8b 
  0x000002666de6fac4: 5c24 5048 | 8b7c 2460 | e9fc bdff | ff4c 8bc5 | 448b 5424 | 5047 8b4c 

  0x000002666de6fadc: ;   {metadata('net/minecraft/world/level/lighting/SkyLightEngine')}
  0x000002666de6fadc: d408 4181 | f910 5ffe | 010f 8579 | 3400 004c | 8b54 2468 | 4c89 9424 | 8000 0000 | 0f1f 8400 
  0x000002666de6fafc: 0000 0000 | 498b e849 | 8bd0 6690 

  0x000002666de6fb08: ;   {optimized virtual_call}
  0x000002666de6fb08: c5f8 77e8 

  0x000002666de6fb0c: ; ImmutableOopMap {rbp=Oop [240]=Oop [248]=Oop [32]=Oop [40]=Oop [56]=Oop [72]=Oop [88]=Oop [104]=Oop [112]=Oop [128]=Oop }
                      ;*invokeinterface nextLong {reexecute=0 rethrow=0 return_oop=0}
                      ; - net.minecraft.world.level.lighting.LightEngine::runLightUpdates@19 (line 143)
                      ; - net.minecraft.world.level.lighting.LevelLightEngine::runLightUpdates@31 (line 52)
                      ; - net.minecraft.client.renderer.LevelRenderer::renderLevel@97 (line 1124)
  0x000002666de6fb0c: 7018 55fe | 488b 9424 | 8000 0000 | 4c8b c090 

  0x000002666de6fb1c: ;   {optimized virtual_call}
  0x000002666de6fb1c: c5f8 77e8 

  0x000002666de6fb20: ; ImmutableOopMap {rbp=Oop [240]=Oop [248]=Oop [32]=Oop [40]=Oop [56]=Oop [72]=Oop [88]=Oop [104]=Oop [112]=Oop [128]=Oop }
                      ;*invokevirtual checkNode {reexecute=0 rethrow=0 return_oop=0}
                      ; - net.minecraft.world.level.lighting.LightEngine::runLightUpdates@24 (line 143)
                      ; - net.minecraft.world.level.lighting.LevelLightEngine::runLightUpdates@31 (line 52)
                      ; - net.minecraft.client.renderer.LevelRenderer::renderLevel@97 (line 1124)
  0x000002666de6fb20: 5c18 55fe | 4d8b 9758 

  0x000002666de6fb28: ; ImmutableOopMap {rbp=Oop [240]=Oop [248]=Oop [32]=Oop [40]=Oop [56]=Oop [72]=Oop [88]=Oop [104]=Oop [112]=Oop [128]=Oop }
                      ;*goto {reexecute=1 rethrow=0 return_oop=0}
                      ; - (reexecute) net.minecraft.world.level.lighting.LightEngine::runLightUpdates@27 (line 143)
                      ; - net.minecraft.world.level.lighting.LevelLightEngine::runLightUpdates@31 (line 52)
                      ; - net.minecraft.client.renderer.LevelRenderer::renderLevel@97 (line 1124)
                      ;   {poll}
  0x000002666de6fb28: 0300 0041 | 8502 4c8b | c545 8b50 | 1445 85d2 | 75c6 e9ca | c1ff ff48 | 8954 2440 | 4489 5c24 
  0x000002666de6fb48: 3089 5c24 | 2444 8954 | 2420 488b | e948 8bd7 | 48c1 e203 | 4c89 8c24 | a000 0000 

  0x000002666de6fb64: ;   {static_call}
  0x000002666de6fb64: c5f8 77e8 

  0x000002666de6fb68: ; ImmutableOopMap {rbp=Oop [240]=Oop [248]=Oop [32]=NarrowOop [40]=Oop [48]=NarrowOop [56]=Oop [64]=Oop [88]=Oop [96]=Oop [104]=NarrowOop [152]=Oop [160]=Oop }
                      ;*invokestatic hashCode {reexecute=0 rethrow=0 return_oop=0}
                      ; - java.lang.String::hashCode@37 (line 2345)
                      ; - net.minecraft.resources.ResourceLocation::hashCode@6 (line 134)
                      ; - java.util.HashMap::hash@9 (line 338)
                      ; - java.util.HashMap::getNode@23 (line 568)
                      ; - java.util.HashMap::get@2 (line 556)
                      ; - net.minecraft.client.resources.model.AtlasSet::getAtlas@5 (line 30)
                      ; - net.minecraft.client.resources.model.ModelManager::getAtlas@23 (line 232)
                      ; - net.minecraft.client.renderer.LevelRenderer::renderLevel@570 (line 1167)
  0x000002666de6fb68: 141e 55fe | 488b cd44 | 8b54 2420 | 8b5c 2424 | 448b 5c24 | 3048 8b54 | 2440 e9f9 | ccff ff44 
  0x000002666de6fb88: 8944 2430 | 4489 4c24 | 2448 8954 | 2440 895c | 2420 488b | e949 8bd3 | 48c1 e203 | 4889 bc24 
  0x000002666de6fba8: a000 0000 

  0x000002666de6fbac: ;   {static_call}
  0x000002666de6fbac: c5f8 77e8 

  0x000002666de6fbb0: ; ImmutableOopMap {rbp=Oop [240]=Oop [248]=Oop [36]=NarrowOop [40]=Oop [56]=Oop [64]=Oop [88]=Oop [96]=Oop [104]=NarrowOop [152]=Oop [160]=Oop }
                      ;*invokestatic hashCode {reexecute=0 rethrow=0 return_oop=0}
                      ; - java.lang.String::hashCode@37 (line 2345)
                      ; - net.minecraft.resources.ResourceLocation::hashCode@14 (line 134)
                      ; - java.util.HashMap::hash@9 (line 338)
                      ; - java.util.HashMap::getNode@23 (line 568)
                      ; - java.util.HashMap::get@2 (line 556)
                      ; - net.minecraft.client.resources.model.AtlasSet::getAtlas@5 (line 30)
                      ; - net.minecraft.client.resources.model.ModelManager::getAtlas@23 (line 232)
                      ; - net.minecraft.client.renderer.LevelRenderer::renderLevel@570 (line 1167)
  0x000002666de6fbb0: cc1d 55fe | 488b cd8b | 5c24 2048 | 8b54 2440 | 448b 4c24 | 2444 8b44 | 2430 e935 | ceff ff48 
  0x000002666de6fbd0: 8bd1 48c1 | e203 4c89 | ac24 a800 | 0000 6690 

  0x000002666de6fbe0: ;   {static_call}
  0x000002666de6fbe0: c5f8 77e8 

  0x000002666de6fbe4: ; ImmutableOopMap {[240]=Oop [248]=Oop [32]=Oop [40]=Oop [56]=Oop [88]=Oop [96]=Oop [104]=NarrowOop [108]=NarrowOop [140]=NarrowOop [152]=Oop [168]=Oop [176]=Oop }
                      ;*invokestatic hashCode {reexecute=0 rethrow=0 return_oop=0}
                      ; - java.lang.String::hashCode@37 (line 2345)
                      ; - net.minecraft.resources.ResourceLocation::hashCode@6 (line 134)
                      ; - java.util.HashMap::hash@9 (line 338)
                      ; - java.util.HashMap::getNode@23 (line 568)
                      ; - java.util.HashMap::get@2 (line 556)
                      ; - net.minecraft.client.resources.model.AtlasSet::getAtlas@5 (line 30)
                      ; - net.minecraft.client.resources.model.ModelManager::getAtlas@23 (line 232)
                      ; - net.minecraft.client.renderer.LevelRenderer::renderLevel@630 (line 1169)
  0x000002666de6fbe4: 981d 55fe | e93e d5ff | ff49 8bd2 | 48c1 e203 | 4c89 ac24 | a800 0000 

  0x000002666de6fbfc: ;   {static_call}
  0x000002666de6fbfc: c5f8 77e8 

  0x000002666de6fc00: ; ImmutableOopMap {[240]=Oop [248]=Oop [32]=Oop [40]=Oop [56]=Oop [88]=Oop [96]=Oop [104]=NarrowOop [140]=NarrowOop [152]=Oop [168]=Oop [176]=Oop }
                      ;*invokestatic hashCode {reexecute=0 rethrow=0 return_oop=0}
                      ; - java.lang.String::hashCode@37 (line 2345)
                      ; - net.minecraft.resources.ResourceLocation::hashCode@14 (line 134)
                      ; - java.util.HashMap::hash@9 (line 338)
                      ; - java.util.HashMap::getNode@23 (line 568)
                      ; - java.util.HashMap::get@2 (line 556)
                      ; - net.minecraft.client.resources.model.AtlasSet::getAtlas@5 (line 30)
                      ; - net.minecraft.client.resources.model.ModelManager::getAtlas@23 (line 232)
                      ; - net.minecraft.client.renderer.LevelRenderer::renderLevel@630 (line 1169)
  0x000002666de6fc00: 7c1d 55fe | e9a4 d6ff | ff49 8bcb | c4c1 797e | cbc4 c1f9 | 7ec6 e9ff | d0ff ff45 | 8b54 fc20 
  0x000002666de6fc20: 4585 d20f | 84a8 b7ff | ff4d 8b5f | 2049 8bca | 48c1 e103 | 4d85 db0f | 84bf 1a00 | 004d 8b57 
  0x000002666de6fc40: 304b 894c | 1af8 4983 | c3f8 4d89 | 5f20 e97e | b7ff ff45 | 8b54 fc1c | 4585 d20f | 8418 b7ff 
  0x000002666de6fc60: ff4d 8b5f | 2049 8bca | 48c1 e103 | 4d85 db0f | 846f 1a00 | 004d 8b57 | 304b 894c | 1af8 4983 
  0x000002666de6fc80: c3f8 4d89 | 5f20 e9ee | b6ff ff45 | 8b5c dc20 | 4585 db0f | 84f0 b7ff | ff4d 8b57 | 2049 8bcb 
  0x000002666de6fca0: 48c1 e103 | 4d85 d20f | 8477 1a00 | 004d 8b5f | 304b 894c | 13f8 4983 | c2f8 4d89 | 5720 e9c6 
  0x000002666de6fcc0: b7ff ff45 | 8b5c dc1c | 4585 db0f | 846f b7ff | ff4d 8b57 | 2049 8bcb | 48c1 e103 | 4d85 d20f 
  0x000002666de6fce0: 845f 1a00 | 004d 8b5f | 304b 894c | 13f8 4983 | c2f8 4d89 | 5720 e945 | b7ff ff45 | 8b5c dc28 
  0x000002666de6fd00: 4585 db0f | 8410 b8ff | ff4d 8b57 | 2049 8bcb | 48c1 e103 | 4d85 d20f | 8451 1a00 | 004d 8b5f 
  0x000002666de6fd20: 304b 894c | 13f8 4983 | c2f8 4d89 | 5720 e9e6 | b7ff ff45 | 8b54 dc24 | 4585 d20f | 848d b7ff 
  0x000002666de6fd40: ff4d 8b5f | 2049 8bca | 48c1 e103 | 4d85 db0f | 8439 1a00 | 004d 8b57 | 304b 894c | 1af8 4983 
  0x000002666de6fd60: c3f8 4d89 | 5f20 e963 

  0x000002666de6fd68: ;   {oop(a 'java/lang/Class'{0x000000074c5fb3e8} = 'com/mojang/blaze3d/systems/RenderSystem')}
  0x000002666de6fd68: b7ff ff49 | bae8 b35f | 4c07 0000 | 0045 8b92 | c800 0000 | 4585 d20f | 84d0 c5ff | ff4d 8b5f 
  0x000002666de6fd88: 2049 8bca | 48c1 e103 | 4d85 db0f | 8433 1b00 | 004d 8b57 | 304b 894c | 1af8 4983 | c3f8 4d89 
  0x000002666de6fda8: 5f20 e9a6 | c5ff ff4d | 8b57 404d | 8b5f 50f0 | 8344 24c0 | 0080 3900 | 0f84 40b6 | ffff 4488 
  0x000002666de6fdc8: 214d 85d2 | 7518 498b | d7c5 f877 | 49ba 4048 | 6131 f97f | 0000 41ff | d2e9 20b6 | ffff 4b89 
  0x000002666de6fde8: 4c13 f849 | 83c2 f84d | 8957 40e9 | 0eb6 ffff | 4d8b 5740 | 4d8b 5f50 | f083 4424 | c000 8039 
  0x000002666de6fe08: 000f 84b7 | b5ff ff44 | 8821 4d85 | d275 2889 | 5c24 4089 | 7c24 3049 | 8bd7 c5f8 | 7749 ba40 
  0x000002666de6fe28: 4861 31f9 | 7f00 0041 | ffd2 8b7c | 2430 8b5c | 2440 e987 | b5ff ff4b | 894c 13f8 | 4983 c2f8 
  0x000002666de6fe48: 4d89 5740 | e975 b5ff | ff4d 8b57 | 404d 8b5f | 50f0 8344 | 24c0 0080 | 3900 0f84 | 57b6 ffff 
  0x000002666de6fe68: 4488 214d | 85d2 7518 | 498b d7c5 | f877 49ba | 4048 6131 | f97f 0000 | 41ff d2e9 | 37b6 ffff 
  0x000002666de6fe88: 4b89 4c13 | f849 83c2 | f84d 8957 | 40e9 25b6 | ffff 4d8b | 5740 4d8b | 5f50 f083 | 4424 c000 
  0x000002666de6fea8: 8039 000f | 84cd b5ff | ff44 8821 | 4d85 d275 | 2089 5c24 | 3049 8bd7 | c5f8 7749 | ba40 4861 
  0x000002666de6fec8: 31f9 7f00 | 0041 ffd2 | 8b5c 2430 | e9a5 b5ff | ff4b 894c | 13f8 4983 | c2f8 4d89 | 5740 e993 
  0x000002666de6fee8: b5ff ff4d | 8b57 404d | 8b5f 50f0 | 8344 24c0 | 0080 3900 | 0f84 4cb6 | ffff 4488 | 214d 85d2 
  0x000002666de6ff08: 7518 498b | d7c5 f877 | 49ba 4048 | 6131 f97f | 0000 41ff | d2e9 2cb6 | ffff 4b89 | 4c13 f849 
  0x000002666de6ff28: 83c2 f84d | 8957 40e9 | 1ab6 ffff | 4d8b 5740 | 4d8b 5f50 | f083 4424 | c000 8039 | 000f 84c3 
  0x000002666de6ff48: b5ff ff44 | 8821 4d85 | d275 2089 | 5c24 3049 | 8bd7 c5f8 | 7749 ba40 | 4861 31f9 | 7f00 0041 
  0x000002666de6ff68: ffd2 8b5c | 2430 e99b | b5ff ff4b | 894c 13f8 | 4983 c2f8 | 4d89 5740 | e989 b5ff | ff4d 8b57 
  0x000002666de6ff88: 404d 8b5f | 50f0 8344 | 24c0 0041 | 8038 000f | 841b c4ff | ff45 8820 | 4d85 d275 | 1b49 8bc8 
  0x000002666de6ffa8: 498b d7c5 | f877 49ba | 4048 6131 | f97f 0000 | 41ff d2e9 | f8c3 ffff | 4f89 4413 | f849 83c2 
  0x000002666de6ffc8: f84d 8957 | 40e9 e6c3 | ffff 4889 | 4c24 204b | 8d2c dc44 | 895c 2430 

  0x000002666de6ffe0: ;   {static_call}
  0x000002666de6ffe0: c5f8 77e8 

  0x000002666de6ffe4: ; ImmutableOopMap {rbp=Oop [240]=Oop [248]=Oop [32]=Oop [40]=Oop [48]=NarrowOop [56]=Oop [88]=Oop [96]=Oop [104]=NarrowOop [152]=Oop }
                      ;*invokestatic generateTextureId {reexecute=0 rethrow=0 return_oop=0}
                      ; - net.minecraft.client.renderer.texture.AbstractTexture::getId@12 (line 56)
                      ; - net.minecraft.client.renderer.texture.AbstractTexture::bind@19 (line 86)
                      ; - net.minecraft.client.renderer.texture.AbstractTexture::setFilter@59 (line 34)
                      ; - net.minecraft.client.renderer.texture.AbstractTexture::setBlurMipmap@19 (line 46)
                      ; - net.minecraft.client.renderer.LevelRenderer::renderLevel@601 (line 1167)
  0x000002666de6ffe4: 9819 55fe | 448b 4424 | 3043 8944 

  0x000002666de6fff0: ;   {oop(a 'java/lang/Class'{0x000000074c5fb3e8} = 'com/mojang/blaze3d/systems/RenderSystem')}
  0x000002666de6fff0: c40c 49ba | e8b3 5f4c | 0700 0000 | 410f b6aa | fd00 0000 | 85ed 0f85 | c430 0000 | 418b aa80 
  0x000002666de70010: 0000 004c | 8bd5 49c1 | e203 4c8b | 4424 284d | 3bc2 0f85 | e430 0000 | 488b 4c24 | 208b f8e9 
  0x000002666de70030: 0ace ffff | 4489 4c24 | 6c44 8944 | 2428 4b8d | 2cc4 6690 

  0x000002666de70044: ;   {static_call}
  0x000002666de70044: c5f8 77e8 

  0x000002666de70048: ; ImmutableOopMap {rbp=Oop [240]=Oop [248]=Oop [32]=Oop [40]=NarrowOop [56]=Oop [88]=Oop [96]=Oop [104]=NarrowOop [152]=Oop [176]=Oop }
                      ;*invokestatic generateTextureId {reexecute=0 rethrow=0 return_oop=0}
                      ; - net.minecraft.client.renderer.texture.AbstractTexture::getId@12 (line 56)
                      ; - net.minecraft.client.renderer.texture.AbstractTexture::bind@19 (line 86)
                      ; - net.minecraft.client.renderer.texture.AbstractTexture::setFilter@59 (line 34)
                      ; - net.minecraft.client.renderer.texture.AbstractTexture::restoreLastBlurMipmap@9 (line 50)
                      ; - net.minecraft.client.renderer.LevelRenderer::renderLevel@633 (line 1169)
  0x000002666de70048: 3419 55fe | 448b 5c24 | 2843 8944 

  0x000002666de70054: ;   {oop(a 'java/lang/Class'{0x000000074c5fb3e8} = 'com/mojang/blaze3d/systems/RenderSystem')}
  0x000002666de70054: dc0c 49ba | e8b3 5f4c | 0700 0000 | 410f b6aa | fd00 0000 | 85ed 0f85 | e830 0000 | 418b aa80 
  0x000002666de70074: 0000 004c | 8bd5 49c1 | e203 488b | 8c24 b000 | 0000 493b | ca0f 8511 | 3100 008b | d844 8b4c 
  0x000002666de70094: 246c e90e | d6ff ff44 | 8954 2430 | 4c89 4c24 | 504c 895c | 2440 4c89 | 6c24 3845 | 8b54 fc10 
  0x000002666de700b4: 4585 d20f | 8457 baff | ff4d 8b5f | 2049 8bca | 48c1 e103 | 4d85 db0f | 84bf 2200 | 004d 8b57 
  0x000002666de700d4: 304b 894c | 1af8 4983 | c3f8 4d89 | 5f20 e92d | baff ff45 | 8b5c 9d10 | 4585 db0f | 84ca baff 
  0x000002666de700f4: ff4d 8b57 | 2049 8bcb | 48c1 e103 | 4d85 d20f | 84cb 2200 | 004d 8b5f | 304b 894c | 13f8 4983 
  0x000002666de70114: c2f8 4d89 | 5720 e9a0 | baff ff47 | 8b4c f410 | 4585 c90f | 84f9 bdff | ff4d 8b5f | 2049 8bc9 
  0x000002666de70134: 48c1 e103 | 4d85 db0f | 84d7 2200 | 004d 8b4f | 304b 894c | 19f8 4983 | c3f8 4d89 | 5f20 e9cf 
  0x000002666de70154: bdff ff44 | 8b5c b310 | 4585 db0f | 845a beff | ff4d 8b4f | 2049 8bcb | 48c1 e103 | 4d85 c90f 
  0x000002666de70174: 84c3 2200 | 004d 8b5f | 304b 894c | 0bf8 4983 | c1f8 4d89 | 4f20 e930 | beff ff49 | 8bcb 458b 
  0x000002666de70194: cec4 c179 | 7ecb c4c1 | f97e c6e9 | 76cb ffff | 3bcd 0f83 | 4830 0000 | 8b54 8b10 

  0x000002666de701b0: ; implicit exception: dispatches to 0x000002666de7504c
  0x000002666de701b0: 418b 54d4 

  0x000002666de701b4: ;   {metadata('net/minecraftforge/eventbus/api/EventPriority')}
  0x000002666de701b4: 0881 fa50 | 2fb3 010f | 85d5 f1ff | ffe9 56f2 | ffff 448b | 5c24 2044 | 3b9c 2484 | 0000 000f 
  0x000002666de701d4: 85ff f3ff | ff41 8bdb | e9be f3ff | ff44 8b5c | 2430 443b | 5c24 6c0f | 857f f5ff | ff41 8bdb 
  0x000002666de701f4: e947 f5ff | ff49 8bcb | 458b de4d | 8bf0 e913 | cbff ffba | f6ff ffff | 488b 6c24 | 204c 8b54 
  0x000002666de70214: 2460 4c89 | 9424 f800 | 0000 448b | 5c24 3444 | 895c 2424 | 4c8b 5424 | 384c 8954 | 2430 4c8b 
  0x000002666de70234: 5424 584c | 8954 2438 | 448b 5424 | 6844 8954 | 2458 6690 

  0x000002666de70248: ;   {runtime_call UncommonTrapBlob}
  0x000002666de70248: c5f8 77e8 

  0x000002666de7024c: ; ImmutableOopMap {rbp=Oop [240]=Oop [248]=Oop [48]=Oop [56]=Oop [88]=NarrowOop [144]=Oop [152]=Oop [160]=Oop }
                      ;*invokevirtual getCompiledChunk {reexecute=0 rethrow=0 return_oop=0}
                      ; - net.minecraft.client.renderer.LevelRenderer::renderLevel@1277 (line 1238)
  0x000002666de7024c: b066 55fe | baf6 ffff | ff48 8b6c | 2420 4c8b | 5424 604c | 8994 24f8 | 0000 0044 | 8b5c 2434 
  0x000002666de7026c: 4489 5c24 | 244c 8b54 | 2438 4c89 | 5424 304c | 8b54 2458 | 4c89 5424 | 3844 8b54 | 2468 4489 
  0x000002666de7028c: 5424 5890 

  0x000002666de70290: ;   {runtime_call UncommonTrapBlob}
  0x000002666de70290: c5f8 77e8 

  0x000002666de70294: ; ImmutableOopMap {rbp=Oop [240]=Oop [248]=Oop [48]=Oop [56]=Oop [88]=NarrowOop [144]=Oop [152]=Oop [160]=Oop }
                      ;*invokevirtual getRenderableBlockEntities {reexecute=0 rethrow=0 return_oop=0}
                      ; - net.minecraft.client.renderer.LevelRenderer::renderLevel@1280 (line 1238)
  0x000002666de70294: 6866 55fe | bade ffff | ff48 8b6c | 2420 4c8b | 5424 604c | 8994 24f8 | 0000 0044 | 8b5c 2434 
  0x000002666de702b4: 4489 5c24 | 244c 8b54 | 2438 4c89 | 5424 304c | 8b54 2458 | 4c89 5424 | 38c5 fb10 | 4424 70c5 
  0x000002666de702d4: fb11 4424 | 40c5 fb10 | 4424 78c5 | fb11 4424 | 4844 8b54 | 2468 4489 | 5424 5848 | 8944 2478 
  0x000002666de702f4: ;   {runtime_call UncommonTrapBlob}
  0x000002666de702f4: c5f8 77e8 

  0x000002666de702f8: ; ImmutableOopMap {rbp=Oop [240]=Oop [248]=Oop [48]=Oop [56]=Oop [88]=NarrowOop [120]=Oop [144]=Oop [152]=Oop [160]=Oop }
                      ;*invokeinterface isEmpty {reexecute=0 rethrow=0 return_oop=0}
                      ; - net.minecraft.client.renderer.LevelRenderer::renderLevel@1287 (line 1239)
  0x000002666de702f8: 0466 55fe | 4889 7c24 | 7889 4c24 | 6c44 8954 | 2430 4c89 | 5c24 604c | 896c 2450 | 48ff 7424 
  0x000002666de70318: 4848 8f44 | 2440 4c89 | 7424 384b | 8d2c c444 | 8944 2468 

  0x000002666de7032c: ;   {metadata('it/unimi/dsi/fastutil/longs/LongOpenHashSet$SetIterator')}
  0x000002666de7032c: 48ba a0da | 0002 6602 | 0000 6690 

  0x000002666de70338: ;   {runtime_call _new_instance_Java}
  0x000002666de70338: c5f8 77e8 

  0x000002666de7033c: ; ImmutableOopMap {rbp=Oop [240]=Oop [248]=Oop [32]=Oop [40]=Oop [48]=NarrowOop [56]=Oop [64]=Oop [88]=Oop [96]=Oop [104]=NarrowOop [112]=Oop [120]=Oop }
                      ;*new {reexecute=0 rethrow=0 return_oop=1}
                      ; - it.unimi.dsi.fastutil.longs.LongOpenHashSet::iterator@0 (line 624)
                      ; - net.minecraft.world.level.lighting.LightEngine::runLightUpdates@4 (line 140)
                      ; - net.minecraft.world.level.lighting.LevelLightEngine::runLightUpdates@14 (line 48)
                      ; - net.minecraft.client.renderer.LevelRenderer::renderLevel@97 (line 1124)
  0x000002666de7033c: c0f1 5ffe | 4c8b 7424 | 3848 ff74 | 2440 488f | 4424 484c | 8b6c 2450 | 4c8b 5c24 | 6044 8b54 
  0x000002666de7035c: 2430 448b | 4424 688b | 4c24 6c48 | 8b7c 2478 | e91e b5ff | ff44 8b54 | 2454 4b8d 

  0x000002666de70378: ;   {metadata('it/unimi/dsi/fastutil/longs/LongOpenHashSet$SetIterator')}
  0x000002666de70378: 2cd4 48ba | a0da 0002 | 6602 0000 

  0x000002666de70384: ;   {runtime_call _new_instance_Java}
  0x000002666de70384: c5f8 77e8 

  0x000002666de70388: ; ImmutableOopMap {rbp=Oop [240]=Oop [248]=Oop [32]=Oop [40]=Oop [56]=Oop [72]=Oop [80]=NarrowOop [84]=NarrowOop [88]=Oop [104]=Oop [112]=Oop }
                      ;*new {reexecute=0 rethrow=0 return_oop=1}
                      ; - it.unimi.dsi.fastutil.longs.LongOpenHashSet::iterator@0 (line 624)
                      ; - net.minecraft.world.level.lighting.LightEngine::runLightUpdates@4 (line 140)
                      ; - net.minecraft.world.level.lighting.LevelLightEngine::runLightUpdates@31 (line 52)
                      ; - net.minecraft.client.renderer.LevelRenderer::renderLevel@97 (line 1124)
  0x000002666de70388: 74f1 5ffe | e924 b9ff | ff8b ef48 | ff74 2448 | 488f 4424 | 2848 89b4 | 2498 0000 

  0x000002666de703a4: ;   {metadata('net/minecraft/client/renderer/LevelRenderer$$Lambda$9076+0x0000026602194aa0')}
  0x000002666de703a4: 0048 baa0 | 4a19 0266 | 0200 0090 

  0x000002666de703b0: ;   {runtime_call _new_instance_Java}
  0x000002666de703b0: c5f8 77e8 

  0x000002666de703b4: ; ImmutableOopMap {rbp=NarrowOop [240]=Oop [248]=Oop [32]=Oop [40]=Oop [88]=Oop [104]=Oop [140]=NarrowOop [152]=Oop }
                      ;*invokevirtual allocateInstance {reexecute=0 rethrow=0 return_oop=1}
                      ; - java.lang.invoke.DirectMethodHandle::allocateInstance@12 (line 520)
                      ; - java.lang.invoke.LambdaForm$DMH/0x0000026602190800::newInvokeSpecial@1
                      ; - java.lang.invoke.LambdaForm$MH/0x0000026602191000::linkToTargetMethod@9
                      ; - net.minecraft.client.renderer.LevelRenderer::renderLevel@433 (line 1155)
  0x000002666de703b4: 48f1 5ffe | 488b c88b | fde9 4cc0 | ffff 4889 | 7424 4044 | 895c 243c | 4b8d 2cec | 4489 6c24 
  0x000002666de703d4: ;   {metadata('net/minecraftforge/client/event/RenderLevelStageEvent')}
  0x000002666de703d4: 3848 ba20 | e5c6 0166 | 0200 0090 

  0x000002666de703e0: ;   {runtime_call _new_instance_Java}
  0x000002666de703e0: c5f8 77e8 

  0x000002666de703e4: ; ImmutableOopMap {rbp=Oop [240]=Oop [248]=Oop [32]=Oop [40]=Oop [48]=NarrowOop [56]=NarrowOop [64]=Oop [88]=Oop [104]=Oop [140]=NarrowOop [152]=Oop }
                      ;*new {reexecute=0 rethrow=0 return_oop=1}
                      ; - net.minecraftforge.client.ForgeHooksClient::dispatchRenderStage@26 (line 288)
                      ; - net.minecraft.client.renderer.LevelRenderer::renderLevel@456 (line 1158)
  0x000002666de703e4: 18f1 5ffe | 488b 7c24 | 2044 8b6c | 2438 448b | 5c24 3c48 | 8b74 2440 | e9da c0ff | ff43 c644 
  0x000002666de70404: dc11 0133 | c0e9 7fc4 | ffff 43c6 | 44cc 1101 | e9fb c5ff | ff44 8b94 | 248c 0000 | 0043 c644 
  0x000002666de70424: d411 0133 | c0e9 12cd | ffff 448b | 9c24 8c00 | 0000 43c6 | 44dc 1101 | e994 ceff | ffba 45ff 
  0x000002666de70444: ffff 4c8b | 5424 204c | 8994 24f8 | 0000 004c | 8b54 2460 | 4c89 5424 | 2044 8b5c | 2434 4489 
  0x000002666de70464: 5c24 2c4c | 8b54 2458 | 4c89 5424 | 40c5 fb10 | 4424 70c5 | fb11 4424 | 4844 8b54 | 2468 4489 
  0x000002666de70484: 5424 6089 | 4424 6490 

  0x000002666de7048c: ;   {runtime_call UncommonTrapBlob}
  0x000002666de7048c: c5f8 77e8 

  0x000002666de70490: ; ImmutableOopMap {rbp=Oop [240]=Oop [248]=Oop [32]=Oop [56]=Oop [64]=Oop [96]=NarrowOop [144]=Oop [152]=Oop [160]=Oop }
                      ;*ifne {reexecute=1 rethrow=0 return_oop=0}
                      ; - (reexecute) net.minecraft.client.renderer.LevelRenderer::renderLevel@1292 (line 1239)
  0x000002666de70490: 6c64 55fe | bae4 ffff | ff48 8b6c | 2420 4c8b | 4c24 284c | 894c 2420 | 448b 4c24 | 3444 894c 
  0x000002666de704b0: 242c 4c89 | 7424 3048 | ff74 2458 | 488f 4424 | 3844 8944 | 2448 4489 | 5c24 4c44 | 8954 2450 
  0x000002666de704d0: 4889 4424 | 5889 4c24 | 6489 7424 | 6866 6690 

  0x000002666de704e0: ;   {runtime_call UncommonTrapBlob}
  0x000002666de704e0: c5f8 77e8 

  0x000002666de704e4: ; ImmutableOopMap {rbp=Oop [240]=Oop [248]=Oop [32]=Oop [48]=Oop [56]=Oop [72]=NarrowOop [88]=Oop [100]=NarrowOop [112]=Oop }
                      ;*aaload {reexecute=0 rethrow=0 return_oop=0}
                      ; - java.util.ArrayDeque::elementAt@2 (line 259)
                      ; - java.util.ArrayDeque::pollFirst@12 (line 379)
                      ; - java.util.ArrayDeque::poll@1 (line 537)
                      ; - net.minecraft.client.multiplayer.ClientLevel::pollLightUpdates@42 (line 194)
                      ; - net.minecraft.client.renderer.LevelRenderer::renderLevel@74 (line 1122)
  0x000002666de704e4: 1864 55fe | bade ffff | ff48 8b6c | 2420 4c8b | 4c24 284c | 894c 2420 | 8b4c 2434 | 894c 242c 
  0x000002666de70504: 4c89 7424 | 3044 8944 | 2448 4489 | 5c24 4c44 | 8954 2450 | 895c 2454 

  0x000002666de7051c: ;   {runtime_call UncommonTrapBlob}
  0x000002666de7051c: c5f8 77e8 

  0x000002666de70520: ; ImmutableOopMap {rbp=Oop [240]=Oop [248]=Oop [32]=Oop [48]=Oop [72]=NarrowOop [84]=NarrowOop [88]=Oop [112]=Oop }
                      ;*invokeinterface poll {reexecute=0 rethrow=0 return_oop=0}
                      ; - net.minecraft.client.multiplayer.ClientLevel::pollLightUpdates@42 (line 194)
                      ; - net.minecraft.client.renderer.LevelRenderer::renderLevel@74 (line 1122)
  0x000002666de70520: dc63 55fe | c5fe 7f94 | 24b0 0000 | 00c5 fa11 | 4424 64c5 | fe7f 8c24 | 9000 0000 | 498b d7c5 
  0x000002666de70540: f877 49ba | 6048 6131 | f97f 0000 | 41ff d2c5 | fe6f 8c24 | 9000 0000 | c5fa 1044 | 2464 c5fe 
  0x000002666de70560: 6f94 24b0 | 0000 00e9 | 1fb6 ffff | c5fe 7f94 | 24b0 0000 | 00c5 fa11 | 4424 64c5 | fe7f 8c24 
  0x000002666de70580: 9000 0000 | 498b d7c5 | f877 49ba | 6048 6131 | f97f 0000 | 41ff d2c5 | fe6f 8c24 | 9000 0000 
  0x000002666de705a0: c5fa 1044 | 2464 c5fe | 6f94 24b0 | 0000 00e9 | c7b5 ffff | 498b d7c5 | f877 49ba | 6048 6131 
  0x000002666de705c0: f97f 0000 | 41ff d2e9 | f3e4 ffff | 498b d7c5 | f877 49ba | 6048 6131 | f97f 0000 | 41ff d2e9 
  0x000002666de705e0: 29e5 ffff | 498b d7c5 | f877 49ba | 6048 6131 | f97f 0000 | 41ff d2e9 | e2b0 ffff | bac6 ffff 
  0x000002666de70600: ff48 8b6c | 2420 4c8b | 5424 284c | 8954 2420 | 448b 5424 | 3444 8954 | 242c 4c8b | 5424 384c 
  0x000002666de70620: 8954 2430 | 4c8b 5424 | 584c 8954 | 2438 448b | 5424 5044 | 8954 2448 | 4c89 4c24 | 5866 6690 
  0x000002666de70640: ;   {runtime_call UncommonTrapBlob}
  0x000002666de70640: c5f8 77e8 

  0x000002666de70644: ; ImmutableOopMap {rbp=Oop [240]=Oop [248]=Oop [32]=Oop [48]=Oop [56]=Oop [72]=NarrowOop [88]=Oop [112]=Oop }
                      ;*invokeinterface run {reexecute=0 rethrow=0 return_oop=0}
                      ; - net.minecraft.client.multiplayer.ClientLevel::pollLightUpdates@62 (line 199)
                      ; - net.minecraft.client.renderer.LevelRenderer::renderLevel@74 (line 1122)
  0x000002666de70644: b862 55fe | 4889 6c24 | 204c 8b74 | 2438 48ff | 7424 4048 | 8f44 2448 | 4c8b 6c24 | 504c 8b5c 
  0x000002666de70664: 2460 c5fe | 6f8c 2490 | 0000 00c5 | fa10 4424 | 308b 7c24 | 788b 4c24 | 7ce9 f2ed | ffff 4c8b 
  0x000002666de70684: 5c24 5045 | 8b53 1c45 | 8bd8 e9d5 | efff ff4c | 8b4c 2468 | 458b 4118 | 4889 6c24 | 204c 8b74 
  0x000002666de706a4: 2438 48ff | 7424 4048 | 8f44 2448 | 4c8b 6c24 | 504c 8b5c | 2460 c5fe | 6f8c 2490 | 0000 00c5 
  0x000002666de706c4: fa10 4424 | 308b 7c24 | 78e9 03f1 | ffff 4c8b | cd45 8b41 | 188b 6c24 | 30e9 11f2 | ffff baf6 
  0x000002666de706e4: ffff ff48 | 8b6c 2420 | 4c8b 5424 | 604c 8994 | 24f8 0000 | 00c5 fa10 | 8c24 8800 | 0000 c5fa 
  0x000002666de70704: 114c 2420 | 448b 5424 | 3444 8954 | 2424 4c8b | 5424 384c | 8954 2430 | 4c8b 5424 | 584c 8954 
  0x000002666de70724: 2438 c5fb | 1044 2470 | c5fb 1144 | 2440 c5fb | 1044 2478 | c5fb 1144 | 2448 c5fb | 1084 2480 
  0x000002666de70744: 0000 00c5 | fb11 4424 | 5044 8b5c | 2468 4c8b | 9424 9000 | 0000 4c89 | 5424 6044 | 895c 245c 
  0x000002666de70764: 4889 8424 | 9000 0000 

  0x000002666de7076c: ;   {runtime_call UncommonTrapBlob}
  0x000002666de7076c: c5f8 77e8 

  0x000002666de70770: ; ImmutableOopMap {rbp=Oop [240]=Oop [248]=Oop [48]=Oop [56]=Oop [92]=NarrowOop [96]=Oop [144]=Oop [152]=Oop [160]=Oop }
                      ;*invokevirtual shouldRender {reexecute=0 rethrow=0 return_oop=0}
                      ; - net.minecraft.client.renderer.LevelRenderer::renderLevel@857 (line 1199)
  0x000002666de70770: 8c61 55fe | bade ffff | ff48 8b6c | 2420 4c8b | 5424 604c | 8994 24f8 | 0000 0044 | 8b54 2434 
  0x000002666de70790: 4489 5424 | 244c 8b54 | 2438 4c89 | 5424 304c | 8b54 2458 | 4c89 5424 | 38c5 fb10 | 4424 70c5 
  0x000002666de707b0: fb11 4424 | 4044 8b54 | 2468 4489 | 5424 5848 | 8944 2470 

  0x000002666de707c4: ;   {runtime_call UncommonTrapBlob}
  0x000002666de707c4: c5f8 77e8 

  0x000002666de707c8: ; ImmutableOopMap {rbp=Oop [240]=Oop [248]=Oop [48]=Oop [56]=Oop [88]=NarrowOop [112]=Oop [144]=Oop [152]=Oop [160]=Oop }
                      ;*checkcast {reexecute=0 rethrow=0 return_oop=0}
                      ; - net.minecraft.client.renderer.LevelRenderer::renderLevel@838 (line 1198)
  0x000002666de707c8: 3461 55fe | 4889 6c24 | 204c 8b74 | 2438 48ff | 7424 4048 | 8f44 2458 | 4c8b 5c24 | 5048 8b7c 
  0x000002666de707e8: 2460 e94d | f2ff ffba | f6ff ffff | 48ff 7424 | 2048 8f84 | 24f8 0000 | 004c 8b54 | 2460 4c89 
  0x000002666de70808: 5424 2044 | 8b54 2434 | 4489 5424 | 2c4c 8b54 | 2458 4c89 | 5424 40c5 | fb10 4424 | 70c5 fb11 
  0x000002666de70828: 4424 48c5 | fb10 4424 | 78c5 fb11 | 4424 5044 | 8b54 2468 | 4489 5424 | 6066 6690 

  0x000002666de70844: ;   {runtime_call UncommonTrapBlob}
  0x000002666de70844: c5f8 77e8 

  0x000002666de70848: ; ImmutableOopMap {rbp=NarrowOop [240]=Oop [248]=Oop [32]=Oop [56]=Oop [64]=Oop [96]=NarrowOop [144]=Oop [152]=Oop [160]=Oop [168]=Oop }
                      ;*invokevirtual getY {reexecute=0 rethrow=0 return_oop=0}
                      ; - net.minecraft.client.renderer.LevelRenderer::renderLevel@891 (line 1201)
  0x000002666de70848: b460 55fe | baf6 ffff | ff48 8b6c | 2420 4c8b | 5424 604c | 8994 24f8 | 0000 0044 | 8b54 2434 
  0x000002666de70868: 4489 5424 | 244c 8b54 | 2438 4c89 | 5424 304c | 8b54 2458 | 4c89 5424 | 38c5 fb10 | 4424 70c5 
  0x000002666de70888: fb11 4424 | 40c5 fb10 | 4424 78c5 | fb11 4424 | 4844 8b54 | 2468 4489 | 5424 5889 | 4424 5c90 
  0x000002666de708a8: ;   {runtime_call UncommonTrapBlob}
  0x000002666de708a8: c5f8 77e8 

  0x000002666de708ac: ; ImmutableOopMap {rbp=Oop [240]=Oop [248]=Oop [48]=Oop [56]=Oop [88]=NarrowOop [144]=Oop [152]=Oop [160]=Oop [168]=Oop [176]=Oop }
                      ;*invokevirtual isOutsideBuildHeight {reexecute=0 rethrow=0 return_oop=0}
                      ; - net.minecraft.client.renderer.LevelRenderer::renderLevel@894 (line 1201)
  0x000002666de708ac: 5060 55fe | baf6 ffff | ff4c 8974 | 2440 4489 | 4c24 5090 

  0x000002666de708c0: ;   {runtime_call UncommonTrapBlob}
  0x000002666de708c0: c5f8 77e8 

  0x000002666de708c4: ; ImmutableOopMap {rbp=NarrowOop [240]=Oop [248]=Oop [32]=Oop [40]=Oop [64]=Oop [80]=NarrowOop [112]=Oop }
                      ;*invokevirtual prepare {reexecute=0 rethrow=0 return_oop=0}
                      ; - net.minecraft.client.renderer.LevelRenderer::renderLevel@48 (line 1119)
  0x000002666de708c4: 3860 55fe | baf6 ffff | ff48 8b6c | 2420 4c8b | 5424 284c | 8954 2420 | 448b 5c24 | 3444 895c 
  0x000002666de708e4: 242c 4c89 | 7424 304c | 894c 2448 

  0x000002666de708f0: ;   {runtime_call UncommonTrapBlob}
  0x000002666de708f0: c5f8 77e8 

  0x000002666de708f4: ; ImmutableOopMap {rbp=Oop [240]=Oop [248]=Oop [32]=Oop [48]=Oop [72]=Oop [88]=Oop [112]=Oop }
                      ;*invokevirtual markNewInconsistencies {reexecute=0 rethrow=0 return_oop=0}
                      ; - net.minecraft.world.level.lighting.LightEngine::runLightUpdates@73 (line 152)
                      ; - net.minecraft.world.level.lighting.LevelLightEngine::runLightUpdates@14 (line 48)
                      ; - net.minecraft.client.renderer.LevelRenderer::renderLevel@97 (line 1124)
  0x000002666de708f4: 0860 55fe | baf6 ffff | ff48 8b6c | 2420 4c8b | 5424 284c | 8954 2420 | 448b 5c24 | 3444 895c 
  0x000002666de70914: 242c 4c8b | 5424 384c | 8954 2430 

  0x000002666de70920: ;   {runtime_call UncommonTrapBlob}
  0x000002666de70920: c5f8 77e8 

  0x000002666de70924: ; ImmutableOopMap {rbp=Oop [240]=Oop [248]=Oop [32]=Oop [48]=Oop [88]=Oop [112]=Oop }
                      ;*invokevirtual swapSectionMap {reexecute=0 rethrow=0 return_oop=0}
                      ; - net.minecraft.world.level.lighting.LightEngine::runLightUpdates@80 (line 153)
                      ; - net.minecraft.world.level.lighting.LevelLightEngine::runLightUpdates@14 (line 48)
                      ; - net.minecraft.client.renderer.LevelRenderer::renderLevel@97 (line 1124)
  0x000002666de70924: d85f 55fe | baf6 ffff | ff48 8b6c | 2420 4c8b | 5424 284c | 8954 2420 | 448b 5c24 | 3444 895c 
  0x000002666de70944: 242c 4c8b | 5424 384c | 8954 2430 | 4c89 4424 | 4866 6690 

  0x000002666de70958: ;   {runtime_call UncommonTrapBlob}
  0x000002666de70958: c5f8 77e8 

  0x000002666de7095c: ; ImmutableOopMap {rbp=Oop [240]=Oop [248]=Oop [32]=Oop [48]=Oop [72]=Oop [88]=Oop [112]=Oop }
                      ;*invokevirtual markNewInconsistencies {reexecute=0 rethrow=0 return_oop=0}
                      ; - net.minecraft.world.level.lighting.LightEngine::runLightUpdates@73 (line 152)
                      ; - net.minecraft.world.level.lighting.LevelLightEngine::runLightUpdates@31 (line 52)
                      ; - net.minecraft.client.renderer.LevelRenderer::renderLevel@97 (line 1124)
  0x000002666de7095c: a05f 55fe | baf6 ffff | ff48 8b6c | 2420 4c8b | 5424 284c | 8954 2420 | 448b 5c24 | 3444 895c 
  0x000002666de7097c: 242c 4c8b | 5424 384c | 8954 2430 

  0x000002666de70988: ;   {runtime_call UncommonTrapBlob}
  0x000002666de70988: c5f8 77e8 

  0x000002666de7098c: ; ImmutableOopMap {rbp=Oop [240]=Oop [248]=Oop [32]=Oop [48]=Oop [88]=Oop [112]=Oop }
                      ;*invokevirtual swapSectionMap {reexecute=0 rethrow=0 return_oop=0}
                      ; - net.minecraft.world.level.lighting.LightEngine::runLightUpdates@80 (line 153)
                      ; - net.minecraft.world.level.lighting.LevelLightEngine::runLightUpdates@31 (line 52)
                      ; - net.minecraft.client.renderer.LevelRenderer::renderLevel@97 (line 1124)
  0x000002666de7098c: 705f 55fe | bae4 ffff | ff4c 8b54 | 2458 4c89 | 5424 40c5 | fb11 5424 | 48c5 fb11 | 6424 50c5 
  0x000002666de709ac: fb11 5c24 | 5844 8944 | 2468 897c | 246c 6690 

  0x000002666de709bc: ;   {runtime_call UncommonTrapBlob}
  0x000002666de709bc: c5f8 77e8 

  0x000002666de709c0: ; ImmutableOopMap {[240]=Oop [248]=Oop [32]=Oop [40]=Oop [56]=Oop [64]=Oop [104]=NarrowOop [108]=NarrowOop [112]=Oop }
                      ;*aaload {reexecute=0 rethrow=0 return_oop=0}
                      ; - java.util.ArrayDeque::elementAt@2 (line 259)
                      ; - java.util.ArrayDeque::getLast@15 (line 411)
                      ; - com.mojang.blaze3d.vertex.PoseStack::last@4 (line 70)
                      ; - net.minecraft.client.renderer.LevelRenderer::renderLevel@130 (line 1129)
  0x000002666de709c0: 3c5f 55fe | bae4 ffff | ff48 898c | 24f8 0000 | 004c 8b54 | 2460 4c89 | 5424 2044 | 8b54 2434 
  0x000002666de709e0: 4489 5424 | 2c4c 8b54 | 2458 4c89 | 5424 4044 | 8b5c 2468 | 4489 5c24 | 6089 7c24 | 6866 6690 
  0x000002666de70a00: ;   {runtime_call UncommonTrapBlob}
  0x000002666de70a00: c5f8 77e8 

  0x000002666de70a04: ; ImmutableOopMap {[240]=Oop [248]=Oop [32]=Oop [56]=Oop [64]=Oop [96]=NarrowOop [152]=Oop }
                      ;*aaload {reexecute=0 rethrow=0 return_oop=0}
                      ; - com.mojang.blaze3d.platform.GlStateManager::_bindTexture@10 (line 564)
                      ; - net.minecraft.client.renderer.texture.AbstractTexture::bind@22 (line 86)
                      ; - net.minecraft.client.renderer.texture.AbstractTexture::setFilter@59 (line 34)
                      ; - net.minecraft.client.renderer.texture.AbstractTexture::setBlurMipmap@19 (line 46)
                      ; - net.minecraft.client.renderer.LevelRenderer::renderLevel@601 (line 1167)
  0x000002666de70a04: f85e 55fe | bae4 ffff | ff4c 8b54 | 2420 4c89 | 9424 f800 | 0000 4c8b | 5424 604c | 8954 2420 
  0x000002666de70a24: 448b 5424 | 3444 8954 | 242c 4c8b | 5424 584c | 8954 2440 | 448b 5424 | 6844 8954 | 2460 4489 
  0x000002666de70a44: 4c24 6489 | 5c24 6c90 

  0x000002666de70a4c: ;   {runtime_call UncommonTrapBlob}
  0x000002666de70a4c: c5f8 77e8 

  0x000002666de70a50: ; ImmutableOopMap {[240]=Oop [248]=Oop [32]=Oop [56]=Oop [64]=Oop [96]=NarrowOop [152]=Oop }
                      ;*aaload {reexecute=0 rethrow=0 return_oop=0}
                      ; - com.mojang.blaze3d.platform.GlStateManager::_bindTexture@10 (line 564)
                      ; - net.minecraft.client.renderer.texture.AbstractTexture::bind@22 (line 86)
                      ; - net.minecraft.client.renderer.texture.AbstractTexture::setFilter@59 (line 34)
                      ; - net.minecraft.client.renderer.texture.AbstractTexture::restoreLastBlurMipmap@9 (line 50)
                      ; - net.minecraft.client.renderer.LevelRenderer::renderLevel@633 (line 1169)
  0x000002666de70a50: ac5e 55fe | baf6 ffff | ff44 8b54 | 2434 4489 | 5424 244c | 8b54 2438 | 4c89 5424 | 304c 8b54 
  0x000002666de70a70: 2458 4c89 | 5424 3890 

  0x000002666de70a78: ;   {runtime_call UncommonTrapBlob}
  0x000002666de70a78: c5f8 77e8 

  0x000002666de70a7c: ; ImmutableOopMap {rbp=Oop [240]=Oop [48]=Oop [56]=Oop [96]=Oop [104]=NarrowOop [152]=Oop }
                      ;*invokevirtual effects {reexecute=0 rethrow=0 return_oop=0}
                      ; - net.minecraft.client.renderer.LevelRenderer::renderLevel@656 (line 1171)
  0x000002666de70a7c: 805e 55fe | baf6 ffff | ff44 8b54 | 2434 4489 | 5424 244c | 8b54 2438 | 4c89 5424 | 304c 8b54 
  0x000002666de70a9c: 2458 4c89 | 5424 3890 

  0x000002666de70aa4: ;   {runtime_call UncommonTrapBlob}
  0x000002666de70aa4: c5f8 77e8 

  0x000002666de70aa8: ; ImmutableOopMap {rbp=Oop [240]=Oop [48]=Oop [56]=Oop [96]=Oop [104]=NarrowOop [152]=Oop }
                      ;*invokevirtual constantAmbientLight {reexecute=0 rethrow=0 return_oop=0}
                      ; - net.minecraft.client.renderer.LevelRenderer::renderLevel@659 (line 1171)
  0x000002666de70aa8: 545e 55fe | baf6 ffff | ff44 8b54 | 2434 4489 | 5424 244c | 8b54 2438 | 4c89 5424 | 304c 8b54 
  0x000002666de70ac8: 2458 4c89 | 5424 3890 

  0x000002666de70ad0: ;   {runtime_call UncommonTrapBlob}
  0x000002666de70ad0: c5f8 77e8 

  0x000002666de70ad4: ; ImmutableOopMap {rbp=Oop [240]=Oop [48]=Oop [56]=Oop [96]=Oop [104]=NarrowOop [152]=Oop }
                      ;*invokevirtual pose {reexecute=0 rethrow=0 return_oop=0}
                      ; - net.minecraft.client.renderer.LevelRenderer::renderLevel@682 (line 1174)
  0x000002666de70ad4: 285e 55fe | baf6 ffff | ff48 8b6c | 2420 448b | 5424 3444 | 8954 2424 | 4c8b 5424 | 384c 8954 
  0x000002666de70af4: 2430 4c8b | 5424 584c | 8954 2438 

  0x000002666de70b00: ;   {runtime_call UncommonTrapBlob}
  0x000002666de70b00: c5f8 77e8 

  0x000002666de70b04: ; ImmutableOopMap {rbp=Oop [240]=Oop [48]=Oop [56]=Oop [96]=Oop [104]=NarrowOop [152]=Oop }
                      ;*invokevirtual clear {reexecute=0 rethrow=0 return_oop=0}
                      ; - net.minecraft.client.renderer.LevelRenderer::renderLevel@781 (line 1191)
  0x000002666de70b04: f85d 55fe | baf6 ffff | ff44 8b54 | 2434 4489 | 5424 244c | 8b54 2438 | 4c89 5424 | 304c 8b54 
  0x000002666de70b24: 2458 4c89 | 5424 3890 

  0x000002666de70b2c: ;   {runtime_call UncommonTrapBlob}
  0x000002666de70b2c: c5f8 77e8 

  0x000002666de70b30: ; ImmutableOopMap {rbp=Oop [240]=Oop [48]=Oop [56]=Oop [96]=Oop [104]=NarrowOop [152]=Oop }
                      ;*invokevirtual getMainRenderTarget {reexecute=0 rethrow=0 return_oop=0}
                      ; - net.minecraft.client.renderer.LevelRenderer::renderLevel@788 (line 1192)
  0x000002666de70b30: cc5d 55fe | baf6 ffff | ff44 8b54 | 2434 4489 | 5424 244c | 8b54 2438 | 4c89 5424 | 304c 8b54 
  0x000002666de70b50: 2458 4c89 | 5424 3890 

  0x000002666de70b58: ;   {runtime_call UncommonTrapBlob}
  0x000002666de70b58: c5f8 77e8 

  0x000002666de70b5c: ; ImmutableOopMap {rbp=Oop [240]=Oop [48]=Oop [56]=Oop [96]=Oop [104]=NarrowOop [152]=Oop }
                      ;*invokevirtual bindWrite {reexecute=0 rethrow=0 return_oop=0}
                      ; - net.minecraft.client.renderer.LevelRenderer::renderLevel@792 (line 1192)
  0x000002666de70b5c: a05d 55fe | baf6 ffff | ff44 8b54 | 2434 4489 | 5424 244c | 8b54 2438 | 4c89 5424 | 304c 8b54 
  0x000002666de70b7c: 2458 4c89 | 5424 3890 

  0x000002666de70b84: ;   {runtime_call UncommonTrapBlob}
  0x000002666de70b84: c5f8 77e8 

  0x000002666de70b88: ; ImmutableOopMap {rbp=Oop [240]=Oop [48]=Oop [56]=Oop [96]=Oop [104]=NarrowOop [152]=Oop }
                      ;*invokevirtual bufferSource {reexecute=0 rethrow=0 return_oop=0}
                      ; - net.minecraft.client.renderer.LevelRenderer::renderLevel@802 (line 1196)
  0x000002666de70b88: 745d 55fe | baf6 ffff | ff4c 8b54 | 2460 4c89 | 9424 f800 | 0000 448b | 5424 3444 | 8954 2424 
  0x000002666de70ba8: 4c8b 5424 | 384c 8954 | 2430 4c8b | 5424 584c | 8954 2438 

  0x000002666de70bbc: ;   {runtime_call UncommonTrapBlob}
  0x000002666de70bbc: c5f8 77e8 

  0x000002666de70bc0: ; ImmutableOopMap {rbp=Oop [240]=Oop [248]=Oop [48]=Oop [56]=Oop [104]=NarrowOop [144]=Oop [152]=Oop }
                      ;*invokevirtual entitiesForRendering {reexecute=0 rethrow=0 return_oop=0}
                      ; - net.minecraft.client.renderer.LevelRenderer::renderLevel@811 (line 1198)
  0x000002666de70bc0: 3c5d 55fe | baf6 ffff | ff48 8b6c | 2420 448b | 5424 3444 | 8954 2424 | 4c8b 5424 | 384c 8954 
  0x000002666de70be0: 2430 4c8b | 5424 584c | 8954 2438 

  0x000002666de70bec: ;   {runtime_call UncommonTrapBlob}
  0x000002666de70bec: c5f8 77e8 

  0x000002666de70bf0: ; ImmutableOopMap {rbp=Oop [240]=Oop [48]=Oop [56]=Oop [96]=Oop [104]=NarrowOop [152]=Oop }
                      ;*invokevirtual endLastBatch {reexecute=0 rethrow=0 return_oop=0}
                      ; - net.minecraft.client.renderer.LevelRenderer::renderLevel@1161 (line 1228)
  0x000002666de70bf0: 0c5d 55fe | baf6 ffff | ff4c 8b54 | 2460 4c89 | 9424 f800 | 0000 448b | 5424 3444 | 8954 2424 
  0x000002666de70c10: 4c8b 5424 | 384c 8954 | 2430 4c8b | 5424 584c | 8954 2438 

  0x000002666de70c24: ;   {runtime_call UncommonTrapBlob}
  0x000002666de70c24: c5f8 77e8 

  0x000002666de70c28: ; ImmutableOopMap {rbp=Oop [240]=Oop [248]=Oop [48]=Oop [56]=Oop [104]=NarrowOop [144]=Oop [152]=Oop }
                      ;*invokevirtual iterator {reexecute=0 rethrow=0 return_oop=0}
                      ; - net.minecraft.client.renderer.LevelRenderer::renderLevel@1245 (line 1237)
  0x000002666de70c28: d45c 55fe | baf6 ffff | ff48 8b6c | 2420 4c8b | 5424 604c | 8994 24f8 | 0000 0044 | 8b54 2434 
  0x000002666de70c48: 4489 5424 | 244c 8b54 | 2438 4c89 | 5424 304c | 8b54 2458 | 4c89 5424 | 3866 6690 

  0x000002666de70c64: ;   {runtime_call UncommonTrapBlob}
  0x000002666de70c64: c5f8 77e8 

  0x000002666de70c68: ; ImmutableOopMap {rbp=Oop [240]=Oop [248]=Oop [48]=Oop [56]=Oop [104]=NarrowOop [144]=Oop [152]=Oop }
                      ;*monitorenter {reexecute=0 rethrow=0 return_oop=0}
                      ; - net.minecraft.client.renderer.LevelRenderer::renderLevel@1557 (line 1268)
  0x000002666de70c68: 945c 55fe | baf6 ffff | ff4c 8b54 | 2460 4c89 | 9424 f800 | 0000 448b | 5424 3444 | 8954 2424 
  0x000002666de70c88: 4c8b 5424 | 384c 8954 | 2430 4c8b | 5424 584c | 8954 2438 

  0x000002666de70c9c: ;   {runtime_call UncommonTrapBlob}
  0x000002666de70c9c: c5f8 77e8 

  0x000002666de70ca0: ; ImmutableOopMap {rbp=Oop [240]=Oop [248]=Oop [48]=Oop [56]=Oop [104]=NarrowOop [144]=Oop [152]=Oop }
                      ;*invokevirtual outlineBufferSource {reexecute=0 rethrow=0 return_oop=0}
                      ; - net.minecraft.client.renderer.LevelRenderer::renderLevel@1797 (line 1293)
  0x000002666de70ca0: 5c5c 55fe | baf6 ffff | ff4c 8b54 | 2460 4c89 | 9424 f800 | 0000 448b | 5424 3444 | 8954 2424 
  0x000002666de70cc0: 4c8b 5424 | 384c 8954 | 2430 4c8b | 5424 584c | 8954 2438 

  0x000002666de70cd4: ;   {runtime_call UncommonTrapBlob}
  0x000002666de70cd4: c5f8 77e8 

  0x000002666de70cd8: ; ImmutableOopMap {rbp=Oop [240]=Oop [248]=Oop [48]=Oop [56]=Oop [104]=NarrowOop [144]=Oop [152]=Oop }
                      ;*invokevirtual endOutlineBatch {reexecute=0 rethrow=0 return_oop=0}
                      ; - net.minecraft.client.renderer.LevelRenderer::renderLevel@1800 (line 1293)
  0x000002666de70cd8: 245c 55fe | baf6 ffff | ff48 8b6c | 2420 4c8b | 5424 384c | 8954 2430 | 4c8b 5424 | 584c 8954 
  0x000002666de70cf8: 2438 448b | 5424 6844 | 8954 2424 | 4c8b 9424 | 9000 0000 | 4c89 5424 | 6866 6690 

  0x000002666de70d14: ;   {runtime_call UncommonTrapBlob}
  0x000002666de70d14: c5f8 77e8 

  0x000002666de70d18: ; ImmutableOopMap {rbp=Oop [240]=Oop [36]=NarrowOop [48]=Oop [56]=Oop [96]=Oop [104]=Oop [144]=Oop [152]=Oop }
                      ;*invokevirtual render {reexecute=0 rethrow=0 return_oop=0}
                      ; - net.minecraft.client.renderer.LevelRenderer::renderLevel@2334 (line 1337)
  0x000002666de70d18: e45b 55fe | baf6 ffff | ff4c 8b54 | 2460 4c89 | 9424 f800 | 0000 4c8b | 5424 384c | 8954 2430 
  0x000002666de70d38: 4c8b 5424 | 584c 8954 | 2438 6690 

  0x000002666de70d44: ;   {runtime_call UncommonTrapBlob}
  0x000002666de70d44: c5f8 77e8 

  0x000002666de70d48: ; ImmutableOopMap {rbp=Oop [240]=Oop [248]=Oop [48]=Oop [56]=Oop [104]=NarrowOop [144]=Oop [152]=Oop [160]=Oop }
                      ;*invokevirtual crumblingBufferSource {reexecute=0 rethrow=0 return_oop=0}
                      ; - net.minecraft.client.renderer.LevelRenderer::renderLevel@2442 (line 1352)
  0x000002666de70d48: b45b 55fe | baf6 ffff | ff4c 8b54 | 2460 4c89 | 9424 f800 | 0000 4c8b | 5424 384c | 8954 2430 
  0x000002666de70d68: 4c8b 5424 | 584c 8954 | 2438 6690 

  0x000002666de70d74: ;   {runtime_call UncommonTrapBlob}
  0x000002666de70d74: c5f8 77e8 

  0x000002666de70d78: ; ImmutableOopMap {rbp=Oop [240]=Oop [248]=Oop [48]=Oop [56]=Oop [104]=NarrowOop [144]=Oop [152]=Oop [160]=Oop }
                      ;*invokevirtual endBatch {reexecute=0 rethrow=0 return_oop=0}
                      ; - net.minecraft.client.renderer.LevelRenderer::renderLevel@2445 (line 1352)
  0x000002666de70d78: 845b 55fe | baf6 ffff | ff49 8be8 | c5fa 108c | 2488 0000 | 004c 8b54 | 2438 4c89 | 5424 304c 
  0x000002666de70d98: 8b54 2458 | 4c89 5424 | 38c5 fb10 | 4424 70c5 | fb11 4424 | 40c5 fb10 | 4424 78c5 | fb11 4424 
  0x000002666de70db8: 48c5 fb10 | 8424 8000 | 0000 c5fb | 1144 2450 | 4c8b 9424 | 9000 0000 | 4c89 5424 | 70c5 f828 
  0x000002666de70dd8: c1c5 fa11 | 4424 6c90 

  0x000002666de70de0: ;   {runtime_call UncommonTrapBlob}
  0x000002666de70de0: c5f8 77e8 

  0x000002666de70de4: ; ImmutableOopMap {rbp=Oop [240]=Oop [48]=Oop [56]=Oop [96]=Oop [104]=NarrowOop [112]=Oop [144]=Oop [152]=Oop [160]=Oop }
                      ;*invokevirtual render {reexecute=0 rethrow=0 return_oop=0}
                      ; - net.minecraft.client.renderer.LevelRenderer::renderLevel@2740 (line 1381)
  0x000002666de70de4: 185b 55fe | baf6 ffff | ff48 8b6c | 2420 4c8b | 5424 384c | 8954 2430 | 4c8b 5424 | 584c 8954 
  0x000002666de70e04: 2438 6690 

  0x000002666de70e08: ;   {runtime_call UncommonTrapBlob}
  0x000002666de70e08: c5f8 77e8 

  0x000002666de70e0c: ; ImmutableOopMap {rbp=Oop [240]=Oop [48]=Oop [56]=Oop [96]=Oop [104]=NarrowOop [144]=Oop [152]=Oop }
                      ;*invokevirtual pushPose {reexecute=0 rethrow=0 return_oop=0}
                      ; - net.minecraft.client.renderer.LevelRenderer::renderLevel@2763 (line 1385)
  0x000002666de70e0c: f05a 55fe | baf6 ffff | ff48 8b6c | 2420 4c8b | 5424 604c | 8994 24f8 | 0000 004c | 8b54 2438 
  0x000002666de70e2c: 4c89 5424 | 304c 8b54 | 2458 4c89 | 5424 3844 | 8b54 2468 | 4489 5424 | 244c 8b94 | 24a0 0000 
  0x000002666de70e4c: 004c 8954 | 2468 6690 

  0x000002666de70e54: ;   {runtime_call UncommonTrapBlob}
  0x000002666de70e54: c5f8 77e8 

  0x000002666de70e58: ; ImmutableOopMap {rbp=Oop [240]=Oop [248]=Oop [36]=NarrowOop [48]=Oop [56]=Oop [104]=Oop [144]=Oop [152]=Oop [160]=Oop }
                      ;*invokevirtual pose {reexecute=0 rethrow=0 return_oop=0}
                      ; - net.minecraft.client.renderer.LevelRenderer::renderLevel@2772 (line 1386)
  0x000002666de70e58: a45a 55fe | baf6 ffff | ff48 8b6c | 2420 4c8b | 5424 604c | 8994 24f8 | 0000 004c | 8b54 2438 
  0x000002666de70e78: 4c89 5424 | 304c 8b54 | 2458 4c89 | 5424 3890 

  0x000002666de70e88: ;   {runtime_call UncommonTrapBlob}
  0x000002666de70e88: c5f8 77e8 

  0x000002666de70e8c: ; ImmutableOopMap {rbp=Oop [240]=Oop [248]=Oop [48]=Oop [56]=Oop [104]=NarrowOop [144]=Oop [152]=Oop [160]=Oop }
                      ;*invokevirtual getCloudsType {reexecute=0 rethrow=0 return_oop=0}
                      ; - net.minecraft.client.renderer.LevelRenderer::renderLevel@2788 (line 1388)
  0x000002666de70e8c: 705a 55fe | bade ffff | ff4c 8974 | 2438 6690 

  0x000002666de70e9c: ;   {runtime_call UncommonTrapBlob}
  0x000002666de70e9c: c5f8 77e8 

  0x000002666de70ea0: ; ImmutableOopMap {rbp=Oop [240]=Oop [248]=Oop [32]=Oop [40]=Oop [56]=Oop [112]=Oop }
                      ;*invokeinterface popPush {reexecute=0 rethrow=0 return_oop=0}
                      ; - net.minecraft.client.renderer.LevelRenderer::renderLevel@65 (line 1121)
  0x000002666de70ea0: 5c5a 55fe | bade ffff | ff48 8b6c | 2420 4c8b | 5424 284c | 8954 2420 | 448b 5c24 | 3444 895c 
  0x000002666de70ec0: 242c 4c89 | 7424 3044 | 8944 2448 | 895c 244c 

  0x000002666de70ed0: ;   {runtime_call UncommonTrapBlob}
  0x000002666de70ed0: c5f8 77e8 

  0x000002666de70ed4: ; ImmutableOopMap {rbp=Oop [240]=Oop [248]=Oop [32]=Oop [48]=Oop [72]=NarrowOop [76]=NarrowOop [88]=Oop [112]=Oop }
                      ;*invokeinterface size {reexecute=0 rethrow=0 return_oop=0}
                      ; - net.minecraft.client.multiplayer.ClientLevel::pollLightUpdates@4 (line 190)
                      ; - net.minecraft.client.renderer.LevelRenderer::renderLevel@74 (line 1122)
  0x000002666de70ed4: 285a 55fe | bade ffff | ff4c 8974 | 2438 6690 

  0x000002666de70ee4: ;   {runtime_call UncommonTrapBlob}
  0x000002666de70ee4: c5f8 77e8 

  0x000002666de70ee8: ; ImmutableOopMap {rbp=NarrowOop [240]=Oop [248]=Oop [32]=Oop [40]=Oop [56]=Oop [88]=Oop [112]=Oop }
                      ;*invokevirtual runLightUpdates {reexecute=0 rethrow=0 return_oop=0}
                      ; - net.minecraft.client.renderer.LevelRenderer::renderLevel@97 (line 1124)
  0x000002666de70ee8: 145a 55fe | bade ffff | ff4c 8974 | 2438 48ff | 7424 5848 | 8f44 2440 | 4c89 5c24 | 5044 8954 
  0x000002666de70f08: 2458 6690 

  0x000002666de70f0c: ;   {runtime_call UncommonTrapBlob}
  0x000002666de70f0c: c5f8 77e8 

  0x000002666de70f10: ; ImmutableOopMap {rbp=Oop [240]=Oop [248]=Oop [32]=Oop [40]=Oop [56]=Oop [64]=Oop [80]=Oop [88]=NarrowOop [112]=Oop }
                      ;*invokeinterface hasNext {reexecute=0 rethrow=0 return_oop=0}
                      ; - net.minecraft.world.level.lighting.LightEngine::runLightUpdates@9 (line 142)
                      ; - net.minecraft.world.level.lighting.LevelLightEngine::runLightUpdates@14 (line 48)
                      ; - net.minecraft.client.renderer.LevelRenderer::renderLevel@97 (line 1124)
  0x000002666de70f10: ec59 55fe | bade ffff | ff66 6690 

  0x000002666de70f1c: ;   {runtime_call UncommonTrapBlob}
  0x000002666de70f1c: c5f8 77e8 

  0x000002666de70f20: ; ImmutableOopMap {rbp=Oop [240]=Oop [248]=Oop [32]=Oop [40]=Oop [56]=Oop [80]=NarrowOop [88]=Oop [112]=Oop }
                      ;*invokeinterface hasNext {reexecute=0 rethrow=0 return_oop=0}
                      ; - net.minecraft.world.level.lighting.LightEngine::runLightUpdates@9 (line 142)
                      ; - net.minecraft.world.level.lighting.LevelLightEngine::runLightUpdates@31 (line 52)
                      ; - net.minecraft.client.renderer.LevelRenderer::renderLevel@97 (line 1124)
  0x000002666de70f20: dc59 55fe | bade ffff | ff4c 8b54 | 2458 4c89 | 5424 40c5 | fb11 5424 | 48c5 fb11 | 6424 50c5 
  0x000002666de70f40: fb11 5c24 | 5844 8944 | 2468 6690 

  0x000002666de70f4c: ;   {runtime_call UncommonTrapBlob}
  0x000002666de70f4c: c5f8 77e8 

  0x000002666de70f50: ; ImmutableOopMap {rbp=NarrowOop [240]=Oop [248]=Oop [32]=Oop [40]=Oop [56]=Oop [64]=Oop [104]=NarrowOop [112]=Oop }
                      ;*invokeinterface getLast {reexecute=0 rethrow=0 return_oop=0}
                      ; - com.mojang.blaze3d.vertex.PoseStack::last@4 (line 70)
                      ; - net.minecraft.client.renderer.LevelRenderer::renderLevel@130 (line 1129)
  0x000002666de70f50: ac59 55fe | bade ffff | ff4c 8b54 | 2458 4c89 | 5424 40c5 | fb11 5424 | 48c5 fb11 | 6424 50c5 
  0x000002666de70f70: fb11 5c24 | 5844 894c | 2460 4c8b | 5424 704c | 8954 2468 | 4489 4424 | 6489 4c24 | 7066 6690 
  0x000002666de70f90: ;   {runtime_call UncommonTrapBlob}
  0x000002666de70f90: c5f8 77e8 

  0x000002666de70f94: ; ImmutableOopMap {rbp=NarrowOop [240]=Oop [248]=Oop [32]=Oop [40]=Oop [56]=Oop [64]=Oop [96]=NarrowOop [100]=NarrowOop [104]=Oop [112]=NarrowOop }
                      ;*invokeinterface popPush {reexecute=0 rethrow=0 return_oop=0}
                      ; - net.minecraft.client.renderer.LevelRenderer::renderLevel@218 (line 1140)
  0x000002666de70f94: 6859 55fe | bade ffff | ff4c 8b54 | 2468 4c89 | 5424 284c | 8b54 2458 | 4c89 5424 | 40c5 fb11 
  0x000002666de70fb4: 6424 48c5 | fb11 5424 | 50c5 fa11 | 5c24 6489 | 7c24 6889 | 4c24 6c90 

  0x000002666de70fcc: ;   {runtime_call UncommonTrapBlob}
  0x000002666de70fcc: c5f8 77e8 

  0x000002666de70fd0: ; ImmutableOopMap {[240]=Oop [248]=Oop [32]=Oop [40]=Oop [56]=Oop [64]=Oop [104]=NarrowOop [140]=NarrowOop }
                      ;*invokevirtual isFoggyAt {reexecute=0 rethrow=0 return_oop=0}
                      ; - net.minecraft.client.renderer.LevelRenderer::renderLevel@357 (line 1151)
  0x000002666de70fd0: 2c59 55fe | bade ffff | ff4c 8b5c | 2468 4c89 | 5c24 284c | 8b5c 2458 | 4c89 5c24 | 40c5 fb11 
  0x000002666de70ff0: 6424 48c5 | fb11 5424 | 50c5 fa11 | 5c24 6444 | 894c 2468 

  0x000002666de71004: ;   {runtime_call UncommonTrapBlob}
  0x000002666de71004: c5f8 77e8 

  0x000002666de71008: ; ImmutableOopMap {rbp=NarrowOop [240]=Oop [248]=Oop [32]=Oop [40]=Oop [56]=Oop [64]=Oop [104]=NarrowOop [140]=NarrowOop }
                      ;*invokeinterface isEmpty {reexecute=0 rethrow=0 return_oop=0}
                      ; - net.minecraft.client.gui.components.BossHealthOverlay::shouldCreateWorldFog@4 (line 135)
                      ; - net.minecraft.client.renderer.LevelRenderer::renderLevel@373 (line 1151)
  0x000002666de71008: f458 55fe | bade ffff | ffc5 fa10 | 8c24 8800 | 0000 c5fa | 114c 2428 | 448b 4c24 | 3444 894c 
  0x000002666de71028: 242c 4c8b | 4c24 584c | 894c 2438 | c5fb 1044 | 2450 c5fb | 1144 2440 | c5fb 1044 | 2460 c5fb 
  0x000002666de71048: 1144 2448 | c5fb 1084 | 2480 0000 | 00c5 fb11 | 4424 508b | 8c24 8c00 | 0000 4889 | 7c24 6044 
  0x000002666de71068: 8bc9 4489 | 4c24 5cc5 | fa10 8c24 | 9000 0000 | c5fa 118c | 2480 0000 | 0044 899c | 2484 0000 
  0x000002666de71088: 0044 89ac | 2488 0000 | 0044 8994 | 2490 0000 | 0044 8984 | 2494 0000 | 0066 6690 

  0x000002666de710a4: ;   {runtime_call UncommonTrapBlob}
  0x000002666de710a4: c5f8 77e8 

  0x000002666de710a8: ; ImmutableOopMap {[240]=Oop [248]=Oop [56]=Oop [92]=NarrowOop [96]=Oop [104]=Oop [136]=NarrowOop [144]=NarrowOop [148]=NarrowOop [152]=Oop }
                      ;*invokeinterface push {reexecute=0 rethrow=0 return_oop=0}
                      ; - net.minecraftforge.client.ForgeHooksClient::dispatchRenderStage@18 (line 287)
                      ; - net.minecraft.client.renderer.LevelRenderer::renderLevel@456 (line 1158)
  0x000002666de710a8: 5458 55fe | bade ffff | ff48 898c | 24f8 0000 | 004c 8b54 | 2460 4c89 | 5424 2044 | 8b54 2434 
  0x000002666de710c8: 4489 5424 | 2c4c 8b54 | 2458 4c89 | 5424 4090 

  0x000002666de710d8: ;   {runtime_call UncommonTrapBlob}
  0x000002666de710d8: c5f8 77e8 

  0x000002666de710dc: ; ImmutableOopMap {rbp=NarrowOop [240]=Oop [248]=Oop [32]=Oop [56]=Oop [64]=Oop [104]=NarrowOop [152]=Oop }
                      ;*invokeinterface get {reexecute=0 rethrow=0 return_oop=0}
                      ; - net.minecraft.client.resources.model.AtlasSet::getAtlas@5 (line 30)
                      ; - net.minecraft.client.resources.model.ModelManager::getAtlas@23 (line 232)
                      ; - net.minecraft.client.renderer.LevelRenderer::renderLevel@570 (line 1167)
  0x000002666de710dc: 2058 55fe | bade ffff | ff4c 8b54 | 2420 4c89 | 9424 f800 | 0000 4c8b | 5424 604c | 8954 2420 
  0x000002666de710fc: 448b 5424 | 3444 8954 | 242c 4c8b | 5424 584c | 8954 2440 

  0x000002666de71110: ;   {runtime_call UncommonTrapBlob}
  0x000002666de71110: c5f8 77e8 

  0x000002666de71114: ; ImmutableOopMap {rbp=NarrowOop [240]=Oop [248]=Oop [32]=Oop [56]=Oop [64]=Oop [104]=NarrowOop [152]=Oop }
                      ;*invokeinterface get {reexecute=0 rethrow=0 return_oop=0}
                      ; - net.minecraft.client.resources.model.AtlasSet::getAtlas@5 (line 30)
                      ; - net.minecraft.client.resources.model.ModelManager::getAtlas@23 (line 232)
                      ; - net.minecraft.client.renderer.LevelRenderer::renderLevel@630 (line 1169)
  0x000002666de71114: e857 55fe | bade ffff | ff4c 8b54 | 2460 4c89 | 9424 f800 | 0000 448b | 5424 3444 | 8954 2424 
  0x000002666de71134: 4c8b 5424 | 384c 8954 | 2430 4c8b | 5424 584c | 8954 2438 | 448b 5424 | 6844 8954 | 2458 4889 
  0x000002666de71154: 4424 6890 

  0x000002666de71158: ;   {runtime_call UncommonTrapBlob}
  0x000002666de71158: c5f8 77e8 

  0x000002666de7115c: ; ImmutableOopMap {rbp=Oop [240]=Oop [248]=Oop [48]=Oop [56]=Oop [88]=NarrowOop [104]=Oop [144]=Oop [152]=Oop }
                      ;*invokeinterface iterator {reexecute=0 rethrow=0 return_oop=0}
                      ; - net.minecraft.client.renderer.LevelRenderer::renderLevel@814 (line 1198)
  0x000002666de7115c: a057 55fe | bade ffff | ff4c 8b54 | 2460 4c89 | 9424 f800 | 0000 448b | 5424 3444 | 8954 2424 
  0x000002666de7117c: 4c8b 5424 | 384c 8954 | 2430 4c8b | 5424 584c | 8954 2438 | c5fb 1044 | 2470 c5fb | 1144 2440 
  0x000002666de7119c: 448b 5424 | 6844 8954 | 2458 4889 | 4424 7090 

  0x000002666de711ac: ;   {runtime_call UncommonTrapBlob}
  0x000002666de711ac: c5f8 77e8 

  0x000002666de711b0: ; ImmutableOopMap {rbp=Oop [240]=Oop [248]=Oop [48]=Oop [56]=Oop [88]=NarrowOop [112]=Oop [144]=Oop [152]=Oop }
                      ;*invokeinterface hasNext {reexecute=0 rethrow=0 return_oop=0}
                      ; - net.minecraft.client.renderer.LevelRenderer::renderLevel@823 (line 1198)
  0x000002666de711b0: 4c57 55fe | bade ffff | ff4c 8b54 | 2460 4c89 | 9424 f800 | 0000 448b | 5424 3444 | 8954 2424 
  0x000002666de711d0: 4c8b 5424 | 384c 8954 | 2430 4c8b | 5424 584c | 8954 2438 | c5fb 1044 | 2470 c5fb | 1144 2440 
  0x000002666de711f0: 448b 5424 | 6844 8954 | 2458 4889 | 4424 7090 

  0x000002666de71200: ;   {runtime_call UncommonTrapBlob}
  0x000002666de71200: c5f8 77e8 

  0x000002666de71204: ; ImmutableOopMap {rbp=Oop [240]=Oop [248]=Oop [48]=Oop [56]=Oop [88]=NarrowOop [112]=Oop [144]=Oop [152]=Oop }
                      ;*invokeinterface hasNext {reexecute=0 rethrow=0 return_oop=0}
                      ; - net.minecraft.client.renderer.LevelRenderer::renderLevel@1252 (line 1237)
  0x000002666de71204: f856 55fe | bae4 ffff | ff48 89bc | 24f8 0000 | 004c 8944 | 2420 8b5c | 2434 895c | 242c 4c89 
  0x000002666de71224: 4c24 384c | 8b44 2458 | 4c89 4424 | 40c5 fb10 | 4424 70c5 | fb11 4424 | 48c5 fb10 | 4424 78c5 
  0x000002666de71244: fb11 4424 | 5048 8974 | 2468 4c89 | 5424 7089 | 4c24 7890 

  0x000002666de71258: ;   {runtime_call UncommonTrapBlob}
  0x000002666de71258: c5f8 77e8 

  0x000002666de7125c: ; ImmutableOopMap {rbp=NarrowOop [240]=Oop [248]=Oop [32]=Oop [56]=Oop [64]=Oop [104]=Oop [112]=Oop [140]=NarrowOop [152]=Oop }
                      ;*aaload {reexecute=0 rethrow=0 return_oop=0}
                      ; - net.minecraftforge.eventbus.ListenerList::getListeners@5 (line 123)
                      ; - net.minecraftforge.eventbus.EventBus::post@62 (line 308)
                      ; - net.minecraftforge.eventbus.EventBus::post@7 (line 296)
                      ; - net.minecraftforge.client.ForgeHooksClient::dispatchRenderStage@48 (line 288)
                      ; - net.minecraft.client.renderer.LevelRenderer::renderLevel@456 (line 1158)
  0x000002666de7125c: a056 55fe | 4889 4c24 | 2844 8954 | 2420 498b | e948 8bd1 | 4c8d 8424 | d000 0000 

  0x000002666de71278: ;   {runtime_call _complete_monitor_locking_Java}
  0x000002666de71278: c5f8 77e8 

  0x000002666de7127c: ; ImmutableOopMap {rbp=Oop [240]=Oop [248]=Oop [32]=NarrowOop [40]=Oop [56]=Oop [88]=Oop [96]=Oop [104]=NarrowOop [144]=Oop [152]=Oop }
                      ;*monitorenter {reexecute=0 rethrow=0 return_oop=0}
                      ; - net.minecraft.client.renderer.LevelRenderer::renderLevel@1557 (line 1268)
  0x000002666de7127c: 800d 60fe | 4c8b cd44 | 8b54 2420 | 488b 4c24 | 28e9 91c9 | ffff bade | ffff ff4c | 898c 24f8 
  0x000002666de7129c: 0000 004c | 8b5c 2460 | 4c89 5c24 | 2044 8b5c | 2434 4489 | 5c24 2c4c | 8b5c 2458 | 4c89 5c24 
  0x000002666de712bc: 40c5 fb10 | 4424 70c5 | fb11 4424 | 4844 8b5c | 2468 4489 | 5c24 6044 | 8954 2470 

  0x000002666de712d8: ;   {runtime_call UncommonTrapBlob}
  0x000002666de712d8: c5f8 77e8 

  0x000002666de712dc: ; ImmutableOopMap {rbp=NarrowOop [240]=Oop [248]=Oop [32]=Oop [56]=Oop [64]=Oop [96]=NarrowOop [112]=NarrowOop [144]=Oop [152]=Oop }
                      ;*invokeinterface iterator {reexecute=0 rethrow=0 return_oop=0}
                      ; - net.minecraft.client.renderer.LevelRenderer::renderLevel@1562 (line 1269)
  0x000002666de712dc: 2056 55fe | bade ffff | ff48 8b6c | 2420 4c8b | 5424 604c | 8994 24f8 | 0000 0044 | 8b54 2434 
  0x000002666de712fc: 4489 5424 | 244c 8b54 | 2438 4c89 | 5424 304c | 8b54 2458 | 4c89 5424 | 38c5 fb10 | 4424 70c5 
  0x000002666de7131c: fb11 4424 | 40c5 fb10 | 4424 78c5 | fb11 4424 | 4844 8b54 | 2468 4489 | 5424 5848 | 8944 24f8 
  0x000002666de7133c: 8b44 246c | 8944 245c | 488b 4424 | f848 8944 | 2478 6690 

  0x000002666de71350: ;   {runtime_call UncommonTrapBlob}
  0x000002666de71350: c5f8 77e8 

  0x000002666de71354: ; ImmutableOopMap {rbp=Oop [240]=Oop [248]=Oop [48]=Oop [56]=Oop [88]=NarrowOop [92]=NarrowOop [120]=Oop [144]=Oop [152]=Oop }
                      ;*invokeinterface hasNext {reexecute=0 rethrow=0 return_oop=0}
                      ; - net.minecraft.client.renderer.LevelRenderer::renderLevel@1571 (line 1269)
  0x000002666de71354: a855 55fe | 498b cb48 | 8d94 24d0 | 0000 004d | 8bc7 c5f8 | 7749 bab0 | 1ea2 31f9 | 7f00 0041 
  0x000002666de71374: ffd2 e9ac | c9ff ffba | deff ffff | 48ff 7424 | 2048 8f84 | 24f8 0000 | 004c 8b54 | 2460 4c89 
  0x000002666de71394: 5424 2044 | 8b54 2434 | 4489 5424 | 2c4c 8b54 | 2458 4c89 | 5424 4044 | 8b54 2468 | 4489 5424 
  0x000002666de713b4: 6066 6690 

  0x000002666de713b8: ;   {runtime_call UncommonTrapBlob}
  0x000002666de713b8: c5f8 77e8 

  0x000002666de713bc: ; ImmutableOopMap {rbp=NarrowOop [240]=Oop [248]=Oop [32]=Oop [56]=Oop [64]=Oop [96]=NarrowOop [144]=Oop [152]=Oop }
                      ;*invokeinterface long2ObjectEntrySet {reexecute=0 rethrow=0 return_oop=0}
                      ; - net.minecraft.client.renderer.LevelRenderer::renderLevel@1859 (line 1302)
  0x000002666de713bc: 4055 55fe | bade ffff | ff48 8b6c | 2420 4c8b | 5424 604c | 8994 24f8 | 0000 0044 | 8b54 2434 
  0x000002666de713dc: 4489 5424 | 244c 8b54 | 2438 4c89 | 5424 304c | 8b54 2458 | 4c89 5424 | 3844 8b54 | 2468 4489 
  0x000002666de713fc: 5424 5848 | 8944 2468 

  0x000002666de71404: ;   {runtime_call UncommonTrapBlob}
  0x000002666de71404: c5f8 77e8 

  0x000002666de71408: ; ImmutableOopMap {rbp=Oop [240]=Oop [248]=Oop [48]=Oop [56]=Oop [88]=NarrowOop [104]=Oop [144]=Oop [152]=Oop }
                      ;*invokeinterface iterator {reexecute=0 rethrow=0 return_oop=0}
                      ; - net.minecraft.client.renderer.LevelRenderer::renderLevel@1864 (line 1302)
  0x000002666de71408: f454 55fe | bade ffff | ff48 8b6c | 2420 4c8b | 5424 604c | 8994 24f8 | 0000 0044 | 8b54 2434 
  0x000002666de71428: 4489 5424 | 244c 8b54 | 2438 4c89 | 5424 304c | 8b54 2458 | 4c89 5424 | 38c5 fb10 | 4424 70c5 
  0x000002666de71448: fb11 4424 | 4044 8b54 | 2468 4489 | 5424 5848 | 8944 2470 

  0x000002666de7145c: ;   {runtime_call UncommonTrapBlob}
  0x000002666de7145c: c5f8 77e8 

  0x000002666de71460: ; ImmutableOopMap {rbp=Oop [240]=Oop [248]=Oop [48]=Oop [56]=Oop [88]=NarrowOop [112]=Oop [144]=Oop [152]=Oop }
                      ;*invokeinterface hasNext {reexecute=0 rethrow=0 return_oop=0}
                      ; - net.minecraft.client.renderer.LevelRenderer::renderLevel@1873 (line 1302)
  0x000002666de71460: 9c54 55fe | ba76 ffff | ff48 8b6c | 2420 488b | 4c24 2848 | 894c 2420 | 8b7c 2434 | 897c 242c 
  0x000002666de71480: 4c89 7424 | 3048 ff74 | 2458 488f | 4424 384c | 895c 2448 | 4489 5424 | 584c 894c | 2460 4489 
  0x000002666de714a0: 4424 5c89 | 5c24 6c90 

  0x000002666de714a8: ;   {runtime_call UncommonTrapBlob}
  0x000002666de714a8: c5f8 77e8 

  0x000002666de714ac: ; ImmutableOopMap {rbp=Oop [240]=Oop [248]=Oop [32]=Oop [48]=Oop [56]=Oop [72]=Oop [92]=NarrowOop [96]=Oop [112]=Oop }
                      ;*if_icmpge {reexecute=1 rethrow=0 return_oop=0}
                      ; - (reexecute) java.util.Arrays::fill@9 (line 3146)
                      ; - net.minecraft.world.level.lighting.LightEngine::clearChunkCache@7 (line 115)
                      ; - net.minecraft.world.level.lighting.LightEngine::runLightUpdates@65 (line 151)
                      ; - net.minecraft.world.level.lighting.LevelLightEngine::runLightUpdates@14 (line 48)
                      ; - net.minecraft.client.renderer.LevelRenderer::renderLevel@97 (line 1124)
  0x000002666de714ac: 5054 55fe | 458b c3e9 | fca5 ffff | ba76 ffff | ff48 8b6c | 2420 4c8b | 4c24 284c | 894c 2420 
  0x000002666de714cc: 448b 4c24 | 3444 894c | 242c 4c8b | 4c24 384c | 894c 2430 | 4c8b 4c24 | 584c 894c | 2438 448b 
  0x000002666de714ec: 4c24 6044 | 894c 2448 | 4489 5424 | 4c89 4c24 | 6044 895c | 2468 6690 

  0x000002666de71504: ;   {runtime_call UncommonTrapBlob}
  0x000002666de71504: c5f8 77e8 

  0x000002666de71508: ; ImmutableOopMap {rbp=Oop [240]=Oop [248]=Oop [32]=Oop [48]=Oop [56]=Oop [80]=Oop [96]=NarrowOop [112]=Oop }
                      ;*if_icmpge {reexecute=1 rethrow=0 return_oop=0}
                      ; - (reexecute) java.util.Arrays::fill@9 (line 3146)
                      ; - net.minecraft.world.level.lighting.LightEngine::clearChunkCache@7 (line 115)
                      ; - net.minecraft.world.level.lighting.LightEngine::runLightUpdates@65 (line 151)
                      ; - net.minecraft.world.level.lighting.LevelLightEngine::runLightUpdates@31 (line 52)
                      ; - net.minecraft.client.renderer.LevelRenderer::renderLevel@97 (line 1124)
  0x000002666de71508: f453 55fe | 8bd3 e9d3 | a9ff ffbb | 0100 0000 | e988 a6ff | ff4c 8b5c | 2440 4c8b | 4c24 5044 
  0x000002666de71528: 8b54 2430 | 8b7c 2460 | eb02 33db | bae4 ffff | ff4c 8974 | 2438 48ff | 7424 5848 | 8f44 2440 
  0x000002666de71548: 895c 244c | 4c8b 4424 | 704c 8944 | 2450 4c89 | 5c24 584c | 894c 2460 | 4489 5424 | 6889 7c24 
  0x000002666de71568: 7066 6690 

  0x000002666de7156c: ;   {runtime_call UncommonTrapBlob}
  0x000002666de7156c: c5f8 77e8 

  0x000002666de71570: ; ImmutableOopMap {[240]=Oop [248]=Oop [32]=Oop [40]=Oop [56]=Oop [64]=Oop [80]=Oop [88]=Oop [96]=Oop [112]=NarrowOop }
                      ;*aastore {reexecute=1 rethrow=0 return_oop=0}
                      ; - (reexecute) java.util.Arrays::fill@13 (line 3430)
                      ; - net.minecraft.world.level.lighting.LightEngine::clearChunkCache@15 (line 116)
                      ; - net.minecraft.world.level.lighting.LightEngine::runLightUpdates@65 (line 151)
                      ; - net.minecraft.world.level.lighting.LevelLightEngine::runLightUpdates@14 (line 48)
                      ; - net.minecraft.client.renderer.LevelRenderer::renderLevel@97 (line 1124)
  0x000002666de71570: 8c53 55fe | ba37 ffff | ff48 ff74 | 2420 488f | 8424 f800 | 0000 4c8b | 5424 604c | 8954 2420 
  0x000002666de71590: 4c8b 5424 | 584c 8954 | 2440 6690 

  0x000002666de7159c: ;   {runtime_call UncommonTrapBlob}
  0x000002666de7159c: c5f8 77e8 

  0x000002666de715a0: ; ImmutableOopMap {rbp=NarrowOop [240]=Oop [248]=Oop [32]=Oop [56]=Oop [64]=Oop [104]=NarrowOop [144]=Oop [152]=Oop }
                      ;*invokevirtual getType {reexecute=0 rethrow=0 return_oop=0}
                      ; - net.minecraft.client.renderer.LevelRenderer::renderLevel@2176 (line 1324)
  0x000002666de715a0: 5c53 55fe | be01 0000 | 00e9 f8a9 | ffff 33f6 | bae4 ffff | ff4c 8b5c | 2458 4c89 | 5c24 4089 
  0x000002666de715c0: 7424 4c44 | 8b5c 2460 | 4489 5c24 | 584c 8944 | 2460 4489 | 5424 5c44 | 8974 246c 

  0x000002666de715dc: ;   {runtime_call UncommonTrapBlob}
  0x000002666de715dc: c5f8 77e8 

  0x000002666de715e0: ; ImmutableOopMap {[240]=Oop [248]=Oop [32]=Oop [40]=Oop [56]=Oop [64]=Oop [96]=Oop [108]=NarrowOop [112]=Oop }
                      ;*aastore {reexecute=1 rethrow=0 return_oop=0}
                      ; - (reexecute) java.util.Arrays::fill@13 (line 3430)
                      ; - net.minecraft.world.level.lighting.LightEngine::clearChunkCache@15 (line 116)
                      ; - net.minecraft.world.level.lighting.LightEngine::runLightUpdates@65 (line 151)
                      ; - net.minecraft.world.level.lighting.LevelLightEngine::runLightUpdates@31 (line 52)
                      ; - net.minecraft.client.renderer.LevelRenderer::renderLevel@97 (line 1124)
  0x000002666de715e0: 1c53 55fe | ba45 ffff | ff48 8b6c | 2420 4c8b | 5424 604c | 8994 24f8 | 0000 0044 | 8b54 2434 
  0x000002666de71600: 4489 5424 | 244c 8b54 | 2438 4c89 | 5424 304c | 8b54 2458 | 4c89 5424 | 38c5 fb10 | 4424 70c5 
  0x000002666de71620: fb11 4424 | 40c5 fb10 | 4424 78c5 | fb11 4424 | 4844 8b54 | 2468 4489 | 5424 5889 | 4424 5c90 
  0x000002666de71640: ;   {runtime_call UncommonTrapBlob}
  0x000002666de71640: c5f8 77e8 

  0x000002666de71644: ; ImmutableOopMap {rbp=Oop [240]=Oop [248]=Oop [48]=Oop [56]=Oop [88]=NarrowOop [144]=Oop [152]=Oop [160]=Oop [168]=Oop [176]=Oop }
                      ;*ifne {reexecute=1 rethrow=0 return_oop=0}
                      ; - (reexecute) net.minecraft.client.renderer.LevelRenderer::renderLevel@897 (line 1201)
  0x000002666de71644: b852 55fe | ba45 ffff | ff48 8b6c | 2420 4c8b | 5424 604c | 8994 24f8 | 0000 0044 | 8b54 2434 
  0x000002666de71664: 4489 5424 | 244c 8b54 | 2438 4c89 | 5424 304c | 8b54 2458 | 4c89 5424 | 38c5 fb10 | 4424 70c5 
  0x000002666de71684: fb11 4424 | 4044 8b54 | 2468 4489 | 5424 5889 | 4424 5c90 

  0x000002666de71698: ;   {runtime_call UncommonTrapBlob}
  0x000002666de71698: c5f8 77e8 

  0x000002666de7169c: ; ImmutableOopMap {rbp=Oop [240]=Oop [248]=Oop [48]=Oop [56]=Oop [88]=NarrowOop [144]=Oop [152]=Oop [160]=Oop [168]=Oop }
                      ;*ifeq {reexecute=1 rethrow=0 return_oop=0}
                      ; - (reexecute) net.minecraft.client.renderer.LevelRenderer::renderLevel@906 (line 1201)
  0x000002666de7169c: 6052 55fe | ba37 ffff | ff48 ff74 | 2420 488f | 8424 f800 | 0000 4c8b | 5424 604c | 8954 2420 
  0x000002666de716bc: 4c8b 5424 | 584c 8954 | 2440 6690 

  0x000002666de716c8: ;   {runtime_call UncommonTrapBlob}
  0x000002666de716c8: c5f8 77e8 

  0x000002666de716cc: ; ImmutableOopMap {rbp=NarrowOop [240]=Oop [248]=Oop [32]=Oop [56]=Oop [64]=Oop [104]=NarrowOop [144]=Oop [152]=Oop }
                      ;*invokevirtual getType {reexecute=0 rethrow=0 return_oop=0}
                      ; - net.minecraft.client.renderer.LevelRenderer::renderLevel@2296 (line 1333)
  0x000002666de716cc: 3052 55fe | ba45 ffff | ffc5 fa11 | 4c24 5090 

  0x000002666de716dc: ;   {runtime_call UncommonTrapBlob}
  0x000002666de716dc: c5f8 77e8 

  0x000002666de716e0: ; ImmutableOopMap {rbp=NarrowOop [240]=Oop [248]=Oop [32]=Oop [40]=Oop [56]=Oop [72]=Oop [112]=Oop }
                      ;*if_acmpne {reexecute=1 rethrow=0 return_oop=0}
                      ; - (reexecute) com.mojang.blaze3d.systems.RenderSystem::isOnRenderThread@6 (line 110)
                      ; - com.mojang.blaze3d.systems.RenderSystem::setShaderGameTime@13 (line 987)
                      ; - net.minecraft.client.renderer.LevelRenderer::renderLevel@8 (line 1117)
  0x000002666de716e0: 1c52 55fe | 498b d7c5 | f877 49ba | 6048 6131 | f97f 0000 | 41ff d2e9 | 7d9c ffff | 895c 2440 
  0x000002666de71700: 897c 2430 | 498b d7c5 | f877 49ba | 6048 6131 | f97f 0000 | 41ff d28b | 7c24 308b | 5c24 40e9 
  0x000002666de71720: ad9c ffff | 895c 2430 | 498b d7c5 | f877 49ba | 6048 6131 | f97f 0000 | 41ff d28b | 5c24 30e9 
  0x000002666de71740: 459d ffff | 4489 4c24 | 3889 5c24 | 3049 8bd7 | c5f8 7749 | ba60 4861 | 31f9 7f00 | 0041 ffd2 
  0x000002666de71760: 8b5c 2430 | 448b 4c24 | 38e9 d29c | ffff 895c | 2430 498b | d7c5 f877 | 49ba 6048 | 6131 f97f 
  0x000002666de71780: 0000 41ff | d28b 5c24 | 30e9 8b9d | ffff 895c | 2430 498b | d7c5 f877 | 49ba 6048 | 6131 f97f 
  0x000002666de717a0: 0000 41ff | d28b 5c24 | 30e9 209d | ffff ba45 | ffff ff48 | 8b6c 2420 | 4c89 5c24 | 20c5 fa10 
  0x000002666de717c0: 8424 8800 | 0000 448b | 5c24 3444 | 895c 242c | 4c8b 5424 | 584c 8954 | 2438 c5fb | 1154 2440 
  0x000002666de717e0: c5fb 1164 | 2448 c5fb | 115c 2450 | 4489 4c24 | 5848 895c | 2460 c5fa | 1144 245c | 4c8b 5424 
  0x000002666de71800: 704c 8954 | 2468 4489 | 4424 7089 | 7c24 7489 | 4c24 7890 

  0x000002666de71814: ;   {runtime_call UncommonTrapBlob}
  0x000002666de71814: c5f8 77e8 

  0x000002666de71818: ; ImmutableOopMap {rbp=Oop [240]=Oop [248]=Oop [32]=Oop [56]=Oop [88]=NarrowOop [96]=Oop [104]=Oop [112]=NarrowOop [116]=NarrowOop }
                      ;*ifle {reexecute=1 rethrow=0 return_oop=0}
                      ; - (reexecute) net.minecraft.client.Options::getEffectiveRenderDistance@4 (line 1336)
                      ; - net.minecraft.client.renderer.LevelRenderer::renderLevel@306 (line 1147)
  0x000002666de71818: e450 55fe | c5f9 7ec9 | c4c1 797e | c1ba 45ff | ffff 4c8b | 5424 584c | 8954 2440 | c5fb 1044 
  0x000002666de71838: 2450 c5fb | 1144 2448 | c5fb 1044 | 2460 c5fb | 1144 2450 | 4c8b 5424 | 704c 8954 | 2468 4489 
  0x000002666de71858: 4c24 6489 | 4c24 70c5 | fa11 5424 | 744c 8944 | 2478 6690 

  0x000002666de7186c: ;   {runtime_call UncommonTrapBlob}
  0x000002666de7186c: c5f8 77e8 

  0x000002666de71870: ; ImmutableOopMap {rbp=NarrowOop [240]=Oop [248]=Oop [32]=Oop [40]=Oop [56]=Oop [64]=Oop [104]=Oop [120]=Oop [140]=NarrowOop }
                      ;*if_acmpne {reexecute=1 rethrow=0 return_oop=0}
                      ; - (reexecute) com.mojang.blaze3d.systems.RenderSystem::isOnRenderThread@6 (line 110)
                      ; - com.mojang.blaze3d.systems.RenderSystem::assertOnRenderThread@0 (line 149)
                      ; - com.mojang.blaze3d.systems.RenderSystem::setShaderFogColor@0 (line 438)
                      ; - com.mojang.blaze3d.systems.RenderSystem::setShaderFogColor@4 (line 443)
                      ; - net.minecraft.client.renderer.FogRenderer::levelFogColor@9 (line 284)
                      ; - net.minecraft.client.renderer.LevelRenderer::renderLevel@318 (line 1148)
  0x000002666de71870: 8c50 55fe | ba45 ffff | ff4c 8b54 | 2458 4c89 | 5424 40c5 | fb10 4424 | 50c5 fb11 | 4424 48c5 
  0x000002666de71890: fb10 4424 | 60c5 fb11 | 4424 5090 

  0x000002666de7189c: ;   {runtime_call UncommonTrapBlob}
  0x000002666de7189c: c5f8 77e8 

  0x000002666de718a0: ; ImmutableOopMap {[240]=Oop [248]=Oop [32]=Oop [40]=Oop [56]=Oop [64]=Oop [112]=Oop [140]=NarrowOop }
                      ;*ifne {reexecute=1 rethrow=0 return_oop=0}
                      ; - (reexecute) com.mojang.blaze3d.systems.RenderSystem::assertOnGameThreadOrInit@3 (line 137)
                      ; - com.mojang.blaze3d.systems.RenderSystem::clear@0 (line 387)
                      ; - net.minecraft.client.renderer.LevelRenderer::renderLevel@327 (line 1149)
  0x000002666de718a0: 5c50 55fe | ba45 ffff | ff4c 8b54 | 2468 4c89 | 5424 284c | 8b54 2458 | 4c89 5424 | 4048 895c 
  0x000002666de718c0: 2468 6690 

  0x000002666de718c4: ;   {runtime_call UncommonTrapBlob}
  0x000002666de718c4: c5f8 77e8 

  0x000002666de718c8: ; ImmutableOopMap {rbp=NarrowOop [240]=Oop [248]=Oop [32]=Oop [40]=Oop [56]=Oop [64]=Oop [104]=Oop [140]=NarrowOop }
                      ;*if_acmpne {reexecute=1 rethrow=0 return_oop=0}
                      ; - (reexecute) com.mojang.blaze3d.systems.RenderSystem::isOnRenderThread@6 (line 110)
                      ; - com.mojang.blaze3d.systems.RenderSystem::setShader@0 (line 792)
                      ; - net.minecraft.client.renderer.LevelRenderer::renderLevel@414 (line 1154)
  0x000002666de718c8: 3450 55fe | 498b d7c5 | f877 49ba | 6048 6131 | f97f 0000 | 41ff d2e9 | 71aa ffff | ba45 ffff 
  0x000002666de718e8: ff48 8be9 | 4c8b 5c24 | 604c 899c | 24f8 0000 | 0044 8b5c | 2434 4489 | 5c24 244c | 8b5c 2438 
  0x000002666de71908: 4c89 5c24 | 304c 8b5c | 2458 4c89 | 5c24 3844 | 8954 245c | 895c 2464 

  0x000002666de71920: ;   {runtime_call UncommonTrapBlob}
  0x000002666de71920: c5f8 77e8 

  0x000002666de71924: ; ImmutableOopMap {rbp=Oop [240]=Oop [248]=Oop [48]=Oop [56]=Oop [92]=NarrowOop [104]=NarrowOop [152]=Oop }
                      ;*ifle {reexecute=1 rethrow=0 return_oop=0}
                      ; - (reexecute) java.util.HashMap::getNode@14 (line 567)
                      ; - java.util.HashMap::get@2 (line 556)
                      ; - net.minecraft.client.resources.model.AtlasSet::getAtlas@5 (line 30)
                      ; - net.minecraft.client.resources.model.ModelManager::getAtlas@23 (line 232)
                      ; - net.minecraft.client.renderer.LevelRenderer::renderLevel@570 (line 1167)
  0x000002666de71924: d84f 55fe | ba45 ffff | ff48 898c | 24f8 0000 | 004c 8b54 | 2460 4c89 | 5424 2044 | 8b54 2434 
  0x000002666de71944: 4489 5424 | 2c4c 8b54 | 2458 4c89 | 5424 4044 | 895c 2464 

  0x000002666de71958: ;   {runtime_call UncommonTrapBlob}
  0x000002666de71958: c5f8 77e8 

  0x000002666de7195c: ; ImmutableOopMap {[240]=Oop [248]=Oop [32]=Oop [56]=Oop [64]=Oop [100]=NarrowOop [104]=NarrowOop [152]=Oop }
                      ;*ifle {reexecute=1 rethrow=0 return_oop=0}
                      ; - (reexecute) net.minecraft.client.renderer.LevelRenderer::renderLevel@593 (line 1167)
  0x000002666de7195c: a04f 55fe | ba45 ffff | ff48 898c | 24f8 0000 | 004c 8b54 | 2460 4c89 | 5424 2044 | 8b54 2434 
  0x000002666de7197c: 4489 5424 | 2c4c 8b54 | 2458 4c89 | 5424 4044 | 895c 2464 

  0x000002666de71990: ;   {runtime_call UncommonTrapBlob}
  0x000002666de71990: c5f8 77e8 

  0x000002666de71994: ; ImmutableOopMap {[240]=Oop [248]=Oop [32]=Oop [56]=Oop [64]=Oop [100]=NarrowOop [104]=NarrowOop [152]=Oop }
                      ;*ifne {reexecute=1 rethrow=0 return_oop=0}
                      ; - (reexecute) com.mojang.blaze3d.systems.RenderSystem::assertOnRenderThreadOrInit@3 (line 143)
                      ; - net.minecraft.client.renderer.texture.AbstractTexture::setFilter@0 (line 21)
                      ; - net.minecraft.client.renderer.texture.AbstractTexture::setBlurMipmap@19 (line 46)
                      ; - net.minecraft.client.renderer.LevelRenderer::renderLevel@601 (line 1167)
  0x000002666de71994: 684f 55fe | ba45 ffff | ff48 898c | 24f8 0000 | 004c 8b54 | 2460 4c89 | 5424 2044 | 8b54 2434 
  0x000002666de719b4: 4489 5424 | 2c4c 8b54 | 2458 4c89 | 5424 4044 | 8b54 2468 | 4489 5424 | 6044 895c | 2464 4c89 
  0x000002666de719d4: 4424 6890 

  0x000002666de719d8: ;   {runtime_call UncommonTrapBlob}
  0x000002666de719d8: c5f8 77e8 

  0x000002666de719dc: ; ImmutableOopMap {rbp=NarrowOop [240]=Oop [248]=Oop [32]=Oop [56]=Oop [64]=Oop [96]=NarrowOop [100]=NarrowOop [104]=Oop [152]=Oop }
                      ;*if_acmpne {reexecute=1 rethrow=0 return_oop=0}
                      ; - (reexecute) com.mojang.blaze3d.systems.RenderSystem::isOnRenderThread@6 (line 110)
                      ; - com.mojang.blaze3d.systems.RenderSystem::assertOnRenderThreadOrInit@6 (line 143)
                      ; - net.minecraft.client.renderer.texture.AbstractTexture::setFilter@0 (line 21)
                      ; - net.minecraft.client.renderer.texture.AbstractTexture::setBlurMipmap@19 (line 46)
                      ; - net.minecraft.client.renderer.LevelRenderer::renderLevel@601 (line 1167)
  0x000002666de719dc: 204f 55fe | ba45 ffff | ff4c 8b54 | 2420 4c89 | 9424 f800 | 0000 4c8b | 5424 604c | 8954 2420 
  0x000002666de719fc: 448b 5424 | 3444 8954 | 242c 4c8b | 5424 584c | 8954 2440 

  0x000002666de71a10: ;   {runtime_call UncommonTrapBlob}
  0x000002666de71a10: c5f8 77e8 

  0x000002666de71a14: ; ImmutableOopMap {[240]=Oop [248]=Oop [32]=Oop [56]=Oop [64]=Oop [104]=NarrowOop [152]=Oop }
                      ;*ifne {reexecute=1 rethrow=0 return_oop=0}
                      ; - (reexecute) com.mojang.blaze3d.systems.RenderSystem::assertOnRenderThreadOrInit@3 (line 143)
                      ; - com.mojang.blaze3d.platform.GlStateManager::_texParameter@0 (line 517)
                      ; - net.minecraft.client.renderer.texture.AbstractTexture::setFilter@80 (line 36)
                      ; - net.minecraft.client.renderer.texture.AbstractTexture::setBlurMipmap@19 (line 46)
                      ; - net.minecraft.client.renderer.LevelRenderer::renderLevel@601 (line 1167)
  0x000002666de71a14: e84e 55fe | ba45 ffff | ff4c 8b54 | 2420 4c89 | 9424 f800 | 0000 4c8b | 5424 604c | 8954 2420 
  0x000002666de71a34: 448b 5424 | 3444 8954 | 242c 4c8b | 5424 584c | 8954 2440 | 448b 5c24 | 6844 895c | 2460 6690 
  0x000002666de71a54: ;   {runtime_call UncommonTrapBlob}
  0x000002666de71a54: c5f8 77e8 

  0x000002666de71a58: ; ImmutableOopMap {rbp=NarrowOop [240]=Oop [248]=Oop [32]=Oop [56]=Oop [64]=Oop [96]=NarrowOop [152]=Oop [176]=Oop }
                      ;*if_acmpne {reexecute=1 rethrow=0 return_oop=0}
                      ; - (reexecute) com.mojang.blaze3d.systems.RenderSystem::isOnRenderThread@6 (line 110)
                      ; - com.mojang.blaze3d.systems.RenderSystem::assertOnRenderThreadOrInit@6 (line 143)
                      ; - com.mojang.blaze3d.platform.GlStateManager::_texParameter@0 (line 517)
                      ; - net.minecraft.client.renderer.texture.AbstractTexture::setFilter@80 (line 36)
                      ; - net.minecraft.client.renderer.texture.AbstractTexture::setBlurMipmap@19 (line 46)
                      ; - net.minecraft.client.renderer.LevelRenderer::renderLevel@601 (line 1167)
  0x000002666de71a58: a44e 55fe | ba45 ffff | ff48 8b6c | 2420 4c8b | 5c24 604c | 899c 24f8 | 0000 0044 | 8b5c 2434 
  0x000002666de71a78: 4489 5c24 | 244c 8b5c | 2438 4c89 | 5c24 304c | 8b5c 2458 | 4c89 5c24 | 3844 8954 | 2464 6690 
  0x000002666de71a98: ;   {runtime_call UncommonTrapBlob}
  0x000002666de71a98: c5f8 77e8 

  0x000002666de71a9c: ; ImmutableOopMap {rbp=Oop [240]=Oop [248]=Oop [48]=Oop [56]=Oop [104]=NarrowOop [108]=NarrowOop [152]=Oop }
                      ;*ifle {reexecute=1 rethrow=0 return_oop=0}
                      ; - (reexecute) java.util.HashMap::getNode@14 (line 567)
                      ; - java.util.HashMap::get@2 (line 556)
                      ; - net.minecraft.client.resources.model.AtlasSet::getAtlas@5 (line 30)
                      ; - net.minecraft.client.resources.model.ModelManager::getAtlas@23 (line 232)
                      ; - net.minecraft.client.renderer.LevelRenderer::renderLevel@630 (line 1169)
  0x000002666de71a9c: 604e 55fe | ba45 ffff | ff4c 8b54 | 2420 4c89 | 9424 f800 | 0000 4c8b | 5424 604c | 8954 2420 
  0x000002666de71abc: 448b 5424 | 3444 8954 | 242c 4c8b | 5424 584c | 8954 2440 | 448b 5c24 | 6844 895c | 2460 4489 
  0x000002666de71adc: 4424 6444 | 894c 2468 | 894c 246c 

  0x000002666de71ae8: ;   {runtime_call UncommonTrapBlob}
  0x000002666de71ae8: c5f8 77e8 

  0x000002666de71aec: ; ImmutableOopMap {[240]=Oop [248]=Oop [32]=Oop [56]=Oop [64]=Oop [96]=NarrowOop [100]=NarrowOop [152]=Oop }
                      ;*ifne {reexecute=1 rethrow=0 return_oop=0}
                      ; - (reexecute) com.mojang.blaze3d.systems.RenderSystem::assertOnRenderThreadOrInit@3 (line 143)
                      ; - net.minecraft.client.renderer.texture.AbstractTexture::setFilter@0 (line 21)
                      ; - net.minecraft.client.renderer.texture.AbstractTexture::restoreLastBlurMipmap@9 (line 50)
                      ; - net.minecraft.client.renderer.LevelRenderer::renderLevel@633 (line 1169)
  0x000002666de71aec: 104e 55fe | ba45 ffff | ff4c 8b54 | 2420 4c89 | 9424 f800 | 0000 4c8b | 5424 604c | 8954 2420 
  0x000002666de71b0c: 448b 5424 | 3444 8954 | 242c 4c8b | 5424 584c | 8954 2440 | c5fb 1044 | 2470 c5fb | 1144 2448 
  0x000002666de71b2c: 448b 5c24 | 6844 895c | 2460 4489 | 4424 6444 | 894c 2468 | 894c 246c 

  0x000002666de71b44: ;   {runtime_call UncommonTrapBlob}
  0x000002666de71b44: c5f8 77e8 

  0x000002666de71b48: ; ImmutableOopMap {rbp=NarrowOop [240]=Oop [248]=Oop [32]=Oop [56]=Oop [64]=Oop [96]=NarrowOop [100]=NarrowOop [152]=Oop [176]=Oop }
                      ;*if_acmpne {reexecute=1 rethrow=0 return_oop=0}
                      ; - (reexecute) com.mojang.blaze3d.systems.RenderSystem::isOnRenderThread@6 (line 110)
                      ; - com.mojang.blaze3d.systems.RenderSystem::assertOnRenderThreadOrInit@6 (line 143)
                      ; - net.minecraft.client.renderer.texture.AbstractTexture::setFilter@0 (line 21)
                      ; - net.minecraft.client.renderer.texture.AbstractTexture::restoreLastBlurMipmap@9 (line 50)
                      ; - net.minecraft.client.renderer.LevelRenderer::renderLevel@633 (line 1169)
  0x000002666de71b48: b44d 55fe | ba45 ffff | ff4c 8b54 | 2420 4c89 | 9424 f800 | 0000 4c8b | 5424 604c | 8954 2420 
  0x000002666de71b68: 448b 5424 | 3444 8954 | 242c 4c8b | 5424 584c | 8954 2440 

  0x000002666de71b7c: ;   {runtime_call UncommonTrapBlob}
  0x000002666de71b7c: c5f8 77e8 

  0x000002666de71b80: ; ImmutableOopMap {[240]=Oop [248]=Oop [32]=Oop [56]=Oop [64]=Oop [104]=NarrowOop [152]=Oop }
                      ;*ifne {reexecute=1 rethrow=0 return_oop=0}
                      ; - (reexecute) com.mojang.blaze3d.systems.RenderSystem::assertOnRenderThreadOrInit@3 (line 143)
                      ; - com.mojang.blaze3d.platform.GlStateManager::_texParameter@0 (line 517)
                      ; - net.minecraft.client.renderer.texture.AbstractTexture::setFilter@80 (line 36)
                      ; - net.minecraft.client.renderer.texture.AbstractTexture::restoreLastBlurMipmap@9 (line 50)
                      ; - net.minecraft.client.renderer.LevelRenderer::renderLevel@633 (line 1169)
  0x000002666de71b80: 7c4d 55fe | ba45 ffff | ff4c 8b5c | 2420 4c89 | 9c24 f800 | 0000 4c8b | 5c24 604c | 895c 2420 
  0x000002666de71ba0: 448b 5c24 | 3444 895c | 242c 4c8b | 5c24 584c | 895c 2440 | 448b 5c24 | 6844 895c | 2460 4c89 
  0x000002666de71bc0: 5424 6890 

  0x000002666de71bc4: ;   {runtime_call UncommonTrapBlob}
  0x000002666de71bc4: c5f8 77e8 

  0x000002666de71bc8: ; ImmutableOopMap {rbp=NarrowOop [240]=Oop [248]=Oop [32]=Oop [56]=Oop [64]=Oop [96]=NarrowOop [104]=Oop [152]=Oop }
                      ;*if_acmpne {reexecute=1 rethrow=0 return_oop=0}
                      ; - (reexecute) com.mojang.blaze3d.systems.RenderSystem::isOnRenderThread@6 (line 110)
                      ; - com.mojang.blaze3d.systems.RenderSystem::assertOnRenderThreadOrInit@6 (line 143)
                      ; - com.mojang.blaze3d.platform.GlStateManager::_texParameter@0 (line 517)
                      ; - net.minecraft.client.renderer.texture.AbstractTexture::setFilter@80 (line 36)
                      ; - net.minecraft.client.renderer.texture.AbstractTexture::restoreLastBlurMipmap@9 (line 50)
                      ; - net.minecraft.client.renderer.LevelRenderer::renderLevel@633 (line 1169)
  0x000002666de71bc8: 344d 55fe | ba45 ffff | ff4c 8b54 | 2420 4c89 | 9424 f800 | 0000 4c8b | 5424 604c | 8954 2420 
  0x000002666de71be8: 448b 5c24 | 3444 895c | 242c 4c8b | 5424 584c | 8954 2440 

  0x000002666de71bfc: ;   {runtime_call UncommonTrapBlob}
  0x000002666de71bfc: c5f8 77e8 

  0x000002666de71c00: ; ImmutableOopMap {[240]=Oop [248]=Oop [32]=Oop [56]=Oop [64]=Oop [104]=NarrowOop [152]=Oop }
                      ;*ifne {reexecute=1 rethrow=0 return_oop=0}
                      ; - (reexecute) com.mojang.blaze3d.systems.RenderSystem::assertOnRenderThreadOrInit@3 (line 143)
                      ; - com.mojang.blaze3d.platform.GlStateManager::_texParameter@0 (line 517)
                      ; - net.minecraft.client.renderer.texture.AbstractTexture::setFilter@69 (line 35)
                      ; - net.minecraft.client.renderer.texture.AbstractTexture::setBlurMipmap@19 (line 46)
                      ; - net.minecraft.client.renderer.LevelRenderer::renderLevel@601 (line 1167)
  0x000002666de71c00: fc4c 55fe | ba45 ffff | ff4c 8b5c | 2420 4c89 | 9c24 f800 | 0000 4c8b | 5c24 604c | 895c 2420 
  0x000002666de71c20: 448b 4424 | 3444 8944 | 242c 4c8b | 5c24 584c | 895c 2440 | 448b 5c24 | 6844 895c | 2460 4c89 
  0x000002666de71c40: 5424 6890 

  0x000002666de71c44: ;   {runtime_call UncommonTrapBlob}
  0x000002666de71c44: c5f8 77e8 

  0x000002666de71c48: ; ImmutableOopMap {rbp=NarrowOop [240]=Oop [248]=Oop [32]=Oop [56]=Oop [64]=Oop [96]=NarrowOop [104]=Oop [152]=Oop }
                      ;*if_acmpne {reexecute=1 rethrow=0 return_oop=0}
                      ; - (reexecute) com.mojang.blaze3d.systems.RenderSystem::isOnRenderThread@6 (line 110)
                      ; - com.mojang.blaze3d.systems.RenderSystem::assertOnRenderThreadOrInit@6 (line 143)
                      ; - com.mojang.blaze3d.platform.GlStateManager::_texParameter@0 (line 517)
                      ; - net.minecraft.client.renderer.texture.AbstractTexture::setFilter@69 (line 35)
                      ; - net.minecraft.client.renderer.texture.AbstractTexture::setBlurMipmap@19 (line 46)
                      ; - net.minecraft.client.renderer.LevelRenderer::renderLevel@601 (line 1167)
  0x000002666de71c48: b44c 55fe | ba45 ffff | ff4c 8b54 | 2420 4c89 | 9424 f800 | 0000 4c8b | 5424 604c | 8954 2420 
  0x000002666de71c68: 448b 5424 | 3444 8954 | 242c 4c8b | 5424 584c | 8954 2440 

  0x000002666de71c7c: ;   {runtime_call UncommonTrapBlob}
  0x000002666de71c7c: c5f8 77e8 

  0x000002666de71c80: ; ImmutableOopMap {[240]=Oop [248]=Oop [32]=Oop [56]=Oop [64]=Oop [104]=NarrowOop [152]=Oop }
                      ;*ifne {reexecute=1 rethrow=0 return_oop=0}
                      ; - (reexecute) com.mojang.blaze3d.systems.RenderSystem::assertOnRenderThreadOrInit@3 (line 143)
                      ; - com.mojang.blaze3d.platform.GlStateManager::_texParameter@0 (line 517)
                      ; - net.minecraft.client.renderer.texture.AbstractTexture::setFilter@69 (line 35)
                      ; - net.minecraft.client.renderer.texture.AbstractTexture::restoreLastBlurMipmap@9 (line 50)
                      ; - net.minecraft.client.renderer.LevelRenderer::renderLevel@633 (line 1169)
  0x000002666de71c80: 7c4c 55fe | ba45 ffff | ff4c 8b54 | 2420 4c89 | 9424 f800 | 0000 4c8b | 5424 604c | 8954 2420 
  0x000002666de71ca0: 448b 5424 | 3444 8954 | 242c 4c8b | 5424 584c | 8954 2440 | 448b 5424 | 6844 8954 | 2460 448b 
  0x000002666de71cc0: 5c24 6c44 | 895c 2464 | 4c89 4424 | 6866 6690 

  0x000002666de71cd0: ;   {runtime_call UncommonTrapBlob}
  0x000002666de71cd0: c5f8 77e8 

  0x000002666de71cd4: ; ImmutableOopMap {rbp=NarrowOop [240]=Oop [248]=Oop [32]=Oop [56]=Oop [64]=Oop [96]=NarrowOop [104]=Oop [152]=Oop }
                      ;*if_acmpne {reexecute=1 rethrow=0 return_oop=0}
                      ; - (reexecute) com.mojang.blaze3d.systems.RenderSystem::isOnRenderThread@6 (line 110)
                      ; - com.mojang.blaze3d.systems.RenderSystem::assertOnRenderThreadOrInit@6 (line 143)
                      ; - com.mojang.blaze3d.platform.GlStateManager::_texParameter@0 (line 517)
                      ; - net.minecraft.client.renderer.texture.AbstractTexture::setFilter@69 (line 35)
                      ; - net.minecraft.client.renderer.texture.AbstractTexture::restoreLastBlurMipmap@9 (line 50)
                      ; - net.minecraft.client.renderer.LevelRenderer::renderLevel@633 (line 1169)
  0x000002666de71cd4: 284c 55fe | baf6 ffff | ff48 8b6c | 2420 4c8b | 5424 604c | 8994 24f8 | 0000 004c | 8b54 2438 
  0x000002666de71cf4: 4c89 5424 | 304c 8b54 | 2458 4c89 | 5424 38c5 | fb10 4424 | 70c5 fb11 | 4424 4044 | 8b5c 2468 
  0x000002666de71d14: 4489 5c24 | 2448 8944 | 2470 6690 

  0x000002666de71d20: ;   {runtime_call UncommonTrapBlob}
  0x000002666de71d20: c5f8 77e8 

  0x000002666de71d24: ; ImmutableOopMap {rbp=Oop [240]=Oop [248]=Oop [36]=NarrowOop [48]=Oop [56]=Oop [112]=Oop [144]=Oop [152]=Oop [160]=Oop [168]=Oop }
                      ;*invokevirtual getBlockState {reexecute=0 rethrow=0 return_oop=0}
                      ; - net.minecraft.client.renderer.LevelRenderer::renderLevel@2211 (line 1327)
  0x000002666de71d24: d84b 55fe | baf6 ffff | ff48 8b6c | 2420 4c8b | 5424 604c | 8994 24f8 | 0000 004c | 8b54 2438 
  0x000002666de71d44: 4c89 5424 | 304c 8b54 | 2458 4c89 | 5424 3890 

  0x000002666de71d54: ;   {runtime_call UncommonTrapBlob}
  0x000002666de71d54: c5f8 77e8 

  0x000002666de71d58: ; ImmutableOopMap {rbp=Oop [240]=Oop [248]=Oop [48]=Oop [56]=Oop [104]=NarrowOop [144]=Oop [152]=Oop [168]=Oop }
                      ;*invokevirtual isAir {reexecute=0 rethrow=0 return_oop=0}
                      ; - net.minecraft.client.renderer.LevelRenderer::renderLevel@2233 (line 1329)
  0x000002666de71d58: a44b 55fe | baf6 ffff | ff48 ff74 | 2420 488f | 8424 f800 | 0000 4c8b | 5424 604c | 8954 2420 
  0x000002666de71d78: 4c8b 5424 | 584c 8954 | 2440 448b | 5c24 6844 | 895c 242c 

  0x000002666de71d8c: ;   {runtime_call UncommonTrapBlob}
  0x000002666de71d8c: c5f8 77e8 

  0x000002666de71d90: ; ImmutableOopMap {rbp=Oop [240]=Oop [248]=Oop [32]=Oop [44]=NarrowOop [56]=Oop [64]=Oop [144]=Oop [152]=Oop [168]=Oop }
                      ;*invokevirtual getWorldBorder {reexecute=0 rethrow=0 return_oop=0}
                      ; - net.minecraft.client.renderer.LevelRenderer::renderLevel@2243 (line 1329)
  0x000002666de71d90: 6c4b 55fe | baf6 ffff | ff48 ff74 | 2420 488f | 8424 f800 | 0000 4c8b | 5424 604c | 8954 2420 
  0x000002666de71db0: 4c8b 5424 | 584c 8954 | 2440 c5fb | 1044 2470 | c5fb 1144 | 2448 448b | 5c24 6844 | 895c 242c 
  0x000002666de71dd0: 4c8b 9424 | a800 0000 | 4c89 5424 | 7066 6690 

  0x000002666de71de0: ;   {runtime_call UncommonTrapBlob}
  0x000002666de71de0: c5f8 77e8 

  0x000002666de71de4: ; ImmutableOopMap {rbp=Oop [240]=Oop [248]=Oop [32]=Oop [44]=NarrowOop [56]=Oop [64]=Oop [112]=Oop [144]=Oop [152]=Oop [168]=Oop }
                      ;*invokevirtual isWithinBounds {reexecute=0 rethrow=0 return_oop=0}
                      ; - net.minecraft.client.renderer.LevelRenderer::renderLevel@2248 (line 1329)
  0x000002666de71de4: 184b 55fe | ba45 ffff | ff89 7c24 | 5089 5c24 | 5844 895c | 245c 6690 

  0x000002666de71dfc: ;   {runtime_call UncommonTrapBlob}
  0x000002666de71dfc: c5f8 77e8 

  0x000002666de71e00: ; ImmutableOopMap {rbp=NarrowOop [240]=Oop [248]=Oop [32]=Oop [40]=Oop [56]=Oop [80]=NarrowOop [88]=NarrowOop [92]=NarrowOop [112]=Oop }
                      ;*if_acmpeq {reexecute=1 rethrow=0 return_oop=0}
                      ; - (reexecute) net.minecraft.client.renderer.blockentity.BlockEntityRenderDispatcher::prepare@5 (line 55)
                      ; - net.minecraft.client.renderer.LevelRenderer::renderLevel@28 (line 1118)
  0x000002666de71e00: fc4a 55fe | ba45 ffff | ff48 8b6c | 2420 4c8b | 5424 284c | 8954 2420 | 448b 5424 | 3444 8954 
  0x000002666de71e20: 242c 4c89 | 7424 3044 | 8944 2448 | 4489 5c24 | 5066 6690 

  0x000002666de71e34: ;   {runtime_call UncommonTrapBlob}
  0x000002666de71e34: c5f8 77e8 

  0x000002666de71e38: ; ImmutableOopMap {rbp=Oop [240]=Oop [248]=Oop [32]=Oop [48]=Oop [72]=NarrowOop [88]=Oop [112]=Oop }
                      ;*if_icmpge {reexecute=1 rethrow=0 return_oop=0}
                      ; - (reexecute) net.minecraft.client.multiplayer.ClientLevel::pollLightUpdates@14 (line 191)
                      ; - net.minecraft.client.renderer.LevelRenderer::renderLevel@74 (line 1122)
  0x000002666de71e38: c44a 55fe | ba45 ffff | ff48 8b6c | 2420 4c8b | 5424 284c | 8954 2420 | 448b 4424 | 3444 8944 
  0x000002666de71e58: 242c 4c89 | 7424 3048 | ff74 2458 | 488f 4424 | 384c 895c | 2448 4c89 | 4c24 5089 | 4c24 5889 
  0x000002666de71e78: 5c24 6090 

  0x000002666de71e7c: ;   {runtime_call UncommonTrapBlob}
  0x000002666de71e7c: c5f8 77e8 

  0x000002666de71e80: ; ImmutableOopMap {rbp=Oop [240]=Oop [248]=Oop [32]=Oop [48]=Oop [56]=Oop [72]=Oop [80]=Oop [88]=NarrowOop [112]=Oop }
                      ;*ifne {reexecute=1 rethrow=0 return_oop=0}
                      ; - (reexecute) it.unimi.dsi.fastutil.HashCommon::nextPowerOfTwo@1 (line 160)
                      ; - it.unimi.dsi.fastutil.longs.LongOpenHashSet::trim@12 (line 795)
                      ; - net.minecraft.world.level.lighting.LightEngine::runLightUpdates@44 (line 147)
                      ; - net.minecraft.world.level.lighting.LevelLightEngine::runLightUpdates@14 (line 48)
                      ; - net.minecraft.client.renderer.LevelRenderer::renderLevel@97 (line 1124)
  0x000002666de71e80: 7c4a 55fe | ba45 ffff | ff4c 8974 | 2438 48ff | 7424 5848 | 8f44 2440 | 4c89 5c24 | 504c 894c 
  0x000002666de71ea0: 2458 894c | 2460 4489 | 5424 6490 

  0x000002666de71eac: ;   {runtime_call UncommonTrapBlob}
  0x000002666de71eac: c5f8 77e8 

  0x000002666de71eb0: ; ImmutableOopMap {[240]=Oop [248]=Oop [32]=Oop [40]=Oop [56]=Oop [64]=Oop [80]=Oop [88]=Oop [96]=NarrowOop [112]=Oop }
                      ;*if_icmpge {reexecute=1 rethrow=0 return_oop=0}
                      ; - (reexecute) it.unimi.dsi.fastutil.longs.LongOpenHashSet::trim@21 (line 796)
                      ; - net.minecraft.world.level.lighting.LightEngine::runLightUpdates@44 (line 147)
                      ; - net.minecraft.world.level.lighting.LevelLightEngine::runLightUpdates@14 (line 48)
                      ; - net.minecraft.client.renderer.LevelRenderer::renderLevel@97 (line 1124)
  0x000002666de71eb0: 4c4a 55fe | ba45 ffff | ff48 8b6c | 2420 4c8b | 5c24 284c | 895c 2420 | 448b 4424 | 3444 8944 
  0x000002666de71ed0: 242c 4c8b | 5c24 384c | 895c 2430 | 4c8b 5c24 | 584c 895c | 2438 4c89 | 4c24 5089 | 4c24 4c44 
  0x000002666de71ef0: 8954 245c 

  0x000002666de71ef4: ;   {runtime_call UncommonTrapBlob}
  0x000002666de71ef4: c5f8 77e8 

  0x000002666de71ef8: ; ImmutableOopMap {rbp=Oop [240]=Oop [248]=Oop [32]=Oop [48]=Oop [56]=Oop [76]=NarrowOop [80]=Oop [112]=Oop }
                      ;*ifne {reexecute=1 rethrow=0 return_oop=0}
                      ; - (reexecute) it.unimi.dsi.fastutil.HashCommon::nextPowerOfTwo@1 (line 160)
                      ; - it.unimi.dsi.fastutil.longs.LongOpenHashSet::trim@12 (line 795)
                      ; - net.minecraft.world.level.lighting.LightEngine::runLightUpdates@44 (line 147)
                      ; - net.minecraft.world.level.lighting.LevelLightEngine::runLightUpdates@31 (line 52)
                      ; - net.minecraft.client.renderer.LevelRenderer::renderLevel@97 (line 1124)
  0x000002666de71ef8: 044a 55fe | ba45 ffff | ff4c 8b54 | 2458 4c89 | 5424 4044 | 8b54 2460 | 4489 5424 | 504c 894c 
  0x000002666de71f18: 2458 894c | 2454 895c | 2460 6690 

  0x000002666de71f24: ;   {runtime_call UncommonTrapBlob}
  0x000002666de71f24: c5f8 77e8 

  0x000002666de71f28: ; ImmutableOopMap {[240]=Oop [248]=Oop [32]=Oop [40]=Oop [56]=Oop [64]=Oop [84]=NarrowOop [88]=Oop [112]=Oop }
                      ;*if_icmpge {reexecute=1 rethrow=0 return_oop=0}
                      ; - (reexecute) it.unimi.dsi.fastutil.longs.LongOpenHashSet::trim@21 (line 796)
                      ; - net.minecraft.world.level.lighting.LightEngine::runLightUpdates@44 (line 147)
                      ; - net.minecraft.world.level.lighting.LevelLightEngine::runLightUpdates@31 (line 52)
                      ; - net.minecraft.client.renderer.LevelRenderer::renderLevel@97 (line 1124)
  0x000002666de71f28: d449 55fe | ba45 ffff | ff48 8b6c | 2420 4c89 | 5c24 2044 | 8b5c 2434 | 4489 5c24 | 2c48 895c 
  0x000002666de71f48: 2430 4c8b | 5424 584c | 8954 2438 | c5fb 1154 | 2440 c5fb | 1164 2448 | c5fb 115c | 2450 4489 
  0x000002666de71f68: 4424 6089 | 4c24 6489 | 7c24 6890 

  0x000002666de71f74: ;   {runtime_call UncommonTrapBlob}
  0x000002666de71f74: c5f8 77e8 

  0x000002666de71f78: ; ImmutableOopMap {rbp=Oop [240]=Oop [248]=Oop [32]=Oop [48]=Oop [56]=Oop [96]=NarrowOop [100]=NarrowOop [104]=NarrowOop [112]=Oop }
                      ;*ifnull {reexecute=1 rethrow=0 return_oop=0}
                      ; - (reexecute) net.minecraft.client.renderer.LevelRenderer::renderLevel@152 (line 1131)
  0x000002666de71f78: 8449 55fe | ba45 ffff | ff4c 8b54 | 2458 4c89 | 5424 40c5 | fb11 5424 | 48c5 fb11 | 6424 50c5 
  0x000002666de71f98: fb11 5c24 | 5844 894c | 2460 4c8b | 5424 704c | 8954 2468 | 4489 4424 | 6489 4c24 | 7066 6690 
  0x000002666de71fb8: ;   {runtime_call UncommonTrapBlob}
  0x000002666de71fb8: c5f8 77e8 

  0x000002666de71fbc: ; ImmutableOopMap {[240]=Oop [248]=Oop [32]=Oop [40]=Oop [56]=Oop [64]=Oop [96]=NarrowOop [100]=NarrowOop [104]=Oop [112]=NarrowOop }
                      ;*ifeq {reexecute=1 rethrow=0 return_oop=0}
                      ; - (reexecute) net.minecraft.client.renderer.LevelRenderer::renderLevel@227 (line 1141)
  0x000002666de71fbc: 4049 55fe | 85c9 400f | 95c5 400f | b6ed 83f5 | 01ba 45ff | ffff 4c8b | 5424 684c | 8954 2428 
  0x000002666de71fdc: 4c8b 5424 | 584c 8954 | 2440 c5fb | 1164 2448 | c5fb 1154 | 2450 c5fa | 115c 2464 | 4489 4c24 
  0x000002666de71ffc: 6866 6690 

  0x000002666de72000: ;   {runtime_call UncommonTrapBlob}
  0x000002666de72000: c5f8 77e8 

  0x000002666de72004: ; ImmutableOopMap {[240]=Oop [248]=Oop [32]=Oop [40]=Oop [56]=Oop [64]=Oop [104]=NarrowOop [140]=NarrowOop }
                      ;*ifne {reexecute=1 rethrow=0 return_oop=0}
                      ; - (reexecute) net.minecraft.client.gui.components.BossHealthOverlay::shouldCreateWorldFog@9 (line 135)
                      ; - net.minecraft.client.renderer.LevelRenderer::renderLevel@373 (line 1151)
  0x000002666de72004: f848 55fe | ba45 ffff | ff4c 8b54 | 2460 4c89 | 5424 2044 | 8b54 2434 | 4489 5424 | 2c4c 8b54 
  0x000002666de72024: 2458 4c89 | 5424 40c5 | fb10 4424 | 70c5 fb11 | 4424 48c5 | fb10 4424 | 78c5 fb11 | 4424 504c 
  0x000002666de72044: 8944 2470 

  0x000002666de72048: ;   {runtime_call UncommonTrapBlob}
  0x000002666de72048: c5f8 77e8 

  0x000002666de7204c: ; ImmutableOopMap {rbp=NarrowOop [240]=Oop [32]=Oop [56]=Oop [64]=Oop [104]=NarrowOop [112]=Oop [152]=Oop }
                      ;*if_acmpne {reexecute=1 rethrow=0 return_oop=0}
                      ; - (reexecute) net.minecraft.client.player.AbstractClientPlayer::isSpectator@16 (line 47)
                      ; - net.minecraft.client.renderer.LevelRenderer::renderLevel@512 (line 1162)
  0x000002666de7204c: b048 55fe | ba45 ffff | ff48 8b6c | 2420 4c8b | 5424 604c | 8994 24f8 | 0000 0044 | 8b54 2434 
  0x000002666de7206c: 4489 5424 | 244c 8b54 | 2438 4c89 | 5424 304c | 8b54 2458 | 4c89 5424 | 3844 8944 | 245c 894c 
  0x000002666de7208c: 2460 4489 | 4c24 6490 

  0x000002666de72094: ;   {runtime_call UncommonTrapBlob}
  0x000002666de72094: c5f8 77e8 

  0x000002666de72098: ; ImmutableOopMap {rbp=Oop [240]=Oop [248]=Oop [48]=Oop [56]=Oop [92]=NarrowOop [104]=NarrowOop [152]=Oop }
                      ;*ifeq {reexecute=1 rethrow=0 return_oop=0}
                      ; - (reexecute) net.minecraft.client.renderer.texture.AbstractTexture::setFilter@14 (line 26)
                      ; - net.minecraft.client.renderer.texture.AbstractTexture::restoreLastBlurMipmap@9 (line 50)
                      ; - net.minecraft.client.renderer.LevelRenderer::renderLevel@633 (line 1169)
  0x000002666de72098: 6448 55fe | ba45 ffff | ff44 8b54 | 2434 4489 | 5424 244c | 8b54 2438 | 4c89 5424 | 304c 8b54 
  0x000002666de720b8: 2458 4c89 | 5424 3889 | 4424 5c90 

  0x000002666de720c4: ;   {runtime_call UncommonTrapBlob}
  0x000002666de720c4: c5f8 77e8 

  0x000002666de720c8: ; ImmutableOopMap {rbp=Oop [240]=Oop [48]=Oop [56]=Oop [96]=Oop [104]=NarrowOop [152]=Oop }
                      ;*ifeq {reexecute=1 rethrow=0 return_oop=0}
                      ; - (reexecute) net.minecraft.client.renderer.LevelRenderer::renderLevel@662 (line 1171)
  0x000002666de720c8: 3448 55fe | ba45 ffff | ff48 ff74 | 2420 488f | 8424 f800 | 0000 4c8b | 5424 604c | 8954 2420 
  0x000002666de720e8: 448b 5424 | 3444 8954 | 242c 4c8b | 5424 584c | 8954 2440 

  0x000002666de720fc: ;   {runtime_call UncommonTrapBlob}
  0x000002666de720fc: c5f8 77e8 

  0x000002666de72100: ; ImmutableOopMap {rbp=NarrowOop [240]=Oop [248]=Oop [32]=Oop [56]=Oop [64]=Oop [104]=NarrowOop [152]=Oop }
                      ;*ifnull {reexecute=1 rethrow=0 return_oop=0}
                      ; - (reexecute) net.minecraft.client.renderer.LevelRenderer::renderLevel@712 (line 1180)
  0x000002666de72100: fc47 55fe | ba45 ffff | ff48 ff74 | 2420 488f | 8424 f800 | 0000 4c8b | 5424 604c | 8954 2420 
  0x000002666de72120: 448b 5424 | 3444 8954 | 242c 4c8b | 5424 584c | 8954 2440 

  0x000002666de72134: ;   {runtime_call UncommonTrapBlob}
  0x000002666de72134: c5f8 77e8 

  0x000002666de72138: ; ImmutableOopMap {rbp=NarrowOop [240]=Oop [248]=Oop [32]=Oop [56]=Oop [64]=Oop [104]=NarrowOop [152]=Oop }
                      ;*ifnull {reexecute=1 rethrow=0 return_oop=0}
                      ; - (reexecute) net.minecraft.client.renderer.LevelRenderer::renderLevel@754 (line 1186)
  0x000002666de72138: c447 55fe | ba45 ffff | ff48 8b6c | 2420 448b | 5424 3444 | 8954 2424 | 4c8b 5424 | 384c 8954 
  0x000002666de72158: 2430 4c8b | 5424 584c | 8954 2438 | 8944 245c 

  0x000002666de72168: ;   {runtime_call UncommonTrapBlob}
  0x000002666de72168: c5f8 77e8 

  0x000002666de7216c: ; ImmutableOopMap {rbp=Oop [240]=Oop [48]=Oop [56]=Oop [96]=Oop [104]=NarrowOop [152]=Oop }
                      ;*ifeq {reexecute=1 rethrow=0 return_oop=0}
                      ; - (reexecute) net.minecraft.client.renderer.LevelRenderer::renderLevel@771 (line 1190)
  0x000002666de7216c: 9047 55fe | ba45 ffff | ff48 8b6c | 2420 4c8b | 5424 604c | 8994 24f8 | 0000 0044 | 8b54 2434 
  0x000002666de7218c: 4489 5424 | 244c 8b54 | 2438 4c89 | 5424 304c | 8b54 2458 | 4c89 5424 | 38c5 fb10 | 4424 70c5 
  0x000002666de721ac: fb11 4424 | 4044 8b54 | 2468 4489 | 5424 5889 | 4424 6890 

  0x000002666de721c0: ;   {runtime_call UncommonTrapBlob}
  0x000002666de721c0: c5f8 77e8 

  0x000002666de721c4: ; ImmutableOopMap {rbp=Oop [240]=Oop [248]=Oop [48]=Oop [56]=Oop [88]=NarrowOop [108]=NarrowOop [144]=Oop [152]=Oop [160]=Oop }
                      ;*ifeq {reexecute=1 rethrow=0 return_oop=0}
                      ; - (reexecute) net.minecraft.client.renderer.LevelRenderer::renderLevel@1576 (line 1269)
  0x000002666de721c4: 3847 55fe | ba45 ffff | ff48 ff74 | 2420 488f | 8424 f800 | 0000 4c8b | 5424 604c | 8954 2420 
  0x000002666de721e4: 448b 5424 | 3444 8954 | 242c 4c8b | 5424 584c | 8954 2440 | 448b 5424 | 6844 8954 | 2460 8944 
  0x000002666de72204: 2464 6690 

  0x000002666de72208: ;   {runtime_call UncommonTrapBlob}
  0x000002666de72208: c5f8 77e8 

  0x000002666de7220c: ; ImmutableOopMap {rbp=Oop [240]=Oop [248]=Oop [32]=Oop [56]=Oop [64]=Oop [96]=NarrowOop [144]=Oop [152]=Oop }
                      ;*ifeq {reexecute=1 rethrow=0 return_oop=0}
                      ; - (reexecute) net.minecraft.client.renderer.LevelRenderer::renderLevel@1878 (line 1302)
  0x000002666de7220c: f046 55fe | ba45 ffff | ff4c 8994 | 24f8 0000 | 004c 8b54 | 2460 4c89 | 5424 204c | 8b54 2458 
  0x000002666de7222c: 4c89 5424 | 4044 8b54 | 2468 4489 | 5424 2c90 

  0x000002666de7223c: ;   {runtime_call UncommonTrapBlob}
  0x000002666de7223c: c5f8 77e8 

  0x000002666de72240: ; ImmutableOopMap {rbp=NarrowOop [240]=Oop [248]=Oop [32]=Oop [44]=NarrowOop [56]=Oop [64]=Oop [144]=Oop [152]=Oop [160]=Oop }
                      ;*ifnull {reexecute=1 rethrow=0 return_oop=0}
                      ; - (reexecute) net.minecraft.client.renderer.LevelRenderer::renderLevel@2452 (line 1353)
  0x000002666de72240: bc46 55fe | ba45 ffff | ff4c 8994 | 24f8 0000 | 004c 8b54 | 2460 4c89 | 5424 204c | 8b54 2458 
  0x000002666de72260: 4c89 5424 | 4044 8b5c | 2468 4489 | 5c24 2c90 

  0x000002666de72270: ;   {runtime_call UncommonTrapBlob}
  0x000002666de72270: c5f8 77e8 

  0x000002666de72274: ; ImmutableOopMap {rbp=NarrowOop [240]=Oop [248]=Oop [32]=Oop [44]=NarrowOop [56]=Oop [64]=Oop [144]=Oop [152]=Oop [160]=Oop }
                      ;*ifnull {reexecute=1 rethrow=0 return_oop=0}
                      ; - (reexecute) net.minecraft.client.renderer.LevelRenderer::renderLevel@2645 (line 1371)
  0x000002666de72274: 8846 55fe | ba45 ffff | ff48 8b6c | 2420 4c8b | 5424 604c | 8994 24f8 | 0000 004c | 8b54 2438 
  0x000002666de72294: 4c89 5424 | 304c 8b54 | 2458 4c89 | 5424 3844 | 8b54 2468 | 4489 5424 | 2448 8944 | 2468 6690 
  0x000002666de722b4: ;   {runtime_call UncommonTrapBlob}
  0x000002666de722b4: c5f8 77e8 

  0x000002666de722b8: ; ImmutableOopMap {rbp=Oop [240]=Oop [248]=Oop [36]=NarrowOop [48]=Oop [56]=Oop [104]=Oop [144]=Oop [152]=Oop [160]=Oop }
                      ;*if_acmpeq {reexecute=1 rethrow=0 return_oop=0}
                      ; - (reexecute) net.minecraft.client.renderer.LevelRenderer::renderLevel@2794 (line 1388)
  0x000002666de722b8: 4446 55fe | ba45 ffff | ff4c 8994 | 24f8 0000 | 004c 8b54 | 2460 4c89 | 5424 204c | 8b54 2458 
  0x000002666de722d8: 4c89 5424 | 4044 8b54 | 2468 4489 | 5424 2c90 

  0x000002666de722e8: ;   {runtime_call UncommonTrapBlob}
  0x000002666de722e8: c5f8 77e8 

  0x000002666de722ec: ; ImmutableOopMap {rbp=NarrowOop [240]=Oop [248]=Oop [32]=Oop [44]=NarrowOop [56]=Oop [64]=Oop [144]=Oop [152]=Oop [160]=Oop }
                      ;*ifnull {reexecute=1 rethrow=0 return_oop=0}
                      ; - (reexecute) net.minecraft.client.renderer.LevelRenderer::renderLevel@2889 (line 1402)
  0x000002666de722ec: 1046 55fe | ba45 ffff | ff48 89bc | 24f8 0000 | 004c 8944 | 2420 8b4c | 2434 894c | 242c 4c89 
  0x000002666de7230c: 4c24 384c | 8b44 2458 | 4c89 4424 | 40c5 fb10 | 4424 70c5 | fb11 4424 | 4848 8974 | 2468 4c89 
  0x000002666de7232c: 5424 7090 

  0x000002666de72330: ;   {runtime_call UncommonTrapBlob}
  0x000002666de72330: c5f8 77e8 

  0x000002666de72334: ; ImmutableOopMap {[240]=Oop [248]=Oop [32]=Oop [56]=Oop [64]=Oop [104]=Oop [112]=Oop [140]=NarrowOop [152]=Oop }
                      ;*ifeq {reexecute=1 rethrow=0 return_oop=0}
                      ; - (reexecute) net.minecraftforge.eventbus.EventBus::post@13 (line 303)
                      ; - net.minecraftforge.eventbus.EventBus::post@7 (line 296)
                      ; - net.minecraftforge.client.ForgeHooksClient::dispatchRenderStage@48 (line 288)
                      ; - net.minecraft.client.renderer.LevelRenderer::renderLevel@456 (line 1158)
  0x000002666de72334: c845 55fe | ba45 ffff | ff48 8b6c | 2420 4c8b | 5424 604c | 8994 24f8 | 0000 0044 | 8b54 2434 
  0x000002666de72354: 4489 5424 | 244c 8b54 | 2438 4c89 | 5424 304c | 8b54 2458 | 4c89 5424 | 38c5 fb10 | 4424 70c5 
  0x000002666de72374: fb11 4424 | 4044 8b5c | 2468 4489 | 5c24 5889 | 4424 5c90 

  0x000002666de72388: ;   {runtime_call UncommonTrapBlob}
  0x000002666de72388: c5f8 77e8 

  0x000002666de7238c: ; ImmutableOopMap {rbp=Oop [240]=Oop [248]=Oop [48]=Oop [56]=Oop [88]=NarrowOop [144]=Oop [152]=Oop [160]=Oop [168]=Oop }
                      ;*ifeq {reexecute=1 rethrow=0 return_oop=0}
                      ; - (reexecute) net.minecraft.client.renderer.LevelRenderer::renderLevel@949 (line 1201)
  0x000002666de7238c: 7045 55fe | c5fe 7f94 | 24b0 0000 | 00c5 f97e | c3c5 fe7f | 8c24 9000 | 0000 498b | d7c5 f877 
  0x000002666de723ac: 49ba 6048 | 6131 f97f | 0000 41ff | d2c5 fe6f | 8c24 9000 | 0000 c5f9 | 6ec3 c5fe | 6f94 24b0 
  0x000002666de723cc: 0000 00e9 | 4097 ffff | c5fe 7f94 | 24b0 0000 | 00c5 f97e | c7c5 fe7f | 8c24 9000 | 0000 498b 
  0x000002666de723ec: d7c5 f877 | 49ba 6048 | 6131 f97f | 0000 41ff | d2c5 fe6f | 8c24 9000 | 0000 c5f9 | 6ec7 c5fe 
  0x000002666de7240c: 6f94 24b0 | 0000 00e9 | a797 ffff | 418b f249 | 8bd8 498b | d7c5 f877 | 49ba 6048 | 6131 f97f 
  0x000002666de7242c: 0000 41ff | d24c 8bc3 | 448b d6e9 | ea9a ffff | 458b ee45 | 8bf2 498b | f849 8bd7 | c5f8 7749 
  0x000002666de7244c: ba60 4861 | 31f9 7f00 | 0041 ffd2 | 4c8b c745 | 8bd6 458b | f5e9 599b | ffff 488b | cdba f4ff 
  0x000002666de7246c: ffff 488b | e944 8b54 | 2434 4489 | 5424 244c | 8b54 2438 | 4c89 5424 | 304c 8b54 | 2458 4c89 
  0x000002666de7248c: 5424 3890 

  0x000002666de72490: ;   {runtime_call UncommonTrapBlob}
  0x000002666de72490: c5f8 77e8 

  0x000002666de72494: ; ImmutableOopMap {rbp=Oop [240]=Oop [48]=Oop [56]=Oop [96]=Oop [104]=NarrowOop [152]=Oop }
                      ;*checkcast {reexecute=0 rethrow=0 return_oop=0}
                      ; - net.minecraft.client.resources.model.AtlasSet::getAtlas@10 (line 30)
                      ; - net.minecraft.client.resources.model.ModelManager::getAtlas@23 (line 232)
                      ; - net.minecraft.client.renderer.LevelRenderer::renderLevel@570 (line 1167)
  0x000002666de72494: 6844 55fe | baf4 ffff | ff48 8b6c | 2420 448b | 5424 3444 | 8954 2424 | 4c8b 5424 | 384c 8954 
  0x000002666de724b4: 2430 4c8b | 5424 584c | 8954 2438 

  0x000002666de724c0: ;   {runtime_call UncommonTrapBlob}
  0x000002666de724c0: c5f8 77e8 

  0x000002666de724c4: ; ImmutableOopMap {rbp=Oop [240]=Oop [48]=Oop [56]=Oop [96]=Oop [104]=NarrowOop [152]=Oop }
                      ;*checkcast {reexecute=0 rethrow=0 return_oop=0}
                      ; - net.minecraft.client.resources.model.AtlasSet::getAtlas@10 (line 30)
                      ; - net.minecraft.client.resources.model.ModelManager::getAtlas@23 (line 232)
                      ; - net.minecraft.client.renderer.LevelRenderer::renderLevel@630 (line 1169)
  0x000002666de724c4: 3844 55fe | baf6 ffff | ff48 8b6c | 2420 4c8b | 5424 604c | 8994 24f8 | 0000 0044 | 8b54 2434 
  0x000002666de724e4: 4489 5424 | 244c 8b54 | 2438 4c89 | 5424 304c | 8b54 2458 | 4c89 5424 | 38c5 fb10 | 4424 70c5 
  0x000002666de72504: fb11 4424 | 40c5 fb10 | 4424 78c5 | fb11 4424 | 4844 8b5c | 2468 4489 | 5c24 584c | 8b94 24a8 
  0x000002666de72524: 0000 004c | 8954 2478 

  0x000002666de7252c: ;   {runtime_call UncommonTrapBlob}
  0x000002666de7252c: c5f8 77e8 

  0x000002666de72530: ; ImmutableOopMap {rbp=Oop [240]=Oop [248]=Oop [48]=Oop [56]=Oop [88]=NarrowOop [120]=Oop [144]=Oop [152]=Oop [160]=Oop [168]=Oop }
                      ;*invokevirtual shouldEntityAppearGlowing {reexecute=0 rethrow=0 return_oop=0}
                      ; - net.minecraft.client.renderer.LevelRenderer::renderLevel@1056 (line 1210)
  0x000002666de72530: cc43 55fe | ba45 ffff | ff48 898c | 24f8 0000 | 004c 8b54 | 2460 4c89 | 5424 2044 | 8b54 2434 
  0x000002666de72550: 4489 5424 | 2c4c 8b54 | 2458 4c89 | 5424 4044 | 8b54 2468 | 4489 5424 | 6044 895c | 2464 4489 
  0x000002666de72570: 4c24 6889 | 5c24 6c90 

  0x000002666de72578: ;   {runtime_call UncommonTrapBlob}
  0x000002666de72578: c5f8 77e8 

  0x000002666de7257c: ; ImmutableOopMap {[240]=Oop [248]=Oop [32]=Oop [56]=Oop [64]=Oop [96]=NarrowOop [100]=NarrowOop [108]=NarrowOop [152]=Oop }
                      ;*ifne {reexecute=1 rethrow=0 return_oop=0}
                      ; - (reexecute) net.minecraft.resources.ResourceLocation::equals@11 (line 125)
                      ; - java.util.HashMap::getNode@63 (line 570)
                      ; - java.util.HashMap::get@2 (line 556)
                      ; - net.minecraft.client.resources.model.AtlasSet::getAtlas@5 (line 30)
                      ; - net.minecraft.client.resources.model.ModelManager::getAtlas@23 (line 232)
                      ; - net.minecraft.client.renderer.LevelRenderer::renderLevel@570 (line 1167)
  0x000002666de7257c: 8043 55fe | ba45 ffff | ff4c 8b54 | 2420 4c89 | 9424 f800 | 0000 4c8b | 5424 604c | 8954 2420 
  0x000002666de7259c: 448b 5424 | 3444 8954 | 242c 4c8b | 5424 584c | 8954 2440 | 448b 5424 | 6844 8954 | 2460 4489 
  0x000002666de725bc: 4c24 6444 | 8974 2468 | 4489 5c24 | 6c66 6690 

  0x000002666de725cc: ;   {runtime_call UncommonTrapBlob}
  0x000002666de725cc: c5f8 77e8 

  0x000002666de725d0: ; ImmutableOopMap {[240]=Oop [248]=Oop [32]=Oop [56]=Oop [64]=Oop [96]=NarrowOop [100]=NarrowOop [108]=NarrowOop [152]=Oop }
                      ;*ifne {reexecute=1 rethrow=0 return_oop=0}
                      ; - (reexecute) net.minecraft.resources.ResourceLocation::equals@11 (line 125)
                      ; - java.util.HashMap::getNode@63 (line 570)
                      ; - java.util.HashMap::get@2 (line 556)
                      ; - net.minecraft.client.resources.model.AtlasSet::getAtlas@5 (line 30)
                      ; - net.minecraft.client.resources.model.ModelManager::getAtlas@23 (line 232)
                      ; - net.minecraft.client.renderer.LevelRenderer::renderLevel@630 (line 1169)
  0x000002666de725d0: 2c43 55fe | ba76 ffff | ff48 898c | 24f8 0000 | 004c 8b44 | 2460 4c89 | 4424 2044 | 8b4c 2434 
  0x000002666de725f0: 4489 4c24 | 2c4c 8b44 | 2458 4c89 | 4424 40c5 | fb10 4424 | 70c5 fb11 | 4424 4844 | 8b4c 2468 
  0x000002666de72610: 4489 4c24 | 6044 8954 | 2464 895c | 2468 4489 | 5c24 6c89 | 7c24 7090 

  0x000002666de72628: ;   {runtime_call UncommonTrapBlob}
  0x000002666de72628: c5f8 77e8 

  0x000002666de7262c: ; ImmutableOopMap {[240]=Oop [248]=Oop [32]=Oop [56]=Oop [64]=Oop [96]=NarrowOop [100]=NarrowOop [108]=NarrowOop [112]=NarrowOop [152]=Oop }
                      ;*if_icmpge {reexecute=1 rethrow=0 return_oop=0}
                      ; - (reexecute) java.lang.StringLatin1::hashCode@13 (line 196)
                      ; - java.lang.String::hashCode@27 (line 2344)
                      ; - net.minecraft.resources.ResourceLocation::hashCode@6 (line 134)
                      ; - java.util.HashMap::hash@9 (line 338)
                      ; - java.util.HashMap::getNode@23 (line 568)
                      ; - java.util.HashMap::get@2 (line 556)
                      ; - net.minecraft.client.resources.model.AtlasSet::getAtlas@5 (line 30)
                      ; - net.minecraft.client.resources.model.ModelManager::getAtlas@23 (line 232)
                      ; - net.minecraft.client.renderer.LevelRenderer::renderLevel@570 (line 1167)
  0x000002666de7262c: d042 55fe | bf01 0000 | 00e9 0ea2 | ffff ba76 | ffff ff48 | 898c 24f8 | 0000 004c | 8b54 2460 
  0x000002666de7264c: 4c89 5424 | 2044 8b4c | 2434 4489 | 4c24 2c4c | 8b54 2458 | 4c89 5424 | 40c5 fb10 | 4424 70c5 
  0x000002666de7266c: fb11 4424 | 4844 8b54 | 2468 4489 | 5424 6044 | 8944 2464 | 895c 2468 | c5fa 115c | 246c c5fa 
  0x000002666de7268c: 1154 2470 | 4489 5c24 | 7466 6690 

  0x000002666de72698: ;   {runtime_call UncommonTrapBlob}
  0x000002666de72698: c5f8 77e8 

  0x000002666de7269c: ; ImmutableOopMap {[240]=Oop [248]=Oop [32]=Oop [56]=Oop [64]=Oop [96]=NarrowOop [100]=NarrowOop [112]=NarrowOop [116]=NarrowOop [152]=Oop }
                      ;*if_icmpge {reexecute=1 rethrow=0 return_oop=0}
                      ; - (reexecute) java.lang.StringLatin1::hashCode@13 (line 196)
                      ; - java.lang.String::hashCode@27 (line 2344)
                      ; - net.minecraft.resources.ResourceLocation::hashCode@14 (line 134)
                      ; - java.util.HashMap::hash@9 (line 338)
                      ; - java.util.HashMap::getNode@23 (line 568)
                      ; - java.util.HashMap::get@2 (line 556)
                      ; - net.minecraft.client.resources.model.AtlasSet::getAtlas@5 (line 30)
                      ; - net.minecraft.client.resources.model.ModelManager::getAtlas@23 (line 232)
                      ; - net.minecraft.client.renderer.LevelRenderer::renderLevel@570 (line 1167)
  0x000002666de7269c: 6042 55fe | bb01 0000 | 00e9 1da3 | ffff ba76 | ffff ff4c | 8b54 2420 | 4c89 9424 | f800 0000 
  0x000002666de726bc: 4c8b 5424 | 604c 8954 | 2420 448b | 5424 3444 | 8954 242c | 4c8b 5424 | 584c 8954 | 2440 c5fb 
  0x000002666de726dc: 1044 2470 | c5fb 1144 | 2448 448b | 5c24 6844 | 895c 2460 | 448b 5424 | 6c44 8954 | 2464 894c 
  0x000002666de726fc: 2470 6690 

  0x000002666de72700: ;   {runtime_call UncommonTrapBlob}
  0x000002666de72700: c5f8 77e8 

  0x000002666de72704: ; ImmutableOopMap {[240]=Oop [248]=Oop [32]=Oop [56]=Oop [64]=Oop [96]=NarrowOop [100]=NarrowOop [112]=NarrowOop [140]=NarrowOop [152]=Oop }
                      ;*if_icmpge {reexecute=1 rethrow=0 return_oop=0}
                      ; - (reexecute) java.lang.StringLatin1::hashCode@13 (line 196)
                      ; - java.lang.String::hashCode@27 (line 2344)
                      ; - net.minecraft.resources.ResourceLocation::hashCode@6 (line 134)
                      ; - java.util.HashMap::hash@9 (line 338)
                      ; - java.util.HashMap::getNode@23 (line 568)
                      ; - java.util.HashMap::get@2 (line 556)
                      ; - net.minecraft.client.resources.model.AtlasSet::getAtlas@5 (line 30)
                      ; - net.minecraft.client.resources.model.ModelManager::getAtlas@23 (line 232)
                      ; - net.minecraft.client.renderer.LevelRenderer::renderLevel@630 (line 1169)
  0x000002666de72704: f841 55fe | bf01 0000 | 00e9 f3a9 | ffff ba76 | ffff ff4c | 8b5c 2420 | 4c89 9c24 | f800 0000 
  0x000002666de72724: 4c8b 5c24 | 604c 895c | 2420 448b | 4424 3444 | 8944 242c | 4c8b 5c24 | 584c 895c | 2440 c5fb 
  0x000002666de72744: 1044 2470 | c5fb 1144 | 2448 448b | 4424 6844 | 8944 2460 | 448b 5c24 | 6c44 895c | 2464 4489 
  0x000002666de72764: 5424 7490 

  0x000002666de72768: ;   {runtime_call UncommonTrapBlob}
  0x000002666de72768: c5f8 77e8 

  0x000002666de7276c: ; ImmutableOopMap {[240]=Oop [248]=Oop [32]=Oop [56]=Oop [64]=Oop [96]=NarrowOop [100]=NarrowOop [116]=NarrowOop [140]=NarrowOop [152]=Oop }
                      ;*if_icmpge {reexecute=1 rethrow=0 return_oop=0}
                      ; - (reexecute) java.lang.StringLatin1::hashCode@13 (line 196)
                      ; - java.lang.String::hashCode@27 (line 2344)
                      ; - net.minecraft.resources.ResourceLocation::hashCode@14 (line 134)
                      ; - java.util.HashMap::hash@9 (line 338)
                      ; - java.util.HashMap::getNode@23 (line 568)
                      ; - java.util.HashMap::get@2 (line 556)
                      ; - net.minecraft.client.resources.model.AtlasSet::getAtlas@5 (line 30)
                      ; - net.minecraft.client.resources.model.ModelManager::getAtlas@23 (line 232)
                      ; - net.minecraft.client.renderer.LevelRenderer::renderLevel@630 (line 1169)
  0x000002666de7276c: 9041 55fe | b901 0000 | 00e9 fdaa | ffff ba45 | ffff ff48 | ff74 2420 | 488f 8424 | f800 0000 
  0x000002666de7278c: 4c8b 5424 | 604c 8954 | 2420 4c8b | 5424 584c | 8954 2440 | 448b 5424 | 6844 8954 | 242c 4889 
  0x000002666de727ac: 4424 6890 

  0x000002666de727b0: ;   {runtime_call UncommonTrapBlob}
  0x000002666de727b0: c5f8 77e8 

  0x000002666de727b4: ; ImmutableOopMap {rbp=Oop [240]=Oop [248]=Oop [32]=Oop [44]=NarrowOop [56]=Oop [64]=Oop [104]=Oop [144]=Oop [152]=Oop }
                      ;*if_acmpne {reexecute=1 rethrow=0 return_oop=0}
                      ; - (reexecute) net.minecraft.client.renderer.LevelRenderer::renderLevel@2302 (line 1333)
  0x000002666de727b4: 4841 55fe | ba45 ffff | ff48 8b6c | 2420 4c8b | 5424 604c | 8994 24f8 | 0000 004c | 8b54 2438 
  0x000002666de727d4: 4c89 5424 | 304c 8b54 | 2458 4c89 | 5424 38c5 | fb10 4424 | 70c5 fb11 | 4424 4044 | 8b54 2468 
  0x000002666de727f4: 4489 5424 | 2489 4424 | 7066 6690 

  0x000002666de72800: ;   {runtime_call UncommonTrapBlob}
  0x000002666de72800: c5f8 77e8 

  0x000002666de72804: ; ImmutableOopMap {rbp=Oop [240]=Oop [248]=Oop [36]=NarrowOop [48]=Oop [56]=Oop [144]=Oop [152]=Oop [168]=Oop [176]=Oop }
                      ;*ifne {reexecute=1 rethrow=0 return_oop=0}
                      ; - (reexecute) net.minecraft.client.renderer.LevelRenderer::renderLevel@2228 (line 1328)
  0x000002666de72804: f840 55fe | ba45 ffff | ff48 ff74 | 2420 488f | 8424 f800 | 0000 4c8b | 5424 604c | 8954 2420 
  0x000002666de72824: 4c8b 5424 | 584c 8954 | 2440 c5fb | 1044 2470 | c5fb 1144 | 2448 448b | 5c24 6844 | 895c 242c 
  0x000002666de72844: 8944 2470 

  0x000002666de72848: ;   {runtime_call UncommonTrapBlob}
  0x000002666de72848: c5f8 77e8 

  0x000002666de7284c: ; ImmutableOopMap {rbp=Oop [240]=Oop [248]=Oop [32]=Oop [44]=NarrowOop [56]=Oop [64]=Oop [144]=Oop [152]=Oop [168]=Oop }
                      ;*ifne {reexecute=1 rethrow=0 return_oop=0}
                      ; - (reexecute) net.minecraft.client.renderer.LevelRenderer::renderLevel@2236 (line 1329)
  0x000002666de7284c: b040 55fe | ba45 ffff | ffc5 fb11 | 8424 f800 | 0000 4c8b | 5424 604c | 8954 2420 | 448b 5424 
  0x000002666de7286c: 3444 8954 | 242c 4c8b | 5424 584c | 8954 2440 | c5fb 1044 | 2470 c5fb | 1144 2448 | 448b 5c24 
  0x000002666de7288c: 6844 895c | 2460 4c89 | 7424 6844 | 894c 2470 

  0x000002666de7289c: ;   {runtime_call UncommonTrapBlob}
  0x000002666de7289c: c5f8 77e8 

  0x000002666de728a0: ; ImmutableOopMap {[240]=Oop [248]=Oop [32]=Oop [56]=Oop [64]=Oop [96]=NarrowOop [104]=Oop [112]=NarrowOop [152]=Oop }
                      ;*ifne {reexecute=1 rethrow=0 return_oop=0}
                      ; - (reexecute) net.minecraft.resources.ResourceLocation::equals@11 (line 125)
                      ; - java.util.HashMap::getNode@128 (line 577)
                      ; - java.util.HashMap::get@2 (line 556)
                      ; - net.minecraft.client.resources.model.AtlasSet::getAtlas@5 (line 30)
                      ; - net.minecraft.client.resources.model.ModelManager::getAtlas@23 (line 232)
                      ; - net.minecraft.client.renderer.LevelRenderer::renderLevel@570 (line 1167)
  0x000002666de728a0: 5c40 55fe | ba45 ffff | ff4c 8b5c | 2420 4c89 | 9c24 f800 | 0000 4c8b | 5c24 604c | 895c 2420 
  0x000002666de728c0: 448b 5c24 | 3444 895c | 242c 4c8b | 5c24 584c | 895c 2440 | c5fb 104c | 2470 c5fb | 114c 2448 
  0x000002666de728e0: 448b 5c24 | 6844 895c | 2460 c5fb | 1144 2468 | 4489 7424 | 6444 8954 | 2470 6690 

  0x000002666de728fc: ;   {runtime_call UncommonTrapBlob}
  0x000002666de728fc: c5f8 77e8 

  0x000002666de72900: ; ImmutableOopMap {[240]=Oop [248]=Oop [32]=Oop [56]=Oop [64]=Oop [96]=NarrowOop [104]=Oop [112]=NarrowOop [152]=Oop }
                      ;*ifne {reexecute=1 rethrow=0 return_oop=0}
                      ; - (reexecute) net.minecraft.resources.ResourceLocation::equals@11 (line 125)
                      ; - java.util.HashMap::getNode@128 (line 577)
                      ; - java.util.HashMap::get@2 (line 556)
                      ; - net.minecraft.client.resources.model.AtlasSet::getAtlas@5 (line 30)
                      ; - net.minecraft.client.resources.model.ModelManager::getAtlas@23 (line 232)
                      ; - net.minecraft.client.renderer.LevelRenderer::renderLevel@630 (line 1169)
  0x000002666de72900: fc3f 55fe | ba45 ffff | ff48 ff74 | 2420 488f | 8424 f800 | 0000 4c8b | 5424 604c | 8954 2420 
  0x000002666de72920: 4c8b 5424 | 584c 8954 | 2440 c5fb | 1044 2470 | c5fb 1144 | 2448 448b | 5424 6844 | 8954 242c 
  0x000002666de72940: 8944 2470 

  0x000002666de72944: ;   {runtime_call UncommonTrapBlob}
  0x000002666de72944: c5f8 77e8 

  0x000002666de72948: ; ImmutableOopMap {rbp=Oop [240]=Oop [248]=Oop [32]=Oop [44]=NarrowOop [56]=Oop [64]=Oop [144]=Oop [152]=Oop [168]=Oop }
                      ;*ifeq {reexecute=1 rethrow=0 return_oop=0}
                      ; - (reexecute) net.minecraft.client.renderer.LevelRenderer::renderLevel@2251 (line 1329)
  0x000002666de72948: b43f 55fe | c4e1 f97e | c1e9 13fb | ffff ba45 | ffff ff48 | ff74 2420 | 488f 8424 | f800 0000 
  0x000002666de72968: 4c8b 5c24 | 604c 895c | 2420 448b | 5c24 3444 | 895c 242c | 4c8b 5c24 | 584c 895c | 2440 c5fb 
  0x000002666de72988: 1044 2470 | c5fb 1144 | 2448 c5fb | 1044 2478 | c5fb 1144 | 2450 448b | 5c24 6844 | 895c 2460 
  0x000002666de729a8: 4c89 5424 | 7866 6690 

  0x000002666de729b0: ;   {runtime_call UncommonTrapBlob}
  0x000002666de729b0: c5f8 77e8 

  0x000002666de729b4: ; ImmutableOopMap {[240]=Oop [248]=Oop [32]=Oop [56]=Oop [64]=Oop [96]=NarrowOop [120]=Oop [144]=Oop [152]=Oop [160]=Oop }
                      ;*ifne {reexecute=1 rethrow=0 return_oop=0}
                      ; - (reexecute) net.minecraft.client.renderer.LevelRenderer::renderLevel@1010 (line 1203)
  0x000002666de729b4: 483f 55fe | ba45 ffff | ff48 8b6c | 2420 4c8b | 5424 604c | 8994 24f8 | 0000 0044 | 8b54 2434 
  0x000002666de729d4: 4489 5424 | 244c 8b54 | 2438 4c89 | 5424 304c | 8b54 2458 | 4c89 5424 | 38c5 fb10 | 4424 70c5 
  0x000002666de729f4: fb11 4424 | 4044 8b5c | 2468 4489 | 5c24 5889 | 4424 5c90 

  0x000002666de72a08: ;   {runtime_call UncommonTrapBlob}
  0x000002666de72a08: c5f8 77e8 

  0x000002666de72a0c: ; ImmutableOopMap {rbp=Oop [240]=Oop [248]=Oop [48]=Oop [56]=Oop [88]=NarrowOop [144]=Oop [152]=Oop [160]=Oop [168]=Oop }
                      ;*ifeq {reexecute=1 rethrow=0 return_oop=0}
                      ; - (reexecute) net.minecraft.client.renderer.LevelRenderer::renderLevel@1047 (line 1210)
  0x000002666de72a0c: f03e 55fe | ba45 ffff | ff48 8b6c | 2420 4c8b | 5424 604c | 8994 24f8 | 0000 0044 | 8b54 2434 
  0x000002666de72a2c: 4489 5424 | 244c 8b54 | 2438 4c89 | 5424 304c | 8b54 2458 | 4c89 5424 | 38c5 fb10 | 4424 70c5 
  0x000002666de72a4c: fb11 4424 | 4044 8b54 | 2468 4489 | 5424 5889 | 4424 5c90 

  0x000002666de72a60: ;   {runtime_call UncommonTrapBlob}
  0x000002666de72a60: c5f8 77e8 

  0x000002666de72a64: ; ImmutableOopMap {rbp=Oop [240]=Oop [248]=Oop [48]=Oop [56]=Oop [88]=NarrowOop [144]=Oop [152]=Oop [160]=Oop [168]=Oop }
                      ;*ifeq {reexecute=1 rethrow=0 return_oop=0}
                      ; - (reexecute) net.minecraft.client.renderer.LevelRenderer::renderLevel@1059 (line 1210)
  0x000002666de72a64: 983e 55fe | ba45 ffff | ff48 8b6c | 2420 4c8b | 5424 604c | 8994 24f8 | 0000 0044 | 8b54 2434 
  0x000002666de72a84: 4489 5424 | 244c 8b54 | 2438 4c89 | 5424 304c | 8b54 2458 | 4c89 5424 | 38c5 fb10 | 4424 70c5 
  0x000002666de72aa4: fb11 4424 | 4044 8b54 | 2468 4489 | 5424 5889 | 4424 5c90 

  0x000002666de72ab8: ;   {runtime_call UncommonTrapBlob}
  0x000002666de72ab8: c5f8 77e8 

  0x000002666de72abc: ; ImmutableOopMap {rbp=Oop [240]=Oop [248]=Oop [48]=Oop [56]=Oop [88]=NarrowOop [144]=Oop [152]=Oop [160]=Oop [168]=Oop }
                      ;*ifeq {reexecute=1 rethrow=0 return_oop=0}
                      ; - (reexecute) net.minecraft.client.renderer.LevelRenderer::renderLevel@1115 (line 1217)
  0x000002666de72abc: 403e 55fe | ba45 ffff | ff48 8b6c | 2420 4c8b | 5424 604c | 8994 24f8 | 0000 0044 | 8b54 2434 
  0x000002666de72adc: 4489 5424 | 244c 8b54 | 2438 4c89 | 5424 304c | 8b54 2458 | 4c89 5424 | 38c5 fb10 | 4424 70c5 
  0x000002666de72afc: fb11 4424 | 4044 8b5c | 2468 4489 | 5c24 5889 | 4424 5c90 

  0x000002666de72b10: ;   {runtime_call UncommonTrapBlob}
  0x000002666de72b10: c5f8 77e8 

  0x000002666de72b14: ; ImmutableOopMap {rbp=Oop [240]=Oop [248]=Oop [48]=Oop [56]=Oop [88]=NarrowOop [144]=Oop [152]=Oop [160]=Oop [168]=Oop }
                      ;*ifeq {reexecute=1 rethrow=0 return_oop=0}
                      ; - (reexecute) net.minecraft.client.renderer.LevelRenderer::renderLevel@1130 (line 1217)
  0x000002666de72b14: e83d 55fe | bac6 ffff | ff4c 8974 | 2438 6690 

  0x000002666de72b24: ;   {runtime_call UncommonTrapBlob}
  0x000002666de72b24: c5f8 77e8 

  0x000002666de72b28: ; ImmutableOopMap {rbp=NarrowOop [240]=Oop [248]=Oop [32]=Oop [40]=Oop [56]=Oop [112]=Oop }
                      ;*invokeinterface get {reexecute=0 rethrow=0 return_oop=0}
                      ; - net.minecraft.world.level.Level::getProfiler@4 (line 924)
                      ; - net.minecraft.client.renderer.LevelRenderer::renderLevel@55 (line 1120)
  0x000002666de72b28: d43d 55fe | ba45 ffff | ff48 898c | 24f8 0000 | 004c 8b54 | 2460 4c89 | 5424 2044 | 8b54 2434 
  0x000002666de72b48: 4489 5424 | 2c4c 8b54 | 2458 4c89 | 5424 4044 | 8b54 2468 | 4489 5424 | 604c 8974 | 2468 4489 
  0x000002666de72b68: 4c24 6490 

  0x000002666de72b6c: ;   {runtime_call UncommonTrapBlob}
  0x000002666de72b6c: c5f8 77e8 

  0x000002666de72b70: ; ImmutableOopMap {rbp=NarrowOop [240]=Oop [248]=Oop [32]=Oop [56]=Oop [64]=Oop [96]=NarrowOop [104]=Oop [152]=Oop }
                      ;*ifnull {reexecute=1 rethrow=0 return_oop=0}
                      ; - (reexecute) java.util.HashMap$TreeNode::getTreeNode@4 (line 2040)
                      ; - java.util.HashMap::getNode@95 (line 574)
                      ; - java.util.HashMap::get@2 (line 556)
                      ; - net.minecraft.client.resources.model.AtlasSet::getAtlas@5 (line 30)
                      ; - net.minecraft.client.resources.model.ModelManager::getAtlas@23 (line 232)
                      ; - net.minecraft.client.renderer.LevelRenderer::renderLevel@570 (line 1167)
  0x000002666de72b70: 8c3d 55fe | ba45 ffff | ff4c 8b5c | 2420 4c89 | 9c24 f800 | 0000 4c8b | 5c24 604c | 895c 2420 
  0x000002666de72b90: 448b 5c24 | 3444 895c | 242c 4c8b | 5c24 584c | 895c 2440 | 448b 5c24 | 6844 895c | 2460 4c89 
  0x000002666de72bb0: 5424 6844 | 8974 2464 

  0x000002666de72bb8: ;   {runtime_call UncommonTrapBlob}
  0x000002666de72bb8: c5f8 77e8 

  0x000002666de72bbc: ; ImmutableOopMap {rbp=NarrowOop [240]=Oop [248]=Oop [32]=Oop [56]=Oop [64]=Oop [96]=NarrowOop [104]=Oop [152]=Oop }
                      ;*ifnull {reexecute=1 rethrow=0 return_oop=0}
                      ; - (reexecute) java.util.HashMap$TreeNode::getTreeNode@4 (line 2040)
                      ; - java.util.HashMap::getNode@95 (line 574)
                      ; - java.util.HashMap::get@2 (line 556)
                      ; - net.minecraft.client.resources.model.AtlasSet::getAtlas@5 (line 30)
                      ; - net.minecraft.client.resources.model.ModelManager::getAtlas@23 (line 232)
                      ; - net.minecraft.client.renderer.LevelRenderer::renderLevel@630 (line 1169)
  0x000002666de72bbc: 403d 55fe | ba45 ffff | ff48 8b6c | 2420 4c8b | 5c24 604c | 899c 24f8 | 0000 0044 | 8b44 2434 
  0x000002666de72bdc: 4489 4424 | 244c 8b5c | 2438 4c89 | 5c24 304c | 8b5c 2458 | 4c89 5c24 | 38c5 fb10 | 4424 70c5 
  0x000002666de72bfc: fb11 4424 | 40c5 fb10 | 4424 78c5 | fb11 4424 | 48c5 fb10 | 8424 8000 | 0000 c5fb | 1144 2450 
  0x000002666de72c1c: 448b 5c24 | 6844 895c | 2458 4889 | 4424 784c | 8994 2480 | 0000 0090 

  0x000002666de72c34: ;   {runtime_call UncommonTrapBlob}
  0x000002666de72c34: c5f8 77e8 

  0x000002666de72c38: ; ImmutableOopMap {rbp=Oop [240]=Oop [248]=Oop [48]=Oop [56]=Oop [88]=NarrowOop [120]=Oop [128]=Oop [144]=Oop [152]=Oop [160]=Oop }
                      ;*if_acmpeq {reexecute=1 rethrow=0 return_oop=0}
                      ; - (reexecute) net.minecraft.client.renderer.LevelRenderer::renderLevel@967 (line 1201)
  0x000002666de72c38: c43c 55fe | ba76 ffff | ff4c 8974 | 2438 48ff | 7424 5848 | 8f44 2440 | 4c89 5c24 | 504c 894c 
  0x000002666de72c58: 2458 4489 | 4424 6090 

  0x000002666de72c60: ;   {runtime_call UncommonTrapBlob}
  0x000002666de72c60: c5f8 77e8 

  0x000002666de72c64: ; ImmutableOopMap {[240]=Oop [248]=Oop [32]=Oop [40]=Oop [56]=Oop [64]=Oop [80]=Oop [88]=Oop [96]=NarrowOop [112]=Oop }
                      ;*if_icmpge {reexecute=1 rethrow=0 return_oop=0}
                      ; - (reexecute) java.util.Arrays::fill@9 (line 3146)
                      ; - it.unimi.dsi.fastutil.longs.LongOpenHashSet::clear@23 (line 490)
                      ; - net.minecraft.world.level.lighting.LightEngine::runLightUpdates@34 (line 146)
                      ; - net.minecraft.world.level.lighting.LevelLightEngine::runLightUpdates@14 (line 48)
                      ; - net.minecraft.client.renderer.LevelRenderer::renderLevel@97 (line 1124)
  0x000002666de72c64: 983c 55fe | 418b fae9 | efbf ffff | ba76 ffff | ff4c 8b54 | 2458 4c89 | 5424 404c | 894c 2458 
  0x000002666de72c84: 895c 2454 

  0x000002666de72c88: ;   {runtime_call UncommonTrapBlob}
  0x000002666de72c88: c5f8 77e8 

  0x000002666de72c8c: ; ImmutableOopMap {[240]=Oop [248]=Oop [32]=Oop [40]=Oop [56]=Oop [64]=Oop [84]=NarrowOop [88]=Oop [112]=Oop }
                      ;*if_icmpge {reexecute=1 rethrow=0 return_oop=0}
                      ; - (reexecute) java.util.Arrays::fill@9 (line 3146)
                      ; - it.unimi.dsi.fastutil.longs.LongOpenHashSet::clear@23 (line 490)
                      ; - net.minecraft.world.level.lighting.LightEngine::runLightUpdates@34 (line 146)
                      ; - net.minecraft.world.level.lighting.LevelLightEngine::runLightUpdates@31 (line 52)
                      ; - net.minecraft.client.renderer.LevelRenderer::renderLevel@97 (line 1124)
  0x000002666de72c8c: 703c 55fe | 448b dbe9 | d4c0 ffff | babe ffff | ff48 89bc | 24f8 0000 | 004c 8944 | 2420 448b 
  0x000002666de72cac: 4424 3444 | 8944 242c | 4c89 4c24 | 384c 8b44 | 2458 4c89 | 4424 40c5 | fb10 4424 | 70c5 fb11 
  0x000002666de72ccc: 4424 48c5 | fb10 4424 | 78c5 fb11 | 4424 5044 | 895c 2460 | 4889 7424 | 684c 8954 | 2470 4889 
  0x000002666de72cec: 5c24 7890 

  0x000002666de72cf0: ;   {runtime_call UncommonTrapBlob}
  0x000002666de72cf0: c5f8 77e8 

  0x000002666de72cf4: ; ImmutableOopMap {[240]=Oop [248]=Oop [32]=Oop [56]=Oop [64]=Oop [96]=NarrowOop [104]=Oop [112]=Oop [120]=Oop [152]=Oop }
                      ;*if_icmpge {reexecute=1 rethrow=0 return_oop=0}
                      ; - (reexecute) net.minecraftforge.eventbus.EventBus::post@73 (line 312)
                      ; - net.minecraftforge.eventbus.EventBus::post@7 (line 296)
                      ; - net.minecraftforge.client.ForgeHooksClient::dispatchRenderStage@48 (line 288)
                      ; - net.minecraft.client.renderer.LevelRenderer::renderLevel@456 (line 1158)
  0x000002666de72cf4: 083c 55fe | baf6 ffff | ff48 8b6c | 2420 4c8b | 5424 284c | 8954 2420 | 448b 5424 | 3444 8954 
  0x000002666de72d14: 242c 4c89 | 7424 3090 

  0x000002666de72d1c: ;   {runtime_call UncommonTrapBlob}
  0x000002666de72d1c: c5f8 77e8 

  0x000002666de72d20: ; ImmutableOopMap {rbp=Oop [240]=Oop [248]=Oop [32]=Oop [48]=Oop [88]=Oop [112]=Oop }
                      ;*invokevirtual dequeueLong {reexecute=0 rethrow=0 return_oop=0}
                      ; - net.minecraft.world.level.lighting.LightEngine::propagateIncreases@16 (line 160)
                      ; - net.minecraft.world.level.lighting.LightEngine::runLightUpdates@59 (line 150)
                      ; - net.minecraft.world.level.lighting.LevelLightEngine::runLightUpdates@14 (line 48)
                      ; - net.minecraft.client.renderer.LevelRenderer::renderLevel@97 (line 1124)
  0x000002666de72d20: dc3b 55fe | baf6 ffff | ff4c 8b54 | 2428 4c89 | 5424 2044 | 8b5c 2434 | 4489 5c24 | 2c4c 8b54 
  0x000002666de72d40: 2438 4c89 | 5424 3090 

  0x000002666de72d48: ;   {runtime_call UncommonTrapBlob}
  0x000002666de72d48: c5f8 77e8 

  0x000002666de72d4c: ; ImmutableOopMap {rbp=Oop [240]=Oop [248]=Oop [32]=Oop [48]=Oop [88]=Oop [112]=Oop }
                      ;*invokevirtual dequeueLong {reexecute=0 rethrow=0 return_oop=0}
                      ; - net.minecraft.world.level.lighting.LightEngine::propagateIncreases@24 (line 161)
                      ; - net.minecraft.world.level.lighting.LightEngine::runLightUpdates@59 (line 150)
                      ; - net.minecraft.world.level.lighting.LevelLightEngine::runLightUpdates@14 (line 48)
                      ; - net.minecraft.client.renderer.LevelRenderer::renderLevel@97 (line 1124)
  0x000002666de72d4c: b03b 55fe | baf6 ffff | ff4c 8b54 | 2428 4c89 | 5424 2044 | 8b54 2434 | 4489 5424 | 2c4c 8b54 
  0x000002666de72d6c: 2438 4c89 | 5424 3090 

  0x000002666de72d74: ;   {runtime_call UncommonTrapBlob}
  0x000002666de72d74: c5f8 77e8 

  0x000002666de72d78: ; ImmutableOopMap {rbp=Oop [240]=Oop [248]=Oop [32]=Oop [48]=Oop [88]=Oop [112]=Oop }
                      ;*invokevirtual getStoredLevel {reexecute=0 rethrow=0 return_oop=0}
                      ; - net.minecraft.world.level.lighting.LightEngine::propagateIncreases@34 (line 162)
                      ; - net.minecraft.world.level.lighting.LightEngine::runLightUpdates@59 (line 150)
                      ; - net.minecraft.world.level.lighting.LevelLightEngine::runLightUpdates@14 (line 48)
                      ; - net.minecraft.client.renderer.LevelRenderer::renderLevel@97 (line 1124)
  0x000002666de72d78: 843b 55fe | baf6 ffff | ff48 8b6c | 2420 4c8b | 5424 284c | 8954 2420 | 448b 5424 | 3444 8954 
  0x000002666de72d98: 242c 4c8b | 5424 384c | 8954 2430 

  0x000002666de72da4: ;   {runtime_call UncommonTrapBlob}
  0x000002666de72da4: c5f8 77e8 

  0x000002666de72da8: ; ImmutableOopMap {rbp=Oop [240]=Oop [248]=Oop [32]=Oop [48]=Oop [88]=Oop [112]=Oop }
                      ;*invokevirtual dequeueLong {reexecute=0 rethrow=0 return_oop=0}
                      ; - net.minecraft.world.level.lighting.LightEngine::propagateIncreases@16 (line 160)
                      ; - net.minecraft.world.level.lighting.LightEngine::runLightUpdates@59 (line 150)
                      ; - net.minecraft.world.level.lighting.LevelLightEngine::runLightUpdates@31 (line 52)
                      ; - net.minecraft.client.renderer.LevelRenderer::renderLevel@97 (line 1124)
  0x000002666de72da8: 543b 55fe | baf6 ffff | ff48 8b6c | 2420 4c8b | 5424 284c | 8954 2420 | 448b 5c24 | 3444 895c 
  0x000002666de72dc8: 242c 4c8b | 5424 384c | 8954 2430 

  0x000002666de72dd4: ;   {runtime_call UncommonTrapBlob}
  0x000002666de72dd4: c5f8 77e8 

  0x000002666de72dd8: ; ImmutableOopMap {rbp=Oop [240]=Oop [248]=Oop [32]=Oop [48]=Oop [88]=Oop [112]=Oop }
                      ;*invokevirtual dequeueLong {reexecute=0 rethrow=0 return_oop=0}
                      ; - net.minecraft.world.level.lighting.LightEngine::propagateIncreases@24 (line 161)
                      ; - net.minecraft.world.level.lighting.LightEngine::runLightUpdates@59 (line 150)
                      ; - net.minecraft.world.level.lighting.LevelLightEngine::runLightUpdates@31 (line 52)
                      ; - net.minecraft.client.renderer.LevelRenderer::renderLevel@97 (line 1124)
  0x000002666de72dd8: 243b 55fe | baf6 ffff | ff48 8b6c | 2420 4c8b | 5424 284c | 8954 2420 | 448b 5424 | 3444 8954 
  0x000002666de72df8: 242c 4c8b | 5424 384c | 8954 2430 

  0x000002666de72e04: ;   {runtime_call UncommonTrapBlob}
  0x000002666de72e04: c5f8 77e8 

  0x000002666de72e08: ; ImmutableOopMap {rbp=Oop [240]=Oop [248]=Oop [32]=Oop [48]=Oop [88]=Oop [112]=Oop }
                      ;*invokevirtual getStoredLevel {reexecute=0 rethrow=0 return_oop=0}
                      ; - net.minecraft.world.level.lighting.LightEngine::propagateIncreases@34 (line 162)
                      ; - net.minecraft.world.level.lighting.LightEngine::runLightUpdates@59 (line 150)
                      ; - net.minecraft.world.level.lighting.LevelLightEngine::runLightUpdates@31 (line 52)
                      ; - net.minecraft.client.renderer.LevelRenderer::renderLevel@97 (line 1124)
  0x000002666de72e08: f43a 55fe | baf6 ffff | ff48 8b6c | 2420 4c8b | 5424 284c | 8954 2420 | 448b 5424 | 3444 8954 
  0x000002666de72e28: 242c 4c89 | 7424 3090 

  0x000002666de72e30: ;   {runtime_call UncommonTrapBlob}
  0x000002666de72e30: c5f8 77e8 

  0x000002666de72e34: ; ImmutableOopMap {rbp=Oop [240]=Oop [248]=Oop [32]=Oop [48]=Oop [88]=Oop [112]=Oop }
                      ;*invokevirtual dequeueLong {reexecute=0 rethrow=0 return_oop=0}
                      ; - net.minecraft.world.level.lighting.LightEngine::propagateDecreases@16 (line 180)
                      ; - net.minecraft.world.level.lighting.LightEngine::runLightUpdates@52 (line 149)
                      ; - net.minecraft.world.level.lighting.LevelLightEngine::runLightUpdates@14 (line 48)
                      ; - net.minecraft.client.renderer.LevelRenderer::renderLevel@97 (line 1124)
  0x000002666de72e34: c83a 55fe | baf6 ffff | ff4c 8b54 | 2428 4c89 | 5424 2044 | 8b5c 2434 | 4489 5c24 | 2c4c 8b54 
  0x000002666de72e54: 2438 4c89 | 5424 3090 

  0x000002666de72e5c: ;   {runtime_call UncommonTrapBlob}
  0x000002666de72e5c: c5f8 77e8 

  0x000002666de72e60: ; ImmutableOopMap {rbp=Oop [240]=Oop [248]=Oop [32]=Oop [48]=Oop [88]=Oop [112]=Oop }
                      ;*invokevirtual dequeueLong {reexecute=0 rethrow=0 return_oop=0}
                      ; - net.minecraft.world.level.lighting.LightEngine::propagateDecreases@24 (line 181)
                      ; - net.minecraft.world.level.lighting.LightEngine::runLightUpdates@52 (line 149)
                      ; - net.minecraft.world.level.lighting.LevelLightEngine::runLightUpdates@14 (line 48)
                      ; - net.minecraft.client.renderer.LevelRenderer::renderLevel@97 (line 1124)
  0x000002666de72e60: 9c3a 55fe | baf6 ffff | ff48 8b6c | 2420 4c8b | 5424 284c | 8954 2420 | 448b 5424 | 3444 8954 
  0x000002666de72e80: 242c 4c8b | 5424 384c | 8954 2430 

  0x000002666de72e8c: ;   {runtime_call UncommonTrapBlob}
  0x000002666de72e8c: c5f8 77e8 

  0x000002666de72e90: ; ImmutableOopMap {rbp=Oop [240]=Oop [248]=Oop [32]=Oop [48]=Oop [88]=Oop [112]=Oop }
                      ;*invokevirtual dequeueLong {reexecute=0 rethrow=0 return_oop=0}
                      ; - net.minecraft.world.level.lighting.LightEngine::propagateDecreases@16 (line 180)
                      ; - net.minecraft.world.level.lighting.LightEngine::runLightUpdates@52 (line 149)
                      ; - net.minecraft.world.level.lighting.LevelLightEngine::runLightUpdates@31 (line 52)
                      ; - net.minecraft.client.renderer.LevelRenderer::renderLevel@97 (line 1124)
  0x000002666de72e90: 6c3a 55fe | baf6 ffff | ff48 8b6c | 2420 4c8b | 5424 284c | 8954 2420 | 448b 5c24 | 3444 895c 
  0x000002666de72eb0: 242c 4c8b | 5424 384c | 8954 2430 

  0x000002666de72ebc: ;   {runtime_call UncommonTrapBlob}
  0x000002666de72ebc: c5f8 77e8 

  0x000002666de72ec0: ; ImmutableOopMap {rbp=Oop [240]=Oop [248]=Oop [32]=Oop [48]=Oop [88]=Oop [112]=Oop }
                      ;*invokevirtual dequeueLong {reexecute=0 rethrow=0 return_oop=0}
                      ; - net.minecraft.world.level.lighting.LightEngine::propagateDecreases@24 (line 181)
                      ; - net.minecraft.world.level.lighting.LightEngine::runLightUpdates@52 (line 149)
                      ; - net.minecraft.world.level.lighting.LevelLightEngine::runLightUpdates@31 (line 52)
                      ; - net.minecraft.client.renderer.LevelRenderer::renderLevel@97 (line 1124)
  0x000002666de72ec0: 3c3a 55fe | 85db 400f | 95c5 400f | b6ed 83f5 | 01ba 76ff | ffff 4c89 | 7424 3848 | ff74 2458 
  0x000002666de72ee0: 488f 4424 | 404c 895c | 2450 4c89 | 4c24 6090 

  0x000002666de72ef0: ;   {runtime_call UncommonTrapBlob}
  0x000002666de72ef0: c5f8 77e8 

  0x000002666de72ef4: ; ImmutableOopMap {[240]=Oop [248]=Oop [32]=Oop [40]=Oop [56]=Oop [64]=Oop [80]=Oop [96]=Oop [112]=Oop }
                      ;*ifne {reexecute=1 rethrow=0 return_oop=0}
                      ; - (reexecute) net.minecraft.world.level.lighting.LightEngine::propagateDecreases@9 (line 179)
                      ; - net.minecraft.world.level.lighting.LightEngine::runLightUpdates@52 (line 149)
                      ; - net.minecraft.world.level.lighting.LevelLightEngine::runLightUpdates@14 (line 48)
                      ; - net.minecraft.client.renderer.LevelRenderer::renderLevel@97 (line 1124)
  0x000002666de72ef4: 083a 55fe | 4585 db40 | 0f95 c540 | 0fb6 ed83 | f501 ba76 | ffff ff4c | 8b54 2458 | 4c89 5424 
  0x000002666de72f14: 4044 8b5c | 2460 4489 | 5c24 504c | 894c 2460 

  0x000002666de72f24: ;   {runtime_call UncommonTrapBlob}
  0x000002666de72f24: c5f8 77e8 

  0x000002666de72f28: ; ImmutableOopMap {[240]=Oop [248]=Oop [32]=Oop [40]=Oop [56]=Oop [64]=Oop [96]=Oop [112]=Oop }
                      ;*ifne {reexecute=1 rethrow=0 return_oop=0}
                      ; - (reexecute) net.minecraft.world.level.lighting.LightEngine::propagateDecreases@9 (line 179)
                      ; - net.minecraft.world.level.lighting.LightEngine::runLightUpdates@52 (line 149)
                      ; - net.minecraft.world.level.lighting.LevelLightEngine::runLightUpdates@31 (line 52)
                      ; - net.minecraft.client.renderer.LevelRenderer::renderLevel@97 (line 1124)
  0x000002666de72f28: d439 55fe | 85c9 400f | 95c5 400f | b6ed ba76 | ffff ff4c | 8974 2438 | 48ff 7424 | 5848 8f44 
  0x000002666de72f48: 2440 4c89 | 5c24 5044 | 8954 2458 | 4c89 4424 | 6066 6690 

  0x000002666de72f5c: ;   {runtime_call UncommonTrapBlob}
  0x000002666de72f5c: c5f8 77e8 

  0x000002666de72f60: ; ImmutableOopMap {[240]=Oop [248]=Oop [32]=Oop [40]=Oop [56]=Oop [64]=Oop [80]=Oop [88]=NarrowOop [96]=Oop [112]=Oop }
                      ;*ifeq {reexecute=1 rethrow=0 return_oop=0}
                      ; - (reexecute) net.minecraft.world.level.lighting.LightEngine::runLightUpdates@14 (line 142)
                      ; - net.minecraft.world.level.lighting.LevelLightEngine::runLightUpdates@14 (line 48)
                      ; - net.minecraft.client.renderer.LevelRenderer::renderLevel@97 (line 1124)
  0x000002666de72f60: 9c39 55fe | 85c9 400f | 95c5 400f | b6ed ba76 | ffff ff4c | 8b5c 2458 | 4c89 5c24 | 4044 8954 
  0x000002666de72f80: 2454 4c89 | 4424 5890 

  0x000002666de72f88: ;   {runtime_call UncommonTrapBlob}
  0x000002666de72f88: c5f8 77e8 

  0x000002666de72f8c: ; ImmutableOopMap {[240]=Oop [248]=Oop [32]=Oop [40]=Oop [56]=Oop [64]=Oop [84]=NarrowOop [88]=Oop [112]=Oop }
                      ;*ifeq {reexecute=1 rethrow=0 return_oop=0}
                      ; - (reexecute) net.minecraft.world.level.lighting.LightEngine::runLightUpdates@14 (line 142)
                      ; - net.minecraft.world.level.lighting.LevelLightEngine::runLightUpdates@31 (line 52)
                      ; - net.minecraft.client.renderer.LevelRenderer::renderLevel@97 (line 1124)
  0x000002666de72f8c: 7039 55fe | ba66 ffff | ff4c 8b54 | 2428 4c89 | 5424 2044 | 8b5c 2434 | 4489 5c24 | 2c4c 8b54 
  0x000002666de72fac: 2438 4c89 | 5424 304c | 8b54 2458 | 4c89 5424 | 384c 8b54 | 2470 4c89 | 5424 404c | 8b54 2460 
  0x000002666de72fcc: 4c89 5424 | 504c 8b94 | 24b0 0000 | 004c 8954 | 2458 448b | 5c24 7c44 | 895c 2460 | 448b 9424 
  0x000002666de72fec: 8000 0000 | 4489 5424 | 6489 9c24 | 8000 0000 

  0x000002666de72ffc: ;   {runtime_call UncommonTrapBlob}
  0x000002666de72ffc: c5f8 77e8 

  0x000002666de73000: ; ImmutableOopMap {rbp=Oop [240]=Oop [248]=Oop [32]=Oop [48]=Oop [56]=Oop [64]=Oop [80]=Oop [88]=Oop }
                      ;*invokevirtual propagateIncrease {reexecute=0 rethrow=0 return_oop=0}
                      ; - net.minecraft.world.level.lighting.LightEngine::propagateIncreases@88 (line 170)
                      ; - net.minecraft.world.level.lighting.LightEngine::runLightUpdates@59 (line 150)
                      ; - net.minecraft.world.level.lighting.LevelLightEngine::runLightUpdates@14 (line 48)
                      ; - net.minecraft.client.renderer.LevelRenderer::renderLevel@97 (line 1124)
  0x000002666de73000: fc38 55fe | ba66 ffff | ff48 8b6c | 2420 4c8b | 5424 284c | 8954 2420 | 448b 5c24 | 3444 895c 
  0x000002666de73020: 242c 4c8b | 5424 384c | 8954 2430 | 4c8b 5424 | 584c 8954 | 2438 4c8b | 5424 704c | 8954 2440 
  0x000002666de73040: 448b 5424 | 6044 8954 | 2448 448b | 5c24 6444 | 895c 244c | 448b 5424 | 6844 8954 | 2460 4c8b 
  0x000002666de73060: 5424 784c | 8954 2470 | 895c 2464 

  0x000002666de7306c: ;   {runtime_call UncommonTrapBlob}
  0x000002666de7306c: c5f8 77e8 

  0x000002666de73070: ; ImmutableOopMap {rbp=Oop [240]=Oop [248]=Oop [32]=Oop [48]=Oop [56]=Oop [64]=Oop [80]=Oop }
                      ;*invokevirtual propagateIncrease {reexecute=0 rethrow=0 return_oop=0}
                      ; - net.minecraft.world.level.lighting.LightEngine::propagateIncreases@88 (line 170)
                      ; - net.minecraft.world.level.lighting.LightEngine::runLightUpdates@59 (line 150)
                      ; - net.minecraft.world.level.lighting.LevelLightEngine::runLightUpdates@31 (line 52)
                      ; - net.minecraft.client.renderer.LevelRenderer::renderLevel@97 (line 1124)
  0x000002666de73070: 8c38 55fe | baf6 ffff | ff4c 8b54 | 2428 4c89 | 5424 2044 | 8b5c 2434 | 4489 5c24 | 2c4c 8b54 
  0x000002666de73090: 2438 4c89 | 5424 3090 

  0x000002666de73098: ;   {runtime_call UncommonTrapBlob}
  0x000002666de73098: c5f8 77e8 

  0x000002666de7309c: ; ImmutableOopMap {rbp=Oop [240]=Oop [248]=Oop [32]=Oop [48]=Oop [88]=Oop [112]=Oop }
                      ;*invokevirtual setStoredLevel {reexecute=0 rethrow=0 return_oop=0}
                      ; - net.minecraft.world.level.lighting.LightEngine::propagateIncreases@68 (line 165)
                      ; - net.minecraft.world.level.lighting.LightEngine::runLightUpdates@59 (line 150)
                      ; - net.minecraft.world.level.lighting.LevelLightEngine::runLightUpdates@14 (line 48)
                      ; - net.minecraft.client.renderer.LevelRenderer::renderLevel@97 (line 1124)
  0x000002666de7309c: 6038 55fe | baf6 ffff | ff48 8b6c | 2420 4c8b | 5424 284c | 8954 2420 | 448b 5424 | 3444 8954 
  0x000002666de730bc: 242c 4c8b | 5424 384c | 8954 2430 

  0x000002666de730c8: ;   {runtime_call UncommonTrapBlob}
  0x000002666de730c8: c5f8 77e8 

  0x000002666de730cc: ; ImmutableOopMap {rbp=Oop [240]=Oop [248]=Oop [32]=Oop [48]=Oop [88]=Oop [112]=Oop }
                      ;*invokevirtual setStoredLevel {reexecute=0 rethrow=0 return_oop=0}
                      ; - net.minecraft.world.level.lighting.LightEngine::propagateIncreases@68 (line 165)
                      ; - net.minecraft.world.level.lighting.LightEngine::runLightUpdates@59 (line 150)
                      ; - net.minecraft.world.level.lighting.LevelLightEngine::runLightUpdates@31 (line 52)
                      ; - net.minecraft.client.renderer.LevelRenderer::renderLevel@97 (line 1124)
  0x000002666de730cc: 3038 55fe | ba45 ffff | ff4c 8b54 | 2420 4c89 | 9424 f800 | 0000 4c8b | 5424 604c | 8954 2420 
  0x000002666de730ec: 448b 5424 | 3444 8954 | 242c 4c8b | 5424 584c | 8954 2440 | 8944 2464 

  0x000002666de73104: ;   {runtime_call UncommonTrapBlob}
  0x000002666de73104: c5f8 77e8 

  0x000002666de73108: ; ImmutableOopMap {[240]=Oop [248]=Oop [32]=Oop [56]=Oop [64]=Oop [104]=NarrowOop [152]=Oop }
                      ;*ifne {reexecute=1 rethrow=0 return_oop=0}
                      ; - (reexecute) com.mojang.blaze3d.systems.RenderSystem::assertOnRenderThreadOrInit@3 (line 143)
                      ; - com.mojang.blaze3d.platform.GlStateManager::_bindTexture@0 (line 563)
                      ; - net.minecraft.client.renderer.texture.AbstractTexture::bind@22 (line 86)
                      ; - net.minecraft.client.renderer.texture.AbstractTexture::setFilter@59 (line 34)
                      ; - net.minecraft.client.renderer.texture.AbstractTexture::setBlurMipmap@19 (line 46)
                      ; - net.minecraft.client.renderer.LevelRenderer::renderLevel@601 (line 1167)
  0x000002666de73108: f437 55fe | ba45 ffff | ff4c 8b54 | 2420 4c89 | 9424 f800 | 0000 4c8b | 5424 604c | 8954 2420 
  0x000002666de73128: 448b 5424 | 3444 8954 | 242c 4c8b | 5424 584c | 8954 2440 | 448b 5c24 | 6844 895c | 2460 8944 
  0x000002666de73148: 2464 4c89 | 4424 6890 

  0x000002666de73150: ;   {runtime_call UncommonTrapBlob}
  0x000002666de73150: c5f8 77e8 

  0x000002666de73154: ; ImmutableOopMap {rbp=NarrowOop [240]=Oop [248]=Oop [32]=Oop [56]=Oop [64]=Oop [96]=NarrowOop [104]=Oop [152]=Oop }
                      ;*if_acmpne {reexecute=1 rethrow=0 return_oop=0}
                      ; - (reexecute) com.mojang.blaze3d.systems.RenderSystem::isOnRenderThread@6 (line 110)
                      ; - com.mojang.blaze3d.systems.RenderSystem::assertOnRenderThreadOrInit@6 (line 143)
                      ; - com.mojang.blaze3d.platform.GlStateManager::_bindTexture@0 (line 563)
                      ; - net.minecraft.client.renderer.texture.AbstractTexture::bind@22 (line 86)
                      ; - net.minecraft.client.renderer.texture.AbstractTexture::setFilter@59 (line 34)
                      ; - net.minecraft.client.renderer.texture.AbstractTexture::setBlurMipmap@19 (line 46)
                      ; - net.minecraft.client.renderer.LevelRenderer::renderLevel@601 (line 1167)
  0x000002666de73154: a837 55fe | ba45 ffff | ff4c 8b54 | 2420 4c89 | 9424 f800 | 0000 4c8b | 5424 604c | 8954 2420 
  0x000002666de73174: 448b 5424 | 3444 8954 | 242c 4c8b | 5424 584c | 8954 2440 | 448b 5c24 | 6844 895c | 2460 8944 
  0x000002666de73194: 2468 6690 

  0x000002666de73198: ;   {runtime_call UncommonTrapBlob}
  0x000002666de73198: c5f8 77e8 

  0x000002666de7319c: ; ImmutableOopMap {[240]=Oop [248]=Oop [32]=Oop [56]=Oop [64]=Oop [96]=NarrowOop [152]=Oop }
                      ;*ifne {reexecute=1 rethrow=0 return_oop=0}
                      ; - (reexecute) com.mojang.blaze3d.systems.RenderSystem::assertOnRenderThreadOrInit@3 (line 143)
                      ; - com.mojang.blaze3d.platform.GlStateManager::_bindTexture@0 (line 563)
                      ; - net.minecraft.client.renderer.texture.AbstractTexture::bind@22 (line 86)
                      ; - net.minecraft.client.renderer.texture.AbstractTexture::setFilter@59 (line 34)
                      ; - net.minecraft.client.renderer.texture.AbstractTexture::restoreLastBlurMipmap@9 (line 50)
                      ; - net.minecraft.client.renderer.LevelRenderer::renderLevel@633 (line 1169)
  0x000002666de7319c: 6037 55fe | ba45 ffff | ff4c 8b54 | 2420 4c89 | 9424 f800 | 0000 4c8b | 5424 604c | 8954 2420 
  0x000002666de731bc: 448b 5424 | 3444 8954 | 242c 4c8b | 5424 584c | 8954 2440 | c5fb 1044 | 2470 c5fb | 1144 2448 
  0x000002666de731dc: 448b 5424 | 6844 8954 | 2460 8944 | 2468 6690 

  0x000002666de731ec: ;   {runtime_call UncommonTrapBlob}
  0x000002666de731ec: c5f8 77e8 

  0x000002666de731f0: ; ImmutableOopMap {rbp=NarrowOop [240]=Oop [248]=Oop [32]=Oop [56]=Oop [64]=Oop [96]=NarrowOop [152]=Oop [176]=Oop }
                      ;*if_acmpne {reexecute=1 rethrow=0 return_oop=0}
                      ; - (reexecute) com.mojang.blaze3d.systems.RenderSystem::isOnRenderThread@6 (line 110)
                      ; - com.mojang.blaze3d.systems.RenderSystem::assertOnRenderThreadOrInit@6 (line 143)
                      ; - com.mojang.blaze3d.platform.GlStateManager::_bindTexture@0 (line 563)
                      ; - net.minecraft.client.renderer.texture.AbstractTexture::bind@22 (line 86)
                      ; - net.minecraft.client.renderer.texture.AbstractTexture::setFilter@59 (line 34)
                      ; - net.minecraft.client.renderer.texture.AbstractTexture::restoreLastBlurMipmap@9 (line 50)
                      ; - net.minecraft.client.renderer.LevelRenderer::renderLevel@633 (line 1169)
  0x000002666de731f0: 0c37 55fe | bae4 ffff | ff48 8bef | 4c89 8424 | f800 0000 | 8b7c 2434 | 897c 2424 | 4c89 4c24 
  0x000002666de73210: 304c 8b44 | 2458 4c89 | 4424 38c5 | fb10 4424 | 70c5 fb11 | 4424 40c5 | fb10 4424 | 78c5 fb11 
  0x000002666de73230: 4424 48c5 | fb10 8424 | 8000 0000 | c5fb 1144 | 2450 4489 | 5c24 5848 | 8974 2460 | 4c89 5424 
  0x000002666de73250: 6848 899c | 2480 0000 | 0089 4c24 | 7c66 6690 

  0x000002666de73260: ;   {runtime_call UncommonTrapBlob}
  0x000002666de73260: c5f8 77e8 

  0x000002666de73264: ; ImmutableOopMap {rbp=Oop [240]=Oop [248]=Oop [48]=Oop [56]=Oop [88]=NarrowOop [96]=Oop [104]=Oop [128]=Oop [152]=Oop }
                      ;*aaload {reexecute=0 rethrow=0 return_oop=0}
                      ; - net.minecraftforge.eventbus.EventBus::post@86 (line 314)
                      ; - net.minecraftforge.eventbus.EventBus::post@7 (line 296)
                      ; - net.minecraftforge.client.ForgeHooksClient::dispatchRenderStage@48 (line 288)
                      ; - net.minecraft.client.renderer.LevelRenderer::renderLevel@456 (line 1158)
  0x000002666de73264: 9836 55fe | bade ffff | ff4c 8974 | 2438 6690 

  0x000002666de73274: ;   {runtime_call UncommonTrapBlob}
  0x000002666de73274: c5f8 77e8 

  0x000002666de73278: ; ImmutableOopMap {rbp=NarrowOop [240]=Oop [248]=Oop [32]=Oop [40]=Oop [56]=Oop [112]=Oop }
                      ;*checkcast {reexecute=0 rethrow=0 return_oop=0}
                      ; - net.minecraft.world.level.Level::getProfiler@9 (line 924)
                      ; - net.minecraft.client.renderer.LevelRenderer::renderLevel@55 (line 1120)
  0x000002666de73278: 8436 55fe | bade ffff | ff48 8b6c | 2420 4c89 | 5c24 2044 | 8b5c 2434 | 4489 5c24 | 2c48 895c 
  0x000002666de73298: 2430 4c8b | 5424 584c | 8954 2438 | c5fb 1154 | 2440 c5fb | 1164 2448 | c5fb 115c | 2450 4489 
  0x000002666de732b8: 4424 6044 | 894c 2464 

  0x000002666de732c0: ;   {runtime_call UncommonTrapBlob}
  0x000002666de732c0: c5f8 77e8 

  0x000002666de732c4: ; ImmutableOopMap {rbp=Oop [240]=Oop [248]=Oop [32]=Oop [48]=Oop [56]=Oop [96]=NarrowOop [100]=NarrowOop [112]=Oop }
                      ;*checkcast {reexecute=0 rethrow=0 return_oop=0}
                      ; - com.mojang.blaze3d.vertex.PoseStack::last@9 (line 70)
                      ; - net.minecraft.client.renderer.LevelRenderer::renderLevel@130 (line 1129)
  0x000002666de732c4: 3836 55fe | bade ffff | ffc5 fa10 | 8424 8800 | 0000 4c8b | 5424 584c | 8954 2440 | c5fb 1154 
  0x000002666de732e4: 2448 c5fb | 1164 2450 | c5fb 115c | 2458 4489 | 4c24 60c5 | fa11 4424 | 6444 8944 | 2478 897c 
  0x000002666de73304: 247c 6690 

  0x000002666de73308: ;   {runtime_call UncommonTrapBlob}
  0x000002666de73308: c5f8 77e8 

  0x000002666de7330c: ; ImmutableOopMap {rbp=NarrowOop [240]=Oop [248]=Oop [32]=Oop [40]=Oop [56]=Oop [64]=Oop [96]=NarrowOop [112]=Oop [120]=NarrowOop [124]=NarrowOop }
                      ;*checkcast {reexecute=0 rethrow=0 return_oop=0}
                      ; - net.minecraft.client.Options::getEffectiveRenderDistance@14 (line 1336)
                      ; - net.minecraft.client.renderer.LevelRenderer::renderLevel@306 (line 1147)
  0x000002666de7330c: f035 55fe | bade ffff | ff48 898c | 24f8 0000 | 004c 8b54 | 2460 4c89 | 5424 2044 | 8b54 2434 
  0x000002666de7332c: 4489 5424 | 2c4c 8b54 | 2458 4c89 | 5424 4090 

  0x000002666de7333c: ;   {runtime_call UncommonTrapBlob}
  0x000002666de7333c: c5f8 77e8 

  0x000002666de73340: ; ImmutableOopMap {rbp=NarrowOop [240]=Oop [248]=Oop [32]=Oop [56]=Oop [64]=Oop [104]=NarrowOop [152]=Oop }
                      ;*checkcast {reexecute=0 rethrow=0 return_oop=0}
                      ; - net.minecraft.client.resources.model.AtlasSet::getAtlas@10 (line 30)
                      ; - net.minecraft.client.resources.model.ModelManager::getAtlas@23 (line 232)
                      ; - net.minecraft.client.renderer.LevelRenderer::renderLevel@570 (line 1167)
  0x000002666de73340: bc35 55fe | bade ffff | ff48 898c | 24f8 0000 | 004c 8b54 | 2460 4c89 | 5424 2044 | 8b54 2434 
  0x000002666de73360: 4489 5424 | 2c4c 8b54 | 2458 4c89 | 5424 4044 | 895c 2464 

  0x000002666de73374: ;   {runtime_call UncommonTrapBlob}
  0x000002666de73374: c5f8 77e8 

  0x000002666de73378: ; ImmutableOopMap {rbp=NarrowOop [240]=Oop [248]=Oop [32]=Oop [56]=Oop [64]=Oop [100]=NarrowOop [104]=NarrowOop [152]=Oop }
                      ;*checkcast {reexecute=0 rethrow=0 return_oop=0}
                      ; - net.minecraft.client.renderer.LevelRenderer::renderLevel@587 (line 1167)
  0x000002666de73378: 8435 55fe | bade ffff | ff4c 8b54 | 2420 4c89 | 9424 f800 | 0000 4c8b | 5424 604c | 8954 2420 
  0x000002666de73398: 448b 5424 | 3444 8954 | 242c 4c8b | 5424 584c | 8954 2440 

  0x000002666de733ac: ;   {runtime_call UncommonTrapBlob}
  0x000002666de733ac: c5f8 77e8 

  0x000002666de733b0: ; ImmutableOopMap {rbp=NarrowOop [240]=Oop [248]=Oop [32]=Oop [56]=Oop [64]=Oop [104]=NarrowOop [152]=Oop }
                      ;*checkcast {reexecute=0 rethrow=0 return_oop=0}
                      ; - net.minecraft.client.resources.model.AtlasSet::getAtlas@10 (line 30)
                      ; - net.minecraft.client.resources.model.ModelManager::getAtlas@23 (line 232)
                      ; - net.minecraft.client.renderer.LevelRenderer::renderLevel@630 (line 1169)
  0x000002666de733b0: 4c35 55fe | bade ffff | ff48 89bc | 24f8 0000 | 004c 8944 | 2420 448b | 4424 3444 | 8944 242c 
  0x000002666de733d0: 4c89 4c24 | 384c 8b44 | 2458 4c89 | 4424 40c5 | fb10 4424 | 70c5 fb11 | 4424 4844 | 895c 2460 
  0x000002666de733f0: 4889 7424 | 684c 8954 | 2470 6690 

  0x000002666de733fc: ;   {runtime_call UncommonTrapBlob}
  0x000002666de733fc: c5f8 77e8 

  0x000002666de73400: ; ImmutableOopMap {rbp=NarrowOop [240]=Oop [248]=Oop [32]=Oop [56]=Oop [64]=Oop [96]=NarrowOop [104]=Oop [112]=Oop [152]=Oop }
                      ;*checkcast {reexecute=0 rethrow=0 return_oop=0}
                      ; - net.minecraftforge.eventbus.ListenerList$ListenerListInst::getListeners@18 (line 218)
                      ; - net.minecraftforge.eventbus.ListenerList::getListeners@6 (line 123)
                      ; - net.minecraftforge.eventbus.EventBus::post@62 (line 308)
                      ; - net.minecraftforge.eventbus.EventBus::post@7 (line 296)
                      ; - net.minecraftforge.client.ForgeHooksClient::dispatchRenderStage@48 (line 288)
                      ; - net.minecraft.client.renderer.LevelRenderer::renderLevel@456 (line 1158)
  0x000002666de73400: fc34 55fe | bade ffff | ff48 8b6c | 2420 4c8b | 5424 604c | 8994 24f8 | 0000 0044 | 8b5c 2434 
  0x000002666de73420: 4489 5c24 | 244c 8b54 | 2438 4c89 | 5424 304c | 8b54 2458 | 4c89 5424 | 38c5 fb10 | 4424 70c5 
  0x000002666de73440: fb11 4424 | 4044 8b54 | 2468 4489 | 5424 5848 | 8944 2470 

  0x000002666de73454: ;   {runtime_call UncommonTrapBlob}
  0x000002666de73454: c5f8 77e8 

  0x000002666de73458: ; ImmutableOopMap {rbp=Oop [240]=Oop [248]=Oop [48]=Oop [56]=Oop [88]=NarrowOop [112]=Oop [144]=Oop [152]=Oop [160]=Oop }
                      ;*checkcast {reexecute=0 rethrow=0 return_oop=0}
                      ; - net.minecraft.client.renderer.LevelRenderer::renderLevel@1267 (line 1237)
  0x000002666de73458: a434 55fe | bade ffff | ff48 8b6c | 2420 4c8b | 5424 604c | 8994 24f8 | 0000 0044 | 8b54 2434 
  0x000002666de73478: 4489 5424 | 244c 8b54 | 2438 4c89 | 5424 304c | 8b54 2458 | 4c89 5424 | 38c5 fb10 | 4424 70c5 
  0x000002666de73498: fb11 4424 | 40c5 fb10 | 4424 78c5 | fb11 4424 | 4844 8b5c | 2468 4489 | 5c24 5848 | 8944 2478 
  0x000002666de734b8: ;   {runtime_call UncommonTrapBlob}
  0x000002666de734b8: c5f8 77e8 

  0x000002666de734bc: ; ImmutableOopMap {rbp=Oop [240]=Oop [248]=Oop [48]=Oop [56]=Oop [88]=NarrowOop [120]=Oop [144]=Oop [152]=Oop [160]=Oop [168]=Oop }
                      ;*instanceof {reexecute=0 rethrow=0 return_oop=0}
                      ; - net.minecraft.client.renderer.LevelRenderer::renderLevel@932 (line 1201)
  0x000002666de734bc: 4034 55fe | bade ffff | ff48 8b6c | 2420 4c8b | 5424 604c | 8994 24f8 | 0000 0044 | 8b54 2434 
  0x000002666de734dc: 4489 5424 | 244c 8b54 | 2438 4c89 | 5424 304c | 8b54 2458 | 4c89 5424 | 38c5 fb10 | 4424 70c5 
  0x000002666de734fc: fb11 4424 | 40c5 fb10 | 4424 78c5 | fb11 4424 | 4844 8b5c | 2468 4489 | 5c24 5848 | 8944 2478 
  0x000002666de7351c: ;   {runtime_call UncommonTrapBlob}
  0x000002666de7351c: c5f8 77e8 

  0x000002666de73520: ; ImmutableOopMap {rbp=Oop [240]=Oop [248]=Oop [48]=Oop [56]=Oop [88]=NarrowOop [120]=Oop [144]=Oop [152]=Oop [160]=Oop [168]=Oop }
                      ;*checkcast {reexecute=0 rethrow=0 return_oop=0}
                      ; - net.minecraft.client.renderer.LevelRenderer::renderLevel@943 (line 1201)
  0x000002666de73520: dc33 55fe | baf4 ffff | ff48 8b6c | 2420 4c8b | 5424 604c | 8994 24f8 | 0000 0044 | 8b5c 2434 
  0x000002666de73540: 4489 5c24 | 244c 8b54 | 2438 4c89 | 5424 304c | 8b54 2458 | 4c89 5424 | 3844 8b54 | 2468 4489 
  0x000002666de73560: 5424 5890 

  0x000002666de73564: ;   {runtime_call UncommonTrapBlob}
  0x000002666de73564: c5f8 77e8 

  0x000002666de73568: ; ImmutableOopMap {rbp=Oop [240]=Oop [248]=Oop [48]=Oop [56]=Oop [88]=NarrowOop [144]=Oop [152]=Oop [160]=Oop }
                      ;*checkcast {reexecute=0 rethrow=0 return_oop=0}
                      ; - net.minecraft.client.renderer.LevelRenderer::renderLevel@1267 (line 1237)
  0x000002666de73568: 9433 55fe | baf6 ffff | ff48 8b6c | 2420 4c8b | 5424 604c | 8994 24f8 | 0000 0044 | 8b5c 2434 
  0x000002666de73588: 4489 5c24 | 244c 8b54 | 2438 4c89 | 5424 304c | 8b54 2458 | 4c89 5424 | 3844 8b54 | 2468 4489 
  0x000002666de735a8: 5424 5890 

  0x000002666de735ac: ;   {runtime_call UncommonTrapBlob}
  0x000002666de735ac: c5f8 77e8 

  0x000002666de735b0: ; ImmutableOopMap {rbp=Oop [240]=Oop [248]=Oop [48]=Oop [56]=Oop [88]=NarrowOop [144]=Oop [152]=Oop [160]=Oop }
                      ;*invokeinterface isEmpty {reexecute=0 rethrow=0 return_oop=0}
                      ; - net.minecraft.client.renderer.LevelRenderer::renderLevel@1287 (line 1239)
  0x000002666de735b0: 4c33 55fe | baf6 ffff | ff48 8b6c | 2420 4c8b | 5424 284c | 8954 2420 | 448b 5424 | 3444 8954 
  0x000002666de735d0: 242c 4c89 | 7424 3090 

  0x000002666de735d8: ;   {runtime_call UncommonTrapBlob}
  0x000002666de735d8: c5f8 77e8 

  0x000002666de735dc: ; ImmutableOopMap {rbp=Oop [240]=Oop [248]=Oop [32]=Oop [48]=Oop [88]=Oop [112]=Oop }
                      ;*invokeinterface poll {reexecute=0 rethrow=0 return_oop=0}
                      ; - net.minecraft.client.multiplayer.ClientLevel::pollLightUpdates@42 (line 194)
                      ; - net.minecraft.client.renderer.LevelRenderer::renderLevel@74 (line 1122)
  0x000002666de735dc: 2033 55fe | baf6 ffff | ff48 8b6c | 2420 4c8b | 5424 284c | 8954 2420 | 448b 5c24 | 3444 895c 
  0x000002666de735fc: 242c 4c89 | 7424 3089 | 7424 4890 

  0x000002666de73608: ;   {runtime_call UncommonTrapBlob}
  0x000002666de73608: c5f8 77e8 

  0x000002666de7360c: ; ImmutableOopMap {rbp=Oop [240]=Oop [248]=Oop [32]=Oop [48]=Oop [88]=Oop [112]=Oop }
                      ;*aaload {reexecute=0 rethrow=0 return_oop=0}
                      ; - java.util.ArrayDeque::elementAt@2 (line 259)
                      ; - java.util.ArrayDeque::pollFirst@12 (line 379)
                      ; - java.util.ArrayDeque::poll@1 (line 537)
                      ; - net.minecraft.client.multiplayer.ClientLevel::pollLightUpdates@42 (line 194)
                      ; - net.minecraft.client.renderer.LevelRenderer::renderLevel@74 (line 1122)
  0x000002666de7360c: f032 55fe | baf4 ffff | ff48 8b6c | 2420 4c8b | 5424 604c | 8994 24f8 | 0000 0044 | 8b54 2434 
  0x000002666de7362c: 4489 5424 | 244c 8b54 | 2438 4c89 | 5424 304c | 8b54 2458 | 4c89 5424 | 3844 8b54 | 2468 4489 
  0x000002666de7364c: 5424 5890 

  0x000002666de73650: ;   {runtime_call UncommonTrapBlob}
  0x000002666de73650: c5f8 77e8 

  0x000002666de73654: ; ImmutableOopMap {rbp=Oop [240]=Oop [248]=Oop [48]=Oop [56]=Oop [88]=NarrowOop [144]=Oop [152]=Oop [160]=Oop }
                      ;*checkcast {reexecute=0 rethrow=0 return_oop=0}
                      ; - net.minecraft.client.renderer.LevelRenderer::renderLevel@838 (line 1198)
  0x000002666de73654: a832 55fe | baf6 ffff | ff4c 8b54 | 2460 4c89 | 9424 f800 | 0000 448b | 5424 3444 | 8954 2424 
  0x000002666de73674: 4c8b 5424 | 384c 8954 | 2430 4c8b | 5424 584c | 8954 2438 | c5fb 1044 | 2470 c5fb | 1144 2440 
  0x000002666de73694: c5fb 1044 | 2478 c5fb | 1144 2448 | 448b 5c24 | 6844 895c | 2458 4c8b | 9424 a800 | 0000 4c89 
  0x000002666de736b4: 5424 7890 

  0x000002666de736b8: ;   {runtime_call UncommonTrapBlob}
  0x000002666de736b8: c5f8 77e8 

  0x000002666de736bc: ; ImmutableOopMap {rbp=Oop [240]=Oop [248]=Oop [48]=Oop [56]=Oop [88]=NarrowOop [120]=Oop [144]=Oop [152]=Oop [160]=Oop [168]=Oop }
                      ;*getfield player {reexecute=1 rethrow=0 return_oop=0}
                      ; - (reexecute) net.minecraft.client.renderer.LevelRenderer::renderLevel@869 (line 1199)
  0x000002666de736bc: 4032 55fe | baf6 ffff | ff48 8b6c | 2420 4c89 | 4424 2089 | 7c24 2c48 | 8974 2430 

  0x000002666de736d8: ;   {runtime_call UncommonTrapBlob}
  0x000002666de736d8: c5f8 77e8 

  0x000002666de736dc: ; ImmutableOopMap {rbp=Oop [240]=Oop [248]=Oop [32]=Oop [48]=Oop [112]=Oop }
                      ;*invokevirtual getGameTime {reexecute=0 rethrow=0 return_oop=0}
                      ; - net.minecraft.client.renderer.LevelRenderer::renderLevel@4 (line 1117)
  0x000002666de736dc: 2032 55fe | baf6 ffff | ff49 8bea | 4c8b 5424 | 284c 8954 | 2420 448b | 4424 3444 | 8944 242c 
  0x000002666de736fc: 897c 2448 | 4489 5c24 | 4c66 6690 

  0x000002666de73708: ;   {runtime_call UncommonTrapBlob}
  0x000002666de73708: c5f8 77e8 

  0x000002666de7370c: ; ImmutableOopMap {rbp=Oop [240]=Oop [248]=Oop [32]=Oop [56]=Oop [72]=NarrowOop [76]=NarrowOop [112]=Oop }
                      ;*getfield hitResult {reexecute=1 rethrow=0 return_oop=0}
                      ; - (reexecute) net.minecraft.client.renderer.LevelRenderer::renderLevel@25 (line 1118)
  0x000002666de7370c: f031 55fe | baf6 ffff | ff49 8bea | 4c8b 5424 | 284c 8954 | 2420 448b | 4424 3444 | 8944 242c 
  0x000002666de7372c: 4489 5c24 | 4889 5c24 | 4c66 6690 

  0x000002666de73738: ;   {runtime_call UncommonTrapBlob}
  0x000002666de73738: c5f8 77e8 

  0x000002666de7373c: ; ImmutableOopMap {rbp=Oop [240]=Oop [248]=Oop [32]=Oop [56]=Oop [72]=NarrowOop [76]=NarrowOop [112]=Oop }
                      ;*invokevirtual prepare {reexecute=0 rethrow=0 return_oop=0}
                      ; - net.minecraft.client.renderer.LevelRenderer::renderLevel@28 (line 1118)
  0x000002666de7373c: c031 55fe | baf6 ffff | ff49 8beb | 4c8b 5424 | 284c 8954 | 2420 448b | 5424 3444 | 8954 242c 
  0x000002666de7375c: 4c89 7424 | 3889 5c24 | 4844 894c | 244c 6690 

  0x000002666de7376c: ;   {runtime_call UncommonTrapBlob}
  0x000002666de7376c: c5f8 77e8 

  0x000002666de73770: ; ImmutableOopMap {rbp=Oop [240]=Oop [248]=Oop [32]=Oop [56]=Oop [72]=NarrowOop [76]=NarrowOop [112]=Oop }
                      ;*getfield crosshairPickEntity {reexecute=1 rethrow=0 return_oop=0}
                      ; - (reexecute) net.minecraft.client.renderer.LevelRenderer::renderLevel@45 (line 1119)
  0x000002666de73770: 8c31 55fe | baf6 ffff | ff48 8b6c | 2420 4c8b | 5424 284c | 8954 2420 | 448b 5c24 | 3444 895c 
  0x000002666de73790: 242c 4c89 | 7424 3090 

  0x000002666de73798: ;   {runtime_call UncommonTrapBlob}
  0x000002666de73798: c5f8 77e8 

  0x000002666de7379c: ; ImmutableOopMap {rbp=Oop [240]=Oop [248]=Oop [32]=Oop [48]=Oop [112]=Oop }
                      ;*invokevirtual rotation {reexecute=0 rethrow=0 return_oop=0}
                      ; - net.minecraft.client.renderer.entity.EntityRenderDispatcher::prepare@12 (line 105)
                      ; - net.minecraft.client.renderer.LevelRenderer::renderLevel@48 (line 1119)
  0x000002666de7379c: 6031 55fe | baf6 ffff | ff49 8bea | 4c8b 5424 | 284c 8954 | 2420 448b | 5424 3444 | 8954 242c 
  0x000002666de737bc: 4c89 7424 | 3066 6690 

  0x000002666de737c4: ;   {runtime_call UncommonTrapBlob}
  0x000002666de737c4: c5f8 77e8 

  0x000002666de737c8: ; ImmutableOopMap {rbp=Oop [240]=Oop [248]=Oop [32]=Oop [48]=Oop [112]=Oop }
                      ;*invokevirtual getProfiler {reexecute=0 rethrow=0 return_oop=0}
                      ; - net.minecraft.client.renderer.LevelRenderer::renderLevel@55 (line 1120)
  0x000002666de737c8: 3431 55fe | baf6 ffff | ff49 8bea | 4c8b 5424 | 284c 8954 | 2420 448b | 5c24 3444 | 895c 242c 
  0x000002666de737e8: 4c89 7424 | 3066 6690 

  0x000002666de737f0: ;   {runtime_call UncommonTrapBlob}
  0x000002666de737f0: c5f8 77e8 

  0x000002666de737f4: ; ImmutableOopMap {rbp=Oop [240]=Oop [248]=Oop [32]=Oop [48]=Oop [112]=Oop }
                      ;*invokeinterface get {reexecute=0 rethrow=0 return_oop=0}
                      ; - net.minecraft.world.level.Level::getProfiler@4 (line 924)
                      ; - net.minecraft.client.renderer.LevelRenderer::renderLevel@55 (line 1120)
  0x000002666de737f4: 0831 55fe | baf4 ffff | ff48 8b6c | 2420 4c8b | 5424 284c | 8954 2420 | 448b 5c24 | 3444 895c 
  0x000002666de73814: 242c 4c89 | 7424 3090 

  0x000002666de7381c: ;   {runtime_call UncommonTrapBlob}
  0x000002666de7381c: c5f8 77e8 

  0x000002666de73820: ; ImmutableOopMap {rbp=Oop [240]=Oop [248]=Oop [32]=Oop [48]=Oop [112]=Oop }
                      ;*checkcast {reexecute=0 rethrow=0 return_oop=0}
                      ; - net.minecraft.world.level.Level::getProfiler@9 (line 924)
                      ; - net.minecraft.client.renderer.LevelRenderer::renderLevel@55 (line 1120)
  0x000002666de73820: dc30 55fe | baf6 ffff | ff48 8b6c | 2420 4c8b | 5424 284c | 8954 2420 | 448b 5424 | 3444 8954 
  0x000002666de73840: 242c 4c89 | 7424 3090 

  0x000002666de73848: ;   {runtime_call UncommonTrapBlob}
  0x000002666de73848: c5f8 77e8 

  0x000002666de7384c: ; ImmutableOopMap {rbp=Oop [240]=Oop [248]=Oop [32]=Oop [48]=Oop [88]=Oop [112]=Oop }
                      ;*invokeinterface size {reexecute=0 rethrow=0 return_oop=0}
                      ; - net.minecraft.client.multiplayer.ClientLevel::pollLightUpdates@4 (line 190)
                      ; - net.minecraft.client.renderer.LevelRenderer::renderLevel@74 (line 1122)
  0x000002666de7384c: b030 55fe | baf6 ffff | ff48 8b6c | 2420 4c8b | 5424 284c | 8954 2420 | 448b 5c24 | 3444 895c 
  0x000002666de7386c: 242c 4c89 | 7424 3090 

  0x000002666de73874: ;   {runtime_call UncommonTrapBlob}
  0x000002666de73874: c5f8 77e8 

  0x000002666de73878: ; ImmutableOopMap {rbp=Oop [240]=Oop [248]=Oop [32]=Oop [48]=Oop [88]=Oop [112]=Oop }
                      ;*arraylength {reexecute=0 rethrow=0 return_oop=0}
                      ; - java.util.ArrayDeque::size@12 (line 649)
                      ; - net.minecraft.client.multiplayer.ClientLevel::pollLightUpdates@4 (line 190)
                      ; - net.minecraft.client.renderer.LevelRenderer::renderLevel@74 (line 1122)
  0x000002666de73878: 8430 55fe | baf6 ffff | ff48 8b6c | 2420 4c8b | 5424 284c | 8954 2420 | 448b 5424 | 3444 8954 
  0x000002666de73898: 242c 4c89 | 7424 3090 

  0x000002666de738a0: ;   {runtime_call UncommonTrapBlob}
  0x000002666de738a0: c5f8 77e8 

  0x000002666de738a4: ; ImmutableOopMap {rbp=Oop [240]=Oop [248]=Oop [32]=Oop [48]=Oop [88]=Oop [112]=Oop }
                      ;*invokevirtual getChunkSource {reexecute=0 rethrow=0 return_oop=0}
                      ; - net.minecraft.client.renderer.LevelRenderer::renderLevel@91 (line 1124)
  0x000002666de738a4: 5830 55fe | baf6 ffff | ff48 8b6c | 2420 4c8b | 5424 284c | 8954 2420 | 448b 5c24 | 3444 895c 
  0x000002666de738c4: 242c 4c89 | 7424 3090 

  0x000002666de738cc: ;   {runtime_call UncommonTrapBlob}
  0x000002666de738cc: c5f8 77e8 

  0x000002666de738d0: ; ImmutableOopMap {rbp=Oop [240]=Oop [248]=Oop [32]=Oop [48]=Oop [88]=Oop [112]=Oop }
                      ;*invokevirtual getLightEngine {reexecute=0 rethrow=0 return_oop=0}
                      ; - net.minecraft.client.renderer.LevelRenderer::renderLevel@94 (line 1124)
  0x000002666de738d0: 2c30 55fe | baf6 ffff | ff48 8b6c | 2420 4c8b | 5424 284c | 8954 2420 | 448b 5424 | 3444 8954 
  0x000002666de738f0: 242c 4c89 | 7424 3090 

  0x000002666de738f8: ;   {runtime_call UncommonTrapBlob}
  0x000002666de738f8: c5f8 77e8 

  0x000002666de738fc: ; ImmutableOopMap {rbp=Oop [240]=Oop [248]=Oop [32]=Oop [48]=Oop [88]=Oop [112]=Oop }
                      ;*invokevirtual runLightUpdates {reexecute=0 rethrow=0 return_oop=0}
                      ; - net.minecraft.client.renderer.LevelRenderer::renderLevel@97 (line 1124)
  0x000002666de738fc: 0030 55fe | baf6 ffff | ff48 8b6c | 2420 4c8b | 5424 284c | 8954 2420 | 448b 5c24 | 3444 895c 
  0x000002666de7391c: 242c 4c89 | 7424 3090 

  0x000002666de73924: ;   {runtime_call UncommonTrapBlob}
  0x000002666de73924: c5f8 77e8 

  0x000002666de73928: ; ImmutableOopMap {rbp=Oop [240]=Oop [248]=Oop [32]=Oop [48]=Oop [88]=Oop [112]=Oop }
                      ;*invokevirtual iterator {reexecute=0 rethrow=0 return_oop=0}
                      ; - net.minecraft.world.level.lighting.LightEngine::runLightUpdates@4 (line 140)
                      ; - net.minecraft.world.level.lighting.LevelLightEngine::runLightUpdates@14 (line 48)
                      ; - net.minecraft.client.renderer.LevelRenderer::renderLevel@97 (line 1124)
  0x000002666de73928: d42f 55fe | baf6 ffff | ff48 8b6c | 2420 4c8b | 5424 284c | 8954 2420 | 448b 5424 | 3444 8954 
  0x000002666de73948: 242c 4c89 | 7424 3090 

  0x000002666de73950: ;   {runtime_call UncommonTrapBlob}
  0x000002666de73950: c5f8 77e8 

  0x000002666de73954: ; ImmutableOopMap {rbp=Oop [240]=Oop [248]=Oop [32]=Oop [48]=Oop [88]=Oop [112]=Oop }
                      ;*invokevirtual clear {reexecute=0 rethrow=0 return_oop=0}
                      ; - net.minecraft.world.level.lighting.LightEngine::runLightUpdates@34 (line 146)
                      ; - net.minecraft.world.level.lighting.LevelLightEngine::runLightUpdates@14 (line 48)
                      ; - net.minecraft.client.renderer.LevelRenderer::renderLevel@97 (line 1124)
  0x000002666de73954: a82f 55fe | baf6 ffff | ff48 8b6c | 2420 4c8b | 5424 284c | 8954 2420 | 448b 5424 | 3444 8954 
  0x000002666de73974: 242c 4c89 | 7424 3090 

  0x000002666de7397c: ;   {runtime_call UncommonTrapBlob}
  0x000002666de7397c: c5f8 77e8 

  0x000002666de73980: ; ImmutableOopMap {rbp=Oop [240]=Oop [248]=Oop [32]=Oop [48]=Oop [88]=Oop [112]=Oop }
                      ;*invokevirtual isEmpty {reexecute=0 rethrow=0 return_oop=0}
                      ; - net.minecraft.world.level.lighting.LightEngine::propagateDecreases@6 (line 179)
                      ; - net.minecraft.world.level.lighting.LightEngine::runLightUpdates@52 (line 149)
                      ; - net.minecraft.world.level.lighting.LevelLightEngine::runLightUpdates@14 (line 48)
                      ; - net.minecraft.client.renderer.LevelRenderer::renderLevel@97 (line 1124)
  0x000002666de73980: 7c2f 55fe | baf6 ffff | ff48 8b6c | 2420 4c8b | 5424 284c | 8954 2420 | 448b 5c24 | 3444 895c 
  0x000002666de739a0: 242c 4c89 | 7424 3090 

  0x000002666de739a8: ;   {runtime_call UncommonTrapBlob}
  0x000002666de739a8: c5f8 77e8 

  0x000002666de739ac: ; ImmutableOopMap {rbp=Oop [240]=Oop [248]=Oop [32]=Oop [48]=Oop [88]=Oop [112]=Oop }
                      ;*invokevirtual isEmpty {reexecute=0 rethrow=0 return_oop=0}
                      ; - net.minecraft.world.level.lighting.LightEngine::propagateIncreases@6 (line 159)
                      ; - net.minecraft.world.level.lighting.LightEngine::runLightUpdates@59 (line 150)
                      ; - net.minecraft.world.level.lighting.LevelLightEngine::runLightUpdates@14 (line 48)
                      ; - net.minecraft.client.renderer.LevelRenderer::renderLevel@97 (line 1124)
  0x000002666de739ac: 502f 55fe | baf6 ffff | ff48 8b6c | 2420 4c8b | 5424 284c | 8954 2420 | 448b 5c24 | 3444 895c 
  0x000002666de739cc: 242c 4c89 | 7424 3090 

  0x000002666de739d4: ;   {runtime_call UncommonTrapBlob}
  0x000002666de739d4: c5f8 77e8 

  0x000002666de739d8: ; ImmutableOopMap {rbp=Oop [240]=Oop [248]=Oop [32]=Oop [48]=Oop [88]=Oop [112]=Oop }
                      ;*arraylength {reexecute=0 rethrow=0 return_oop=0}
                      ; - java.util.Arrays::fill@3 (line 3146)
                      ; - net.minecraft.world.level.lighting.LightEngine::clearChunkCache@7 (line 115)
                      ; - net.minecraft.world.level.lighting.LightEngine::runLightUpdates@65 (line 151)
                      ; - net.minecraft.world.level.lighting.LevelLightEngine::runLightUpdates@14 (line 48)
                      ; - net.minecraft.client.renderer.LevelRenderer::renderLevel@97 (line 1124)
  0x000002666de739d8: 242f 55fe | baf6 ffff | ff48 8b6c | 2420 4c8b | 5424 284c | 8954 2420 | 448b 5424 | 3444 8954 
  0x000002666de739f8: 242c 4c89 | 7424 3090 

  0x000002666de73a00: ;   {runtime_call UncommonTrapBlob}
  0x000002666de73a00: c5f8 77e8 

  0x000002666de73a04: ; ImmutableOopMap {rbp=Oop [240]=Oop [248]=Oop [32]=Oop [48]=Oop [88]=Oop [112]=Oop }
                      ;*arraylength {reexecute=0 rethrow=0 return_oop=0}
                      ; - java.util.Arrays::fill@3 (line 3429)
                      ; - net.minecraft.world.level.lighting.LightEngine::clearChunkCache@15 (line 116)
                      ; - net.minecraft.world.level.lighting.LightEngine::runLightUpdates@65 (line 151)
                      ; - net.minecraft.world.level.lighting.LevelLightEngine::runLightUpdates@14 (line 48)
                      ; - net.minecraft.client.renderer.LevelRenderer::renderLevel@97 (line 1124)
  0x000002666de73a04: f82e 55fe | baf6 ffff | ff48 8b6c | 2420 4c8b | 5424 284c | 8954 2420 | 448b 5424 | 3444 8954 
  0x000002666de73a24: 242c 4c8b | 5424 384c | 8954 2430 

  0x000002666de73a30: ;   {runtime_call UncommonTrapBlob}
  0x000002666de73a30: c5f8 77e8 

  0x000002666de73a34: ; ImmutableOopMap {rbp=Oop [240]=Oop [248]=Oop [32]=Oop [48]=Oop [88]=Oop [112]=Oop }
                      ;*invokevirtual iterator {reexecute=0 rethrow=0 return_oop=0}
                      ; - net.minecraft.world.level.lighting.LightEngine::runLightUpdates@4 (line 140)
                      ; - net.minecraft.world.level.lighting.LevelLightEngine::runLightUpdates@31 (line 52)
                      ; - net.minecraft.client.renderer.LevelRenderer::renderLevel@97 (line 1124)
  0x000002666de73a34: c82e 55fe | baf6 ffff | ff48 8b6c | 2420 4c8b | 5424 284c | 8954 2420 | 448b 5c24 | 3444 895c 
  0x000002666de73a54: 242c 4c8b | 5424 384c | 8954 2430 

  0x000002666de73a60: ;   {runtime_call UncommonTrapBlob}
  0x000002666de73a60: c5f8 77e8 

  0x000002666de73a64: ; ImmutableOopMap {rbp=Oop [240]=Oop [248]=Oop [32]=Oop [48]=Oop [88]=Oop [112]=Oop }
                      ;*invokevirtual clear {reexecute=0 rethrow=0 return_oop=0}
                      ; - net.minecraft.world.level.lighting.LightEngine::runLightUpdates@34 (line 146)
                      ; - net.minecraft.world.level.lighting.LevelLightEngine::runLightUpdates@31 (line 52)
                      ; - net.minecraft.client.renderer.LevelRenderer::renderLevel@97 (line 1124)
  0x000002666de73a64: 982e 55fe | baf6 ffff | ff48 8b6c | 2420 4c8b | 5424 284c | 8954 2420 | 448b 5424 | 3444 8954 
  0x000002666de73a84: 242c 4c8b | 5424 384c | 8954 2430 

  0x000002666de73a90: ;   {runtime_call UncommonTrapBlob}
  0x000002666de73a90: c5f8 77e8 

  0x000002666de73a94: ; ImmutableOopMap {rbp=Oop [240]=Oop [248]=Oop [32]=Oop [48]=Oop [88]=Oop [112]=Oop }
                      ;*invokevirtual isEmpty {reexecute=0 rethrow=0 return_oop=0}
                      ; - net.minecraft.world.level.lighting.LightEngine::propagateDecreases@6 (line 179)
                      ; - net.minecraft.world.level.lighting.LightEngine::runLightUpdates@52 (line 149)
                      ; - net.minecraft.world.level.lighting.LevelLightEngine::runLightUpdates@31 (line 52)
                      ; - net.minecraft.client.renderer.LevelRenderer::renderLevel@97 (line 1124)
  0x000002666de73a94: 682e 55fe | baf6 ffff | ff48 8b6c | 2420 4c8b | 5424 284c | 8954 2420 | 448b 5c24 | 3444 895c 
  0x000002666de73ab4: 242c 4c8b | 5424 384c | 8954 2430 

  0x000002666de73ac0: ;   {runtime_call UncommonTrapBlob}
  0x000002666de73ac0: c5f8 77e8 

  0x000002666de73ac4: ; ImmutableOopMap {rbp=Oop [240]=Oop [248]=Oop [32]=Oop [48]=Oop [88]=Oop [112]=Oop }
                      ;*invokevirtual isEmpty {reexecute=0 rethrow=0 return_oop=0}
                      ; - net.minecraft.world.level.lighting.LightEngine::propagateIncreases@6 (line 159)
                      ; - net.minecraft.world.level.lighting.LightEngine::runLightUpdates@59 (line 150)
                      ; - net.minecraft.world.level.lighting.LevelLightEngine::runLightUpdates@31 (line 52)
                      ; - net.minecraft.client.renderer.LevelRenderer::renderLevel@97 (line 1124)
  0x000002666de73ac4: 382e 55fe | baf6 ffff | ff48 8b6c | 2420 4c8b | 5424 284c | 8954 2420 | 448b 5c24 | 3444 895c 
  0x000002666de73ae4: 242c 4c8b | 5424 384c | 8954 2430 

  0x000002666de73af0: ;   {runtime_call UncommonTrapBlob}
  0x000002666de73af0: c5f8 77e8 

  0x000002666de73af4: ; ImmutableOopMap {rbp=Oop [240]=Oop [248]=Oop [32]=Oop [48]=Oop [88]=Oop [112]=Oop }
                      ;*arraylength {reexecute=0 rethrow=0 return_oop=0}
                      ; - java.util.Arrays::fill@3 (line 3146)
                      ; - net.minecraft.world.level.lighting.LightEngine::clearChunkCache@7 (line 115)
                      ; - net.minecraft.world.level.lighting.LightEngine::runLightUpdates@65 (line 151)
                      ; - net.minecraft.world.level.lighting.LevelLightEngine::runLightUpdates@31 (line 52)
                      ; - net.minecraft.client.renderer.LevelRenderer::renderLevel@97 (line 1124)
  0x000002666de73af4: 082e 55fe | baf6 ffff | ff48 8b6c | 2420 4c8b | 5424 284c | 8954 2420 | 448b 5424 | 3444 8954 
  0x000002666de73b14: 242c 4c8b | 5424 384c | 8954 2430 

  0x000002666de73b20: ;   {runtime_call UncommonTrapBlob}
  0x000002666de73b20: c5f8 77e8 

  0x000002666de73b24: ; ImmutableOopMap {rbp=Oop [240]=Oop [248]=Oop [32]=Oop [48]=Oop [88]=Oop [112]=Oop }
                      ;*arraylength {reexecute=0 rethrow=0 return_oop=0}
                      ; - java.util.Arrays::fill@3 (line 3429)
                      ; - net.minecraft.world.level.lighting.LightEngine::clearChunkCache@15 (line 116)
                      ; - net.minecraft.world.level.lighting.LightEngine::runLightUpdates@65 (line 151)
                      ; - net.minecraft.world.level.lighting.LevelLightEngine::runLightUpdates@31 (line 52)
                      ; - net.minecraft.client.renderer.LevelRenderer::renderLevel@97 (line 1124)
  0x000002666de73b24: d82d 55fe | baf6 ffff | ff48 8b6c | 2420 4c8b | 5424 284c | 8954 2420 | 448b 5424 | 3444 8954 
  0x000002666de73b44: 242c 4889 | 5c24 3090 

  0x000002666de73b4c: ;   {runtime_call UncommonTrapBlob}
  0x000002666de73b4c: c5f8 77e8 

  0x000002666de73b50: ; ImmutableOopMap {rbp=Oop [240]=Oop [248]=Oop [32]=Oop [48]=Oop [88]=Oop [112]=Oop }
                      ;*invokevirtual x {reexecute=0 rethrow=0 return_oop=0}
                      ; - net.minecraft.client.renderer.LevelRenderer::renderLevel@110 (line 1126)
  0x000002666de73b50: ac2d 55fe | baf6 ffff | ff48 8b6c | 2420 448b | 5424 3444 | 8954 2424 | 4889 5c24 | 284c 8b54 
  0x000002666de73b70: 2458 4c89 | 5424 30c5 | fb11 5424 | 38c5 fb11 | 6424 40c5 | fb11 5c24 | 4844 8944 | 2458 6690 
  0x000002666de73b90: ;   {runtime_call UncommonTrapBlob}
  0x000002666de73b90: c5f8 77e8 

  0x000002666de73b94: ; ImmutableOopMap {rbp=Oop [240]=Oop [248]=Oop [40]=Oop [48]=Oop [88]=NarrowOop [112]=Oop }
                      ;*invokevirtual last {reexecute=0 rethrow=0 return_oop=0}
                      ; - net.minecraft.client.renderer.LevelRenderer::renderLevel@130 (line 1129)
  0x000002666de73b94: 682d 55fe | baf6 ffff | ff48 8b6c | 2420 4c89 | 5c24 2044 | 8b54 2434 | 4489 5424 | 2c48 895c 
  0x000002666de73bb4: 2430 4c8b | 5424 584c | 8954 2438 | c5fb 1154 | 2440 c5fb | 1164 2448 | c5fb 115c | 2450 4489 
  0x000002666de73bd4: 4424 6090 

  0x000002666de73bd8: ;   {runtime_call UncommonTrapBlob}
  0x000002666de73bd8: c5f8 77e8 

  0x000002666de73bdc: ; ImmutableOopMap {rbp=Oop [240]=Oop [248]=Oop [32]=Oop [48]=Oop [56]=Oop [96]=NarrowOop [112]=Oop }
                      ;*invokeinterface getLast {reexecute=0 rethrow=0 return_oop=0}
                      ; - com.mojang.blaze3d.vertex.PoseStack::last@4 (line 70)
                      ; - net.minecraft.client.renderer.LevelRenderer::renderLevel@130 (line 1129)
  0x000002666de73bdc: 202d 55fe | baf6 ffff | ff48 8b6c | 2420 4c89 | 5c24 2044 | 8b5c 2434 | 4489 5c24 | 2c48 895c 
  0x000002666de73bfc: 2430 4c8b | 5424 584c | 8954 2438 | c5fb 1154 | 2440 c5fb | 1164 2448 | c5fb 115c | 2450 4489 
  0x000002666de73c1c: 4424 6090 

  0x000002666de73c20: ;   {runtime_call UncommonTrapBlob}
  0x000002666de73c20: c5f8 77e8 

  0x000002666de73c24: ; ImmutableOopMap {rbp=Oop [240]=Oop [248]=Oop [32]=Oop [48]=Oop [56]=Oop [96]=NarrowOop [112]=Oop }
                      ;*arraylength {reexecute=0 rethrow=0 return_oop=0}
                      ; - java.util.ArrayDeque::getLast@11 (line 411)
                      ; - com.mojang.blaze3d.vertex.PoseStack::last@4 (line 70)
                      ; - net.minecraft.client.renderer.LevelRenderer::renderLevel@130 (line 1129)
  0x000002666de73c24: d82c 55fe | baf6 ffff | ff48 8b6c | 2420 4c89 | 5c24 2044 | 8b5c 2434 | 4489 5c24 | 2c48 895c 
  0x000002666de73c44: 2430 4c8b | 5424 584c | 8954 2438 | c5fb 1154 | 2440 c5fb | 1164 2448 | c5fb 115c | 2450 4489 
  0x000002666de73c64: 4c24 5844 | 8944 245c | 894c 2468 

  0x000002666de73c70: ;   {runtime_call UncommonTrapBlob}
  0x000002666de73c70: c5f8 77e8 

  0x000002666de73c74: ; ImmutableOopMap {rbp=Oop [240]=Oop [248]=Oop [32]=Oop [48]=Oop [56]=Oop [88]=NarrowOop [92]=NarrowOop [104]=NarrowOop [112]=Oop }
                      ;*invokevirtual getProfiler {reexecute=0 rethrow=0 return_oop=0}
                      ; - net.minecraft.client.renderer.LevelRenderer::renderLevel@212 (line 1140)
  0x000002666de73c74: 882c 55fe | baf6 ffff | ff48 8b6c | 2420 4c89 | 5c24 2044 | 8b5c 2434 | 4489 5c24 | 2c48 895c 
  0x000002666de73c94: 2430 4c8b | 5424 584c | 8954 2438 | c5fb 1154 | 2440 c5fb | 1164 2448 | c5fb 115c | 2450 4489 
  0x000002666de73cb4: 4c24 5844 | 8944 245c | 894c 2468 

  0x000002666de73cc0: ;   {runtime_call UncommonTrapBlob}
  0x000002666de73cc0: c5f8 77e8 

  0x000002666de73cc4: ; ImmutableOopMap {rbp=Oop [240]=Oop [248]=Oop [32]=Oop [48]=Oop [56]=Oop [88]=NarrowOop [92]=NarrowOop [104]=NarrowOop [112]=Oop }
                      ;*invokeinterface popPush {reexecute=0 rethrow=0 return_oop=0}
                      ; - net.minecraft.client.renderer.LevelRenderer::renderLevel@218 (line 1140)
  0x000002666de73cc4: 382c 55fe | baf6 ffff | ff48 8b6c | 2420 4c89 | 5c24 20c5 | fa10 8c24 | 8800 0000 | 448b 5424 
  0x000002666de73ce4: 3444 8954 | 242c 4c8b | 5424 584c | 8954 2438 | c5fb 1154 | 2440 c5fb | 1164 2448 | c5fb 115c 
  0x000002666de73d04: 2450 4489 | 4c24 5848 | 895c 2460 | c5fa 114c | 245c 4c8b | 5424 704c | 8954 2468 | 4489 4424 
  0x000002666de73d24: 7066 6690 

  0x000002666de73d28: ;   {runtime_call UncommonTrapBlob}
  0x000002666de73d28: c5f8 77e8 

  0x000002666de73d2c: ; ImmutableOopMap {rbp=Oop [240]=Oop [248]=Oop [32]=Oop [56]=Oop [88]=NarrowOop [96]=Oop [104]=Oop [112]=NarrowOop }
                      ;*invokevirtual getEffectiveRenderDistance {reexecute=0 rethrow=0 return_oop=0}
                      ; - net.minecraft.client.renderer.LevelRenderer::renderLevel@306 (line 1147)
  0x000002666de73d2c: d02b 55fe | baf6 ffff | ff48 8b6c | 2420 4c89 | 5c24 20c5 | fa10 8c24 | 8800 0000 | 448b 5424 
  0x000002666de73d4c: 3444 8954 | 242c 4c8b | 5424 584c | 8954 2438 | c5fb 1154 | 2440 c5fb | 1164 2448 | c5fb 115c 
  0x000002666de73d6c: 2450 4489 | 4c24 5848 | 895c 2460 | c5fa 114c | 245c 4c8b | 5424 704c | 8954 2468 | 4489 4424 
  0x000002666de73d8c: 7066 6690 

  0x000002666de73d90: ;   {runtime_call UncommonTrapBlob}
  0x000002666de73d90: c5f8 77e8 

  0x000002666de73d94: ; ImmutableOopMap {rbp=Oop [240]=Oop [248]=Oop [32]=Oop [56]=Oop [88]=NarrowOop [96]=Oop [104]=Oop [112]=NarrowOop }
                      ;*invokevirtual get {reexecute=0 rethrow=0 return_oop=0}
                      ; - net.minecraft.client.Options::getEffectiveRenderDistance@11 (line 1336)
                      ; - net.minecraft.client.renderer.LevelRenderer::renderLevel@306 (line 1147)
  0x000002666de73d94: 682b 55fe | baf4 ffff | ff48 8b6c | 2420 4c89 | 5c24 20c5 | fa10 8424 | 8800 0000 | 448b 5c24 
  0x000002666de73db4: 3444 895c | 242c 4c8b | 5424 584c | 8954 2438 | c5fb 1154 | 2440 c5fb | 1164 2448 | c5fb 115c 
  0x000002666de73dd4: 2450 4489 | 4c24 5848 | 895c 2460 | c5fa 1144 | 245c 4c8b | 5424 704c | 8954 2468 | 4489 4424 
  0x000002666de73df4: 7089 7c24 | 7466 6690 

  0x000002666de73dfc: ;   {runtime_call UncommonTrapBlob}
  0x000002666de73dfc: c5f8 77e8 

  0x000002666de73e00: ; ImmutableOopMap {rbp=Oop [240]=Oop [248]=Oop [32]=Oop [56]=Oop [88]=NarrowOop [96]=Oop [104]=Oop [112]=NarrowOop [116]=NarrowOop }
                      ;*checkcast {reexecute=0 rethrow=0 return_oop=0}
                      ; - net.minecraft.client.Options::getEffectiveRenderDistance@14 (line 1336)
                      ; - net.minecraft.client.renderer.LevelRenderer::renderLevel@306 (line 1147)
  0x000002666de73e00: fc2a 55fe | baf6 ffff | ff48 8b6c | 2420 4c89 | 5c24 20c5 | fa10 8424 | 8800 0000 | 448b 5c24 
  0x000002666de73e20: 3444 895c | 242c 4c8b | 5424 584c | 8954 2438 | c5fb 1154 | 2440 c5fb | 1164 2448 | c5fb 115c 
  0x000002666de73e40: 2450 4489 | 4c24 5848 | 895c 2460 | c5fa 1144 | 245c c5fa | 1144 2468 | 4489 4424 | 6c89 4c24 
  0x000002666de73e60: 7066 6690 

  0x000002666de73e64: ;   {runtime_call UncommonTrapBlob}
  0x000002666de73e64: c5f8 77e8 

  0x000002666de73e68: ; ImmutableOopMap {rbp=Oop [240]=Oop [248]=Oop [32]=Oop [56]=Oop [88]=NarrowOop [96]=Oop [108]=NarrowOop }
                      ;*invokevirtual getDarkenWorldAmount {reexecute=0 rethrow=0 return_oop=0}
                      ; - net.minecraft.client.renderer.LevelRenderer::renderLevel@312 (line 1147)
  0x000002666de73e68: 942a 55fe | baf6 ffff | ff48 8b6c | 2420 448b | 5c24 3444 | 895c 242c | 4c8b 5424 | 384c 8954 
  0x000002666de73e88: 2430 4c8b | 5424 584c | 8954 2438 | c5fb 1044 | 2450 c5fb | 1144 2440 | c5fa 115c | 245c 6690 
  0x000002666de73ea8: ;   {runtime_call UncommonTrapBlob}
  0x000002666de73ea8: c5f8 77e8 

  0x000002666de73eac: ; ImmutableOopMap {rbp=Oop [240]=Oop [248]=Oop [48]=Oop [56]=Oop [104]=Oop [140]=NarrowOop }
                      ;*getfield level {reexecute=1 rethrow=0 return_oop=0}
                      ; - (reexecute) net.minecraft.client.renderer.LevelRenderer::renderLevel@341 (line 1151)
  0x000002666de73eac: 502a 55fe | baf6 ffff | ff48 8b6c | 2420 448b | 5c24 3444 | 895c 242c | 4c8b 5424 | 384c 8954 
  0x000002666de73ecc: 2430 4c8b | 5424 584c | 8954 2438 | c5fb 1044 | 2450 c5fb | 1144 2440 | c5fa 115c | 245c 6690 
  0x000002666de73eec: ;   {runtime_call UncommonTrapBlob}
  0x000002666de73eec: c5f8 77e8 

  0x000002666de73ef0: ; ImmutableOopMap {rbp=Oop [240]=Oop [248]=Oop [48]=Oop [56]=Oop [104]=Oop [140]=NarrowOop }
                      ;*invokevirtual effects {reexecute=0 rethrow=0 return_oop=0}
                      ; - net.minecraft.client.renderer.LevelRenderer::renderLevel@344 (line 1151)
  0x000002666de73ef0: 0c2a 55fe | baf6 ffff | ff4c 8b54 | 2468 4c89 | 5424 284c | 8b54 2458 | 4c89 5424 | 40c5 fb11 
  0x000002666de73f10: 6424 48c5 | fb11 5424 | 50c5 fa11 | 5c24 6489 | 4c24 6890 

  0x000002666de73f24: ;   {runtime_call UncommonTrapBlob}
  0x000002666de73f24: c5f8 77e8 

  0x000002666de73f28: ; ImmutableOopMap {[240]=Oop [248]=Oop [32]=Oop [40]=Oop [56]=Oop [64]=Oop [140]=NarrowOop }
                      ;*invokevirtual isFoggyAt {reexecute=0 rethrow=0 return_oop=0}
                      ; - net.minecraft.client.renderer.LevelRenderer::renderLevel@357 (line 1151)
  0x000002666de73f28: d429 55fe | baf6 ffff | ff48 8b6c | 2420 448b | 5c24 3444 | 895c 242c | 4c8b 5424 | 384c 8954 
  0x000002666de73f48: 2430 4c8b | 5424 584c | 8954 2438 | c5fb 1164 | 2440 c5fa | 115c 245c 

  0x000002666de73f60: ;   {runtime_call UncommonTrapBlob}
  0x000002666de73f60: c5f8 77e8 

  0x000002666de73f64: ; ImmutableOopMap {rbp=Oop [240]=Oop [248]=Oop [48]=Oop [56]=Oop [104]=Oop [140]=NarrowOop }
                      ;*invokevirtual getBossOverlay {reexecute=0 rethrow=0 return_oop=0}
                      ; - net.minecraft.client.renderer.LevelRenderer::renderLevel@370 (line 1151)
  0x000002666de73f64: 9829 55fe | baf6 ffff | ff48 8b6c | 2420 448b | 5c24 3444 | 895c 242c | 4c8b 5424 | 384c 8954 
  0x000002666de73f84: 2430 4c8b | 5424 584c | 8954 2438 | c5fb 1164 | 2440 c5fa | 115c 245c 

  0x000002666de73f9c: ;   {runtime_call UncommonTrapBlob}
  0x000002666de73f9c: c5f8 77e8 

  0x000002666de73fa0: ; ImmutableOopMap {rbp=Oop [240]=Oop [248]=Oop [48]=Oop [56]=Oop [104]=Oop [140]=NarrowOop }
                      ;*invokevirtual shouldCreateWorldFog {reexecute=0 rethrow=0 return_oop=0}
                      ; - net.minecraft.client.renderer.LevelRenderer::renderLevel@373 (line 1151)
  0x000002666de73fa0: 5c29 55fe | baf6 ffff | ff48 8b6c | 2420 448b | 5c24 3444 | 895c 242c | 4c8b 5424 | 384c 8954 
  0x000002666de73fc0: 2430 4c8b | 5424 584c | 8954 2438 | c5fb 1164 | 2440 c5fa | 115c 245c 

  0x000002666de73fd8: ;   {runtime_call UncommonTrapBlob}
  0x000002666de73fd8: c5f8 77e8 

  0x000002666de73fdc: ; ImmutableOopMap {rbp=Oop [240]=Oop [248]=Oop [48]=Oop [56]=Oop [104]=Oop [140]=NarrowOop }
                      ;*invokeinterface isEmpty {reexecute=0 rethrow=0 return_oop=0}
                      ; - net.minecraft.client.gui.components.BossHealthOverlay::shouldCreateWorldFog@4 (line 135)
                      ; - net.minecraft.client.renderer.LevelRenderer::renderLevel@373 (line 1151)
  0x000002666de73fdc: 2029 55fe | baf6 ffff | ff48 8b6c | 2420 448b | 5424 3444 | 8954 242c | 4c8b 5424 | 584c 8954 
  0x000002666de73ffc: 2438 6690 

  0x000002666de74000: ;   {runtime_call UncommonTrapBlob}
  0x000002666de74000: c5f8 77e8 

  0x000002666de74004: ; ImmutableOopMap {rbp=Oop [240]=Oop [248]=Oop [56]=Oop [104]=Oop [140]=NarrowOop [152]=Oop }
                      ;*invokevirtual getProfiler {reexecute=0 rethrow=0 return_oop=0}
                      ; - net.minecraftforge.client.ForgeHooksClient::dispatchRenderStage@7 (line 286)
                      ; - net.minecraft.client.renderer.LevelRenderer::renderLevel@456 (line 1158)
  0x000002666de74004: f828 55fe | baf6 ffff | ff48 8b6c | 2420 448b | 5c24 3444 | 895c 242c | 4c8b 5424 | 584c 8954 
  0x000002666de74024: 2438 4489 | 4424 6090 

  0x000002666de7402c: ;   {runtime_call UncommonTrapBlob}
  0x000002666de7402c: c5f8 77e8 

  0x000002666de74030: ; ImmutableOopMap {rbp=Oop [240]=Oop [248]=Oop [56]=Oop [96]=NarrowOop [104]=Oop [140]=NarrowOop [152]=Oop }
                      ;*invokeinterface push {reexecute=0 rethrow=0 return_oop=0}
                      ; - net.minecraftforge.client.ForgeHooksClient::dispatchRenderStage@18 (line 287)
                      ; - net.minecraft.client.renderer.LevelRenderer::renderLevel@456 (line 1158)
  0x000002666de74030: cc28 55fe | baf6 ffff | ff4c 8b54 | 2460 4c89 | 9424 f800 | 0000 448b | 5424 3444 | 8954 2424 
  0x000002666de74050: 4c8b 5424 | 384c 8954 | 2430 4c8b | 5424 584c | 8954 2438 | c5fb 1044 | 2470 c5fb | 1144 2440 
  0x000002666de74070: ;   {runtime_call UncommonTrapBlob}
  0x000002666de74070: c5f8 77e8 

  0x000002666de74074: ; ImmutableOopMap {rbp=Oop [240]=Oop [248]=Oop [48]=Oop [56]=Oop [104]=NarrowOop [152]=Oop }
                      ;*getfield player {reexecute=1 rethrow=0 return_oop=0}
                      ; - (reexecute) net.minecraft.client.renderer.LevelRenderer::renderLevel@509 (line 1162)
  0x000002666de74074: 8828 55fe | baf6 ffff | ff4c 8b54 | 2460 4c89 | 9424 f800 | 0000 448b | 5424 3444 | 8954 2424 
  0x000002666de74094: 4c8b 5424 | 384c 8954 | 2430 4c8b | 5424 584c | 8954 2438 | c5fb 1044 | 2470 c5fb | 1144 2440 
  0x000002666de740b4: ;   {runtime_call UncommonTrapBlob}
  0x000002666de740b4: c5f8 77e8 

  0x000002666de740b8: ; ImmutableOopMap {rbp=Oop [240]=Oop [248]=Oop [48]=Oop [56]=Oop [104]=NarrowOop [152]=Oop }
                      ;*invokevirtual isSpectator {reexecute=0 rethrow=0 return_oop=0}
                      ; - net.minecraft.client.renderer.LevelRenderer::renderLevel@512 (line 1162)
  0x000002666de740b8: 4428 55fe | baf6 ffff | ff44 8b54 | 2434 4489 | 5424 244c | 8b54 2438 | 4c89 5424 | 304c 8b54 
  0x000002666de740d8: 2458 4c89 | 5424 3890 

  0x000002666de740e0: ;   {runtime_call UncommonTrapBlob}
  0x000002666de740e0: c5f8 77e8 

  0x000002666de740e4: ; ImmutableOopMap {rbp=Oop [240]=Oop [48]=Oop [56]=Oop [96]=Oop [104]=NarrowOop [152]=Oop }
                      ;*invokevirtual getModelManager {reexecute=0 rethrow=0 return_oop=0}
                      ; - net.minecraft.client.renderer.LevelRenderer::renderLevel@564 (line 1167)
  0x000002666de740e4: 1828 55fe | baf6 ffff | ff44 8b54 | 2434 4489 | 5424 244c | 8b54 2438 | 4c89 5424 | 304c 8b54 
  0x000002666de74104: 2458 4c89 | 5424 3890 

  0x000002666de7410c: ;   {runtime_call UncommonTrapBlob}
  0x000002666de7410c: c5f8 77e8 

  0x000002666de74110: ; ImmutableOopMap {rbp=Oop [240]=Oop [48]=Oop [56]=Oop [96]=Oop [104]=NarrowOop [152]=Oop }
                      ;*invokevirtual getAtlas {reexecute=0 rethrow=0 return_oop=0}
                      ; - net.minecraft.client.renderer.LevelRenderer::renderLevel@570 (line 1167)
  0x000002666de74110: ec27 55fe | baf6 ffff | ff48 8be9 | 448b 5424 | 3444 8954 | 2424 4c8b | 5424 384c | 8954 2430 
  0x000002666de74130: 4c8b 5424 | 584c 8954 | 2438 6690 

  0x000002666de7413c: ;   {runtime_call UncommonTrapBlob}
  0x000002666de7413c: c5f8 77e8 

  0x000002666de74140: ; ImmutableOopMap {rbp=Oop [240]=Oop [48]=Oop [56]=Oop [96]=Oop [104]=NarrowOop [152]=Oop }
                      ;*invokeinterface get {reexecute=0 rethrow=0 return_oop=0}
                      ; - net.minecraft.client.resources.model.AtlasSet::getAtlas@5 (line 30)
                      ; - net.minecraft.client.resources.model.ModelManager::getAtlas@23 (line 232)
                      ; - net.minecraft.client.renderer.LevelRenderer::renderLevel@570 (line 1167)
  0x000002666de74140: bc27 55fe | baf6 ffff | ff48 8be9 | 448b 5424 | 3444 8954 | 2424 4c8b | 5424 384c | 8954 2430 
  0x000002666de74160: 4c8b 5424 | 584c 8954 | 2438 6690 

  0x000002666de7416c: ;   {runtime_call UncommonTrapBlob}
  0x000002666de7416c: c5f8 77e8 

  0x000002666de74170: ; ImmutableOopMap {rbp=Oop [240]=Oop [48]=Oop [56]=Oop [96]=Oop [104]=NarrowOop [152]=Oop }
                      ;*invokevirtual hashCode {reexecute=0 rethrow=0 return_oop=0}
                      ; - net.minecraft.resources.ResourceLocation::hashCode@6 (line 134)
                      ; - java.util.HashMap::hash@9 (line 338)
                      ; - java.util.HashMap::getNode@23 (line 568)
                      ; - java.util.HashMap::get@2 (line 556)
                      ; - net.minecraft.client.resources.model.AtlasSet::getAtlas@5 (line 30)
                      ; - net.minecraft.client.resources.model.ModelManager::getAtlas@23 (line 232)
                      ; - net.minecraft.client.renderer.LevelRenderer::renderLevel@570 (line 1167)
  0x000002666de74170: 8c27 55fe | baf6 ffff | ff48 8be9 | 448b 5424 | 3444 8954 | 2424 4c8b | 5424 384c | 8954 2430 
  0x000002666de74190: 4c8b 5424 | 584c 8954 | 2438 6690 

  0x000002666de7419c: ;   {runtime_call UncommonTrapBlob}
  0x000002666de7419c: c5f8 77e8 

  0x000002666de741a0: ; ImmutableOopMap {rbp=Oop [240]=Oop [48]=Oop [56]=Oop [96]=Oop [104]=NarrowOop [152]=Oop }
                      ;*invokevirtual hashCode {reexecute=0 rethrow=0 return_oop=0}
                      ; - net.minecraft.resources.ResourceLocation::hashCode@14 (line 134)
                      ; - java.util.HashMap::hash@9 (line 338)
                      ; - java.util.HashMap::getNode@23 (line 568)
                      ; - java.util.HashMap::get@2 (line 556)
                      ; - net.minecraft.client.resources.model.AtlasSet::getAtlas@5 (line 30)
                      ; - net.minecraft.client.resources.model.ModelManager::getAtlas@23 (line 232)
                      ; - net.minecraft.client.renderer.LevelRenderer::renderLevel@570 (line 1167)
  0x000002666de741a0: 5c27 55fe | baf6 ffff | ff48 8be9 | 448b 5424 | 3444 8954 | 2424 4c8b | 5424 384c | 8954 2430 
  0x000002666de741c0: 4c8b 5424 | 584c 8954 | 2438 4489 | 5c24 5c90 

  0x000002666de741d0: ;   {runtime_call UncommonTrapBlob}
  0x000002666de741d0: c5f8 77e8 

  0x000002666de741d4: ; ImmutableOopMap {rbp=Oop [240]=Oop [48]=Oop [56]=Oop [92]=NarrowOop [96]=Oop [104]=NarrowOop [152]=Oop }
                      ;*getfield options {reexecute=1 rethrow=0 return_oop=0}
                      ; - (reexecute) net.minecraft.client.renderer.LevelRenderer::renderLevel@578 (line 1167)
  0x000002666de741d4: 2827 55fe | baf6 ffff | ff48 8be9 | 448b 5424 | 3444 8954 | 2424 4c8b | 5424 384c | 8954 2430 
  0x000002666de741f4: 4c8b 5424 | 584c 8954 | 2438 4489 | 5c24 5c90 

  0x000002666de74204: ;   {runtime_call UncommonTrapBlob}
  0x000002666de74204: c5f8 77e8 

  0x000002666de74208: ; ImmutableOopMap {rbp=Oop [240]=Oop [48]=Oop [56]=Oop [92]=NarrowOop [96]=Oop [104]=NarrowOop [152]=Oop }
                      ;*invokevirtual mipmapLevels {reexecute=0 rethrow=0 return_oop=0}
                      ; - net.minecraft.client.renderer.LevelRenderer::renderLevel@581 (line 1167)
  0x000002666de74208: f426 55fe | baf6 ffff | ff48 8be9 | 448b 5424 | 3444 8954 | 2424 4c8b | 5424 384c | 8954 2430 
  0x000002666de74228: 4c8b 5424 | 584c 8954 | 2438 4489 | 5c24 5c90 

  0x000002666de74238: ;   {runtime_call UncommonTrapBlob}
  0x000002666de74238: c5f8 77e8 

  0x000002666de7423c: ; ImmutableOopMap {rbp=Oop [240]=Oop [48]=Oop [56]=Oop [92]=NarrowOop [96]=Oop [104]=NarrowOop [152]=Oop }
                      ;*invokevirtual get {reexecute=0 rethrow=0 return_oop=0}
                      ; - net.minecraft.client.renderer.LevelRenderer::renderLevel@584 (line 1167)
  0x000002666de7423c: c026 55fe | baf4 ffff | ff48 8be9 | 448b 5424 | 3444 8954 | 2424 4c8b | 5424 384c | 8954 2430 
  0x000002666de7425c: 4c8b 5424 | 584c 8954 | 2438 4489 | 5c24 5c90 

  0x000002666de7426c: ;   {runtime_call UncommonTrapBlob}
  0x000002666de7426c: c5f8 77e8 

  0x000002666de74270: ; ImmutableOopMap {rbp=Oop [240]=Oop [48]=Oop [56]=Oop [92]=NarrowOop [96]=Oop [104]=NarrowOop [152]=Oop }
                      ;*checkcast {reexecute=0 rethrow=0 return_oop=0}
                      ; - net.minecraft.client.renderer.LevelRenderer::renderLevel@587 (line 1167)
  0x000002666de74270: 8c26 55fe | baf6 ffff | ff48 8be9 | 448b 5424 | 3444 8954 | 2424 4c8b | 5424 384c | 8954 2430 
  0x000002666de74290: 4c8b 5424 | 584c 8954 | 2438 6690 

  0x000002666de7429c: ;   {runtime_call UncommonTrapBlob}
  0x000002666de7429c: c5f8 77e8 

  0x000002666de742a0: ; ImmutableOopMap {rbp=Oop [240]=Oop [48]=Oop [56]=Oop [96]=Oop [104]=NarrowOop [152]=Oop }
                      ;*invokevirtual setBlurMipmap {reexecute=0 rethrow=0 return_oop=0}
                      ; - net.minecraft.client.renderer.LevelRenderer::renderLevel@601 (line 1167)
  0x000002666de742a0: 5c26 55fe | baf6 ffff | ff48 8be9 | 448b 5424 | 3444 8954 | 2424 4c8b | 5424 384c | 8954 2430 
  0x000002666de742c0: 4c8b 5424 | 584c 8954 | 2438 6690 

  0x000002666de742cc: ;   {runtime_call UncommonTrapBlob}
  0x000002666de742cc: c5f8 77e8 

  0x000002666de742d0: ; ImmutableOopMap {rbp=Oop [240]=Oop [48]=Oop [56]=Oop [96]=Oop [104]=NarrowOop [152]=Oop }
                      ;*getfield binding {reexecute=1 rethrow=0 return_oop=0}
                      ; - (reexecute) com.mojang.blaze3d.platform.GlStateManager::_bindTexture@11 (line 564)
                      ; - net.minecraft.client.renderer.texture.AbstractTexture::bind@22 (line 86)
                      ; - net.minecraft.client.renderer.texture.AbstractTexture::setFilter@59 (line 34)
                      ; - net.minecraft.client.renderer.texture.AbstractTexture::setBlurMipmap@19 (line 46)
                      ; - net.minecraft.client.renderer.LevelRenderer::renderLevel@601 (line 1167)
  0x000002666de742d0: 2c26 55fe | baf6 ffff | ff48 8b6c | 2420 448b | 5424 3444 | 8954 2424 | 4c8b 5424 | 384c 8954 
  0x000002666de742f0: 2430 4c8b | 5424 584c | 8954 2438 

  0x000002666de742fc: ;   {runtime_call UncommonTrapBlob}
  0x000002666de742fc: c5f8 77e8 

  0x000002666de74300: ; ImmutableOopMap {rbp=Oop [240]=Oop [48]=Oop [56]=Oop [96]=Oop [104]=NarrowOop [152]=Oop }
                      ;*invokevirtual getModelManager {reexecute=0 rethrow=0 return_oop=0}
                      ; - net.minecraft.client.renderer.LevelRenderer::renderLevel@624 (line 1169)
  0x000002666de74300: fc25 55fe | baf6 ffff | ff48 8b6c | 2420 448b | 5424 3444 | 8954 2424 | 4c8b 5424 | 384c 8954 
  0x000002666de74320: 2430 4c8b | 5424 584c | 8954 2438 

  0x000002666de7432c: ;   {runtime_call UncommonTrapBlob}
  0x000002666de7432c: c5f8 77e8 

  0x000002666de74330: ; ImmutableOopMap {rbp=Oop [240]=Oop [48]=Oop [56]=Oop [96]=Oop [104]=NarrowOop [152]=Oop }
                      ;*invokevirtual getAtlas {reexecute=0 rethrow=0 return_oop=0}
                      ; - net.minecraft.client.renderer.LevelRenderer::renderLevel@630 (line 1169)
  0x000002666de74330: cc25 55fe | baf6 ffff | ff48 8b6c | 2420 448b | 5424 3444 | 8954 2424 | 4c8b 5424 | 384c 8954 
  0x000002666de74350: 2430 4c8b | 5424 584c | 8954 2438 

  0x000002666de7435c: ;   {runtime_call UncommonTrapBlob}
  0x000002666de7435c: c5f8 77e8 

  0x000002666de74360: ; ImmutableOopMap {rbp=Oop [240]=Oop [48]=Oop [56]=Oop [96]=Oop [104]=NarrowOop [152]=Oop }
                      ;*invokeinterface get {reexecute=0 rethrow=0 return_oop=0}
                      ; - net.minecraft.client.resources.model.AtlasSet::getAtlas@5 (line 30)
                      ; - net.minecraft.client.resources.model.ModelManager::getAtlas@23 (line 232)
                      ; - net.minecraft.client.renderer.LevelRenderer::renderLevel@630 (line 1169)
  0x000002666de74360: 9c25 55fe | baf6 ffff | ff48 8b6c | 2420 448b | 5424 3444 | 8954 2424 | 4c8b 5424 | 384c 8954 
  0x000002666de74380: 2430 4c8b | 5424 584c | 8954 2438 

  0x000002666de7438c: ;   {runtime_call UncommonTrapBlob}
  0x000002666de7438c: c5f8 77e8 

  0x000002666de74390: ; ImmutableOopMap {rbp=Oop [240]=Oop [48]=Oop [56]=Oop [96]=Oop [104]=NarrowOop [152]=Oop }
                      ;*invokevirtual hashCode {reexecute=0 rethrow=0 return_oop=0}
                      ; - net.minecraft.resources.ResourceLocation::hashCode@6 (line 134)
                      ; - java.util.HashMap::hash@9 (line 338)
                      ; - java.util.HashMap::getNode@23 (line 568)
                      ; - java.util.HashMap::get@2 (line 556)
                      ; - net.minecraft.client.resources.model.AtlasSet::getAtlas@5 (line 30)
                      ; - net.minecraft.client.resources.model.ModelManager::getAtlas@23 (line 232)
                      ; - net.minecraft.client.renderer.LevelRenderer::renderLevel@630 (line 1169)
  0x000002666de74390: 6c25 55fe | baf6 ffff | ff48 8b6c | 2420 448b | 5424 3444 | 8954 2424 | 4c8b 5424 | 384c 8954 
  0x000002666de743b0: 2430 4c8b | 5424 584c | 8954 2438 

  0x000002666de743bc: ;   {runtime_call UncommonTrapBlob}
  0x000002666de743bc: c5f8 77e8 

  0x000002666de743c0: ; ImmutableOopMap {rbp=Oop [240]=Oop [48]=Oop [56]=Oop [96]=Oop [104]=NarrowOop [152]=Oop }
                      ;*invokevirtual hashCode {reexecute=0 rethrow=0 return_oop=0}
                      ; - net.minecraft.resources.ResourceLocation::hashCode@14 (line 134)
                      ; - java.util.HashMap::hash@9 (line 338)
                      ; - java.util.HashMap::getNode@23 (line 568)
                      ; - java.util.HashMap::get@2 (line 556)
                      ; - net.minecraft.client.resources.model.AtlasSet::getAtlas@5 (line 30)
                      ; - net.minecraft.client.resources.model.ModelManager::getAtlas@23 (line 232)
                      ; - net.minecraft.client.renderer.LevelRenderer::renderLevel@630 (line 1169)
  0x000002666de743c0: 3c25 55fe | baf6 ffff | ff48 8b6c | 2420 448b | 5424 3444 | 8954 2424 | 4c8b 5424 | 384c 8954 
  0x000002666de743e0: 2430 4c8b | 5424 584c | 8954 2438 

  0x000002666de743ec: ;   {runtime_call UncommonTrapBlob}
  0x000002666de743ec: c5f8 77e8 

  0x000002666de743f0: ; ImmutableOopMap {rbp=Oop [240]=Oop [48]=Oop [56]=Oop [96]=Oop [104]=NarrowOop [152]=Oop }
                      ;*invokevirtual restoreLastBlurMipmap {reexecute=0 rethrow=0 return_oop=0}
                      ; - net.minecraft.client.renderer.LevelRenderer::renderLevel@633 (line 1169)
  0x000002666de743f0: 0c25 55fe | baf6 ffff | ff48 8b6c | 2420 448b | 5424 3444 | 8954 2424 | 4c8b 5424 | 384c 8954 
  0x000002666de74410: 2430 4c8b | 5424 584c | 8954 2438 

  0x000002666de7441c: ;   {runtime_call UncommonTrapBlob}
  0x000002666de7441c: c5f8 77e8 

  0x000002666de74420: ; ImmutableOopMap {rbp=Oop [240]=Oop [48]=Oop [56]=Oop [96]=Oop [104]=NarrowOop [152]=Oop }
                      ;*getfield binding {reexecute=1 rethrow=0 return_oop=0}
                      ; - (reexecute) com.mojang.blaze3d.platform.GlStateManager::_bindTexture@11 (line 564)
                      ; - net.minecraft.client.renderer.texture.AbstractTexture::bind@22 (line 86)
                      ; - net.minecraft.client.renderer.texture.AbstractTexture::setFilter@59 (line 34)
                      ; - net.minecraft.client.renderer.texture.AbstractTexture::restoreLastBlurMipmap@9 (line 50)
                      ; - net.minecraft.client.renderer.LevelRenderer::renderLevel@633 (line 1169)
  0x000002666de74420: dc24 55fe | baf6 ffff | ff4c 8b54 | 2460 4c89 | 9424 f800 | 0000 448b | 5424 3444 | 8954 2424 
  0x000002666de74440: 4c8b 5424 | 384c 8954 | 2430 4c8b | 5424 584c | 8954 2438 

  0x000002666de74454: ;   {runtime_call UncommonTrapBlob}
  0x000002666de74454: c5f8 77e8 

  0x000002666de74458: ; ImmutableOopMap {rbp=Oop [240]=Oop [248]=Oop [48]=Oop [56]=Oop [104]=NarrowOop [144]=Oop [152]=Oop }
                      ;*invokeinterface iterator {reexecute=0 rethrow=0 return_oop=0}
                      ; - net.minecraft.client.renderer.LevelRenderer::renderLevel@814 (line 1198)
  0x000002666de74458: a424 55fe | baf6 ffff | ff4c 8b54 | 2460 4c89 | 9424 f800 | 0000 448b | 5424 3444 | 8954 2424 
  0x000002666de74478: 4c8b 5424 | 384c 8954 | 2430 4c8b | 5424 584c | 8954 2438 

  0x000002666de7448c: ;   {runtime_call UncommonTrapBlob}
  0x000002666de7448c: c5f8 77e8 

  0x000002666de74490: ; ImmutableOopMap {rbp=Oop [240]=Oop [248]=Oop [48]=Oop [56]=Oop [104]=NarrowOop [144]=Oop [152]=Oop }
                      ;*invokeinterface hasNext {reexecute=0 rethrow=0 return_oop=0}
                      ; - net.minecraft.client.renderer.LevelRenderer::renderLevel@823 (line 1198)
  0x000002666de74490: 6c24 55fe | baf6 ffff | ff4c 8b54 | 2460 4c89 | 9424 f800 | 0000 448b | 5424 3444 | 8954 2424 
  0x000002666de744b0: 4c8b 5424 | 384c 8954 | 2430 4c8b | 5424 584c | 8954 2438 

  0x000002666de744c4: ;   {runtime_call UncommonTrapBlob}
  0x000002666de744c4: c5f8 77e8 

  0x000002666de744c8: ; ImmutableOopMap {rbp=Oop [240]=Oop [248]=Oop [48]=Oop [56]=Oop [104]=NarrowOop [144]=Oop [152]=Oop }
                      ;*invokeinterface hasNext {reexecute=0 rethrow=0 return_oop=0}
                      ; - net.minecraft.client.renderer.LevelRenderer::renderLevel@1252 (line 1237)
  0x000002666de744c8: 3424 55fe | baf6 ffff | ff49 8be9 | 4c8b 5c24 | 604c 899c | 24f8 0000 | 0044 8b5c | 2434 4489 
  0x000002666de744e8: 5c24 244c | 8b5c 2438 | 4c89 5c24 | 304c 8b5c | 2458 4c89 | 5c24 3844 | 8b44 2468 | 4489 4424 
  0x000002666de74508: 5844 8954 | 2468 6690 

  0x000002666de74510: ;   {runtime_call UncommonTrapBlob}
  0x000002666de74510: c5f8 77e8 

  0x000002666de74514: ; ImmutableOopMap {rbp=Oop [240]=Oop [248]=Oop [48]=Oop [56]=Oop [88]=NarrowOop [104]=NarrowOop [144]=Oop [152]=Oop }
                      ;*invokeinterface iterator {reexecute=0 rethrow=0 return_oop=0}
                      ; - net.minecraft.client.renderer.LevelRenderer::renderLevel@1562 (line 1269)
  0x000002666de74514: e823 55fe | baf6 ffff | ff48 8b6c | 2420 4c8b | 5424 604c | 8994 24f8 | 0000 0044 | 8b54 2434 
  0x000002666de74534: 4489 5424 | 244c 8b54 | 2438 4c89 | 5424 304c | 8b54 2458 | 4c89 5424 | 3844 8b5c | 2468 4489 
  0x000002666de74554: 5c24 5848 | 8944 24f8 | 8b44 246c | 8944 245c | 488b 4424 | f866 6690 

  0x000002666de7456c: ;   {runtime_call UncommonTrapBlob}
  0x000002666de7456c: c5f8 77e8 

  0x000002666de74570: ; ImmutableOopMap {rbp=Oop [240]=Oop [248]=Oop [48]=Oop [56]=Oop [88]=NarrowOop [92]=NarrowOop [144]=Oop [152]=Oop }
                      ;*invokeinterface hasNext {reexecute=0 rethrow=0 return_oop=0}
                      ; - net.minecraft.client.renderer.LevelRenderer::renderLevel@1571 (line 1269)
  0x000002666de74570: 8c23 55fe | baf6 ffff | ff48 8b6c | 2420 4c8b | 5424 604c | 8994 24f8 | 0000 0044 | 8b54 2434 
  0x000002666de74590: 4489 5424 | 244c 8b54 | 2438 4c89 | 5424 304c | 8b54 2458 | 4c89 5424 | 3866 6690 

  0x000002666de745ac: ;   {runtime_call UncommonTrapBlob}
  0x000002666de745ac: c5f8 77e8 

  0x000002666de745b0: ; ImmutableOopMap {rbp=Oop [240]=Oop [248]=Oop [48]=Oop [56]=Oop [104]=NarrowOop [144]=Oop [152]=Oop }
                      ;*invokeinterface long2ObjectEntrySet {reexecute=0 rethrow=0 return_oop=0}
                      ; - net.minecraft.client.renderer.LevelRenderer::renderLevel@1859 (line 1302)
  0x000002666de745b0: 4c23 55fe | baf6 ffff | ff48 8b6c | 2420 4c8b | 5424 604c | 8994 24f8 | 0000 0044 | 8b54 2434 
  0x000002666de745d0: 4489 5424 | 244c 8b54 | 2438 4c89 | 5424 304c | 8b54 2458 | 4c89 5424 | 3866 6690 

  0x000002666de745ec: ;   {runtime_call UncommonTrapBlob}
  0x000002666de745ec: c5f8 77e8 

  0x000002666de745f0: ; ImmutableOopMap {rbp=Oop [240]=Oop [248]=Oop [48]=Oop [56]=Oop [104]=NarrowOop [144]=Oop [152]=Oop }
                      ;*invokeinterface iterator {reexecute=0 rethrow=0 return_oop=0}
                      ; - net.minecraft.client.renderer.LevelRenderer::renderLevel@1864 (line 1302)
  0x000002666de745f0: 0c23 55fe | baf6 ffff | ff48 8b6c | 2420 4c8b | 5424 604c | 8994 24f8 | 0000 0044 | 8b54 2434 
  0x000002666de74610: 4489 5424 | 244c 8b54 | 2438 4c89 | 5424 304c | 8b54 2458 | 4c89 5424 | 3866 6690 

  0x000002666de7462c: ;   {runtime_call UncommonTrapBlob}
  0x000002666de7462c: c5f8 77e8 

  0x000002666de74630: ; ImmutableOopMap {rbp=Oop [240]=Oop [248]=Oop [48]=Oop [56]=Oop [104]=NarrowOop [144]=Oop [152]=Oop }
                      ;*invokeinterface hasNext {reexecute=0 rethrow=0 return_oop=0}
                      ; - net.minecraft.client.renderer.LevelRenderer::renderLevel@1873 (line 1302)
  0x000002666de74630: cc22 55fe | baf6 ffff | ff48 8b6c | 2420 4c8b | 5424 604c | 8994 24f8 | 0000 0044 | 8b54 2434 
  0x000002666de74650: 4489 5424 | 244c 8b54 | 2438 4c89 | 5424 304c | 8b54 2458 | 4c89 5424 | 3866 6690 

  0x000002666de7466c: ;   {runtime_call UncommonTrapBlob}
  0x000002666de7466c: c5f8 77e8 

  0x000002666de74670: ; ImmutableOopMap {rbp=Oop [240]=Oop [248]=Oop [48]=Oop [56]=Oop [104]=NarrowOop [144]=Oop [152]=Oop }
                      ;*getfield hitResult {reexecute=1 rethrow=0 return_oop=0}
                      ; - (reexecute) net.minecraft.client.renderer.LevelRenderer::renderLevel@2159 (line 1323)
  0x000002666de74670: 8c22 55fe | baf6 ffff | ff48 8b6c | 2420 4c8b | 5424 384c | 8954 2430 | 4c8b 5424 | 584c 8954 
  0x000002666de74690: 2438 6690 

  0x000002666de74694: ;   {runtime_call UncommonTrapBlob}
  0x000002666de74694: c5f8 77e8 

  0x000002666de74698: ; ImmutableOopMap {rbp=Oop [240]=Oop [48]=Oop [56]=Oop [96]=Oop [104]=NarrowOop [144]=Oop [152]=Oop }
                      ;*getfield debugRenderer {reexecute=1 rethrow=0 return_oop=0}
                      ; - (reexecute) net.minecraft.client.renderer.LevelRenderer::renderLevel@2322 (line 1337)
  0x000002666de74698: 6422 55fe | baf6 ffff | ff49 8be8 | 4c8b 5424 | 604c 8994 | 24f8 0000 | 004c 8b54 | 2438 4c89 
  0x000002666de746b8: 5424 304c | 8b54 2458 | 4c89 5424 | 3866 6690 

  0x000002666de746c8: ;   {runtime_call UncommonTrapBlob}
  0x000002666de746c8: c5f8 77e8 

  0x000002666de746cc: ; ImmutableOopMap {rbp=Oop [240]=Oop [248]=Oop [48]=Oop [56]=Oop [104]=NarrowOop [144]=Oop [152]=Oop [160]=Oop }
                      ;*getfield particleEngine {reexecute=1 rethrow=0 return_oop=0}
                      ; - (reexecute) net.minecraft.client.renderer.LevelRenderer::renderLevel@2727 (line 1381)
  0x000002666de746cc: 3022 55fe | baf6 ffff | ff48 8b6c | 2420 4c8b | 5424 604c | 8994 24f8 | 0000 004c | 8b54 2438 
  0x000002666de746ec: 4c89 5424 | 304c 8b54 | 2458 4c89 | 5424 3890 

  0x000002666de746fc: ;   {runtime_call UncommonTrapBlob}
  0x000002666de746fc: c5f8 77e8 

  0x000002666de74700: ; ImmutableOopMap {rbp=Oop [240]=Oop [248]=Oop [48]=Oop [56]=Oop [104]=NarrowOop [144]=Oop [152]=Oop [160]=Oop }
                      ;*getfield options {reexecute=1 rethrow=0 return_oop=0}
                      ; - (reexecute) net.minecraft.client.renderer.LevelRenderer::renderLevel@2785 (line 1388)
  0x000002666de74700: fc21 55fe | baf6 ffff | ff48 8bef | 4c89 8424 | f800 0000 | 8b5c 2434 | 895c 2424 | 4c89 4c24 
  0x000002666de74720: 304c 8b44 | 2458 4c89 | 4424 38c5 | fb10 4424 | 70c5 fb11 | 4424 4048 | 8974 2460 | 4c89 5424 
  0x000002666de74740: 6889 4c24 | 7066 6690 

  0x000002666de74748: ;   {runtime_call UncommonTrapBlob}
  0x000002666de74748: c5f8 77e8 

  0x000002666de7474c: ; ImmutableOopMap {rbp=Oop [240]=Oop [248]=Oop [48]=Oop [56]=Oop [96]=Oop [104]=Oop [140]=NarrowOop [152]=Oop }
                      ;*aaload {reexecute=0 rethrow=0 return_oop=0}
                      ; - net.minecraftforge.eventbus.ListenerList::getListeners@5 (line 123)
                      ; - net.minecraftforge.eventbus.EventBus::post@62 (line 308)
                      ; - net.minecraftforge.eventbus.EventBus::post@7 (line 296)
                      ; - net.minecraftforge.client.ForgeHooksClient::dispatchRenderStage@48 (line 288)
                      ; - net.minecraft.client.renderer.LevelRenderer::renderLevel@456 (line 1158)
  0x000002666de7474c: b021 55fe | baf6 ffff | ff48 8bef | 4c89 8424 | f800 0000 | 8b4c 2434 | 894c 2424 | 4c89 4c24 
  0x000002666de7476c: 304c 8b44 | 2458 4c89 | 4424 3848 | 8974 2460 | 4c89 5424 | 6866 6690 

  0x000002666de74784: ;   {runtime_call UncommonTrapBlob}
  0x000002666de74784: c5f8 77e8 

  0x000002666de74788: ; ImmutableOopMap {rbp=Oop [240]=Oop [248]=Oop [48]=Oop [56]=Oop [96]=Oop [104]=Oop [140]=NarrowOop [152]=Oop }
                      ;*invokevirtual getListeners {reexecute=0 rethrow=0 return_oop=0}
                      ; - net.minecraftforge.eventbus.ListenerList::getListeners@6 (line 123)
                      ; - net.minecraftforge.eventbus.EventBus::post@62 (line 308)
                      ; - net.minecraftforge.eventbus.EventBus::post@7 (line 296)
                      ; - net.minecraftforge.client.ForgeHooksClient::dispatchRenderStage@48 (line 288)
                      ; - net.minecraft.client.renderer.LevelRenderer::renderLevel@456 (line 1158)
  0x000002666de74788: 7421 55fe | baf6 ffff | ff48 8bef | 4c89 8424 | f800 0000 | 8b4c 2434 | 894c 2424 | 4c89 4c24 
  0x000002666de747a8: 304c 8b44 | 2458 4c89 | 4424 3844 | 895c 2458 | 4889 7424 | 604c 8954 | 2468 6690 

  0x000002666de747c4: ;   {runtime_call UncommonTrapBlob}
  0x000002666de747c4: c5f8 77e8 

  0x000002666de747c8: ; ImmutableOopMap {rbp=Oop [240]=Oop [248]=Oop [48]=Oop [56]=Oop [88]=NarrowOop [96]=Oop [104]=Oop [152]=Oop }
                      ;*invokevirtual get {reexecute=0 rethrow=0 return_oop=0}
                      ; - net.minecraftforge.eventbus.ListenerList$ListenerListInst::getListeners@15 (line 218)
                      ; - net.minecraftforge.eventbus.ListenerList::getListeners@6 (line 123)
                      ; - net.minecraftforge.eventbus.EventBus::post@62 (line 308)
                      ; - net.minecraftforge.eventbus.EventBus::post@7 (line 296)
                      ; - net.minecraftforge.client.ForgeHooksClient::dispatchRenderStage@48 (line 288)
                      ; - net.minecraft.client.renderer.LevelRenderer::renderLevel@456 (line 1158)
  0x000002666de747c8: 3421 55fe | baf4 ffff | ff48 8bef | 4c89 8424 | f800 0000 | 8b4c 2434 | 894c 2424 | 4c89 4c24 
  0x000002666de747e8: 304c 8b44 | 2458 4c89 | 4424 3844 | 895c 2458 | 4889 7424 | 604c 8954 | 2468 6690 

  0x000002666de74804: ;   {runtime_call UncommonTrapBlob}
  0x000002666de74804: c5f8 77e8 

  0x000002666de74808: ; ImmutableOopMap {rbp=Oop [240]=Oop [248]=Oop [48]=Oop [56]=Oop [88]=NarrowOop [96]=Oop [104]=Oop [152]=Oop }
                      ;*checkcast {reexecute=0 rethrow=0 return_oop=0}
                      ; - net.minecraftforge.eventbus.ListenerList$ListenerListInst::getListeners@18 (line 218)
                      ; - net.minecraftforge.eventbus.ListenerList::getListeners@6 (line 123)
                      ; - net.minecraftforge.eventbus.EventBus::post@62 (line 308)
                      ; - net.minecraftforge.eventbus.EventBus::post@7 (line 296)
                      ; - net.minecraftforge.client.ForgeHooksClient::dispatchRenderStage@48 (line 288)
                      ; - net.minecraft.client.renderer.LevelRenderer::renderLevel@456 (line 1158)
  0x000002666de74808: f420 55fe | baf4 ffff | ff48 8b6c | 2420 4c8b | 5424 604c | 8994 24f8 | 0000 0044 | 8b54 2434 
  0x000002666de74828: 4489 5424 | 244c 8b54 | 2438 4c89 | 5424 304c | 8b54 2458 | 4c89 5424 | 38c5 fb10 | 4424 70c5 
  0x000002666de74848: fb11 4424 | 4044 8b5c | 2468 4489 | 5c24 5890 

  0x000002666de74858: ;   {runtime_call UncommonTrapBlob}
  0x000002666de74858: c5f8 77e8 

  0x000002666de7485c: ; ImmutableOopMap {rbp=Oop [240]=Oop [248]=Oop [48]=Oop [56]=Oop [88]=NarrowOop [144]=Oop [152]=Oop [160]=Oop [168]=Oop }
                      ;*instanceof {reexecute=0 rethrow=0 return_oop=0}
                      ; - net.minecraft.client.renderer.LevelRenderer::renderLevel@932 (line 1201)
  0x000002666de7485c: a020 55fe | baf4 ffff | ff48 8b6c | 2420 4c8b | 5424 604c | 8994 24f8 | 0000 0044 | 8b54 2434 
  0x000002666de7487c: 4489 5424 | 244c 8b54 | 2438 4c89 | 5424 304c | 8b54 2458 | 4c89 5424 | 38c5 fb10 | 4424 70c5 
  0x000002666de7489c: fb11 4424 | 4044 8b5c | 2468 4489 | 5c24 5890 

  0x000002666de748ac: ;   {runtime_call UncommonTrapBlob}
  0x000002666de748ac: c5f8 77e8 

  0x000002666de748b0: ; ImmutableOopMap {rbp=Oop [240]=Oop [248]=Oop [48]=Oop [56]=Oop [88]=NarrowOop [144]=Oop [152]=Oop [160]=Oop [168]=Oop }
                      ;*checkcast {reexecute=0 rethrow=0 return_oop=0}
                      ; - net.minecraft.client.renderer.LevelRenderer::renderLevel@943 (line 1201)
  0x000002666de748b0: 4c20 55fe | baf6 ffff | ff48 8b6c | 2420 4c8b | 5424 284c | 8954 2420 | 448b 5424 | 3444 8954 
  0x000002666de748d0: 242c 4c89 | 7424 3090 

  0x000002666de748d8: ;   {runtime_call UncommonTrapBlob}
  0x000002666de748d8: c5f8 77e8 

  0x000002666de748dc: ; ImmutableOopMap {rbp=Oop [240]=Oop [248]=Oop [32]=Oop [48]=Oop [112]=Oop }
                      ;*invokevirtual getProfiler {reexecute=0 rethrow=0 return_oop=0}
                      ; - net.minecraft.server.level.ServerLevel$$Lambda$8112/0x0000026601fc7368::get@4
                      ; - net.minecraft.world.level.Level::getProfiler@4 (line 924)
                      ; - net.minecraft.client.renderer.LevelRenderer::renderLevel@55 (line 1120)
  0x000002666de748dc: 2020 55fe | ba45 ffff | ff48 8b6c | 2420 4c8b | 4424 284c | 8944 2420 | 448b 4c24 | 3444 894c 
  0x000002666de748fc: 242c 4c89 | 7424 304c | 895c 2448 | 4489 5424 | 5066 6690 

  0x000002666de74910: ;   {runtime_call UncommonTrapBlob}
  0x000002666de74910: c5f8 77e8 

  0x000002666de74914: ; ImmutableOopMap {rbp=Oop [240]=Oop [248]=Oop [32]=Oop [48]=Oop [72]=Oop [80]=NarrowOop [88]=Oop [112]=Oop }
                      ;*ifnull {reexecute=1 rethrow=0 return_oop=0}
                      ; - (reexecute) net.minecraft.world.level.lighting.LevelLightEngine::runLightUpdates@6 (line 47)
                      ; - net.minecraft.client.renderer.LevelRenderer::renderLevel@97 (line 1124)
  0x000002666de74914: e81f 55fe | ba45 ffff | ff48 8b6c | 2420 4c8b | 4424 284c | 8944 2420 | 448b 4424 | 3444 8944 
  0x000002666de74934: 242c 4c8b | 4424 384c | 8944 2430 | 4c89 5424 | 4844 895c | 2454 6690 

  0x000002666de7494c: ;   {runtime_call UncommonTrapBlob}
  0x000002666de7494c: c5f8 77e8 

  0x000002666de74950: ; ImmutableOopMap {rbp=Oop [240]=Oop [248]=Oop [32]=Oop [48]=Oop [72]=Oop [84]=NarrowOop [88]=Oop [112]=Oop }
                      ;*ifnull {reexecute=1 rethrow=0 return_oop=0}
                      ; - (reexecute) net.minecraft.world.level.lighting.LevelLightEngine::runLightUpdates@23 (line 51)
                      ; - net.minecraft.client.renderer.LevelRenderer::renderLevel@97 (line 1124)
  0x000002666de74950: ac1f 55fe | ba45 ffff | ff48 8b6c | 2420 4c89 | 5c24 2044 | 8b5c 2434 | 4489 5c24 | 2c48 895c 
  0x000002666de74970: 2430 4c8b | 5424 584c | 8954 2438 | c5fb 1154 | 2440 c5fb | 1164 2448 | c5fb 115c | 2450 4489 
  0x000002666de74990: 4424 6044 | 894c 2468 

  0x000002666de74998: ;   {runtime_call UncommonTrapBlob}
  0x000002666de74998: c5f8 77e8 

  0x000002666de7499c: ; ImmutableOopMap {rbp=Oop [240]=Oop [248]=Oop [32]=Oop [48]=Oop [56]=Oop [96]=NarrowOop [104]=NarrowOop [112]=Oop }
                      ;*ifnonnull {reexecute=1 rethrow=0 return_oop=0}
                      ; - (reexecute) java.util.ArrayDeque::getLast@20 (line 412)
                      ; - com.mojang.blaze3d.vertex.PoseStack::last@4 (line 70)
                      ; - net.minecraft.client.renderer.LevelRenderer::renderLevel@130 (line 1129)
  0x000002666de7499c: 601f 55fe | ba45 ffff | ff49 8be8 | 4c8b 5424 | 604c 8994 | 24f8 0000 | 0044 8b54 | 2434 4489 
  0x000002666de749bc: 5424 244c | 8b54 2438 | 4c89 5424 | 304c 8b54 | 2458 4c89 | 5424 38c5 | fb10 4424 | 70c5 fb11 
  0x000002666de749dc: 4424 4044 | 8b5c 2468 | 4489 5c24 | 5c89 4c24 | 6844 894c | 246c 6690 

  0x000002666de749f4: ;   {runtime_call UncommonTrapBlob}
  0x000002666de749f4: c5f8 77e8 

  0x000002666de749f8: ; ImmutableOopMap {rbp=Oop [240]=Oop [248]=Oop [48]=Oop [56]=Oop [92]=NarrowOop [104]=NarrowOop [108]=NarrowOop [152]=Oop }
                      ;*ifnonnull {reexecute=1 rethrow=0 return_oop=0}
                      ; - (reexecute) net.minecraft.client.player.AbstractClientPlayer::getPlayerInfo@4 (line 61)
                      ; - net.minecraft.client.player.AbstractClientPlayer::isSpectator@1 (line 46)
                      ; - net.minecraft.client.renderer.LevelRenderer::renderLevel@512 (line 1162)
  0x000002666de749f8: 041f 55fe | ba45 ffff | ff48 8be9 | 4c8b 4424 | 604c 8984 | 24f8 0000 | 0044 8b44 | 2434 4489 
  0x000002666de74a18: 4424 244c | 8b44 2438 | 4c89 4424 | 304c 8b44 | 2458 4c89 | 4424 3844 | 8954 245c | 4489 5c24 
  0x000002666de74a38: 6066 6690 

  0x000002666de74a3c: ;   {runtime_call UncommonTrapBlob}
  0x000002666de74a3c: c5f8 77e8 

  0x000002666de74a40: ; ImmutableOopMap {rbp=Oop [240]=Oop [248]=Oop [48]=Oop [56]=Oop [92]=NarrowOop [96]=NarrowOop [104]=NarrowOop [152]=Oop }
                      ;*ifnonnull {reexecute=1 rethrow=0 return_oop=0}
                      ; - (reexecute) net.minecraft.client.resources.model.ModelManager::getAtlas@4 (line 231)
                      ; - net.minecraft.client.renderer.LevelRenderer::renderLevel@570 (line 1167)
  0x000002666de74a40: bc1e 55fe | ba45 ffff | ff48 8b6c | 2420 4c8b | 4424 604c | 8984 24f8 | 0000 0044 | 8b44 2434 
  0x000002666de74a60: 4489 4424 | 244c 8b44 | 2438 4c89 | 4424 304c | 8b44 2458 | 4c89 4424 | 3844 8954 | 245c 4489 
  0x000002666de74a80: 5c24 6090 

  0x000002666de74a84: ;   {runtime_call UncommonTrapBlob}
  0x000002666de74a84: c5f8 77e8 

  0x000002666de74a88: ; ImmutableOopMap {rbp=Oop [240]=Oop [248]=Oop [48]=Oop [56]=Oop [92]=NarrowOop [96]=NarrowOop [104]=NarrowOop [152]=Oop }
                      ;*ifnonnull {reexecute=1 rethrow=0 return_oop=0}
                      ; - (reexecute) net.minecraft.client.resources.model.ModelManager::getAtlas@4 (line 231)
                      ; - net.minecraft.client.renderer.LevelRenderer::renderLevel@630 (line 1169)
  0x000002666de74a88: 741e 55fe | ba45 ffff | ff48 ff74 | 2420 488f | 8424 f800 | 0000 4c8b | 5424 604c | 8954 2420 
  0x000002666de74aa8: 4c8b 5424 | 584c 8954 | 2440 6690 

  0x000002666de74ab4: ;   {runtime_call UncommonTrapBlob}
  0x000002666de74ab4: c5f8 77e8 

  0x000002666de74ab8: ; ImmutableOopMap {rbp=NarrowOop [240]=Oop [248]=Oop [32]=Oop [56]=Oop [64]=Oop [104]=NarrowOop [144]=Oop [152]=Oop }
                      ;*ifnull {reexecute=1 rethrow=0 return_oop=0}
                      ; - (reexecute) net.minecraft.client.renderer.LevelRenderer::renderLevel@2171 (line 1324)
  0x000002666de74ab8: 441e 55fe | baf6 ffff | ff48 8b6c | 2420 4c8b | 5424 604c | 8994 24f8 | 0000 0044 | 8b54 2434 
  0x000002666de74ad8: 4489 5424 | 244c 8b54 | 2438 4c89 | 5424 304c | 8b54 2458 | 4c89 5424 | 38c5 fb10 | 4424 70c5 
  0x000002666de74af8: fb11 4424 | 40c5 fb10 | 4424 78c5 | fb11 4424 | 4844 8b5c | 2468 4489 | 5c24 584c | 8b94 24a8 
  0x000002666de74b18: 0000 004c | 8954 2478 

  0x000002666de74b20: ;   {runtime_call UncommonTrapBlob}
  0x000002666de74b20: c5f8 77e8 

  0x000002666de74b24: ; ImmutableOopMap {rbp=Oop [240]=Oop [248]=Oop [48]=Oop [56]=Oop [88]=NarrowOop [120]=Oop [144]=Oop [152]=Oop [160]=Oop [168]=Oop }
                      ;*getfield player {reexecute=1 rethrow=0 return_oop=0}
                      ; - (reexecute) net.minecraft.client.renderer.LevelRenderer::renderLevel@1124 (line 1217)
  0x000002666de74b24: d81d 55fe | baf4 ffff | ff48 8be9 | 4c8b 5424 | 604c 8994 | 24f8 0000 | 0044 8b54 | 2434 4489 
  0x000002666de74b44: 5424 244c | 8b54 2438 | 4c89 5424 | 304c 8b54 | 2458 4c89 | 5424 3844 | 895c 245c | 4489 4c24 
  0x000002666de74b64: 6066 6690 

  0x000002666de74b68: ;   {runtime_call UncommonTrapBlob}
  0x000002666de74b68: c5f8 77e8 

  0x000002666de74b6c: ; ImmutableOopMap {rbp=Oop [240]=Oop [248]=Oop [48]=Oop [56]=Oop [92]=NarrowOop [104]=NarrowOop [152]=Oop }
                      ;*instanceof {reexecute=0 rethrow=0 return_oop=0}
                      ; - net.minecraft.resources.ResourceLocation::equals@8 (line 125)
                      ; - java.util.HashMap::getNode@63 (line 570)
                      ; - java.util.HashMap::get@2 (line 556)
                      ; - net.minecraft.client.resources.model.AtlasSet::getAtlas@5 (line 30)
                      ; - net.minecraft.client.resources.model.ModelManager::getAtlas@23 (line 232)
                      ; - net.minecraft.client.renderer.LevelRenderer::renderLevel@570 (line 1167)
  0x000002666de74b6c: 901d 55fe | baf6 ffff | ff48 898c | 24f8 0000 | 004c 8b54 | 2460 4c89 | 5424 2044 | 8b54 2434 
  0x000002666de74b8c: 4489 5424 | 2c4c 8b54 | 2458 4c89 | 5424 4090 

  0x000002666de74b9c: ;   {runtime_call UncommonTrapBlob}
  0x000002666de74b9c: c5f8 77e8 

  0x000002666de74ba0: ; ImmutableOopMap {rbp=NarrowOop [240]=Oop [248]=Oop [32]=Oop [56]=Oop [64]=Oop [104]=NarrowOop [152]=Oop }
                      ;*invokevirtual equals {reexecute=0 rethrow=0 return_oop=0}
                      ; - net.minecraft.resources.ResourceLocation::equals@29 (line 129)
                      ; - java.util.HashMap::getNode@63 (line 570)
                      ; - java.util.HashMap::get@2 (line 556)
                      ; - net.minecraft.client.resources.model.AtlasSet::getAtlas@5 (line 30)
                      ; - net.minecraft.client.resources.model.ModelManager::getAtlas@23 (line 232)
                      ; - net.minecraft.client.renderer.LevelRenderer::renderLevel@570 (line 1167)
  0x000002666de74ba0: 5c1d 55fe | baf4 ffff | ff48 8b6c | 2420 4c8b | 5424 604c | 8994 24f8 | 0000 0044 | 8b54 2434 
  0x000002666de74bc0: 4489 5424 | 244c 8b54 | 2438 4c89 | 5424 304c | 8b54 2458 | 4c89 5424 | 3844 894c | 245c 4489 
  0x000002666de74be0: 7424 6090 

  0x000002666de74be4: ;   {runtime_call UncommonTrapBlob}
  0x000002666de74be4: c5f8 77e8 

  0x000002666de74be8: ; ImmutableOopMap {rbp=Oop [240]=Oop [248]=Oop [48]=Oop [56]=Oop [92]=NarrowOop [104]=NarrowOop [152]=Oop }
                      ;*instanceof {reexecute=0 rethrow=0 return_oop=0}
                      ; - net.minecraft.resources.ResourceLocation::equals@8 (line 125)
                      ; - java.util.HashMap::getNode@63 (line 570)
                      ; - java.util.HashMap::get@2 (line 556)
                      ; - net.minecraft.client.resources.model.AtlasSet::getAtlas@5 (line 30)
                      ; - net.minecraft.client.resources.model.ModelManager::getAtlas@23 (line 232)
                      ; - net.minecraft.client.renderer.LevelRenderer::renderLevel@630 (line 1169)
  0x000002666de74be8: 141d 55fe | baf6 ffff | ff4c 8b54 | 2420 4c89 | 9424 f800 | 0000 4c8b | 5424 604c | 8954 2420 
  0x000002666de74c08: 448b 5424 | 3444 8954 | 242c 4c8b | 5424 584c | 8954 2440 

  0x000002666de74c1c: ;   {runtime_call UncommonTrapBlob}
  0x000002666de74c1c: c5f8 77e8 

  0x000002666de74c20: ; ImmutableOopMap {rbp=NarrowOop [240]=Oop [248]=Oop [32]=Oop [56]=Oop [64]=Oop [104]=NarrowOop [152]=Oop }
                      ;*invokevirtual equals {reexecute=0 rethrow=0 return_oop=0}
                      ; - net.minecraft.resources.ResourceLocation::equals@29 (line 129)
                      ; - java.util.HashMap::getNode@63 (line 570)
                      ; - java.util.HashMap::get@2 (line 556)
                      ; - net.minecraft.client.resources.model.AtlasSet::getAtlas@5 (line 30)
                      ; - net.minecraft.client.resources.model.ModelManager::getAtlas@23 (line 232)
                      ; - net.minecraft.client.renderer.LevelRenderer::renderLevel@630 (line 1169)
  0x000002666de74c20: dc1c 55fe | baf6 ffff | ff48 8be9 | 448b 5c24 | 3444 895c | 2424 4c8b | 5424 384c | 8954 2430 
  0x000002666de74c40: 4c8b 5424 | 584c 8954 | 2438 6690 

  0x000002666de74c4c: ;   {runtime_call UncommonTrapBlob}
  0x000002666de74c4c: c5f8 77e8 

  0x000002666de74c50: ; ImmutableOopMap {rbp=Oop [240]=Oop [48]=Oop [56]=Oop [96]=Oop [104]=NarrowOop [152]=Oop }
                      ;*arraylength {reexecute=0 rethrow=0 return_oop=0}
                      ; - java.lang.StringLatin1::hashCode@5 (line 196)
                      ; - java.lang.String::hashCode@27 (line 2344)
                      ; - net.minecraft.resources.ResourceLocation::hashCode@6 (line 134)
                      ; - java.util.HashMap::hash@9 (line 338)
                      ; - java.util.HashMap::getNode@23 (line 568)
                      ; - java.util.HashMap::get@2 (line 556)
                      ; - net.minecraft.client.resources.model.AtlasSet::getAtlas@5 (line 30)
                      ; - net.minecraft.client.resources.model.ModelManager::getAtlas@23 (line 232)
                      ; - net.minecraft.client.renderer.LevelRenderer::renderLevel@570 (line 1167)
  0x000002666de74c50: ac1c 55fe | baf6 ffff | ff48 8be9 | 448b 5c24 | 3444 895c | 2424 4c8b | 5424 384c | 8954 2430 
  0x000002666de74c70: 4c8b 5424 | 584c 8954 | 2438 6690 

  0x000002666de74c7c: ;   {runtime_call UncommonTrapBlob}
  0x000002666de74c7c: c5f8 77e8 

  0x000002666de74c80: ; ImmutableOopMap {rbp=Oop [240]=Oop [48]=Oop [56]=Oop [96]=Oop [104]=NarrowOop [152]=Oop }
                      ;*arraylength {reexecute=0 rethrow=0 return_oop=0}
                      ; - java.lang.StringLatin1::hashCode@5 (line 196)
                      ; - java.lang.String::hashCode@27 (line 2344)
                      ; - net.minecraft.resources.ResourceLocation::hashCode@14 (line 134)
                      ; - java.util.HashMap::hash@9 (line 338)
                      ; - java.util.HashMap::getNode@23 (line 568)
                      ; - java.util.HashMap::get@2 (line 556)
                      ; - net.minecraft.client.resources.model.AtlasSet::getAtlas@5 (line 30)
                      ; - net.minecraft.client.resources.model.ModelManager::getAtlas@23 (line 232)
                      ; - net.minecraft.client.renderer.LevelRenderer::renderLevel@570 (line 1167)
  0x000002666de74c80: 7c1c 55fe | baf6 ffff | ff48 8b6c | 2420 448b | 5424 3444 | 8954 2424 | 4c8b 5424 | 384c 8954 
  0x000002666de74ca0: 2430 4c8b | 5424 584c | 8954 2438 

  0x000002666de74cac: ;   {runtime_call UncommonTrapBlob}
  0x000002666de74cac: c5f8 77e8 

  0x000002666de74cb0: ; ImmutableOopMap {rbp=Oop [240]=Oop [48]=Oop [56]=Oop [96]=Oop [104]=NarrowOop [152]=Oop }
                      ;*arraylength {reexecute=0 rethrow=0 return_oop=0}
                      ; - java.lang.StringLatin1::hashCode@5 (line 196)
                      ; - java.lang.String::hashCode@27 (line 2344)
                      ; - net.minecraft.resources.ResourceLocation::hashCode@6 (line 134)
                      ; - java.util.HashMap::hash@9 (line 338)
                      ; - java.util.HashMap::getNode@23 (line 568)
                      ; - java.util.HashMap::get@2 (line 556)
                      ; - net.minecraft.client.resources.model.AtlasSet::getAtlas@5 (line 30)
                      ; - net.minecraft.client.resources.model.ModelManager::getAtlas@23 (line 232)
                      ; - net.minecraft.client.renderer.LevelRenderer::renderLevel@630 (line 1169)
  0x000002666de74cb0: 4c1c 55fe | baf6 ffff | ff48 8b6c | 2420 448b | 5c24 3444 | 895c 2424 | 4c8b 5424 | 384c 8954 
  0x000002666de74cd0: 2430 4c8b | 5424 584c | 8954 2438 

  0x000002666de74cdc: ;   {runtime_call UncommonTrapBlob}
  0x000002666de74cdc: c5f8 77e8 

  0x000002666de74ce0: ; ImmutableOopMap {rbp=Oop [240]=Oop [48]=Oop [56]=Oop [96]=Oop [104]=NarrowOop [152]=Oop }
                      ;*arraylength {reexecute=0 rethrow=0 return_oop=0}
                      ; - java.lang.StringLatin1::hashCode@5 (line 196)
                      ; - java.lang.String::hashCode@27 (line 2344)
                      ; - net.minecraft.resources.ResourceLocation::hashCode@14 (line 134)
                      ; - java.util.HashMap::hash@9 (line 338)
                      ; - java.util.HashMap::getNode@23 (line 568)
                      ; - java.util.HashMap::get@2 (line 556)
                      ; - net.minecraft.client.resources.model.AtlasSet::getAtlas@5 (line 30)
                      ; - net.minecraft.client.resources.model.ModelManager::getAtlas@23 (line 232)
                      ; - net.minecraft.client.renderer.LevelRenderer::renderLevel@630 (line 1169)
  0x000002666de74ce0: 1c1c 55fe | ba45 ffff | ff48 ff74 | 2420 488f | 8424 f800 | 0000 4c8b | 5424 604c | 8954 2420 
  0x000002666de74d00: 4c8b 5424 | 584c 8954 | 2440 6690 

  0x000002666de74d0c: ;   {runtime_call UncommonTrapBlob}
  0x000002666de74d0c: c5f8 77e8 

  0x000002666de74d10: ; ImmutableOopMap {rbp=NarrowOop [240]=Oop [248]=Oop [32]=Oop [56]=Oop [64]=Oop [104]=NarrowOop [144]=Oop [152]=Oop }
                      ;*ifnull {reexecute=1 rethrow=0 return_oop=0}
                      ; - (reexecute) net.minecraft.client.renderer.LevelRenderer::renderLevel@2291 (line 1333)
  0x000002666de74d10: ec1b 55fe | baf4 ffff | ffc4 e1f9 | 7ec5 4c8b | 5424 604c | 8994 24f8 | 0000 0044 | 8b54 2434 
  0x000002666de74d30: 4489 5424 | 244c 8b54 | 2438 4c89 | 5424 304c | 8b54 2458 | 4c89 5424 | 384c 8974 | 2460 6690 
  0x000002666de74d50: ;   {runtime_call UncommonTrapBlob}
  0x000002666de74d50: c5f8 77e8 

  0x000002666de74d54: ; ImmutableOopMap {rbp=Oop [240]=Oop [248]=Oop [48]=Oop [56]=Oop [96]=Oop [104]=NarrowOop [152]=Oop }
                      ;*instanceof {reexecute=0 rethrow=0 return_oop=0}
                      ; - net.minecraft.resources.ResourceLocation::equals@8 (line 125)
                      ; - java.util.HashMap::getNode@128 (line 577)
                      ; - java.util.HashMap::get@2 (line 556)
                      ; - net.minecraft.client.resources.model.AtlasSet::getAtlas@5 (line 30)
                      ; - net.minecraft.client.resources.model.ModelManager::getAtlas@23 (line 232)
                      ; - net.minecraft.client.renderer.LevelRenderer::renderLevel@570 (line 1167)
  0x000002666de74d54: a81b 55fe | baf4 ffff | ff48 8b6c | 2420 4c8b | 5424 604c | 8994 24f8 | 0000 0044 | 8b54 2434 
  0x000002666de74d74: 4489 5424 | 244c 8b54 | 2438 4c89 | 5424 304c | 8b54 2458 | 4c89 5424 | 38c5 fb11 | 4424 6044 
  0x000002666de74d94: 8974 245c 

  0x000002666de74d98: ;   {runtime_call UncommonTrapBlob}
  0x000002666de74d98: c5f8 77e8 

  0x000002666de74d9c: ; ImmutableOopMap {rbp=Oop [240]=Oop [248]=Oop [48]=Oop [56]=Oop [96]=Oop [104]=NarrowOop [152]=Oop }
                      ;*instanceof {reexecute=0 rethrow=0 return_oop=0}
                      ; - net.minecraft.resources.ResourceLocation::equals@8 (line 125)
                      ; - java.util.HashMap::getNode@128 (line 577)
                      ; - java.util.HashMap::get@2 (line 556)
                      ; - net.minecraft.client.resources.model.AtlasSet::getAtlas@5 (line 30)
                      ; - net.minecraft.client.resources.model.ModelManager::getAtlas@23 (line 232)
                      ; - net.minecraft.client.renderer.LevelRenderer::renderLevel@630 (line 1169)
  0x000002666de74d9c: 601b 55fe | baf6 ffff | ff48 8b6c | 2420 4c8b | 5424 284c | 8954 2420 | 448b 5424 | 3444 8954 
  0x000002666de74dbc: 242c 4c89 | 7424 3090 

  0x000002666de74dc4: ;   {runtime_call UncommonTrapBlob}
  0x000002666de74dc4: c5f8 77e8 

  0x000002666de74dc8: ; ImmutableOopMap {rbp=Oop [240]=Oop [248]=Oop [32]=Oop [48]=Oop [112]=Oop }
                      ;*invokevirtual getProfiler {reexecute=0 rethrow=0 return_oop=0}
                      ; - net.minecraft.client.multiplayer.ClientPacketListener$$Lambda$8914/0x0000026602160000::get@4
                      ; - net.minecraft.world.level.Level::getProfiler@4 (line 924)
                      ; - net.minecraft.client.renderer.LevelRenderer::renderLevel@55 (line 1120)
  0x000002666de74dc8: 341b 55fe | baf6 ffff | ff48 898c | 24f8 0000 | 004c 8b54 | 2460 4c89 | 5424 2044 | 8b54 2434 
  0x000002666de74de8: 4489 5424 | 2c4c 8b54 | 2458 4c89 | 5424 4090 

  0x000002666de74df8: ;   {runtime_call UncommonTrapBlob}
  0x000002666de74df8: c5f8 77e8 

  0x000002666de74dfc: ; ImmutableOopMap {rbp=NarrowOop [240]=Oop [248]=Oop [32]=Oop [56]=Oop [64]=Oop [104]=NarrowOop [152]=Oop }
                      ;*invokevirtual equals {reexecute=0 rethrow=0 return_oop=0}
                      ; - net.minecraft.resources.ResourceLocation::equals@43 (line 129)
                      ; - java.util.HashMap::getNode@63 (line 570)
                      ; - java.util.HashMap::get@2 (line 556)
                      ; - net.minecraft.client.resources.model.AtlasSet::getAtlas@5 (line 30)
                      ; - net.minecraft.client.resources.model.ModelManager::getAtlas@23 (line 232)
                      ; - net.minecraft.client.renderer.LevelRenderer::renderLevel@570 (line 1167)
  0x000002666de74dfc: 001b 55fe | baf6 ffff | ff4c 8b54 | 2420 4c89 | 9424 f800 | 0000 4c8b | 5424 604c | 8954 2420 
  0x000002666de74e1c: 448b 5424 | 3444 8954 | 242c 4c8b | 5424 584c | 8954 2440 

  0x000002666de74e30: ;   {runtime_call UncommonTrapBlob}
  0x000002666de74e30: c5f8 77e8 

  0x000002666de74e34: ; ImmutableOopMap {rbp=NarrowOop [240]=Oop [248]=Oop [32]=Oop [56]=Oop [64]=Oop [104]=NarrowOop [152]=Oop }
                      ;*invokevirtual equals {reexecute=0 rethrow=0 return_oop=0}
                      ; - net.minecraft.resources.ResourceLocation::equals@43 (line 129)
                      ; - java.util.HashMap::getNode@63 (line 570)
                      ; - java.util.HashMap::get@2 (line 556)
                      ; - net.minecraft.client.resources.model.AtlasSet::getAtlas@5 (line 30)
                      ; - net.minecraft.client.resources.model.ModelManager::getAtlas@23 (line 232)
                      ; - net.minecraft.client.renderer.LevelRenderer::renderLevel@630 (line 1169)
  0x000002666de74e34: c81a 55fe | baf6 ffff | ffc5 fb11 | 8424 f800 | 0000 4c8b | 5424 604c | 8954 2420 | 448b 5424 
  0x000002666de74e54: 3444 8954 | 242c 4c8b | 5424 584c | 8954 2440 

  0x000002666de74e64: ;   {runtime_call UncommonTrapBlob}
  0x000002666de74e64: c5f8 77e8 

  0x000002666de74e68: ; ImmutableOopMap {rbp=NarrowOop [240]=Oop [248]=Oop [32]=Oop [56]=Oop [64]=Oop [104]=NarrowOop [152]=Oop }
                      ;*invokevirtual equals {reexecute=0 rethrow=0 return_oop=0}
                      ; - net.minecraft.resources.ResourceLocation::equals@43 (line 129)
                      ; - java.util.HashMap::getNode@128 (line 577)
                      ; - java.util.HashMap::get@2 (line 556)
                      ; - net.minecraft.client.resources.model.AtlasSet::getAtlas@5 (line 30)
                      ; - net.minecraft.client.resources.model.ModelManager::getAtlas@23 (line 232)
                      ; - net.minecraft.client.renderer.LevelRenderer::renderLevel@570 (line 1167)
  0x000002666de74e68: 941a 55fe | baf6 ffff | ff4c 8b54 | 2420 4c89 | 9424 f800 | 0000 4c8b | 5424 604c | 8954 2420 
  0x000002666de74e88: 448b 5424 | 3444 8954 | 242c 4c8b | 5424 584c | 8954 2440 

  0x000002666de74e9c: ;   {runtime_call UncommonTrapBlob}
  0x000002666de74e9c: c5f8 77e8 

  0x000002666de74ea0: ; ImmutableOopMap {rbp=NarrowOop [240]=Oop [248]=Oop [32]=Oop [56]=Oop [64]=Oop [104]=NarrowOop [152]=Oop }
                      ;*invokevirtual equals {reexecute=0 rethrow=0 return_oop=0}
                      ; - net.minecraft.resources.ResourceLocation::equals@43 (line 129)
                      ; - java.util.HashMap::getNode@128 (line 577)
                      ; - java.util.HashMap::get@2 (line 556)
                      ; - net.minecraft.client.resources.model.AtlasSet::getAtlas@5 (line 30)
                      ; - net.minecraft.client.resources.model.ModelManager::getAtlas@23 (line 232)
                      ; - net.minecraft.client.renderer.LevelRenderer::renderLevel@630 (line 1169)
  0x000002666de74ea0: 5c1a 55fe | baf6 ffff | ff48 8b6c | 2420 4c8b | 5424 284c | 8954 2420 | 448b 5c24 | 3444 895c 
  0x000002666de74ec0: 242c 4c89 | 7424 3090 

  0x000002666de74ec8: ;   {runtime_call UncommonTrapBlob}
  0x000002666de74ec8: c5f8 77e8 

  0x000002666de74ecc: ; ImmutableOopMap {rbp=Oop [240]=Oop [248]=Oop [32]=Oop [48]=Oop [88]=Oop [112]=Oop }
                      ;*arraylength {reexecute=0 rethrow=0 return_oop=0}
                      ; - java.util.Arrays::fill@3 (line 3146)
                      ; - it.unimi.dsi.fastutil.longs.LongOpenHashSet::clear@23 (line 490)
                      ; - net.minecraft.world.level.lighting.LightEngine::runLightUpdates@34 (line 146)
                      ; - net.minecraft.world.level.lighting.LevelLightEngine::runLightUpdates@14 (line 48)
                      ; - net.minecraft.client.renderer.LevelRenderer::renderLevel@97 (line 1124)
  0x000002666de74ecc: 301a 55fe | baf6 ffff | ff48 8b6c | 2420 4c8b | 5424 284c | 8954 2420 | 448b 5424 | 3444 8954 
  0x000002666de74eec: 242c 4c8b | 5424 384c | 8954 2430 

  0x000002666de74ef8: ;   {runtime_call UncommonTrapBlob}
  0x000002666de74ef8: c5f8 77e8 

  0x000002666de74efc: ; ImmutableOopMap {rbp=Oop [240]=Oop [248]=Oop [32]=Oop [48]=Oop [88]=Oop [112]=Oop }
                      ;*arraylength {reexecute=0 rethrow=0 return_oop=0}
                      ; - java.util.Arrays::fill@3 (line 3146)
                      ; - it.unimi.dsi.fastutil.longs.LongOpenHashSet::clear@23 (line 490)
                      ; - net.minecraft.world.level.lighting.LightEngine::runLightUpdates@34 (line 146)
                      ; - net.minecraft.world.level.lighting.LevelLightEngine::runLightUpdates@31 (line 52)
                      ; - net.minecraft.client.renderer.LevelRenderer::renderLevel@97 (line 1124)
  0x000002666de74efc: 001a 55fe | babe ffff | ff48 898c | 24f8 0000 | 004c 8b54 | 2460 4c89 | 5424 2044 | 8b54 2434 
  0x000002666de74f1c: 4489 5424 | 2c4c 8b54 | 2458 4c89 | 5424 4044 | 8b44 2468 | 4489 4424 | 6044 895c | 2464 4489 
  0x000002666de74f3c: 4c24 6890 

  0x000002666de74f40: ;   {runtime_call UncommonTrapBlob}
  0x000002666de74f40: c5f8 77e8 

  0x000002666de74f44: ; ImmutableOopMap {rbp=NarrowOop [240]=Oop [248]=Oop [32]=Oop [56]=Oop [64]=Oop [96]=NarrowOop [100]=NarrowOop [152]=Oop }
                      ;*ifeq {reexecute=1 rethrow=0 return_oop=0}
                      ; - (reexecute) java.util.HashMap::getNode@85 (line 573)
                      ; - java.util.HashMap::get@2 (line 556)
                      ; - net.minecraft.client.resources.model.AtlasSet::getAtlas@5 (line 30)
                      ; - net.minecraft.client.resources.model.ModelManager::getAtlas@23 (line 232)
                      ; - net.minecraft.client.renderer.LevelRenderer::renderLevel@570 (line 1167)
  0x000002666de74f44: b819 55fe | babe ffff | ff4c 8b54 | 2420 4c89 | 9424 f800 | 0000 4c8b | 5424 604c | 8954 2420 
  0x000002666de74f64: 448b 5424 | 3444 8954 | 242c 4c8b | 5424 584c | 8954 2440 | 448b 5c24 | 6844 895c | 2460 4489 
  0x000002666de74f84: 4c24 6444 | 8974 2468 

  0x000002666de74f8c: ;   {runtime_call UncommonTrapBlob}
  0x000002666de74f8c: c5f8 77e8 

  0x000002666de74f90: ; ImmutableOopMap {rbp=NarrowOop [240]=Oop [248]=Oop [32]=Oop [56]=Oop [64]=Oop [96]=NarrowOop [100]=NarrowOop [152]=Oop }
                      ;*ifeq {reexecute=1 rethrow=0 return_oop=0}
                      ; - (reexecute) java.util.HashMap::getNode@85 (line 573)
                      ; - java.util.HashMap::get@2 (line 556)
                      ; - net.minecraft.client.resources.model.AtlasSet::getAtlas@5 (line 30)
                      ; - net.minecraft.client.resources.model.ModelManager::getAtlas@23 (line 232)
                      ; - net.minecraft.client.renderer.LevelRenderer::renderLevel@630 (line 1169)
  0x000002666de74f90: 6c19 55fe | baf6 ffff | ff4c 8b54 | 2428 4c89 | 5424 2044 | 8b54 2434 | 4489 5424 | 2c4c 8b54 
  0x000002666de74fb0: 2438 4c89 | 5424 3090 

  0x000002666de74fb8: ;   {runtime_call UncommonTrapBlob}
  0x000002666de74fb8: c5f8 77e8 

  0x000002666de74fbc: ; ImmutableOopMap {rbp=Oop [240]=Oop [248]=Oop [32]=Oop [48]=Oop [88]=Oop [112]=Oop }
                      ;*invokevirtual isEmpty {reexecute=0 rethrow=0 return_oop=0}
                      ; - net.minecraft.world.level.lighting.LightEngine::propagateIncreases@6 (line 159)
                      ; - net.minecraft.world.level.lighting.LightEngine::runLightUpdates@59 (line 150)
                      ; - net.minecraft.world.level.lighting.LevelLightEngine::runLightUpdates@14 (line 48)
                      ; - net.minecraft.client.renderer.LevelRenderer::renderLevel@97 (line 1124)
  0x000002666de74fbc: 4019 55fe | baf6 ffff | ff48 8b6c | 2420 4c8b | 5424 284c | 8954 2420 | 448b 5424 | 3444 8954 
  0x000002666de74fdc: 242c 4c8b | 5424 384c | 8954 2430 

  0x000002666de74fe8: ;   {runtime_call UncommonTrapBlob}
  0x000002666de74fe8: c5f8 77e8 

  0x000002666de74fec: ; ImmutableOopMap {rbp=Oop [240]=Oop [248]=Oop [32]=Oop [48]=Oop [88]=Oop [112]=Oop }
                      ;*invokevirtual isEmpty {reexecute=0 rethrow=0 return_oop=0}
                      ; - net.minecraft.world.level.lighting.LightEngine::propagateIncreases@6 (line 159)
                      ; - net.minecraft.world.level.lighting.LightEngine::runLightUpdates@59 (line 150)
                      ; - net.minecraft.world.level.lighting.LevelLightEngine::runLightUpdates@31 (line 52)
                      ; - net.minecraft.client.renderer.LevelRenderer::renderLevel@97 (line 1124)
  0x000002666de74fec: 1019 55fe | baf6 ffff | ff4c 8b54 | 2428 4c89 | 5424 2044 | 8b54 2434 | 4489 5424 | 2c4c 8b54 
  0x000002666de7500c: 2438 4c89 | 5424 3090 

  0x000002666de75014: ;   {runtime_call UncommonTrapBlob}
  0x000002666de75014: c5f8 77e8 

  0x000002666de75018: ; ImmutableOopMap {rbp=Oop [240]=Oop [248]=Oop [32]=Oop [48]=Oop [88]=Oop [112]=Oop }
                      ;*invokevirtual isEmpty {reexecute=0 rethrow=0 return_oop=0}
                      ; - net.minecraft.world.level.lighting.LightEngine::propagateDecreases@6 (line 179)
                      ; - net.minecraft.world.level.lighting.LightEngine::runLightUpdates@52 (line 149)
                      ; - net.minecraft.world.level.lighting.LevelLightEngine::runLightUpdates@14 (line 48)
                      ; - net.minecraft.client.renderer.LevelRenderer::renderLevel@97 (line 1124)
  0x000002666de75018: e418 55fe | baf6 ffff | ff48 8b6c | 2420 4c8b | 5424 284c | 8954 2420 | 448b 5424 | 3444 8954 
  0x000002666de75038: 242c 4c8b | 5424 384c | 8954 2430 

  0x000002666de75044: ;   {runtime_call UncommonTrapBlob}
  0x000002666de75044: c5f8 77e8 

  0x000002666de75048: ; ImmutableOopMap {rbp=Oop [240]=Oop [248]=Oop [32]=Oop [48]=Oop [88]=Oop [112]=Oop }
                      ;*invokevirtual isEmpty {reexecute=0 rethrow=0 return_oop=0}
                      ; - net.minecraft.world.level.lighting.LightEngine::propagateDecreases@6 (line 179)
                      ; - net.minecraft.world.level.lighting.LightEngine::runLightUpdates@52 (line 149)
                      ; - net.minecraft.world.level.lighting.LevelLightEngine::runLightUpdates@31 (line 52)
                      ; - net.minecraft.client.renderer.LevelRenderer::renderLevel@97 (line 1124)
  0x000002666de75048: b418 55fe | baf6 ffff | ff48 8bef | 4c89 8424 | f800 0000 | 448b 4424 | 3444 8944 | 2424 4c89 
  0x000002666de75068: 4c24 304c | 8b44 2458 | 4c89 4424 | 38c5 fb10 | 4424 70c5 | fb11 4424 | 40c5 fb10 | 4424 78c5 
  0x000002666de75088: fb11 4424 | 4844 895c | 2458 4889 | 7424 604c | 8954 2468 | 4889 5c24 | 7089 4c24 | 7866 6690 
  0x000002666de750a8: ;   {runtime_call UncommonTrapBlob}
  0x000002666de750a8: c5f8 77e8 

  0x000002666de750ac: ; ImmutableOopMap {rbp=Oop [240]=Oop [248]=Oop [48]=Oop [56]=Oop [88]=NarrowOop [96]=Oop [104]=Oop [112]=Oop [152]=Oop }
                      ;*invokevirtual getClass {reexecute=0 rethrow=0 return_oop=0}
                      ; - net.minecraftforge.eventbus.EventBus::post@87 (line 314)
                      ; - net.minecraftforge.eventbus.EventBus::post@7 (line 296)
                      ; - net.minecraftforge.client.ForgeHooksClient::dispatchRenderStage@48 (line 288)
                      ; - net.minecraft.client.renderer.LevelRenderer::renderLevel@456 (line 1158)
  0x000002666de750ac: 5018 55fe | e95b 0100 | 00e9 5601 | 0000 488b | d0e9 4107 | 0000 e905 | 0700 00e9 | 0007 0000 
  0x000002666de750cc: e9e7 0600 | 00e9 eb06 | 0000 e9f1 | 0600 00e9 | ec06 0000 | e9e7 0600 | 00e9 e206 | 0000 e931 
  0x000002666de750ec: 0100 00e9 | 2c01 0000 | e92f 0100 | 00e9 2a01 | 0000 e9c9 | 0600 00e9 | c406 0000 | e9bf 0600 
  0x000002666de7510c: 00e9 ba06 | 0000 e9f9 | 0000 00e9 | b006 0000 | e9ab 0600 | 00e9 a606 | 0000 e9a1 | 0600 00e9 
  0x000002666de7512c: 9c06 0000 | e997 0600 | 00e9 9206 | 0000 e98d | 0600 00e9 | 8806 0000 | e983 0600 | 00e9 7e06 
  0x000002666de7514c: 0000 e979 | 0600 00e9 | 7406 0000 | e96f 0600 | 00e9 6a06 | 0000 e965 | 0600 0048 | 8984 24b0 
  0x000002666de7516c: ;   {oop(a 'net/minecraftforge/eventbus/EventBus'{0x000000074bbe0050})}
  0x000002666de7516c: 0000 0049 | ba50 00be | 4b07 0000 | 0045 8b5a | 1849 8bd3 | 48c1 e203 | 488b ac24 | f800 0000 
  0x000002666de7518c: 4c8b 5424 | 204c 8994 | 24f8 0000 | 0044 8b5c | 2434 4489 | 5c24 244c | 8b54 2438 | 4c89 5424 
  0x000002666de751ac: 304c 8b54 | 2458 4c89 | 5424 3848 | 8944 24f8 | 8b44 2460 | 8944 2458 | 488b 4424 

  0x000002666de751c8: ;   {oop(a 'net/minecraftforge/eventbus/EventBus'{0x000000074bbe0050})}
  0x000002666de751c8: f849 b850 | 00be 4b07 | 0000 004c | 8b8c 24a0 | 0000 0048 | 8bbc 24a8 | 0000 008b | 7424 6448 
  0x000002666de751e8: 8bc8 48ff | 7424 6848 | 8f44 2460 | 6690 c5f8 | 7748 b8ff | ffff ffff 

  0x000002666de75200: ;   {virtual_call}
  0x000002666de75200: ffff ffe8 

  0x000002666de75204: ; ImmutableOopMap {rbp=Oop [240]=Oop [248]=Oop [48]=Oop [56]=Oop [88]=NarrowOop [96]=Oop [152]=Oop [176]=Oop }
                      ;*invokeinterface handleException {reexecute=0 rethrow=0 return_oop=0}
                      ; - net.minecraftforge.eventbus.EventBus::post@134 (line 320)
                      ; - net.minecraftforge.eventbus.EventBus::post@7 (line 296)
                      ; - net.minecraftforge.client.ForgeHooksClient::dispatchRenderStage@48 (line 288)
                      ; - net.minecraft.client.renderer.LevelRenderer::renderLevel@456 (line 1158)
  0x000002666de75204: 78c4 54fe | 488b 8424 | b000 0000 | 488b d0e9 | eb05 0000 | 488b d0e9 | e305 0000 | 488b d0e9 
  0x000002666de75224: db05 0000 | 488b d0e9 | d305 0000 | 488b d0e9 | cb05 0000 | 488b d0e9 | c305 0000 | 488b d0e9 
  0x000002666de75244: bb05 0000 | 488b d0e9 | b305 0000 | 488b d0e9 | ab05 0000 | 488b d0e9 | a305 0000 | 488b d0e9 
  0x000002666de75264: 9b05 0000 | 488b d0e9 | 9305 0000 | 488b d0e9 | 8b05 0000 | 488b d0e9 | 8305 0000 | 488b d0e9 
  0x000002666de75284: 7b05 0000 | 488b d0e9 | 7305 0000 | 488b d0e9 | 6b05 0000 | 488b d0e9 | 6305 0000 | 488b d0e9 
  0x000002666de752a4: 5b05 0000 | 488b d0e9 | 5305 0000 | 488b d0e9 | 4b05 0000 | 488b d0e9 | 4305 0000 | 488b d0e9 
  0x000002666de752c4: 3b05 0000 | 488b d0e9 | 3305 0000 | 488b d0e9 | 2b05 0000 | 488b d0e9 | 2305 0000 | 488b d0e9 
  0x000002666de752e4: 1b05 0000 | 488b d0e9 | 1305 0000 | 488b d0e9 | 0b05 0000 | 488b d0e9 | 0305 0000 | 488b d0e9 
  0x000002666de75304: fb04 0000 | 488b d0e9 | f304 0000 | 488b d0e9 | eb04 0000 | 488b d0e9 | e304 0000 | 488b d0e9 
  0x000002666de75324: db04 0000 | 488b d0e9 | d304 0000 | 488b d0e9 | cb04 0000 | 488b d0e9 | c304 0000 | 488b d0e9 
  0x000002666de75344: bb04 0000 | 488b d0e9 | b304 0000 | 488b d0e9 | ab04 0000 | 488b d0e9 | a304 0000 | 488b d0e9 
  0x000002666de75364: 9b04 0000 | 488b d0e9 | 9304 0000 | 488b d0e9 | 8b04 0000 | 488b d0e9 | 8304 0000 | 488b d0e9 
  0x000002666de75384: 7b04 0000 | 488b d0e9 | 7304 0000 | 488b d0e9 | 6b04 0000 | 488b d0e9 | 6304 0000 | 488b d0e9 
  0x000002666de753a4: 5b04 0000 | 488b d0e9 | 5304 0000 | 488b d0e9 | 4b04 0000 | 488b d0e9 | 4304 0000 | 488b d0e9 
  0x000002666de753c4: 3b04 0000 | 488b d0e9 | 3304 0000 | 488b d0e9 | 2b04 0000 | 488b d0e9 | 2304 0000 | 488b d0e9 
  0x000002666de753e4: 1b04 0000 | 488b d0e9 | 1304 0000 | 488b d0e9 | 0b04 0000 | 488b d0e9 | 0304 0000 | 488b d0e9 
  0x000002666de75404: fb03 0000 | 488b d0e9 | f303 0000 | 488b d0e9 | eb03 0000 | 488b d0e9 | e303 0000 | 488b d0e9 
  0x000002666de75424: db03 0000 | 488b d0e9 | d303 0000 | 488b d0e9 | cb03 0000 | 488b d0e9 | c303 0000 | 488b d0e9 
  0x000002666de75444: bb03 0000 | 488b d0e9 | b303 0000 | 488b d0e9 | ab03 0000 | 488b d0e9 | a303 0000 | 488b d0e9 
  0x000002666de75464: 9b03 0000 | 488b d0e9 | 9303 0000 | 488b d0e9 | 8b03 0000 | 488b d0e9 | 8303 0000 | 488b d0e9 
  0x000002666de75484: 7b03 0000 | 488b d0e9 | 7303 0000 | 488b d0e9 | 6b03 0000 | 488b d0e9 | 6303 0000 | 488b d0e9 
  0x000002666de754a4: 5b03 0000 | 488b d0e9 | 5303 0000 | 488b d0e9 | 4b03 0000 | 488b d0e9 | 4303 0000 | 488b d0e9 
  0x000002666de754c4: 3b03 0000 | 488b d0e9 | 3303 0000 | 488b d0e9 | 2b03 0000 | 488b d0e9 | 2303 0000 | 488b d0e9 
  0x000002666de754e4: 1b03 0000 | 488b d0e9 | 1303 0000 | 488b d0e9 | 0b03 0000 | 488b d0e9 | 0303 0000 | 488b d0e9 
  0x000002666de75504: fb02 0000 | 488b d0e9 | f302 0000 | 488b d0e9 | eb02 0000 | 488b d0e9 | e302 0000 | 488b d0e9 
  0x000002666de75524: db02 0000 | 488b d0e9 | d302 0000 | 488b d0e9 | cb02 0000 | 488b d0e9 | c302 0000 | 488b d0e9 
  0x000002666de75544: bb02 0000 | 488b d0e9 | b302 0000 | 488b d0e9 | ab02 0000 | 488b d0e9 | a302 0000 | 488b d0e9 
  0x000002666de75564: 9b02 0000 | 488b d0e9 | 9302 0000 | 488b d0e9 | 8b02 0000 | 488b d0e9 | 8302 0000 | 488b d0e9 
  0x000002666de75584: 7b02 0000 | 488b d0e9 | 7302 0000 | 488b d0e9 | 6b02 0000 | 488b d0e9 | 6302 0000 | 488b d0e9 
  0x000002666de755a4: 5b02 0000 | 488b d0e9 | 5302 0000 | 488b d0e9 | 4b02 0000 | 488b d0e9 | 4302 0000 | 488b d0e9 
  0x000002666de755c4: 3b02 0000 | 488b d0e9 | 3302 0000 | 488b d0e9 | 2b02 0000 | 488b d0e9 | 2302 0000 | 488b d0e9 
  0x000002666de755e4: 1b02 0000 | 488b d0e9 | 1302 0000 | 488b d0e9 | 0b02 0000 | 488b d0e9 | 0302 0000 

  0x000002666de75600: ;   {no_reloc}
  0x000002666de75600: 488b d0e9 | fb01 0000 | 488b d0e9 | f301 0000 | 488b d0e9 | eb01 0000 | 488b d0e9 | e301 0000 
  0x000002666de75620: 488b d0e9 | db01 0000 | 488b d0e9 | d301 0000 | 488b d0e9 | cb01 0000 | 488b d0e9 | c301 0000 
  0x000002666de75640: 488b d0e9 | bb01 0000 | 488b d0e9 | b301 0000 | 488b d0e9 | ab01 0000 | 488b d0e9 | a301 0000 
  0x000002666de75660: 488b d0e9 | 9b01 0000 | 488b d0e9 | 9301 0000 | 488b d0e9 | 8b01 0000 | 488b d0e9 | 8301 0000 
  0x000002666de75680: 488b d0e9 | 7b01 0000 | 488b d0e9 | 7301 0000 | 488b d0e9 | 6b01 0000 | 488b d0e9 | 6301 0000 
  0x000002666de756a0: 488b d0e9 | 5b01 0000 | 488b d0e9 | 5301 0000 | 488b d0e9 | 4b01 0000 | 488b d0e9 | 4301 0000 
  0x000002666de756c0: 488b d0e9 | 3b01 0000 | 488b d0e9 | 3301 0000 | 488b d0e9 | 2b01 0000 | 488b d0e9 | 2301 0000 
  0x000002666de756e0: 488b d0e9 | 1b01 0000 | 488b d0e9 | 1301 0000 | 488b d0e9 | 0b01 0000 | 488b d0e9 | 0301 0000 
  0x000002666de75700: 488b d0e9 | fb00 0000 | 488b d8eb | 0348 8bd8 | 4c8b 5c24 | 2848 8d84 | 24d0 0000 | 0048 8138 
  0x000002666de75720: 0000 0000 | 0f84 8300 | 0000 4d8b | 1349 f7c2 | 0200 0000 | 746f 4981 | ba86 0000 | 0000 0000 
  0x000002666de75740: 0074 0949 | ff8a 8600 | 0000 eb51 | 498b 8296 | 0000 0049 | 0b82 8e00 | 0000 750a | 49c7 423e 
  0x000002666de75760: 0000 0000 | eb47 4981 | ba9e 0000 | 0000 0000 | 0074 2548 | 33c0 49c7 | 423e 0000 | 0000 f083 
  0x000002666de75780: 0424 0049 | 81ba 9e00 | 0000 0000 | 0000 750d | f04d 0fb1 | 7a3e 7505 | 83c8 01eb | 10f7 c000 
  0x000002666de757a0: 0000                                                                                                                                                                                                                                                                                                                                                                                                                                                                                                                                                                                                                                                                                                                                                                                                                                                                                                                                                                                                                                                                                                                                                                                                                                                                                                                                                                                                                                                                                                                                                                                                                                                                                                                                                                                                                                                                                                                                                                                                                                                                                                                                                                                                                                                                                                                                                                                                                                                                                                                                                                                                                                                                                                                                                                                                                                                                                                                                                                                                                                                                                                                                                                                                                                                                                                                                                                                                                                                                                                                                                                                                                                                                                                                                                                                                                                                                                                                                                                                                                                                                                                                                                                                                                                                                                                                                                                                                                                                                                                                                                                                                                                                                                                                                                                                                                                                                                                                                                                                                                                                                                                                                                                                                                                                                                                                                                                                                                                                                                                                                                                                                                                                                                                                                                                                                                                                                                                                                                                                                                                                                                                                                                                                                                                                                                                                                                                                                                                                                                                                                                                                                                                                                                                                                                                                                                                                                                                                                                                                                                                                                                                                                                                                                                                                                                                                                                                                                                                                                                                                                                                                                                                                                                                                                                                                                                                                                                                                                                                                                                                                                                                                                                                                                                                                                                                                                                                                                                                                                                                                                                                                                                                                                                                                                                                                                                                                                                                                                                                                                                                                                                                                                                                                                                                                                                                                                                                                                                                                                                                                                                                                                                                                                                                                                                                                                                                                                                                                                                                                                                                                                                                                                                                                                                                                                                                                                                                                                                                                                                                                                                                                                                                                                                                                                                                                                                                                                                                                                                                                                                                                                                                                                                                                                                                                                                                                                                                                                                                                                                                                                                                                                                                                                                                                                                                                                                                                                                                                                                                                                                                                                                                                                                                                                                                                                                                                                                                                                                                                                                                                                                                                                                                                                                                                                                                                                                                                                                                                                                                                                                                                                                                                                                                                                                                                                                                                                                                                                                                                                                                                                                                                                                                                                                                                                                                                                                                                                                                                                                                                                                                                                                                                                                                                                                                                                                                                                                                                                                                                                                                                                                                                                                                                                                                                                                                                                                                                                                                                                                                                                                                                                                                                                                                                                                                                                                                                                                                                                                                                                                                                                                                                                                                                                                                                                                                                                                                                                                                                                                                                                                                                                                                                                                                                                                                                                                                                                                                                                                                                                                                                                                                                                                                                                                                                                                                                                                                                                                                                                                                                                                                                                                                                                                                                                                                                                                                                                                                                                                                                                                                                                                                                                                                                                                                                                                                                                                                                                                                                                                                                                                                                                                                                                                                                                                                                                                                                                                                                                                                                                                                                                                                                                                                                                                                                                                                                                                                                                                                                                                                                                                                                                                                                                                                                                                                                                                                                                                                                                                                                                                                                                                                                                                                                                                                                                                                                                                                                                                                                                                                                                                                                                                                                                                                                                                                                                                                                                                                                                                                                                                                                                                                                                                                                                                                                                                                                                                                                                                                                                                                                                                                                                                                                                                                                                                                                                                                                                                                                                                                                                                                                                                                                                                                                                                                                                                                                                                                                                                                                                                                                                                                                                                                                                                                                                                                                                                                                                                                                                                                                                                                                                                                                                                                                                                                                                                                                                                                                                                                                                                                                                                                                                                                                                                                                                                                                                                                                                                                                                                                                                                                                                                                                                                                                                                                                                                                                                                                                                                                                                                                                                                                                                                                                                                                                                                                                                                                                                                                                                                                                                                                                                                                                                                                                                                                                                                                                                                                                                                                                                                                                                                                                                                                                                                                                                                                                                                                                                                                                                                                                                                                                                                                                                                                                                                                                                                                                                                                                                                                                                                                                                                                                                                                                                                                                                                                                                                                                                                                                                                                                                                                                                                                                                                                                                                                                                                                                                                                                                                                                                                                                                                                                                                                                                                                                                                                                                                                                                                                                                                                                                                                                                                                                                                                                                                                                                                                                                                                                                                                                                                                                                                                                                                                                                                                                                                                                                                                                                                                                                                                                                                                                                                                                                                                                                                                                                                                                                                                                                                                                                                                                                                                                                                                                                                                                                                                                                                                                                                                                                                                                                                                                                                                                                                                                                                                                                                                                                                                                                                                                                                                                                                                                                                                                                                                                                                                                                                                                                                                                                                                                                                                                                                                                                                                                                                                                                                                                                                                                                                                                                                                                                                                                                                                                                                                                                                                                                                                                                                                                                                                                                                                                                                                                                                                                                                                                                                                                                                                                                                                                                                                                                                                                                                                                                                                                                                                                                                                                                                                                                                                                                                                                                                                                                                                                                                                                                                                                                                                                                                                                                                                                                                                                                                                                                                                                                                                                                                                                                                                                                                                                                                                                                                                                                                                                                                                                                                                                                                                                                                                                                                                                                                                                                                                                                                                                                                                                                                                                                                                                                                                                                                                                                                                                                                                                                                                                                                                                                                                                                                                                                                                                                                                                                                                                                                                                                                                                                                                                                                                                                                                                                                                                                                                                                                                                                                                                                                                                                                                                                                                                                                                                                                                                                                                                                                                                                                                                                                                                                                                                                                                                                                                                                                                                                                                                                                                                                                                                                                                                                                                                                                                                                                                                                                                                                                                                                                                                                                                                                                                                                                                                                                                                                                                                                                                                                                                                                                                                                                                                                                                                                                                                                                                                                                                                                                                                                                                                                                                                                                                                                                                                                                                                                                                                                                                                                                                                                                                                                                                                                                                                                                                                                                                                                                                                                                                                                                                                                                                                                                                                                                                                                                                                                                                                                                                                                                                                                                                                                                                                                                                                                                                                                                                                                                                                                                                                                                                                                                                                                                                                                                                                                                                                                                                                                                                                                                                                                                                                                                                                                                                                                                                                                                                                                                                                                                                                                                                                                                                                                                                                                                                                                                                                                                                                                                                                                                                                                                                                                                                                                                                                                                                                                                                                                                                                                                                                                                                                                                                                                                                                                                                                                                                                                                                                                                                                                                                                                                                                                                                                                                                                                                                                                                                                                                                                                                                                                                                                                                                                                                                                                                                                                                                                                                                                                                                                                                                                                                                                                                                                                                                                                                                                                                                                                                                                                                                                                                                                                                                                                                                                                                                                                                                                                                                                                                                                                                                                                                                                                                                                                                                                                                                                                                                                                                                                                                                                                                                                                                                                                                                                                                                                                                                                                                                                                                                                                                                                                                                                                                                                                                                                                                                                                                                                                                                                                                                                                                                                                                                                                                                                                                                                                                                                                                                                                                                                                                                                                                                                                                                                                                                                                                                                                                                                                                                                                                                                                                                                                                                                                                                                                                                                                                                                                                                                                                                                                                                                                                                                                                                                                                                                                                                                                                                                                                                                                                                                                                                                                                                                                                                                                                                                                                                                                                                                                                                                                                                                                                                                                                                                                                                                                                                                                                                                                                                                                                                                                                                                                                                                                                                                                                                                                                                                                                                                                                                                                                                                                                                                                                                                                                                                                                                                                                                                                                                                                                                                                                                                                                                                                                                                                                                                                                                                                                                                                                                                                                                                                                                                                                                                                                                                                                                                                                                                                                                                                                                                                                                                                                                                                                                                                                                                                                                                                                                                                                                                                                                                                                                                                                                                                                                                                                                                                                                                                                                                                                                                                                                                                                                                                                                                                                                                                                                                                                                                                                                                                                                                                                                                                                                                                                                                                                                                                                                                                                                                                                                                                                                                                                                                                                                                                                                                                                                                                                                                                                                                                                                                                                                                                                                                                                                                                                                                                                                                                                                                                                                                                                                                                                                                                                                                                                                                                                                                                                                                                                                                                                                                                                                                                                                                                                                                                                                                                                                                                                                                                                                                                                                                                                                                                                                                                                                                                                                                                                                                                                                                                                                                                                                                                                                                                                                                                                                                                                                                                                                                                                                                                                                                                                                                                                                                                                                                                                                                                                                                                                                                                                                                                                                                                                                                                                                                                                                                                                                                                                                                                                                                                                                                                                                                                                                                                                                                                                                                                                                                                                                                                                                                                                                                                                                                                                                                                                                                                                                                                                                                                                                                                                                                                                                                                                                                                                                                                                                                                                                                                                                                                                                                                                                                                                                                                                                                                                                                                                                                                                                                                                                                                                                                                                                                                                                                                                                                                                                                                                                                                                                                                                                                                                                                                                                                                                                                                                                                                                                                                                                                                                                                                                                                                                                                                                                                                                                                                                                                                                                                                                                                                                                                                                                                                                                                                                                                                                                                                                                                                                                                                                                                                                                                                                                                                                                                                                                                                                                                                                                                                                                                                                                                                                                                                                                                                                                                                                                                                                                                                                                                                                                                                                                                                                                                                                                                                                                                                                                                                                                                                                                                                                                                                                                                                                                                                                                                                                                                                                                                                                                                                                                                                                                                                                                                                                                                                                                                                                                                                                                                                                                                                                                                                                                                                                                                                                                                                                                                                                                                                                                                                                                                                                                                                                                                                                                                                                                                                                                                                                                                                                                                                                                                                                                                                                                                                                                                                                                                                                                                                                                                                                                                                                                                                                                                                                                                                                                                                                                                                                                                                                                                                                                                                                                                                                                                                                                                                                                                                                                                                                                                                                                                                                                                                                                                                                                                                                                                                                                                                                                                                                                                                                                                                                                                                                                                                                                                                                                                                                                                                                                                                                                                                                                                                                                                                                                                                                                                                                                                                                                                                                                                                                                                                                                                                                                                                                                                                                                                                                                                                                                                                                                                                                                                                                                                                                                                                                                                                                                                                                                                                                                                                                                                                                                                                                                                                                                                                                                                                                                                                                                                                                                                                                                                                                                                                                                                                                                                                                                                                                                                                                                                                                                                                                                                                                                                                                                                                                                                                                                                                                                                                                                                                                                                                                                                                                                                                                                                                                                                                                                                                                                                                                                                                                                                                                                                                                                                                                                                                                                                                                                                                                                                                                                                                                                                                                                                                                                                                                                                                                                                                                                                                                                                                                                                                                                                                                                                                                                                                                                                                                                                                                                                                                                                                                                                                                                                                                                                                                                                                                                                                                                                                                                                                                                                                                                                                                                                                                                                                                                                                                                                                                                                                                                                                                                                                                                                                                                                                                                                                                                                                                                                                                                                                                                                                                                                                                                                                                                                                                                                                                                                                                                                                                                                                                                                                                                                                                                                                                                                                                                                                                                                                                                                                                                                                                                                                                                                                                                                                                                                                                                                                                                                                                                                                                                                                                                                                                                                                                                                                                                                                                                                                                                                                                                                                                                                                                                                                                                                                                                                                                                                                                                                                                                                                                                                                                                                                                                                                                                                                                                                                                                                                                                                                                                                                                                                                                                                                                                                                                                                                                                                                                                                                                                                                                                                                                                                                                                                                                                                                                                                                                                                                                                                                                                                                                                                                                                                                                                                                                                                                                                                                                                                                                                                                                                                                                                                                                                                                                                                                                                                                                                                                                                                                                                                                                                                                                                                                                                                                                                                                                                                                                                                                                                                                                                                                                                                                                                                                                                                                                                                                                                                                                                                                                                                                                                                                                                                                                                                                                                                                                                                                                                                                                                                                                                                                                                                                                                                                                                                                                                                                                                                                                                                                                                                                                                                                                                                                                                                                                                                                                                                                                                                                                                                                                                                                                                                                                                                                                                                                                                                                                                                                                                                                                                                                                                                                                                                                                                                                                                                                                                                                                                                                                                                                                                                                                                                                                                                                                                                                                                                                                                                                                                                                                                                                                                                                                                                                                                                                                                                                                                                                                                                                                                                                                                                                                                                                                                                                                                                                                                                                                                                                                                                                                                                                                                                                                                                                                                                                                                                                                                                                                                                                                                                                                                                                                                                                                                                                                                                                                                                                                                                                                                                                                                                                                                                                                                                                                                                                                                                                                                                                                                                                                                                                                                                                                                                                                                                                                                                                                                                                                                                                                                                                                                                                                                                                                                                                                                                                                                                                                                                                                                                                                                                                                                                                                                                                                                                                                                                                                                                                                                                                                                                                                                                                                                                                                                                                                                                                                                                                                                                                                                                                                                                                                                                                                                                                                                                                                                                                                                                                                                                                                                                                                                                                                                                                                                                                                                                                                                                                                                                                                                                                                                                                                                                                                                                                                                                                                                                                                                                                                                                                                                                                                                                                                                                                                                                                                                                                                                                                                                                                                                                                                                                                                                                                                                                                                                                                                                                                                                                                                                                                                                                                                                                                                                                                                                                                                                                                                                                                                                                                                                                                                                                                                                                                                                                                                                                                                                                                                                                                                                                                                                                                                                                                                                                                                                                                                                                                                                                                                                                                                                                                                                                                                                                                                                                                                                                                                                                                                                                                                                                                                                                                                                                                                                                                                                                                                                                                                                                                                                                                                                                                                                                                                                                                                                                                                                                                                                                                                                                                                                                                                                                                                                                                                                                                                                                                                                                                                                                                                                                                                                                                                                                                                                                                                                                                                                                                                                                                                                                                                                                                                                                                                                                                                                                                                                                                                                                                                                                                                                                                                                                                                                                                                                                                                                                                                                                                                                                                                                                                                                                                                                                                                                                                                                                                                                                                                                                                                                                                                                                                                                                                                                                                                                                                                                                                                                                                                                                                                                                                                                                                                                                                                                                                                                                                                                                                                                                                                                                                                                                                                                                                                                                                                                                                                                                                                                                                                                                                                                                                                                                                                                                                                                                                                                                                                                                                                                                                                                                                                                                                                                                                                                                                                                                                                                                                                                                                                                                                                                                                                                                                                                                                                                                                                                                                                                                                                                                                                                                                                                                                                                                                                                                                                                                                                                                                                                                                                                                                                                                                                                                                                                                                                                                                                                                                                                                                                                                                                                                                                                                                                                                                                                                                                                                                                                                                                                                                                                                                                                                                                                                                                                                                                                                                                                                                                                                                                                                                                                                                                                                                                                                                                                                                                                                                                                                                                                                                                                                                                                                                                                                                                                                                                                                                                                                                                                                                                                                                                                                                                                                                                                                                                                                                                                                                                                                                                                                                                                                                                                                                                                                                                                                                                                                                                                                                                                                                                                                                                                                                                                                                                                                                                                                                                                                                                                                                                                                                                                                                                                                                                                                                                                                                                                                                                                                                                                                                                                                                                                                                                                                                                                                                                                                                                                                                                                                                                                                                                                                                                                                                                                                                                                                                                                                                                                                                                                                                                                                                                                                                                                                                                                                                                                                                                                                                                                                                                                                                                                                                                                                                                                                                                                                                                                                                                                                                                                                                                                                                                                                                                                                                                                                                                                                                                                                                                                                                                                                                                                                                                                                                                                                                                                                                                                                                                                                                                                                                                                                                                                                                                                                                                                                                                                                                                                                                                                                                                                                                                                                                                                                                                                                                                                                                                                                                                                                                                                                                                                                                                                                                                                                                                                                                                                                                                                                                                                                                                                                                                                                                                                                                                                                                                                                                                                                                                                                                                                                                                                                                                                                                                                                                                                                                                                                                                                                                                                                                                                                                                                                                                                                                                                                                                                                                                                                                                                                                                                                                                                                                                                                                                                                                                                                                                                                                                                                                                                                                                                                                                                                                                                                                                                                                                                                                                                                                                                                                                                                                                                                                                                                                                                                                                                                                                                                                                                                                                                                                                                                                                                                                                                                                                                                                                                                                                                                                                                                                                                                                                                                                                                                                                                                                                                                                                                                                                                                                                                                                                                                                                                                                                                                                                                                                                                                                                                                                                                                                                                                                                                                                                                                                                                                                                                                                                                                                                                                                                                                                                                                                                                                                                                                                                                                                                                                                                                                                                                                                                                                                                                                                                                                                                                                                                                                                                                                                                                                                                                                                                                                                                                                                                                                                                                                                                                                                                                                                                                                                                                                                                                                                                                                                                                                                                                                                                                                                                                                                                                                                                                                                                                                                                                                                                                                                                                                                                                                                                                                                                                                                                                                                                                                                                                                                                                                                                                                                                                                                                                                                                                                                                                                                                                                                                                                                                                                                                                                                                                                                                                                                                                                                                                                                                                                                                                                                                                                                                                                                                                                                                                                                                                                                                                                                                                                                                                                                                                                                                                                                                                                                                                                                                                                                                                                                                                                                                                                                                                                                                                                                                                                                                                                                                                                                                                                                                                                                                                                                                                                                                                                                                                                                                                                                                                                                                                                                                                                                                                                                                                                                                                                                                                                                                                                                                                                                                                                                                                                                                                                                                                                                                                                                                                                                                                                                                                                                                                                                                                                                                                                                                                                                                                                                                                                                                                                                                                                                                                                                                                                                                                                                                                                                                                                                                                                                                                                                                                                                                                                                                                                                                                                                                                                                                                                                                                                                                                                                                                                                                                                                                                                                                                                                                                                                                                                                                                                                                                                                                                                                                                                                                                                                                                                                                                                                                                                                                                                                                                                                                                                                                                                                                                                                                                                                                                                                                                                                                                                                                                                                                                                                                                                                                                                                                                                                                                                                                                                                                                                                                                                                                                                                                                                                                                                                                                                                                                                                                                                                                                                                                                                                                                                                                                                                                                                                                                                                                                                                                                                                                                                                                                                                                                                                                                                                                                                                                                                                                                                                                                                                                                                                                                                                                                                                                                                                                                                                                                                                                                                                                                                                                                                                                                                                                                                                                                                                                                                                                                                                                                                                                                                                                                                                                                                                                                                                                                                                                                                                                                                                                                                                                                                                                                                                                                                                                                                                                                                                                                                                                                                                                                                                                                                                                                                                                                                                                                                                                                                                                                                                                                                                                                                                                                                                                                                                                                                                                                                                                                                                                                                                                                                                                                                                                                                                                                                                                                                                                                                                                                                                                                                                                                                                                                                                                                                                                                                                                                                                                                                                                                                                                                                                                                                                                                                                                                                                                                                                                                                                                                                                                                                                                                                                                                                                                                                                                                                                                                                                                                                                                                                                                                                                                                                                                                                                                                                                                                                                                                                                                                                                                                                                                                                                                                                                                                                                                                                                                                                                                                                                                                                                                                                                                                                                                                                                                                                                                                                                                                                                                                                                                                                                                                                                                                                                                                                                                                                                                                                                                                                                                                                                                                                                                                                                                                                                                                                                                                                                                                                                                                                                                                                                                                                                                                                                                                                                                                                                                                                                                                                                                                                                                                                                                                                                                                                                                                                                                                                                                                                                                                                                                                                                                                                                                                                                                                                                                                                                                                                                                                                                                                                                                                                                                                                                                                                                                                                                                                                                                                                                                                                                                                                                                                                                                                                                                                                                                                                                                                                                                                                                                                                                                                                                                                                                                                                                                                                                                                                                                                                                                                                                                                                                                                                                                                                                                                                                                                                                                                                                                                                                                                                                                                                                                                                                                                                                                                                                                                                                                                                                                                                                                                                                                                                                                                                                                                                                                                                                                                                                                                                                                                                                                                                                                                                                                                                                                                                                                                                                                                                                                                                                                                                                                                                                                                                                                                                                                                                                                                                                                                                                                                                                                                                                                                                                                                                                                                                                                                                                                                                                                                                                                                                                                                                                                                                                                                                                                                                                                                                                                                                                                                                                                                                                                                                                                                                                                                                                                                                                                                                                                                                                                                                                                                                                                                                                                                                                                                                                                                                                                                                                                                                                                                                                                                                                                                                                                                                                                                                                                                                                                                                                                                                                                                                                                                                                                                                                                                                                                                                                                                                                                                                                                                                                                                                                                                                                                                                                                                                                                                                                                                                                                                                                                                                                                                                                                                                                                                                                                                                                                                                                                                                                                                                                                                                                                                                                                                                                                                                                                                                                                                                                                                                                                                                                                                                                                                                                                                                                                                                                                                                                                                                                                                                                                                                                                                                                                                                                                                                                                                                                                                                                                                                                                                                                                                                                                                                                                                                                                                                                                                                                                                                                                                                                                                                                                                                                                                                                                                                                                                                                                                                                                                                                                                                                                                                                                                                                                                                                                                                                                                                                                                                                                                                                                                                                                                                                                                                                                                                                                                                                                                                                                                                                                                                                                                                                                                                                                                                                                                                                                                                                                                                                                                                                                                                                                                                                                                                                                                                                                                                                                                                                                                                                                                                                                                                                                                                                                                                                                                                                                                                                                                                                                                                                                                                                                                                                                                                                                                                                                                                                                                                                                                                                                                                                                                                                                                                                                                                                                                                                                                                                                                                                                                                                                                                                                                                                                                                                                                                                                                                                                                                                                                                                                                                                                                                                                                                                                                                                                                                                                                                                                                                                                                                                                                                                                                                                                                                                                                                                                                                                                                                                                                                                                                                                                                                                                                                                                                                                                                                                                                                                                                                                                                                                                                                                                                                                                                                                                                                                                                                                                                                                                                                                                                                                                                                                                                                                                                                                                                                                                                                                                                                                                                                                                                                                                                                                                                                                                                                                                                                                                                                                                                                                                                                                                                                                                                                                                                                                                                                                                                                                                                                                                                                                                                                                                                                                                                                                                                                                                                                                                                                                                                                                                                                                                                                                                                                                                                                                                                                                                                                                                                                                                                                                                                                                                                                                                                                                                                                                                                                                                                                                                                                                                                                                                                                                                                                                                                                                                                                                                                                                                                                                                                                                                                                                                                                                                                                                                                                                                                                                                                                                                                                                                                                                                                                                                                                                                                                                                                                                                                                                                                                                                                                                                                                                                                                                                                                                                                                                                                                                                                                                                                                                                                                                                                                                                                                                                                                                                                                                                                                                                                                                                                                                                                                                                                                                                                                                                                                                                                                                                                                                                                                                                                                                                                                                                                                                                                                                                                                                                                                                                                                                                                                                                                                                                                                                                                                                                                                                                                                                                                                                                                                                                                                                                                                                                                                                                                                                                                                                                                                                                                                                                                                                                                                                                                                                                                                                                                                                                                                                                                                                                                                                                                                                                                                                                                                                                                                                                                                                                                                                                                                                                                                                                                                                                                                                                                                                                                                                                                                                                                                                                                                                                                                                                                                                                                                                                                                                                                                                                                                                                                                                                                                                                                                                                                                                                                                                                                                                                                                                                                                                                                                                                                                                                                                                                                                                                                                                                                                                                                                                                                                                                                                                                                                                                                                                                                                                                                                                                                                                                                                                                                                                                                                                                                                                                                                                                                                                                                                                                                                                                                                                                                                                                                                                                                                                                                                                                                                                                                                                                                                                                                                                                                                                                                                                                                                                                                                                                                                                                                                                                                                                                                                                                                                                                                                                                                                                                                                                                                                                                                                                                                                                                                                                                                                                                                                                                                                                                                                                                                                                                                                                                                                                                                                                                                                                                                                                                                                                                                                                                                                                                                                                                                                                                                                                                                                                                                                                                                                                                                                                                                                                                                                                                                                                                                                                                                                                                                                                                                                                                                                                                                                                                                                                                                                                                                                                                                                                                                                                                                                                                                                                                                                                                                                                                                                                                                                                                                                                                                                                                                                                                                                                                                                                                                                                                                                                                                                                                                                                                                                                                                                                                                                                                                                                                                                                                                                                                                                                                                                                                                                                                                                                                                                                                                                                                                                                                                                                                                                                                                                                                                                                                                                                                                                                                                                                                                                                                                                                                                                                                                                                                                                                                                                                                                                                                                                                                                                                                                                                                                                                                                                                                                                                                                                                                                                                                                                                                                                                                                                                                                                                                                                                                                                                                                                                                                                                                                                                                                                                                                                                                                                                                                                                                                                                                                                                                                                                                                                                                                                                                                                                                                                                                                                                                                                                                                                                                                                                                                                                                                                                                                                                                                                                                                                                                                                                                                                                                                                                                                                                                                                                                                                                                                                                                                                                                                                                                                                                                                                                                                                                                                                                                                                                                                                                                                                                                                                                                                                                                                                                                                                                                                                                                                                                                                                                                                                                                                                                                                                                                                                                                                                                                                                                                                                                                                                                                                                                                                                                                                                                                                                                                                                                                                                                                                                                                                                                                                                                                                                                                                                                                                                                                                                                                                                                                                                                                                                                                                                                                                                                                                                                                                                                                                                                                                                                                                                                                                                                                                                                                                                                                                                                                                                                                                                                                                                                                                                                                                                                                                                                                                                                                                                                                                                                                                                                                                                                                                                                                                                                                                                                                                                                                                                                                                                                                                                                                                                                                                                                                                                                                                                                                                                                                                                                                                                                                                                                                                                                                                                                                                                                                                                                                                                                                                                                                                                                                                                                                                                                                                                                                                                                                                                                                                                                                                                                                                                                                                                                                                                                                                                                                                                                                                                                                                                                                                                                                                                                                                                                                                                                                                                                                                                                                                                                                                                                                                                                                                                                                                                                                                                                                                                                                                                                                                                                                                                                                                                                                                                                                                                                                                                                                                                                                                                                                                                                                                                                                                                                                                                                                                                                                                                                                                                                                                                                                                                                                                                                                                                                                                                                                                                                                                                                                                                                                                                                                                                                                                                                                                                                                                                                                                                                                                                                                                                                                                                                                                                                                                                                                                                                                                                                                                                                                                                                                                                                                                                                                                                                                                                                                                                                                                                                                                                                                                                                                                                                                                                                                                                                                                                                                                                                                                                                                                                                                                                                                                                                                                                                                                                                                                                                                                                                                                                                                                                                                                                                                                                                                                                                                                                                                                                                                                                                                                                                                                                                                                                                                                                                                                                                                                                                                                                                                                                                                                                                                                                                                                                                                                                                                                                                                                                                                                                                                                                                                                                                                                                                                                                                                                                                                                                                                                                                                                                                                                                                                                                                                                                                                                                                                                                                                                                                                                                                                                                                                                                                                                                                                                                                                                                                                                                                                                                                                                                                                                                                                                                                                                                                                                                                                                                                                                                                                                                                                                                                                                                                                                                                                                                                                                                                                                                                                                                                                                                                                                                                                                                                                                                                                                                                                                                                                                                                                                                                                                                                                                                                                                                                                                                                                                                                                                                                                                                                                                                                                                                                                                                                                                                                                                                                                                                                                                                                                                                                                                                                                                                                                                                                                                                                                                                                                                                                                                                                                                                                                                                                                                                                                                                                                                                                                                                                                                                                                                                                                                                                                                                                                                                                                                                                                                                                                                                                                                                                                                                                                                                                                                                                                                                                                                                                                                                                                                                                                                                                                                                                                                                                                                                                                                                                                                                                                                                                                                                                                                                                                                                                                                                                                                                                                                                                                                                                                                                                                                                                                                                                                                                                                                                                                                                                                                                                                                                                                                                                                                                                                                                                                                                                                                                                                                                                                                                                                                                                                                                                                                                                                                                                                                                                                                                                                                                                                                                                                                                                                                                                                                                                                                                                                                                                                                                                                                                                                                                                                                                                                                                                                                                                                                                                                                                                                                                                                                                                                                                                                                                                                                                                                                                                                                                                                                                                                                                                                                                                                                                                                                                                                                                                                                                                                                                                                                                                                                                                                                                                                                                                                                                                                                                                                                                                                                                                                                                                                                                                                                                                                                                                                                                                                                                                                                                                                                                                                                                                                                                                                                                                                                                                                                                                                                                                                                                                                                                                                                                                                                                                                                                                                                                                                                                                                                                                                                                                                                                                                                                                                                                                                                                                                                                                                                                                                                                                                                                                                                                                                                                                                                                                                                                                                                                                                                                                                                                                                                                                                                                                                                                                                                                                                                                                                                                                                                                                                                                                                                                                                                                                                                                                                                                                                                                                                                                                                                                                                                                                                                                                                                                                                                                                                                                                                                                                                                                                                                                                                                                                                                                                                                                                                                                                                                                                                                                                                                                                                                                                                                                                                                                                                                                                                                                                                                                                                                                                                                                                                                                                                                                                                                                                                                                                                                                                                                                                                                                                                                                                                                                                                                                                                                                                                                                                                                                                                                                                                                                                                                                                                                                                                                                                                                                                                                                                                                                                                                                                                                                                                                                                                                                                                                                                                                                                                                                                                                                                                                                                                                                                                                                                                                                                                                                                                                                                                                                                                                                                                                                                                                                                                                                                                                                                                                                                                                                                                                                                                                                                                                                                                                                                                                                                                                                                                                                                                                                                                                                                                                                                                                                                                                                                                                                                                                                                                                                                                                                                                                                                                                                                                                                                                                                                                                                                                                                                                                                                                                                                                                                                                                                                                                                                                                                                                                                                                                                                                                                                                                                                                                                                                                                                                                                                                                                                                                                                                                                                                                                                                                                                                                                                                                                                                                                                                                                                                                                                                                                                                                                                                                                                                                                                                                                                                                                                                                                                                                                                                                                                                                                                                                                                                                                                                                                                                                                                                                                                                                                                                                                                                                                                                                                                                                                                                                                                                                                                                                                                                                                                                                                                                                                                                                                                                                                                                                                                                                                                                                                                                                                                                                                                                                                                                                                                                                                                                                                                                                                                                                                                                                                                                                                                                                                                                                                                                                                                                                                                                                                                                                                                                                                                                                                                                                                                                                                                                                                                                                                                                                                                                                                                                                                                                                                                                                                                                                                                                                                                                                                                                                                                                                                                                                                                                                                                                                                                                                                                                                                                                                                                                                                                                                                                                                                                                                                                                                                                                                                                                                                                                                                                                                                                                                                                                                                                                                                                                                                                                                                                                                                                                                                                                                                                                                                                                                                                                                                                                                                                                                                                                                                                                                                                                                                                                                                                                                                                                                                                                                                                                                                                                                                                                                                                                                                                                                                                                                                                                                                                                                                                                                                                                                                                                                                                                                                                                                                                                                                                                                                                                                                                                                                                                                                                                                                                                                                                                                                                                                                                                                                                                                                                                                                                                                                                                                                                                                                                                                                                                                                                                                                                                                                                                                                                                                                                                                                                                                                                                                                                                                                                                                                                                                                                                                                                                                                                                                                                                                                                                                                                                                                                                                                                                                                                                                                                                                                                                                                                                                                                                                                                                                                                                                                                                                                                                                                                                                                                                                                                                                                                                                                                                                                                                                                                                                                                                                                                                                                                                                                                                                                                                                                                                                                                                                                                                                                                                                                                                                                                                                                                                                                                                                                                                                                                                                                                                                                                                                                                                                                                                                                                                                                                                                                                                                                                                                                                                                                                                                                                                                                                                                                                                                                                                                                                                                                                                                                                                                                                                                                                                                                                                                                                                                                                                                                                                                                                                                                                                                                                                                                                                                                                                                                                                                                                                                                                                                                                                                                                                                                                                                                                                                                                                                                                                                                                                                                                                                                                                                                                                                                                                                                                                                                                                                                                                                                                                                                                                                                                                                                                                                                                                                                                                                                                                                                                                                                                                                                                                                                                                                                                                                                                                                                                                                                                                                                                                                                                                                                                                                                                                                                                                                                                                                                                                                                                                                                                                                                                                                                                                                                                                                                                                                                                                                                                                                                                                                                                                                                                                                                                                                                                                                                                                                                                                                                                                                                                                                                                                                                                                                                                                                                                                                                                                                                                                                                                                                                                                                                                                                                                                                                                                                                                                                                                                                                                                                                                                                                                                                                                                                                                                                                                                                                                                                                                                                                                                                                                                                                                                                                                                                                                                                                                                                                                                                                                                                                                                                                                                                                                                                                                                                                                                                                                                                                                                                                                                                                                                                                                                                                                                                                                                                                                                                                                                                                                                                                                                                                                                                                                                                                                                                                                                                                                                                                                                                                                                                                                                                                                                                                                                                                                                                                                                                                                                                                                                                                                                                                                                                                                                                                                                                                                                                                                                                                                                                                                                                                                                                                                                                                                                                                                                                                                                                                                                                                                                                                                                                                                                                                                                                                                                                                                                                                                                                                                                                                                                                                                                                                                                                                                                                                                                                                                                                                                                                                                                                                                                                                                                                                                                                                                                                                                                                                                                                                                                                                                                                                                                                                                                                                                                                                                                                                                                                                                                                                                                                                                                                                                                                                                                                                                                                                                                                                                                                                                                                                                                                                                                                                                                                                                                                                                                                                                                                                                                                                                                                                                                                                                                                                                                                                                                                                                                                                                                                                                                                                                                                                                                                                                                                                                                                                                                                                                                                                                                                                                                                                                                                                                                                                                                                                                                                                                                                                                                                                                                                                                                                                                                                                                                                                                                                                                                                                                                                                                                                                                                                                                                                                                                                                                                                                                                                                                                                                                                                                                                                                                                                                                                                                                                                                                                                                                                                                                                                                                                                                                                                                                                                                                                                                                                                                                                                                                                                                                                                                                                                                                                                                                                                                                                                                                                                                                                                                                                                                                                                                                                                                                                                                                                                                                                                                                                                                                                                                                                                                                                                                                                                                                                                                                                                                                                                                                                                                                                                                                                                                                                                                                                                                                                                                                                                                                                                                                                                                                                                                                                                                                                                                                                                                                                                                                                                                                                                                                                                                                                                                                                                                                                                                                                                                                                                                                                                                                                                                                                                                                                                                                                                                                                                                                                                                                                                                                                                                                                                                                                                                                                                                                                                                                                                                                                                                                                                                                                                                                                                                                                                                                                                                                                                                                                                                                                                                                                                                                                                                                                                                                                                                                                                                                                                                                                                                                                                                                                                                                                                                                                                                                                                                                                                                                                                                                                                                                                                                                                                                                                                                                                                                                                                                                                                                                                                                                                                                                                                                                                                                                                                                                                                                                                                                                                                                                                                                                                                                                                                                                                                                                                                                                                                                                                                                                                                                                                                                                                                                                                                                                                                                                                                                                                                                                                                                                                                                                                                                                                                                                                                                                                                                                                                                                                                                                                                                                                                                                                                                                                                                                                                                                                                                                                                                                                                                                                                                                                                                                                                                                                                                                                                                                                                                                                                                                                                                                                                                                                                                                                                                                                                                                                                                                                                                                                                                                                                                                                                                                                                                                                                                                                                                                                                                                                                                                                                                                                                                                                                                                                                                                                                                                                                                                                                                                                                                                                                                                                                                                                                                                                                                                                                                                                                                                                                                                                                                                                                                                                                                                                                                                                                                                                                                                                                                                                                                                                                                                                                                                                                                                                                                                                                                                                                                                                                                                                                                                                                                                                                                                                                                                                                                                                                                                                                                                                                                                                                                                                                                                                                                                                                                                                                                                                                                                                                                                                                                                                                                                                                                                                                                                                                                                                                                                                                                                                                                                                                                                                                                                                                                                                                                                                                                                                                                                                                                                                                                                                                                                                                                                                                                                                                                                                                                                                                                                                                                                                                                                                                                                                                                                                                                                                                                                                                                                                                                                                                                                                                                                                                                                                                                                                                                                                                                                                                                                                                                                                                                                                                                                                                                                                                                                                                                                                                                                                                                                                                                                                                                                                                                                                                                                                                                                                                                                                                                                                                                                                                                                                                                                                                                                                                                                                                                                                                                                                                                                                                                                                                                                                                                                                                                                                                                                                                                                                                                                                                                                                                                                                                                                                                                                                                                                                                                                                                                                                                                                                                                                                                                                                                                                                                                                                                                                                                                                                                                                                                                                                                                                                                                                                                                                                                                                                                                                                                                                                                                                                                                                                                                                                                                                                                                                                                                                                                                                                                                                                                                                                                                                                                                                                                                                                                                                                                                                                                                                                                                                                                                                                                                                                                                                                                                                                                                                                                                                                                                                                                                                                                                                                                                                                                                                                                                                                                                                                                                                                                                                                                                                                                                                                                                                                                                                                                                                                                                                                                                                                                                                                                                                                                                                                                                                                                                                                                                                                                                                                                                                                                                                                                                                                                                                                                                                                                                                                                                                                                                                                                                                                                                                                                                                                                                                                                                                                                                                                                                                                                                                                                                                                                                                                                                                                                                                                                                                                                                                                                                                                                                                                                                                                                                                                                                                                                                                                                                                                                                                                                                                                                                                                                                                                                                                                                                                                                                                                                                                                                                                                                                                                                                                                                                                                                                                                                                                                                                                                                                                                                                                                                                                                                                                                                                                                                                                                                                                                                                                                                                                                                                                                                                                                                                                                                                                                                                                                                                                                                                                                                                                                                                                                                                                                                                                                                                                                                                                                                                                                                                                                                                                                                                                                                                                                                                                                                                                                                                                                                                                                                                                                                                                                                                                                                                                                                                                                                                                                                                                                                                                                                                                                                                                                                                                                                                                                                                                                                                                                                                                                                                                                                                                                                                                                                                                                                                                                                                                                                                                                                                                                                                                                                                                                                                                                                                                                                                                                                                                                                                                                                                                                                                                                                                                                                                                                                                                                                                                                                                                                                                                                                                                                                                                                                                                                                                                                                                                                                                                                                                                                                                                                                                                                                                                                                                                                                                                                                                                                                                                                                                                                                                                                                                                                                                                                                                                                                                                                                                                                                                                                                                                                                                                                                                                                                                                                                                                                                                                                                                                                                                                                                                                                                                                                                                                                                                                                                                                                                                                                                                                                                                                                                                                                                                                                                                                                                                                                                                                                                                                                                                                                                                                                                                                                                                                                                                                                                                                                                                                                                                                                                                                                                                                                                                                                                                                                                                                                                                                                                                                                                                                                                                                                                                                                                                                                                                                                                                                                                                                                                                                                                                                                                                                                                                                                                                                                                                                                                                                                                                                                                                                                                                                                                                                                                                                                                                                                                                                                                                                                                                                                                                                                                                                                                                                                                                                                                                                                                                                                                                                                                                                                                                                                                                                                                                                                                                                                                                                                                                                                                                                                                                                                                                                                                                                                                                                                                                                                                                                                                                                                                                                                                                                                                                                                                                                                                                                                                                                                                                                                                                                                                                                                                                                                                                                                                                                                                                                                                                                                                                                                                                                                                                                                                                                                                                                                                                                                                                                                                                                                                                                                                                                                                                                                                                                                                                                                                                                                                                                                                                                                                                                                                                                                                                                                                                                                                                                                                                                                                                                                                                                                                                                                                                                                                                                                                                                                                                                                                                                                                                                                                                                                                                                                                                                                                                                                                                                                                                                                                                                                                                                                                                                                                                                                                                                                                                                                                                                                                                                                                                                                                                                                                                                                                                                                                                                                                                                                                                                                                                                                                                                                                                                                                                                                                                                                                                                                                                                                                                                                                                                                                                                                                                                                                                                                                                                                                                                                                                                                                                                                                                                                                                                                                                                                                                                                                                                                                                                                                                                                                                                                                                                                                                                                                                                                                                                                                                                                                                                                                                                                                                                                                                                                                                                                                                                                                                                                                                                                                                                                                                                                                                                                                                                                                                                                                                                                                                                                                                                                                                                                                                                                                                                                                                                                                                                                                                                                                                                                                                                                                                                                                                                                                                                                                                                                                                                                                                                                                                                                                                                                                                                                                                                                                                                                                                                                                                                                                                                                                                                                                                                                                                                                                                                                                                                                                                                                                                                                                                                                                                                                                                                                                                                                                                                                                                                                                                                                                                                                                                                                                                                                                                                                                                                                                                                                                                                                                                                                                                                                                                                                                                                                                                                                                                                                                                                                                                                                                                                                                                                                                                                                                                                                                                                                                                                                                                                                                                                                                                                                                                                                                                                                                                                                                                                                                                                                                                                                                                                                                                                                                                                                                                                                                                                                                                                                                                                                                                                                                                                                                                                                                                                                                                                                                                                                                                                                                                                                                                                                                                                                                                                                                                                                                                                                                                                                                                                                                                                                                                                                                                                                                                                                                                                                                                                                                                                                                                                                                                                                                                                                                                                                                                                                                                                                                                                                                                                                                                                                                                                                                                                                                                                                                                                                                                                                                                                                                                                                                                                                                                                                                                                                                                                                                                                                                                                                                                                                                                                                                                                                                                                                                                                                                                                                                                                                                                                                                                                                                                                                                                                                                                                                                                                                                                                                                                                                                                                                                                                                                                                                                                                                                                                                                                                                                                                                                                                                                                                                                                                                                                                                                                                                                                                                                                                                                                                                                                                                                                                                                                                                                                                                                                                                                                                                                                                                                                                                                                                                                                                                                                                                                                                                                                                                                                                                                                                                                                                                                                                                                                                                                                                                                                                                                                                                                                                                                                                                                                                                                                                                                                                                                                                                                                                                                                                                                                                                                                                                                                                                                                                                                                                                                                                                                                                                                                                                                                                                                                                                                                                                                                                                                                                                                                                                                                                                                                                                                                                                                                                                                                                                                                                                                                                                                                                                                                                                                                                                                                                                                                                                                                                                                                                                                                                                                                                                                                                                                                                                                                                                                                                                                                                                                                                                                                                                                                                                                                                                                                                                                                                                                                                                                                                                                                                                                                                                                                                                                                                                                                                                                                                                                                                                                                                                                                                                                                                                                                                                                                                                                                                                                                                                                                                                                                                                                                                                                                                                                                                                                                                                                                                                                                                                                                                                                                                                                                                                                                                                                                                                                                                                                                                                                                                                                                                                                                                                                                                                                                                                                                                                                                                                                                                                                                                                                                                                                                                                                                                                                                                                                                                                                                                                                                                                                                                                                                                                                                                                                                                                                                                                                                                                                                                                                                                                                                                                                                                                                                                                                                                                                                                                                                                                                                                                                                                                                                                                                                                                                                                                                                                                                                                                                                                                                                                                                                                                                                                                                                                                                                                                                                                                                                                                                                                                                                                                                                                                                                                                                                                                                                                                                                                                                                                                                                                                                                                                                                                                                                                                                                                                                                                                                                                                                                                                                                                                                                                                                                                                                                                                                                                                                                                                                                                                                                                                                                                                                                                                                                                                                                                                                                                                                                                                                                                                                                                                                                                                                                                                                                                                                                                                                                                                                                                                                                                                                                                                                                                                                                                                                                                                                                                                                                                                                                                                                                                                                                                                                                                                                                                                                                                                                                                                                                                                                                                                                                                                                                                                                                                                                                                                                                                                                                                                                                                                                                                                                                                                                                                                                                                                                                                                                                                                                                                                                                                                                                                                                                                                                                                                                                                                                                                                                                                                                                                                                                                                                                                                                                                                                                                                                                                                                                                                                                                                                                                                                                                                                                                                                                                                                                                                                                                                                                                                                                                                                                                                                                                                                                                                                                                                                                                                                                                                                                                                                                                                                                                                                                                                                                                                                                                                                                                                                                                                                                                                                                                                                                                                                                                                                                                                                                                                                                                                                                                                                                                                                                                                                                                                                                                                                                                                                                                                                                                                                                                                                                                                                                                                                                                                                                                                                                                                                                                                                                                                                                                                                                                                                                                                                                                                                                                                                                                                                                                                                                                                                                                                                                                                                                                                                                                                                                                                                                                                                                                                                                                                                                                                                                                                                                                                                                                                                                                                                                                                                                                                                                                                                                                                                                                                                                                                                                                                                                                                                                                                                                                                                                                                                                                                                                                                                                                                                                                                                                                                                                                                                                                                                                                                                                                                                                                                                                                                                                                                                                                                                                                                                                                                                                                                                                                                                                                                                                                                                                                                                                                                                                                                                                                                                                                                                                                                                                                                                                                                                                                                                                                                                                                                                                                                                                                                                                                                                                                                                                                                                                                                                                                                                                                                                                                                                                                                                                                                                                                                                                                                                                                                                                                                                                                                                                                                                                                                                                                                                                                                                                                                                                                                                                                                                                                                                                                                                                                                                                                                                                                                                                                                                                                                                                                                                                                                                                                                                                                                                                                                                                                                                                                                                                                                                                                                                                                                                                                                                                                                                                                                                                                                                                                                                                                                                                                                                                                                                                                                                                                                                                                                                                                                                                                                                                                                                                                                                                                                                                                                                                                                                                                                                                                                                                                                                                                                                                                                                                                                                                                                                                                                                                                                                                                                                                                                                                                                                                                                                                                                                                                                                                                                                                                                                                                                                                                                                                                                                                                                                                                                                                                                                                                                                                                                                                                                                                                                                                                                                                                                                                                                                                                                                                                                                                                                                                                                                                                                                                                                                                                                                                                                                                                                                                                                                                                                                                                                                                                                                                                                                                                                                                                                                                                                                                                                                                                                                                                                                                                                                                                                                                                                                                                                                                                                                                                                                                                                                                                                                                                                                                                                                                                                                                                                                                                                                                                                                                                                                                                                                                                                                                                                                                                                                                                                                                                                                                                                                                                                                                                                                                                                                                                                                                                                                                                                                                                                                                                                                                                                                                                                                                                                                                                                                                                                                                                                                                                                                                                                                                                                                                                                                                                                                                                                                                                                                                                                                                                                                                                                                                                                                                                                                                                                                                                                                                                                                                                                                                                                                                                                                                                                                                                                                                                                                                                                                                                                                                                                                                                                                                                                                                                                                                                                                                                                                                                                                                                                                                                                                                                                                                                                                                                                                                                                                                                                                                                                                                                                                                                                                                                                                                                                                                                                                                                                                                                                                                                                                                                                                                                                                                                                                                                                                                                                                                                                                                                                                                                                                                                                                                                                                                                                                                                                                                                                                                                                                                                                                                                                                                                                                                                                                                                                                                                                                                                                                                                                                                                                                                                                                                                                                                                                                                                                                                                                                                                                                                                                                                                                                                                                                                                                                                                                                                                                                                                                                                                                                                                                                                                                                                                                                                                                                                                                                                                                                                                                                                                                                                                                                                                                                                                                                                                                                                                                                                                                                                                                                                                                                                                                                                                                                                                                                                                                                                                                                                                                                                                                                                                                                                                                                                                                                                                                                                                                                                                                                                                                                                                                                                                                                                                                                                                                                                                                                                                                                                                                                                                                                                                                                                                                                                                                                                                                                                                                                                                                                                                                                                                                                                                                                                                                                                                                                                                                                                                                                                                                                                                                                                                                                                                                                                                                                                                                                                                                                                                                                                                                                                                                                                                                                                                                                                                                                                                                                                                                                                                                                                                                                                                                                                                                                                                                                                                                                                                                                                                                                                                                                                                                                                                                                                                                                                                                                                                                                                                                                                                                                                                                                                                                                                                                                                                                                                                                                                                                                                                                                                                                                                                                                                                                                                                                                                                                                                                                                                                                                                                                                                                                                                                                                                                                                                                                                                                                                                                                                                                                                                                                                                                                                                                                                                                                                                                                                                                                                                                                                                                                                                                                                                                                                                                                                                                                                                                                                                                                                                                                                                                                                                                                                                                                                                                                                                                                                                                                                                                                                                                                                                                                                                                                                                                                                                                                                                                                                                                                                                                                                                                                                                                                                                                                                                                                                                                                                                                                                                                                                                                                                                                                                                                                                                                                                                                                                                                                                                                                                                                                                                                                                                                                                                                                                                                                                                                                                                                                                                                                                                                                                                                                                                                                                                                                                                                                                                                                                                                                                                                                                                                                                                                                                                                                                                                                                                                                                                                                                                                                                                                                                                                                                                                                                                                                                                                                                                                                                                                                                                                                                                                                                                                                                                                                                                                                                                                                                                                                                                                                                                                                                                                                                                                                                                                                                                                                                                                                                                                                                                                                                                                                                                                                                                                                                                                                                                                                                                                                                                                                                                                                                                                                                                                                                                                                                                                                                                                                                                                                                                                                                                                                                                                                                                                                                                                                                                                                                                                                                                                                                                                                                                                                                                                                                                                                                                                                                                                                                                                                                                                                                                                                                                                                                                                                                                                                                                                                                                                                                                                                                                                                                                                                                                                                                                                                                                                                                                                                                                                                                                                                                                                                                                                                                                                                                                                                                                                                                                                                                                                                                                                                                                                                                                                                                                                                                                                                                                                                                                                                                                                                                                                                                                                                                                                                                                                                                                                                                                                                                                                                                                                                                                                                                                                                                                                                                                                                                                                                                                                                                                                                                                                                                                                                                                                                                                                                                                                                                                                                                                                                                                                                                                                                                                                                                                                                                                                                                                                                                                                                                                                                                                                                                                                                                                                                                                                                                                                                                                                                                                                                                                                                                                                                                                                                                                                                                                                                                                                                                                                                                                                                                                                                                                                                                                                                                                                                                                                                                                                                                                                                                                                                                                                                                                                                                                                                                                                                                                                                                                                                                                                                                                                                                                                                                                                                                                                                                                                                                                                                                                                                                                                                                                                                                                                                                                                                                                                                                                                                                                                                                                                                                                                                                                                                                                                                                                                                                                                                                                                                                                                                                                                                                                                                                                                                                                                                                                                                                                                                                                                                                                                                                                                                                                                                                                                                                                                                                                                                                                                                                                                                                                                                                                                                                                                                                                                                                                                                                                                                                                                                                                                                                                                                                                                                                                                                                                                                                                                                                                                                                                                                                                                                                                                                                                                                                                                                                                                                                                                                                                                                                                                                                                                                                                                                                                                                                                                                                                                                                                                                                                                                                                                                                                                                                                                                                                                                                                                                                                                                                                                                                                                                                                                                                                                                                                                                                                                                                                                                                                                                                                                                                                                                                                                                                                                                                                                                                                                                                                                                                                                                                                                                                                                                                                                                                                                                                                                                                                                                                                                                                                                                                                                                                                                                                                                                                                                                                                                                                                                                                                                                                                                                                                                                                                                                                                                                                                                                                                                                                                                                                                                                                                                                                                                                                                                                                                                                                                                                                                                                                                                                                                                                                                                                                                                                                                                                                                                                                                                                                                                                                                                                                                                                                                                                                                                                                                                                                                                                                                                                                                                                                                                                                                                                                                                                                                                                                                                                                                                                                                                                                                                                                                                                                                                                                                                                                                                                                                                                                                                                                                                                                                                                                                                                                                                                                                                                                                                                                                                                                                                                                                                                                                                                                                                                                                                                                                                                                                                                                                                                                                                                                                                                                                                                                                                                                                                                                                                                                                                                                                                                                                                                                                                                                                                                                                                                                                                                                                                                                                                                                                                                                                                                                                                                                                                                                                                                                                                                                                                                                                                                                                                                                                                                                                                                                                                                                                                                                                                                                                                                                                                                                                                                                                                                                                                                                                                                                                                                                                                                                                                                                                                                                                                                                                                                                                                                                                                                                                                                                                                                                                                                                                                                                                                                                                                                                                                                                                                                                                                                                                                                                                                                                                                                                                                                                                                                                                                                                                                                                                                                                                                                                                                                                                                                                                                                                                                                                                                                                                                                                                                                                                                                                                                                                                                                                                                                                                                                                                                                                                                                                                                                                                                                                                                                                                                                                                                                                                                                                                                                                                                                                                                                                                                                                                                                                                                                                                                                                                                                                                                                                                                                                                                                                                                                                                                                                                                                                                                                                                                                                                                                                                                                                                                                                                                                                                                                                                                                                                                                                                                                                                                                                                                                                                                                                                                                                                                                                                                                                                                                                                                                                                                                                                                                                                                                                                                                                                                                                                                                                                                                                                                                                                                                                                                                                                                                                                                                                                                                                                                                                                                                                                                                                                                                                                                                                                                                                                                                                                                                                                                                                                                                                                                                                                                                                                                                                                                                                                                                                                                                                                                                                                                                                                                                                                                                                                                                                                                                                                                                                                                                                                                                                                                                                                                                                                                                                                                                                                                                                                                                                                                                                                                                                                                                                                                                                                                                                                                                                                                                                                                                                                                                                                                                                                                                                                                                                                                                                                                                                                                                                                                                                                                                                                                                                                                                                                                                                                                                                                                                                                                                                                                                                                                                                                                                                                                                                                                                                                                                                                                                                                                                                                                                                                                                                                                                                                                                                                                                                                                                                                                                                                                                                                                                                                                                                                                                                                                                                                                                                                                                                                                                                                                                                                                                                                                                                                                                                                                                                                                                                                                                                                                                                                                                                                                                                                                                                                                                                                                                                                                                                                                                                                                                                                                                                                                                                                                                                                                                                                                                                                                                                                                                                                                                                                                                                                                                                                                                                                                                                                                                                                                                                                                                                                                                                                                                                                                                                                                                                                                                                                                                                                                                                                                                                                                                                                                                                                                                                                                                                                                                                                                                                                                                                                                                                                                                                                                                                                                                                                                                                                                                                                                                                                                                                                                                                                                                                                                                                                                                                                                                                                                                                                                                                                                                                                                                                                                                                                                                                                                                                                                                                                                                                                                                                                                                                                                                                                                                                                                                                                                                                                                                                                                                                                                                                                                                                                                                                                                                                                                                                                                                                                                                                                                                                                                                                                                                                                                                                                                                                                                                                                                                                                                                                                                                                                                                                                                                                                                                                                                                                                                                                                                                                                                                                                                                                                                                                                                                                                                                                                                                                                                                                                                                                                                                                                                                                                                                                                                                                                                                                                                                                                                                                                                                                                                                                                                                                                                                                                                                                                                                                                                                                                                                                                                                                                                                                                                                                                                                                                                                                                                                                                                                                                                                                                                                                                                                                                                                                                                                                                                                                                                                                                                                                                                                                                                                                                                                                                                                                                                                                                                                                                                                                                                                                                                                                                                                                                                                                                                                                                                                                                                                                                                                                                                                                                                                                                                                                                                                                                                                                                                                                                                                                                                                                                                                                                                                                                                                                                                                                                                                                                                                                                                                                                                                                                                                                                                                                                                                                                                                                                                                                                                                                                                                                                                                                                                                                                                                                                                                                                                                                                                                                                                                                                                                                                                                                                                                                                                                                                                                                                                                                                                                                                                                                                                                                                                                                                                                                                                                                                                                                                                                                                                                                                                                                                                                                                                                                                                                                                                                                                                                                                                                                                                                                                                                                                                                                                                                                                                                                                                                                                                                                                                                                                                                                                                                                                                                                                                                                                                                                                                                                                                                                                                                                                                                                                                                                                                                                                                                                                                                                                                                                                                                                                                                                                                                                                                                                                                                                                                                                                                                                                                                                                                                                                                                                                                                                                                                                                                                                                                                                                                                                                                                                                                                                                                                                                                                                                                                                                                                                                                                                                                                                                                                                                                                                                                                                                                                                                                                                                                                                                                                                                                                                                                                                                                                                                                                                                                                                                                                                                                                                                                                                                                                                                                                                                                                                                                                                                                                                                                                                                                                                                                                                                                                                                                                                                                                                                                                                                                                                                                                                                                                                                                                                                                                                                                                                                                                                                                                                                                                                                                                                                                                                                                                                                                                                                                                                                                                                                                                                                                                                                                                                                                                                                                                                                                                                                                                                                                                                                                                                                                                                                                                                                                                                                                                                                                                                                                                                                                                                                                                                                                                                                                                                                                                                                                                                                                                                                                                                                                                                                                                                                                                                                                                                                                                                                                                                                                                                                                                                                                                                                                                                                                                                                                                                                                                                                                                                                                                                                                                                                                                                                                                                                                                                                                                                                                                                                                                                                                                                                                                                                                                                                                                                                                                                                                                                                                                                                                                                                                                                                                                                                                                                                                                                                                                                                                                                                                                                                                                                                                                                                                                                                                                                                                                                                                                                                                                                                                                                                                                                                                                                                                                                                                                                                                                                                                                                                                                                                                                                                                                                                                                                                                                                                                                                                                                                                                                                                                                                                                                                                                                                                                                                                                                                                                                                                                                                                                                                                                                                                                                                                                                                                                                                                                                                                                                                                                                                    