#
# A fatal error has been detected by the Java Runtime Environment:
#
#  EXCEPTION_ACCESS_VIOLATION (0xc0000005) at pc=0x00007ffb0ecc097e, pid=7532, tid=8340
#
# JRE version: OpenJDK Runtime Environment Temurin-17.0.10+7 (17.0.10+7) (build 17.0.10+7)
# Java VM: OpenJDK 64-Bit Server VM Temurin-17.0.10+7 (17.0.10+7, mixed mode, sharing, tiered, compressed oops, compressed class ptrs, g1 gc, windows-amd64)
# Problematic frame:
# C  [nvoglv64.dll+0x64097e]
#
# No core dump will be written. Minidumps are not enabled by default on client versions of Windows
#
# If you would like to submit a bug report, please visit:
#   https://github.com/adoptium/adoptium-support/issues
# The crash happened outside the Java Virtual Machine in native code.
# See problematic frame for where to report the bug.
#

---------------  S U M M A R Y ------------

Command Line: -Dforge.enableGameTest=true -Dforge.logging.console.level=debug -Dforge.logging.markers=REGISTRIES -DignoreList=bootstraplauncher,securejarhandler,asm-commons,asm-util,asm-analysis,asm-tree,asm,JarJarFileSystems,client-extra,fmlcore,javafmllanguage,lowcodelanguage,mclanguage,forge- -Djava.net.preferIPv6Addresses=system -DlegacyClassPath.file=F:\MCreatorWorkspace\JunjieTrafficMod\build\classpath\runClient_minecraftClasspath.txt -DmergeModules=jna-5.10.0.jar,jna-platform-5.10.0.jar --module-path=C:\Users\JunZulaki\.mcreator\gradle\caches\modules-2\files-2.1\cpw.mods\bootstraplauncher\1.1.2\c546e00443d8432cda6baa1c860346980742628\bootstraplauncher-1.1.2.jar;C:\Users\JunZulaki\.mcreator\gradle\caches\modules-2\files-2.1\cpw.mods\securejarhandler\2.1.10\51e6a22c6c716beb11e244bf5b8be480f51dd6b5\securejarhandler-2.1.10.jar;C:\Users\JunZulaki\.mcreator\gradle\caches\modules-2\files-2.1\org.ow2.asm\asm-commons\9.5\19ab5b5800a3910d30d3a3e64fdb00fd0cb42de0\asm-commons-9.5.jar;C:\Users\JunZulaki\.mcreator\gradle\caches\modules-2\files-2.1\org.ow2.asm\asm-util\9.5\64b5a1fc8c1b15ed2efd6a063e976bc8d3dc5ffe\asm-util-9.5.jar;C:\Users\JunZulaki\.mcreator\gradle\caches\modules-2\files-2.1\org.ow2.asm\asm-analysis\9.5\490bacc77de7cbc0be1a30bb3471072d705be4a4\asm-analysis-9.5.jar;C:\Users\JunZulaki\.mcreator\gradle\caches\modules-2\files-2.1\org.ow2.asm\asm-tree\9.5\fd33c8b6373abaa675be407082fdfda35021254a\asm-tree-9.5.jar;C:\Users\JunZulaki\.mcreator\gradle\caches\modules-2\files-2.1\org.ow2.asm\asm\9.5\dc6ea1875f4d64fbc85e1691c95b96a3d8569c90\asm-9.5.jar;C:\Users\JunZulaki\.mcreator\gradle\caches\modules-2\files-2.1\net.minecraftforge\JarJarFileSystems\0.3.19\2464eb7d6b9ddb9db36a82cf8a95193e5c6fe020\JarJarFileSystems-0.3.19.jar --add-modules=ALL-MODULE-PATH --add-opens=java.base/java.util.jar=cpw.mods.securejarhandler --add-opens=java.base/java.lang.invoke=cpw.mods.securejarhandler --add-exports=java.base/sun.security.util=cpw.mods.securejarhandler --add-exports=jdk.naming.dns/com.sun.jndi.dns=java.naming -XX:HeapDumpPath=MojangTricksIntelDriversForPerformance_javaw.exe_minecraft.exe.heapdump -Dfile.encoding=UTF-8 -Duser.country=CN -Duser.language=zh -Duser.variant cpw.mods.bootstraplauncher.BootstrapLauncher --launchTarget forgeclientuserdev --version MOD_DEV --assetIndex 5 --assetsDir C:\Users\JunZulaki\.mcreator\gradle\caches\forge_gradle\assets --gameDir . --fml.forgeVersion 47.2.0 --fml.mcVersion 1.20.1 --fml.forgeGroup net.minecraftforge --fml.mcpVersion 20230612.114412

Host: Intel(R) Core(TM) i7-5500U CPU @ 2.40GHz, 4 cores, 11G,  Windows 10 , 64 bit Build 19041 (10.0.19041.7663)
Time: Fri Sep 11 22:14:23 2026  Windows 10 , 64 bit Build 19041 (10.0.19041.7663) elapsed time: 318.987550 seconds (0d 0h 5m 18s)

---------------  T H R E A D  ---------------

Current thread (0x000002614da25530):  JavaThread "Render thread" [_thread_in_native, id=8340, stack(0x000000a1ec700000,0x000000a1ec800000)]

Stack: [0x000000a1ec700000,0x000000a1ec800000],  sp=0x000000a1ec7fd760,  free space=1013k
Native frames: (J=compiled Java code, j=interpreted, Vv=VM code, C=native code)
C  [nvoglv64.dll+0x64097e]

Java frames: (J=compiled Java code, j=interpreted, Vv=VM code)
J 5222  org.lwjgl.opengl.GL30C.glBindVertexArray(I)V org.lwjgl.opengl@3.3.1+7 (0 bytes) @ 0x000002615e89e7e9 [0x000002615e89e7a0+0x0000000000000049]
J 26051 c2 com.mojang.blaze3d.vertex.VertexBuffer.bind()V minecraft@1.20.1 (11 bytes) @ 0x000002615f42bd20 [0x000002615f42bca0+0x0000000000000080]
J 28352 c2 net.minecraft.client.renderer.LevelRenderer.renderChunkLayer(Lnet/minecraft/client/renderer/RenderType;Lcom/mojang/blaze3d/vertex/PoseStack;DDDLorg/joml/Matrix4f;)V minecraft@1.20.1 (797 bytes) @ 0x000002615f935194 [0x000002615f9341c0+0x0000000000000fd4]
j  net.minecraft.client.renderer.LevelRenderer.renderLevel(Lcom/mojang/blaze3d/vertex/PoseStack;FJZLnet/minecraft/client/Camera;Lnet/minecraft/client/renderer/GameRenderer;Lnet/minecraft/client/renderer/LightTexture;Lorg/joml/Matrix4f;)V+617 minecraft@1.20.1
J 29209 c2 net.minecraft.client.renderer.GameRenderer.renderLevel(FJLcom/mojang/blaze3d/vertex/PoseStack;)V minecraft@1.20.1 (737 bytes) @ 0x000002615f82ee18 [0x000002615f82d660+0x00000000000017b8]
J 28941 c2 net.minecraft.client.renderer.GameRenderer.render(FJZ)V minecraft@1.20.1 (960 bytes) @ 0x000002615f6688b0 [0x000002615f668300+0x00000000000005b0]
J 28727 c2 net.minecraft.client.Minecraft.runTick(Z)V minecraft@1.20.1 (1158 bytes) @ 0x000002615fa028e8 [0x000002615fa00de0+0x0000000000001b08]
j  net.minecraft.client.Minecraft.run()V+108 minecraft@1.20.1
j  net.minecraft.client.main.Main.main([Ljava/lang/String;)V+1561 minecraft@1.20.1
v  ~StubRoutines::call_stub
j  jdk.internal.reflect.NativeMethodAccessorImpl.invoke0(Ljava/lang/reflect/Method;Ljava/lang/Object;[Ljava/lang/Object;)Ljava/lang/Object;+0 java.base@17.0.10
J 6542 c1 jdk.internal.reflect.NativeMethodAccessorImpl.invoke(Ljava/lang/Object;[Ljava/lang/Object;)Ljava/lang/Object; java.base@17.0.10 (137 bytes) @ 0x000002615777246c [0x0000026157772100+0x000000000000036c]
J 6527 c1 jdk.internal.reflect.DelegatingMethodAccessorImpl.invoke(Ljava/lang/Object;[Ljava/lang/Object;)Ljava/lang/Object; java.base@17.0.10 (10 bytes) @ 0x000002615776e084 [0x000002615776e020+0x0000000000000064]
J 6602 c1 java.lang.reflect.Method.invoke(Ljava/lang/Object;[Ljava/lang/Object;)Ljava/lang/Object; java.base@17.0.10 (65 bytes) @ 0x000002615778d88c [0x000002615778d760+0x000000000000012c]
j  net.minecraftforge.fml.loading.targets.CommonLaunchHandler.runTarget(Ljava/lang/String;[Ljava/lang/String;Ljava/lang/ModuleLayer;)V+39 fmlloader@1.20.1-47.2.0
j  net.minecraftforge.fml.loading.targets.CommonLaunchHandler.clientService([Ljava/lang/String;Ljava/lang/ModuleLayer;)V+5 fmlloader@1.20.1-47.2.0
j  net.minecraftforge.fml.loading.targets.ForgeClientUserdevLaunchHandler.devService([Ljava/lang/String;Ljava/lang/ModuleLayer;)V+3 fmlloader@1.20.1-47.2.0
j  net.minecraftforge.fml.loading.targets.CommonDevLaunchHandler.lambda$makeService$7([Ljava/lang/String;Ljava/lang/ModuleLayer;)V+3 fmlloader@1.20.1-47.2.0
j  net.minecraftforge.fml.loading.targets.CommonDevLaunchHandler$$Lambda$1003+0x0000026101414460.run()V+12 fmlloader@1.20.1-47.2.0
j  cpw.mods.modlauncher.LaunchServiceHandlerDecorator.launch([Ljava/lang/String;Ljava/lang/ModuleLayer;)V+11 cpw.mods.modlauncher@10.0.9
j  cpw.mods.modlauncher.LaunchServiceHandler.launch(Ljava/lang/String;[Ljava/lang/String;Ljava/lang/ModuleLayer;Lcpw/mods/modlauncher/TransformingClassLoader;Lcpw/mods/modlauncher/LaunchPluginHandler;)V+58 cpw.mods.modlauncher@10.0.9
j  cpw.mods.modlauncher.LaunchServiceHandler.launch(Lcpw/mods/modlauncher/ArgumentHandler;Ljava/lang/ModuleLayer;Lcpw/mods/modlauncher/TransformingClassLoader;Lcpw/mods/modlauncher/LaunchPluginHandler;)V+21 cpw.mods.modlauncher@10.0.9
j  cpw.mods.modlauncher.Launcher.run([Ljava/lang/String;)V+307 cpw.mods.modlauncher@10.0.9
j  cpw.mods.modlauncher.Launcher.main([Ljava/lang/String;)V+78 cpw.mods.modlauncher@10.0.9
j  cpw.mods.modlauncher.BootstrapLaunchConsumer.accept([Ljava/lang/String;)V+1 cpw.mods.modlauncher@10.0.9
j  cpw.mods.modlauncher.BootstrapLaunchConsumer.accept(Ljava/lang/Object;)V+5 cpw.mods.modlauncher@10.0.9
j  cpw.mods.bootstraplauncher.BootstrapLauncher.main([Ljava/lang/String;)V+515 cpw.mods.bootstraplauncher@1.1.2
v  ~StubRoutines::call_stub

siginfo: EXCEPTION_ACCESS_VIOLATION (0xc0000005), reading address 0xffffffffffffffff


Registers:
RAX=0xfffffffff7f7ef60, RBX=0x000002617b960000, RCX=0x00007ffb10e7e500, RDX=0x00000261984a0040
RSP=0x000000a1ec7fd760, RBP=0x000000a1ec7fd980, RSI=0x0000000000000000, RDI=0xff59bd9141100000
R8 =0x0000000000000001, R9 =0x00000261758fdbb0, R10=0x00000000000069f4, R11=0x000000a1ec7fd8e8
R12=0x00000261a0521a68, R13=0x000000000000fefd, R14=0x0000000000000a38, R15=0x0000000000000000
RIP=0x00007ffb0ecc097e, EFLAGS=0x0000000000010202


Register to memory mapping:

RIP=0x00007ffb0ecc097e nvoglv64.dll
RAX=0xfffffffff7f7ef60 is an unknown value
RBX=0x000002617b960000 points into unknown readable memory: 0x000002617549c4b0 | b0 c4 49 75 61 02 00 00
RCX=0x00007ffb10e7e500 nvoglv64.dll
RDX=0x00000261984a0040 points into unknown readable memory: 0x4180000041000001 | 01 00 00 41 00 00 80 41
RSP=0x000000a1ec7fd760 is pointing into the stack for thread: 0x000002614da25530
RBP=0x000000a1ec7fd980 is pointing into the stack for thread: 0x000002614da25530
RSI=0x0 is NULL
RDI=0xff59bd9141100000 is an unknown value
R8 =0x0000000000000001 is an unknown value
R9 =0x00000261758fdbb0 points into unknown readable memory: 0x0000026148ca5fa0 | a0 5f ca 48 61 02 00 00
R10=0x00000000000069f4 is an unknown value
R11=0x000000a1ec7fd8e8 is pointing into the stack for thread: 0x000002614da25530
R12=0x00000261a0521a68 points into unknown readable memory: 0x00007ffb10e03c30 | 30 3c e0 10 fb 7f 00 00
R13=0x000000000000fefd is an unknown value
R14=0x0000000000000a38 is an unknown value
R15=0x0 is NULL


Top of Stack: (sp=0x000000a1ec7fd760)
0x000000a1ec7fd760:   000002617b960000 000000a1ec7fd980
0x000000a1ec7fd770:   00000261a05210e0 000000010eb314fd
0x000000a1ec7fd780:   fffffffff7f7ef60 00000261a05210e0
0x000000a1ec7fd790:   0000026149a10b40 0000000000000010
0x000000a1ec7fd7a0:   0000000000002370 00007ffb0f24a4d6
0x000000a1ec7fd7b0:   000002617b960000 0000026175900210
0x000000a1ec7fd7c0:   0000026174b19550 000002617b960228
0x000000a1ec7fd7d0:   0000000000000002 000002617b9ac250
0x000000a1ec7fd7e0:   000002617b960000 00007ffb0f244606
0x000000a1ec7fd7f0:   0000000000000010 0000000000000001
0x000000a1ec7fd800:   0000026174b19550 0000026174b19550
0x000000a1ec7fd810:   000002617549c4b0 0000000000000001
0x000000a1ec7fd820:   4a02d7b71359d1a3 00007ffb0f258699
0x000000a1ec7fd830:   99703030855c99fc 134e04502df76936
0x000000a1ec7fd840:   76bef1a8047d1c13 3bfadb02bbe99d81
0x000000a1ec7fd850:   000002614a2b9db0 0000000000000000
0x000000a1ec7fd860:   000002617b960000 00000261778a85c0
0x000000a1ec7fd870:   00000000000000ff 00007ffb0ee80fe0
0x000000a1ec7fd880:   0000000000000000 000002617b960000
0x000000a1ec7fd890:   0000026100000009 0000026149a6d080
0x000000a1ec7fd8a0:   0000000000000003 0000000000000001
0x000000a1ec7fd8b0:   0000000002161f18 0000000000000000
0x000000a1ec7fd8c0:   000002614da25530 000000a1ec7fd970
0x000000a1ec7fd8d0:   00000000000069f4 0000000742517a00
0x000000a1ec7fd8e0:   000002617b960000 00007ffb0ecc1e31
0x000000a1ec7fd8f0:   000000000000fefd 00000261984a0040
0x000000a1ec7fd900:   000000a100000000 3f0bfefd3f1ffefd
0x000000a1ec7fd910:   000000074c17f5f0 000002615e89e885
0x000000a1ec7fd920:   000000076816a418 000000a1ec7fd9d0
0x000000a1ec7fd930:   000002614da25530 00000000e97ba165
0x000000a1ec7fd940:   000000a100000001 00000261433801f0
0x000000a1ec7fd950:   000000074bdb5c58 000002615f59f791 

Instructions: (pc=0x00007ffb0ecc097e)
0x00007ffb0ecc087e:   89 43 20 0b 82 d0 0a 00 00 41 89 43 20 8b 82 d4
0x00007ffb0ecc088e:   0a 00 00 41 09 43 24 49 8d 43 20 33 ff 48 89 74
0x00007ffb0ecc089e:   24 28 8b cf 4d 89 63 d0 39 38 77 10 ff c1 48 83
0x00007ffb0ecc08ae:   c0 04 83 f9 02 72 f1 e9 15 08 00 00 48 8b 8b 28
0x00007ffb0ecc08be:   02 00 00 4c 89 ac 24 50 01 00 00 48 85 c9 74 0b
0x00007ffb0ecc08ce:   48 83 c1 40 e8 49 e1 ea ff eb 4f 40 38 3d b1 05
0x00007ffb0ecc08de:   1c 02 75 46 40 38 3d 98 05 1c 02 74 07 e8 80 3b
0x00007ffb0ecc08ee:   49 00 eb 36 0f b6 05 97 05 1c 02 84 c0 75 0e 8b
0x00007ffb0ecc08fe:   05 81 05 1c 02 ff c0 89 05 79 05 1c 02 8b 05 7b
0x00007ffb0ecc090e:   05 1c 02 83 f8 01 76 12 48 8d 0d a3 db 1b 02 e8
0x00007ffb0ecc091e:   be 0b e7 ff ff 05 58 db 1b 02 44 0f b7 ac 24 a8
0x00007ffb0ecc092e:   01 00 00 44 89 ac 24 90 01 00 00 89 bc 24 a0 01
0x00007ffb0ecc093e:   00 00 45 85 ed 0f 84 86 02 00 00 48 8b 84 24 98
0x00007ffb0ecc094e:   01 00 00 4c 8d a6 88 09 00 00 48 2b c6 4c 8b ff
0x00007ffb0ecc095e:   48 89 44 24 20 41 be 38 0a 00 00 8b f7 0f 1f 44
0x00007ffb0ecc096e:   00 00 41 f6 c5 01 0f 84 2b 02 00 00 4a 8b 3c 20
0x00007ffb0ecc097e:   ff 47 04 83 7f 04 01 75 55 80 67 5d fe 48 8b 77
0x00007ffb0ecc098e:   50 48 8b 83 98 00 00 00 48 89 47 48 48 85 f6 74
0x00007ffb0ecc099e:   4e ff 86 84 00 00 00 ff 86 88 00 00 00 80 be 8c
0x00007ffb0ecc09ae:   00 00 00 00 75 39 48 8b 46 48 48 85 c0 74 16 48
0x00007ffb0ecc09be:   8b 08 48 85 c9 74 0e 48 8b 49 20 48 85 c9 74 05
0x00007ffb0ecc09ce:   e8 8d 13 41 00 c6 86 8c 00 00 00 01 eb 11 48 8b
0x00007ffb0ecc09de:   83 98 00 00 00 48 39 47 48 74 04 80 4f 5d 01 49
0x00007ffb0ecc09ee:   8b 34 24 8b 46 04 ff c8 89 46 04 83 f8 01 75 09
0x00007ffb0ecc09fe:   80 66 5d fe e9 16 01 00 00 85 c0 0f 85 0e 01 00
0x00007ffb0ecc0a0e:   00 48 8b 4e 50 4c 8b ab 30 c2 04 00 48 85 c9 0f
0x00007ffb0ecc0a1e:   84 dc 00 00 00 ff 89 88 00 00 00 83 a9 84 00 00
0x00007ffb0ecc0a2e:   00 01 75 05 e8 c9 e3 48 00 4d 85 ed 0f 84 bf 00
0x00007ffb0ecc0a3e:   00 00 66 83 3d 92 ca 1b 02 00 0f 84 b1 00 00 00
0x00007ffb0ecc0a4e:   80 3d 2c 04 1c 02 00 74 07 e8 14 3a 49 00 eb 36
0x00007ffb0ecc0a5e:   0f b6 05 2b 04 1c 02 84 c0 75 0e 8b 05 15 04 1c
0x00007ffb0ecc0a6e:   02 ff c0 89 05 0d 04 1c 02 8b 05 0f 04 1c 02 83 


Stack slot to memory mapping:
stack at sp + 0 slots: 0x000002617b960000 points into unknown readable memory: 0x000002617549c4b0 | b0 c4 49 75 61 02 00 00
stack at sp + 1 slots: 0x000000a1ec7fd980 is pointing into the stack for thread: 0x000002614da25530
stack at sp + 2 slots: 0x00000261a05210e0 points into unknown readable memory: 0x00000a5900000002 | 02 00 00 00 59 0a 00 00
stack at sp + 3 slots: 0x000000010eb314fd is an unknown value
stack at sp + 4 slots: 0xfffffffff7f7ef60 is an unknown value
stack at sp + 5 slots: 0x00000261a05210e0 points into unknown readable memory: 0x00000a5900000002 | 02 00 00 00 59 0a 00 00
stack at sp + 6 slots: 0x0000026149a10b40 points into unknown readable memory: 0x00007ffb0f0ff8d0 | d0 f8 0f 0f fb 7f 00 00
stack at sp + 7 slots: 0x0000000000000010 is an unknown value


Compiled method (n/a)  319254 5222     n 0       org.lwjgl.opengl.GL30C::glBindVertexArray (native)
 total in heap  [0x000002615e89e610,0x000002615e89e9c0] = 944
 relocation     [0x000002615e89e768,0x000002615e89e798] = 48
 main code      [0x000002615e89e7a0,0x000002615e89e9b8] = 536
 oops           [0x000002615e89e9b8,0x000002615e89e9c0] = 8

[Constant Pool (empty)]

[MachCode]
[Entry Point]
  # {method} {0x00000261710c0ba0} 'glBindVertexArray' '(I)V' in 'org/lwjgl/opengl/GL30C'
  # parm0:    rdx       = int
  #           [sp+0x70]  (sp of caller)
  0x000002615e89e7a0: 448b 5208 | 49bb 0000 | 0000 6102 | 0000 4d03 | d349 3bc2 | 0f84 0600 

  0x000002615e89e7b8: ;   {runtime_call ic_miss_stub}
  0x000002615e89e7b8: 0000 e9c1 | 289e ff90 
[Verified Entry Point]
  0x000002615e89e7c0: 8984 2400 | 90ff ff55 | 488b ec48 | 83ec 604c 

  0x000002615e89e7d0: ;   {oop(a 'java/lang/Class'{0x0000000743e2bce0} = 'org/lwjgl/opengl/GL30C')}
  0x000002615e89e7d0: 8bc2 49be | e0bc e243 | 0700 0000 | 4c89 7424 | 504c 8d74 | 2450 498b | d6c5 f877 

  0x000002615e89e7ec: ;   {internal_word}
  0x000002615e89e7ec: 49ba e9e7 | 895e 6102 | 0000 4d89 | 97a0 0200 | 0049 89a7 | 9802 0000 

  0x000002615e89e804: ;   {external_word}
  0x000002615e89e804: 49ba 7935 | e856 fb7f | 0000 4180 | 3a00 0f84 | 4e00 0000 

  0x000002615e89e818: ;   {metadata({method} {0x00000261710c0ba0} 'glBindVertexArray' '(I)V' in 'org/lwjgl/opengl/GL30C')}
  0x000002615e89e818: 5241 5048 | ba98 0b0c | 7161 0200 | 0049 8bcf | 4883 ec20 | f7c4 0f00 | 0000 0f84 | 1a00 0000 
  0x000002615e89e838: 4883 ec08 

  0x000002615e89e83c: ;   {runtime_call}
  0x000002615e89e83c: 49ba 0030 | 9e56 fb7f | 0000 41ff | d248 83c4 | 08e9 0d00 

  0x000002615e89e850: ;   {runtime_call}
  0x000002615e89e850: 0000 49ba | 0030 9e56 | fb7f 0000 | 41ff d248 | 83c4 2041 | 585a 498d | 8fb8 0200 | 0041 c787 
  0x000002615e89e870: 4803 0000 | 0400 0000 

  0x000002615e89e878: ;   {runtime_call}
  0x000002615e89e878: 49ba 80fa | 5173 fb7f | 0000 41ff | d2c5 f877 | 41c7 8748 | 0300 0005 | 0000 00f0 | 8344 24c0 
  0x000002615e89e898: 0049 3baf | 5003 0000 | 0f87 1100 | 0000 4181 | bf38 0300 | 0000 0000 | 000f 8424 | 0000 00c5 
  0x000002615e89e8b8: f877 498b | cf4c 8be4 | 4883 ec20 | 4883 e4f0 

  0x000002615e89e8c8: ;   {runtime_call}
  0x000002615e89e8c8: 49ba 7044 | ae56 fb7f | 0000 41ff | d249 8be4 | 4d33 e441 | c787 4803 | 0000 0800 | 0000 4181 
  0x000002615e89e8e8: bfb8 0300 | 0002 0000 | 000f 849b 

  0x000002615e89e8f4: ;   {external_word}
  0x000002615e89e8f4: 0000 0049 | ba79 35e8 | 56fb 7f00 | 0041 803a | 000f 8448 

  0x000002615e89e908: ;   {metadata({method} {0x00000261710c0ba0} 'glBindVertexArray' '(I)V' in 'org/lwjgl/opengl/GL30C')}
  0x000002615e89e908: 0000 0048 | ba98 0b0c | 7161 0200 | 0049 8bcf | 4883 ec20 | f7c4 0f00 | 0000 0f84 | 1a00 0000 
  0x000002615e89e928: 4883 ec08 

  0x000002615e89e92c: ;   {runtime_call}
  0x000002615e89e92c: 49ba 0030 | 9e56 fb7f | 0000 41ff | d248 83c4 | 08e9 0d00 

  0x000002615e89e940: ;   {runtime_call}
  0x000002615e89e940: 0000 49ba | 0030 9e56 | fb7f 0000 | 41ff d248 | 83c4 2049 | c787 9802 | 0000 0000 | 0000 49c7 
  0x000002615e89e960: 87a0 0200 | 0000 0000 | 00c5 f877 | 498b 8fd8 | 0000 00c7 | 8100 0100 | 0000 0000 | 00c9 4981 
  0x000002615e89e980: 7f08 0000 | 0000 0f85 | 0100 0000 

  0x000002615e89e98c: ;   {runtime_call StubRoutines (1)}
  0x000002615e89e98c: c3e9 6e25 | 99ff c5f8 | 774c 8be4 | 4883 ec20 | 4883 e4f0 

  0x000002615e89e9a0: ;   {runtime_call}
  0x000002615e89e9a0: 49ba 8060 | 9e56 fb7f | 0000 41ff | d249 8be4 | 4d33 e4e9 | 3fff ffff 
[/MachCode]


Compiled method (c2)  319272 26051       4       com.mojang.blaze3d.vertex.VertexBuffer::bind (11 bytes)
 total in heap  [0x000002615f42bb10,0x000002615f42bed8] = 968
 relocation     [0x000002615f42bc68,0x000002615f42bc90] = 40
 main code      [0x000002615f42bca0,0x000002615f42bdc0] = 288
 stub code      [0x000002615f42bdc0,0x000002615f42bde8] = 40
 oops           [0x000002615f42bde8,0x000002615f42bdf8] = 16
 metadata       [0x000002615f42bdf8,0x000002615f42be20] = 40
 scopes data    [0x000002615f42be20,0x000002615f42be68] = 72
 scopes pcs     [0x000002615f42be68,0x000002615f42beb8] = 80
 dependencies   [0x000002615f42beb8,0x000002615f42bec0] = 8
 handler table  [0x000002615f42bec0,0x000002615f42bed8] = 24

[Constant Pool (empty)]

[MachCode]
[Entry Point]
  # {method} {0x00000261807dc998} 'bind' '()V' in 'com/mojang/blaze3d/vertex/VertexBuffer'
  #           [sp+0x50]  (sp of caller)
  0x000002615f42bca0: 448b 5208 | 49bb 0000 | 0000 6102 | 0000 4d03 | d349 3bc2 

  0x000002615f42bcb4: ;   {runtime_call ic_miss_stub}
  0x000002615f42bcb4: 0f85 c653 | e5fe 6690 | 0f1f 4000 
[Verified Entry Point]
  0x000002615f42bcc0: 8984 2400 | 90ff ff55 | 4883 ec40 | 488b da4d | 8b97 9002 | 0000 498b 

  0x000002615f42bcd8: ;   {oop(a 'java/lang/Class'{0x000000074c17f5f0} = 'com/mojang/blaze3d/vertex/BufferUploader')}
  0x000002615f42bcd8: 3248 bff0 | f517 4c07 | 0000 0041 | 807f 3800 | 7549 4489 | 6770 8b53 

  0x000002615f42bcf0: ;   {oop(a 'java/lang/Class'{0x000000074cd02e60} = 'com/mojang/blaze3d/systems/RenderSystem')}
  0x000002615f42bcf0: 1449 ba60 | 2ed0 4c07 | 0000 0045 | 0fb6 82fd | 0000 0045 | 85c0 7557 | 418b aa80 | 0000 004c 
  0x000002615f42bd10: 8bd5 49c1 | e203 493b 

  0x000002615f42bd18: ;   {static_call}
  0x000002615f42bd18: f275 55e8 

  0x000002615f42bd1c: ; ImmutableOopMap {}
                      ;*invokestatic glBindVertexArray {reexecute=0 rethrow=0 return_oop=0}
                      ; - org.lwjgl.opengl.GL30::glBindVertexArray@1 (line 2283)
                      ; - com.mojang.blaze3d.platform.GlStateManager::_glBindVertexArray@4 (line 297)
                      ; - com.mojang.blaze3d.vertex.VertexBuffer::bind@7 (line 95)
  0x000002615f42bd1c: a02a 47ff | 4883 c440 

  0x000002615f42bd24: ;   {poll_return}
  0x000002615f42bd24: 5d49 3ba7 | 5003 0000 | 0f87 7400 | 0000 c344 | 8b5f 7045 | 85db 74ae | 4d8b 5720 | 498b cb48 
  0x000002615f42bd44: c1e1 034d | 85d2 7438 | 4d8b 5f30 | 4b89 4c13 | f849 83c2 | f84d 8957 | 20eb 8b8b | ea44 8944 
  0x000002615f42bd64: 2420 ba45 

  0x000002615f42bd68: ;   {runtime_call UncommonTrapBlob}
  0x000002615f42bd68: ffff ffe8 

  0x000002615f42bd6c: ; ImmutableOopMap {}
                      ;*ifne {reexecute=1 rethrow=0 return_oop=0}
                      ; - (reexecute) com.mojang.blaze3d.systems.RenderSystem::assertOnRenderThreadOrInit@3 (line 143)
                      ; - com.mojang.blaze3d.platform.GlStateManager::_glBindVertexArray@0 (line 296)
                      ; - com.mojang.blaze3d.vertex.VertexBuffer::bind@7 (line 95)
  0x000002615f42bd6c: 90ab e5fe | 8954 2420 | 4889 7424 | 28ba 45ff 

  0x000002615f42bd7c: ;   {runtime_call UncommonTrapBlob}
  0x000002615f42bd7c: ffff 90e8 

  0x000002615f42bd80: ; ImmutableOopMap {rbp=NarrowOop [40]=Oop }
                      ;*if_acmpne {reexecute=1 rethrow=0 return_oop=0}
                      ; - (reexecute) com.mojang.blaze3d.systems.RenderSystem::isOnRenderThread@6 (line 110)
                      ; - com.mojang.blaze3d.systems.RenderSystem::assertOnRenderThreadOrInit@6 (line 143)
                      ; - com.mojang.blaze3d.platform.GlStateManager::_glBindVertexArray@0 (line 296)
                      ; - com.mojang.blaze3d.vertex.VertexBuffer::bind@7 (line 95)
  0x000002615f42bd80: 7cab e5fe | 498b d749 | ba60 485d | 56fb 7f00 | 0041 ffd2 | e951 ffff | ff48 8bd0 | 4883 c440 
  0x000002615f42bda0: ;   {runtime_call _rethrow_Java}
  0x000002615f42bda0: 5de9 5a37 

  0x000002615f42bda4: ;   {internal_word}
  0x000002615f42bda4: f0fe 49ba | 25bd 425f | 6102 0000 | 4d89 9768 

  0x000002615f42bdb4: ;   {runtime_call SafepointBlob}
  0x000002615f42bdb4: 0300 00e9 | 44bc e5fe | f4f4 f4f4 
[Stub Code]
  0x000002615f42bdc0: ;   {no_reloc}
  0x000002615f42bdc0: 48bb 0000 | 0000 0000 

  0x000002615f42bdc8: ;   {runtime_call}
  0x000002615f42bdc8: 0000 e9fb 

  0x000002615f42bdcc: ;   {runtime_call ExceptionBlob}
  0x000002615f42bdcc: ffff ffe9 | ac8b effe 
[Deopt Handler Code]
  0x000002615f42bdd4: e800 0000 | 0048 832c 

  0x000002615f42bddc: ;   {runtime_call DeoptimizationBlob}
  0x000002615f42bddc: 2405 e9bd | aee5 fef4 | f4f4 f4f4 
[/MachCode]


Compiled method (c2)  319278 28352       4       net.minecraft.client.renderer.LevelRenderer::renderChunkLayer (797 bytes)
 total in heap  [0x000002615f933c90,0x000002615f93cd18] = 37000
 relocation     [0x000002615f933de8,0x000002615f9341a0] = 952
 constants      [0x000002615f9341a0,0x000002615f9341c0] = 32
 main code      [0x000002615f9341c0,0x000002615f938900] = 18240
 stub code      [0x000002615f938900,0x000002615f938a28] = 296
 oops           [0x000002615f938a28,0x000002615f938ac0] = 152
 metadata       [0x000002615f938ac0,0x000002615f939098] = 1496
 scopes data    [0x000002615f939098,0x000002615f93b838] = 10144
 scopes pcs     [0x000002615f93b838,0x000002615f93c678] = 3648
 dependencies   [0x000002615f93c678,0x000002615f93c7b0] = 312
 handler table  [0x000002615f93c7b0,0x000002615f93ca68] = 696
 nul chk table  [0x000002615f93ca68,0x000002615f93cd18] = 688


[Constant Pool]
             Address          hex4                    hex8      
  0x000002615f9341a0:   0x00000000      0x3ff0000000000000      
  0x000002615f9341a4:   0x3ff00000                              
  0x000002615f9341a8:   0xf4f4f4f4      0xf4f4f4f4f4f4f4f4      
  0x000002615f9341ac:   0xf4f4f4f4                              
  0x000002615f9341b0:   0xf4f4f4f4      0xf4f4f4f4f4f4f4f4      
  0x000002615f9341b4:   0xf4f4f4f4                              
  0x000002615f9341b8:   0xf4f4f4f4      0xf4f4f4f4f4f4f4f4      
  0x000002615f9341bc:   0xf4f4f4f4                              

[MachCode]
[Entry Point]
  # {method} {0x00000261807b04e8} 'renderChunkLayer' '(Lnet/minecraft/client/renderer/RenderType;Lcom/mojang/blaze3d/vertex/PoseStack;DDDLorg/joml/Matrix4f;)V' in 'net/minecraft/client/renderer/LevelRenderer'
  # this:     rdx:rdx   = 'net/minecraft/client/renderer/LevelRenderer'
  # parm0:    r8:r8     = 'net/minecraft/client/renderer/RenderType'
  # parm1:    r9:r9     = 'com/mojang/blaze3d/vertex/PoseStack'
  # parm2:    xmm0:xmm0   = double
  # parm3:    xmm1:xmm1   = double
  # parm4:    xmm2:xmm2   = double
  # parm5:    rdi:rdi   = 'org/joml/Matrix4f'
  #           [sp+0xe0]  (sp of caller)
  0x000002615f9341c0: ;   {no_reloc}
  0x000002615f9341c0: 448b 5208 | 49bb 0000 | 0000 6102 | 0000 4d03 | d349 3bc2 

  0x000002615f9341d4: ;   {runtime_call ic_miss_stub}
  0x000002615f9341d4: 0f85 a6ce | 94fe 6690 | 0f1f 4000 
[Verified Entry Point]
  0x000002615f9341e0: 8984 2400 | 90ff ff55 | 4881 ecd0 | 0000 0048 | 897c 2468 | c5fb 1154 | 2440 c5fb | 114c 2438 
  0x000002615f934200: c5fb 1144 | 2430 4c89 | 4c24 284d | 8bc8 488b | ea4d 8b97 | 9002 0000 

  0x000002615f934218: ;   {oop(a 'java/lang/Class'{0x000000074cd02e60} = 'com/mojang/blaze3d/systems/RenderSystem')}
  0x000002615f934218: 4d8b 1249 | bb60 2ed0 | 4c07 0000 | 0045 8b9b | 8000 0000 | 4d8b c349 | c1e0 034d | 3bd0 0f85 
  0x000002615f934238: b828 0000 

  0x000002615f93423c: ; implicit exception: dispatches to 0x000002615f937fd0
  0x000002615f93423c: 458b 4110 | 4c89 5424 | 484c 894c | 2420 498b | d048 c1e2 | 0390 c5f8 | 7748 b880 | 6ac6 0161 
  0x000002615f93425c: ;   {virtual_call}
  0x000002615f93425c: 0200 00e8 

  0x000002615f934260: ; ImmutableOopMap {rbp=Oop [32]=Oop [40]=Oop [72]=Oop [104]=Oop }
                      ;*invokeinterface run {reexecute=0 rethrow=0 return_oop=0}
                      ; - net.minecraft.client.renderer.RenderStateShard::setupRenderState@4 (line 254)
                      ; - net.minecraft.client.renderer.LevelRenderer::renderChunkLayer@4 (line 1445)
  0x000002615f934260: bc5e 68ff | 4c8b c545 | 8b90 9400 | 0000 4c8b 

  0x000002615f934270: ;   {oop(a 'net/minecraft/client/renderer/RenderType$CompositeRenderType'{0x000000074bdb6ea8})}
  0x000002615f934270: 5c24 2049 | b9a8 6edb | 4b07 0000 | 004d 3bd9 | 0f85 9900 | 0000 478b | 94d4 a401 | 0000 478b 
  0x000002615f934290: ;   {metadata('net/minecraft/util/profiling/InactiveProfiler')}
  0x000002615f934290: 5cd4 0841 | 81fb 78df | a701 0f85 | 7c33 0000 | c4c1 7b10 | 7060 c441 | 7b10 4050 | c5fb 104c 
  0x000002615f9342b0: 2440 c5f3 | 5cc6 c5fb | 1054 2430 | c4c1 6b5c | d8c5 fb59 | c0c5 e359 | e3c4 c17b | 1078 58c5 
  0x000002615f9342d0: fb10 5c24 | 38c5 e35c | efc5 d359 | edc5 db58 | e5c5 db58 

  0x000002615f9342e4: ;   {section_word}
  0x000002615f9342e4: c0c5 f92e | 05b3 feff | ff0f 870c | 1700 0045 | 8b90 9400 | 0000 478b | 8cd4 a401 | 0000 438b 
  0x000002615f934304: ;   {metadata('net/minecraft/util/profiling/InactiveProfiler')}
  0x000002615f934304: 4ccc 0881 | f978 dfa7 | 010f 8549 

  0x000002615f934310: ;   {oop(a 'net/minecraft/client/renderer/RenderType$CompositeRenderType'{0x000000074bdb6ea8})}
  0x000002615f934310: 3300 0048 | bba8 6edb | 4b07 0000 | 00eb 1e45 | 85d2 0f84 | bc27 0000 | c5fb 1054 | 2430 c5fb 
  0x000002615f934330: 105c 2438 | c5fb 104c | 2440 498b | db47 8b9c | d4a4 0100 | 0047 8b4c 

  0x000002615f934348: ;   {metadata('net/minecraft/util/profiling/InactiveProfiler')}
  0x000002615f934348: dc08 4181 | f978 dfa7 | 010f 8511 | 2400 0041 | 8b88 b000 

  0x000002615f93435c: ;   {oop(a 'net/minecraft/client/renderer/RenderType$CompositeRenderType'{0x000000074bdb6ea8})}
  0x000002615f93435c: 0000 49ba | a86e db4b | 0700 0000 | 493b da75 | 0a41 8b7c | cc0c 4533 

  0x000002615f934374: ;   {oop(a 'net/minecraft/client/renderer/RenderType$CompositeRenderType'{0x000000074bdb6ea8})}
  0x000002615f934374: d2eb 1c49 | bba8 6edb | 4b07 0000 | 0041 ba01 | 0000 0045 | 33c9 493b | db45 0f44 | d133 ff45 
  0x000002615f934394: 8b4c cc0c | 85ff 0f8c | bc28 0000 | 413b f90f | 8feb 2800 | 0049 8bb7 | 0801 0000 | 4c8b de49 
  0x000002615f9343b4: 83c3 204d | 3b9f 1801 | 0000 0f83 | a41f 0000 | 4d89 9f08 | 0100 0041 | 0f0d 8bc0 | 0000 0048 
  0x000002615f9343d4: c706 0100 

  0x000002615f9343d8: ;   {metadata('it/unimi/dsi/fastutil/objects/ObjectArrayList$1')}
  0x000002615f9343d8: 0000 c746 | 0800 4004 | 0244 8966 | 0c4c 8966 

  0x000002615f9343e8: ;   {oop(a 'java/lang/Class'{0x000000074cd02e60} = 'com/mojang/blaze3d/systems/RenderSystem')}
  0x000002615f9343e8: 1849 bb60 | 2ed0 4c07 | 0000 0045 | 8b8b 8000 | 0000 498b | d148 c1e2 | 0341 bbff | ffff ff4c 
  0x000002615f934408: 895e 1089 | 4e18 897e | 1489 7e0c | 4c8b 5c24 | 484c 3bda | 0f85 ee26 | 0000 4889 | 7424 5889 
  0x000002615f934428: 7c24 3c44 | 8954 2450 | 894c 2438 | 4889 5c24 | 784c 895c | 2470 4c89 

  0x000002615f934440: ;   {oop(a 'java/lang/Class'{0x000000074cd02e60} = 'com/mojang/blaze3d/systems/RenderSystem')}
  0x000002615f934440: 4424 3049 | ba60 2ed0 | 4c07 0000 | 0045 8b92 | c800 0000 | 4f8d 1cd4 | 4c89 5c24 | 4044 8954 
  0x000002615f934460: 2454 4533 | db44 899c | 24a8 0000 | 00e9 df02 | 0000 42c6 | 4413 1053 | 42c6 4413 | 1161 42c6 
  0x000002615f934480: 4413 126d | 42c6 4413 | 1370 42c6 | 4413 146c | 42c6 4413 | 1565 42c6 | 4413 1672 | 4d85 c00f 
  0x000002615f9344a0: 85af 2000 | 0049 8b87 | 0801 0000 | 4c8b d049 | 83c2 184d | 3b97 1801 | 0000 0f83 | 781a 0000 
  0x000002615f9344c0: 4d89 9708 | 0100 0041 | 0f0d 8ac0 | 0000 0048 | c700 0100 

  0x000002615f9344d4: ;   {metadata('java/lang/String')}
  0x000002615f9344d4: 0000 c740 | 08f0 e900 | 0044 8960 | 0c4c 8960 | 1048 8984 | 2488 0000 | 0044 8b94 | 2494 0000 
  0x000002615f9344f4: 0041 81c2 | 8000 0000 | 4c8b 9c24 | 8000 0000 | 4d8b c349 | c1e8 0344 | 8940 1441 | 81fa 0001 
  0x000002615f934514: 0000 0f83 | d903 0000 | 4c63 9424 | 9400 0000 

  0x000002615f934524: ;   {oop(a 'java/lang/Integer'[256] {0x0000000742529090})}
  0x000002615f934524: 49bb 9090 | 5242 0700 | 0000 478b | 9c93 1002 | 0000 4f8d | 14dc 4c89 | 9424 a000 | 0000 448b 
  0x000002615f934544: 5c24 5447 | 8b44 dc14 

  0x000002615f93454c: ; implicit exception: dispatches to 0x000002615f937f20
  0x000002615f93454c: 478b 54c4 

  0x000002615f934550: ;   {metadata('java/util/HashMap')}
  0x000002615f934550: 0841 81fa | d850 0b00 | 0f85 2a20 | 0000 4c8b | 9424 8800 | 0000 458b | 5a0c 4f8d | 14c4 4c89 
  0x000002615f934570: 9424 8000 | 0000 4585 | db0f 8511 | 0100 004c | 8b94 2488 | 0000 0045 | 0fb6 5211 | 4585 d20f 
  0x000002615f934590: 85c0 1200 | 004c 8b94 | 2488 0000 | 0045 8b52 | 144c 8b9c | 2488 0000 | 0041 807b | 1000 0f85 
  0x000002615f9345b0: 0d14 0000 

  0x000002615f9345b4: ; implicit exception: dispatches to 0x000002615f937f38
  0x000002615f9345b4: 438b 4cd4 | 0c85 c90f | 869c 1200 | 0044 8bd9 | 41ff cb44 | 3bd9 0f83 | 6820 0000 | 470f b65c 
  0x000002615f9345d4: d410 8bd1 | 83c2 fd49 | c1e2 0383 | fa01 0f8e | b420 0000 | 458b c341 | c1e0 0545 | 2bc3 bb01 
  0x000002615f9345f4: 0000 008b | f92b fb83 | c7fd 4533 | c93b d341 | 0f4c f981 | ffa0 0f00 | 0041 bba0 | 0f00 0041 
  0x000002615f934614: 0f47 fb03 | fb0f 1f80 | 0000 0000 | 4863 f345 | 0fb6 5c32 | 1041 0fb6 | 4432 1345 | 0fb6 4c32 
  0x000002615f934634: 1141 0fb6 | 7432 1245 | 03c3 418b | e8c1 e505 | 412b e841 | 03e9 448b | c541 c1e0 | 0544 2bc5 
  0x000002615f934654: 4403 c645 | 8bd8 41c1 | e305 452b | d844 03d8 | 458b c341 | c1e0 0545 | 2bc3 83c3 | 043b df7c 
  0x000002615f934674: ab4d 8b8f 

  0x000002615f934678: ; ImmutableOopMap {r10=Oop [40]=Oop [48]=Oop [56]=NarrowOop [64]=Oop [84]=NarrowOop [88]=Oop [104]=Oop [112]=Oop [120]=Oop [128]=Oop [136]=Oop [160]=Oop }
                      ;*goto {reexecute=1 rethrow=0 return_oop=0}
                      ; - (reexecute) java.lang.StringLatin1::hashCode@37 (line 196)
                      ; - java.lang.String::hashCode@27 (line 2344)
                      ; - java.util.HashMap::hash@9 (line 338)
                      ; - java.util.HashMap::put@2 (line 610)
                      ; - net.minecraft.client.renderer.ShaderInstance::setSampler@6 (line 438)
                      ; - net.minecraft.client.renderer.LevelRenderer::renderChunkLayer@359 (line 1481)
  0x000002615f934678: 5803 0000 

  0x000002615f93467c: ;   {poll}
  0x000002615f93467c: 4185 013b | da0f 8c70 | ffff ff3b | d97c 1141 | 8bc3 eb29 | 458b c341 | c1e8 1045 | 33c3 eb3b 
  0x000002615f93469c: 450f b64c | 1a10 418b | c3c1 e005 | 412b c341 | 03c1 ffc3 | 3bd9 7d05 | 448b d8eb | e385 c00f 
  0x000002615f9346bc: 84fe 1800 | 004c 8b94 | 2488 0000 | 0041 8942 | 0c44 8bc0 | 41c1 e810 | 4433 c0c5 | fb11 8c24 
  0x000002615f9346dc: 9000 0000 | c5fb 115c | 2460 c5fb | 1154 2448 | 488b 9424 | 8000 0000 | 4c8b 8c24 | 8800 0000 
  0x000002615f9346fc: 488b bc24 | a000 0000 | 33f6 b901 | 0000 0090 

  0x000002615f93470c: ;   {optimized virtual_call}
  0x000002615f93470c: c5f8 77e8 

  0x000002615f934710: ; ImmutableOopMap {[40]=Oop [48]=Oop [56]=NarrowOop [64]=Oop [84]=NarrowOop [88]=Oop [104]=Oop [112]=Oop [120]=Oop }
                      ;*invokevirtual putVal {reexecute=0 rethrow=0 return_oop=1}
                      ; - java.util.HashMap::put@9 (line 610)
                      ; - net.minecraft.client.renderer.ShaderInstance::setSampler@6 (line 438)
                      ; - net.minecraft.client.renderer.LevelRenderer::renderChunkLayer@359 (line 1481)
  0x000002615f934710: 8cd6 b6ff | 448b 5c24 | 5443 c644 | dc10 0144 | 8b94 24a8 | 0000 0041 | ffc2 4489 | 9424 a800 
  0x000002615f934730: 0000 4183 | fa0c 0f8d | 0c02 0000 | c5fb 1054 | 2448 c5fb | 105c 2460 | c5fb 108c | 2490 0000 
  0x000002615f934750: ;   {oop(a 'java/lang/Class'{0x000000074cd02e60} = 'com/mojang/blaze3d/systems/RenderSystem')}
  0x000002615f934750: 0049 ba60 | 2ed0 4c07 | 0000 0045 | 8b82 8000 | 0000 4d8b | d049 c1e2 | 034c 8b5c | 2470 4d3b 
  0x000002615f934770: da0f 8551 | 1e00 0044 | 8b94 24a8 | 0000 0041 | 83fa 0c0f | 837f 1e00 | 0049 8b9f | 0801 0000 
  0x000002615f934790: 448b 8c24 | a800 0000 | 41f7 d948 | 638c 24a8 

  0x000002615f9347a0: ;   {oop([I{0x000000074cd030a0})}
  0x000002615f9347a0: 0000 0049 | baa0 30d0 | 4c07 0000 | 0041 8b6c | 8a10 89ac | 2494 0000 | 0041 83f9 | f641 ba01 
  0x000002615f9347c0: 0000 0041 | b802 0000 | 0045 0f4e | d04d 63d2 | 4983 c207 | 418b ea89 | 6c24 4848 | 63ed 4c8b 
  0x000002615f9347e0: dd49 83c3 | 1749 83e3 | f84c 8bc3 | 4d03 c34d | 3b87 1801 | 0000 0f83 | 9616 0000 | 4d89 8708 
  0x000002615f934800: 0100 0041 | 0f0d 88c0 | 0000 0048 | c703 0100 | 0000 410f | 0d88 0001 

  0x000002615f934818: ;   {metadata({type array byte})}
  0x000002615f934818: 0000 c743 | 0838 6700 | 0044 8b5c | 2448 4489 | 5b0c 410f | 0d88 4001 | 0000 410f | 0d88 8001 
  0x000002615f934838: 0000 4889 | 9c24 8000 | 0000 458b | d941 c1fb | 1f48 f7d9 | 448b 5424 | 4841 ffca | 4c69 c167 
  0x000002615f934858: 6666 6649 | c1f8 2245 | 8bc0 452b | c341 8bc8 | c1e1 0345 | 8bd8 41d1 | e344 03d9 | 452b d941 
  0x000002615f934878: 83c3 3044 | 3b54 2448 | 0f83 221c | 0000 4488 | 5c2b 0f45 | 85c0 7d17 | 41ba 3000 | 0000 452b 
  0x000002615f934898: d044 8854 | 2b0e 448b | 5424 4841 | 83c2 fe4d | 63c2 4983 | c0f9 458b | c845 85c9 | 0f8c 561c 
  0x000002615f9348b8: 0000 4d63 | d145 85c9 | 0f8e acfb | ffff 42c6 | 4413 1672 | 42c6 4413 | 1565 42c6 | 4413 146c 
  0x000002615f9348d8: 42c6 4413 | 1370 42c6 | 4413 126d | 42c6 4413 | 1161 42c6 | 4413 1053 | e9a7 fbff | ff49 8b87 
  0x000002615f9348f8: 0801 0000 | 4c8b d049 | 83c2 104d | 3b97 1801 | 0000 0f83 | b819 0000 | 4d89 9708 | 0100 0041 
  0x000002615f934918: 0f0d 8ac0 | 0000 0048 | c700 0100 

  0x000002615f934924: ;   {metadata('java/lang/Integer')}
  0x000002615f934924: 0000 c740 | 0878 1904 | 0044 8960 | 0c8b ac24 | 9400 0000 | 8968 0c48 | 8984 24a0 | 0000 00e9 
  0x000002615f934944: fafb ffff | 448b 5c24 | 5447 8b4c | dc48 438b | 7ccc 2048 | 8b4c 2428 

  0x000002615f93495c: ; implicit exception: dispatches to 0x000002615f938000
  0x000002615f93495c: 448b 510c 

  0x000002615f934960: ; implicit exception: dispatches to 0x000002615f938010
  0x000002615f934960: 478b 44d4 

  0x000002615f934964: ;   {metadata('java/util/ArrayDeque')}
  0x000002615f934964: 0841 81f8 | 48d0 1300 | 0f85 221e | 0000 4f8d | 04d4 458b | 5014 438b | 54d4 0c45 | 8b40 1041 
  0x000002615f934984: ffc8 4585 | c00f 8c27 | 1000 0044 | 3bc2 0f83 | 681d 0000 | 49c1 e203 | 438b 5c82 | 1045 8b44 
  0x000002615f9349a4: ;   {metadata('com/mojang/blaze3d/vertex/PoseStack$Pose')}
  0x000002615f9349a4: dc08 4181 | f8a8 e7a5 | 010f 8595 | 3200 0045 | 8b54 fc1c | 4d8d 04dc | 458b 400c | 4585 d20f 
  0x000002615f9349c4: 8c13 2300 | 0041 8b5c | fc0c 85db | 0f8f 1817 | 0000 4589 | 64fc 1845 | 85c0 0f84 | 641d 0000 
  0x000002615f9349e4: 418b f348 | 898c 2480 | 0000 004d | 8b54 fc10 | 4f8b 5cc4 | 0c4b 8d0c | c449 8bda | 4c89 1b4c 
  0x000002615f934a04: 8bd3 4983 | c208 4f8b | 5cc4 144d | 891a 4f8b | 5cc4 1c4d | 895a 084f | 8b5c c424 | 4d89 5a10 
  0x000002615f934a24: 4f8b 5cc4 | 2c4d 895a | 18bf 0500 | 0000 41ba | 0500 0000 | 458b da41 | c1e3 034d | 63db 4e8b 
  0x000002615f934a44: 4419 0c4e | 8904 1b41 | ffc2 4183 | fa08 7ce4 | 43c6 44cc | 1801 478b | 54cc 2847 | 8b5c d408 
  0x000002615f934a64: 4f8d 04d4 

  0x000002615f934a68: ;   {metadata('net/minecraft/client/renderer/ShaderInstance')}
  0x000002615f934a68: 4181 fb38 | b5be 010f | 8594 1500 | 0041 c640 | 1001 448b | c643 8b5c | c44c 418b | 4cdc 2045 
  0x000002615f934a88: 8b54 cc1c | 4585 d20f | 8c93 2200 | 0045 8b5c | cc0c 4585 | db0f 8f59 | 1600 0045 | 8964 cc18 
  0x000002615f934aa8: 4c8b 4c24 | 684d 85c9 | 0f84 a21c | 0000 4d8b | 54cc 104d | 8b59 0c49 | 8bca 4c89 | 194c 8bd1 
  0x000002615f934ac8: 4983 c208 | 4d8b 5914 | 4d89 1a4d | 8b59 1c4d | 895a 084d | 8b59 244d | 895a 104d | 8b59 2c4d 
  0x000002615f934ae8: 895a 1844 | 8bdf 41c1 | e303 4d63 | d34f 8b5c | 110c 4e89 | 1c11 ffc7 | 83ff 087c | e641 c644 
  0x000002615f934b08: dc18 0141 | 8b4c dc28 

  0x000002615f934b10: ; implicit exception: dispatches to 0x000002615f938310
  0x000002615f934b10: 458b 5ccc | 084d 8d14 

  0x000002615f934b18: ;   {metadata('net/minecraft/client/renderer/ShaderInstance')}
  0x000002615f934b18: cc41 81fb | 38b5 be01 | 0f85 fa14 | 0000 41c6 | 4210 0143 | 8b7c c45c 

  0x000002615f934b30: ; implicit exception: dispatches to 0x000002615f93834c
  0x000002615f934b30: 458b 5cfc 

  0x000002615f934b34: ;   {oop(a 'java/lang/Class'{0x000000074cd02e60} = 'com/mojang/blaze3d/systems/RenderSystem')}
  0x000002615f934b34: 1049 ba60 | 2ed0 4c07 | 0000 0045 | 8b92 8000 | 0000 498b | ca48 c1e1 | 0348 8b74 | 2470 483b 
  0x000002615f934b54: f10f 85f1 | 1f00 0041 | 83fb 040f | 8fff 2100 | 0041 8b5c | fc20 458b | 54dc 1c45 | 85d2 0f8c 
  0x000002615f934b74: 2c22 0000 | 418b 4cdc | 0c85 c90f | 8f85 1500 | 0045 8964 | dc18 4183 | fa04 0f8c | 5422 0000 
  0x000002615f934b94: 458b 54dc | 2449 8b4c | dc10 4585 | d20f 8585 | 2200 0045 | 8be8 4c89 | 4c24 6841 | c687 7803 
  0x000002615f934bb4: 0000 0148 

  0x000002615f934bb8: ;   {oop([F{0x000000074cd03080})}
  0x000002615f934bb8: 8bd1 48b9 | 8030 d04c | 0700 0000 | 4883 c110 | 41b8 1000 | 0000 c5f8 | 7749 bae0 | 9a26 5e61 
  0x000002615f934bd8: 0200 0041 | ffd2 4588 | a778 0300 | 0045 8b54 | dc1c 4183 | fa04 0f8c | 8c22 0000 | 458b 5cdc 
  0x000002615f934bf8: 0c41 83fb | 040f 8f15 | 1500 0041 | c744 dc18 | 0400 0000 | 458b 44fc | 2047 8b54 | c41c 4585 
  0x000002615f934c18: d20f 8cad | 2200 0047 | 8b54 c40c | 4585 d20f | 8ff9 1400 | 0041 c644 | fc18 0145 | 8b54 fc28 
  0x000002615f934c38: 4789 64c4 | 1847 8b5c | d408 4f8d 

  0x000002615f934c44: ;   {metadata('net/minecraft/client/renderer/ShaderInstance')}
  0x000002615f934c44: 04d4 4181 | fb38 b5be | 010f 85e4 | 1300 0041 | c640 1001 | 458b d547 | 8b44 d468 | 4585 c00f 
  0x000002615f934c64: 85ab 2200 | 0043 8b4c | d46c 458b 

  0x000002615f934c70: ;   {oop(a 'java/lang/Class'{0x000000074cd02e60} = 'com/mojang/blaze3d/systems/RenderSystem')}
  0x000002615f934c70: 44cc 2049 | bb60 2ed0 | 4c07 0000 | 0045 8b8b | 8000 0000 | 4d8b d949 | c1e3 0348 | 8bde 493b 
  0x000002615f934c90: db0f 85f5 | 1e00 0047 | 8b5c c41c 

  0x000002615f934c9c: ;   {oop(a 'java/lang/Class'{0x000000074cd02e60} = 'com/mojang/blaze3d/systems/RenderSystem')}
  0x000002615f934c9c: 49b9 602e | d04c 0700 | 0000 c4c1 | 7a10 89ec | 0000 0045 | 85db 0f8c | 9022 0000 | 478b 4cc4 
  0x000002615f934cbc: 0c45 85c9 | 0f8f 6e14 | 0000 4789 | 64c4 1847 | 8b4c c424 | 4585 c90f | 85bf 2200 | 0045 85db 
  0x000002615f934cdc: 0f8e 0623 | 0000 41c6 | 44cc 1801 | 458b 5ccc | 284f 8b44 | c410 c4c1 | 7a11 0847 | 8b44 dc08 
  0x000002615f934cfc: 4f8d 0cdc 

  0x000002615f934d00: ;   {metadata('net/minecraft/client/renderer/ShaderInstance')}
  0x000002615f934d00: 4181 f838 | b5be 010f | 8541 1300 | 0041 c641 | 1001 478b | 4cd4 7043 | 8b4c cc20 

  0x000002615f934d1c: ; implicit exception: dispatches to 0x000002615f938080
  0x000002615f934d1c: 458b 44cc 

  0x000002615f934d20: ;   {oop(a 'java/lang/Class'{0x000000074cd02e60} = 'com/mojang/blaze3d/systems/RenderSystem')}
  0x000002615f934d20: 1c49 bb60 | 2ed0 4c07 | 0000 00c4 | c17a 1083 | f000 0000 | 4585 c00f | 8cfb 2200 | 0041 8b7c 
  0x000002615f934d40: cc0c 85ff | 0f8f f813 | 0000 4589 | 64cc 1845 | 8b5c cc24 | 4585 db0f | 852b 2300 | 0045 85c0 
  0x000002615f934d60: 0f8e 7223 | 0000 43c6 | 44cc 1801 | 478b 44cc | 284d 8b5c | cc10 c4c1 | 7a11 0343 | 8b4c c408 
  0x000002615f934d80: 4f8d 1cc4 

  0x000002615f934d84: ;   {metadata('net/minecraft/client/renderer/ShaderInstance')}
  0x000002615f934d84: 81f9 38b5 | be01 0f85 | d512 0000 | 41c6 4310 | 0143 8b7c | d474 458b | 5cfc 1041 | 83fb 040f 
  0x000002615f934da4: 8f7f 2300 | 0041 8b74 | fc20 458b | 44f4 1c45 | 85c0 0f8c | a423 0000 | 458b 4cf4 | 0c45 85c9 
  0x000002615f934dc4: 0f8f 8613 | 0000 4589 | 64f4 1841 | 83f8 040f | 8ccf 2300 | 0045 8b5c | f424 4d8b | 4cf4 1045 
  0x000002615f934de4: 85db 0f85 | 0424 0000 | 41c6 8778 | 0300 0001 

  0x000002615f934df4: ;   {oop([F{0x000000074cd03060})}
  0x000002615f934df4: 498b d148 | b960 30d0 | 4c07 0000 | 0048 83c1 | 1041 b810 | 0000 00c5 | f877 49ba | e09a 265e 
  0x000002615f934e14: 6102 0000 | 41ff d245 | 88a7 7803 | 0000 458b | 5cf4 1c41 | 83fb 040f | 8c1b 2400 | 0045 8b5c 
  0x000002615f934e34: f40c 4183 | fb04 0f8f | 1e13 0000 | 41c7 44f4 | 1804 0000 | 0045 8b54 | fc20 478b | 5cd4 1c45 
  0x000002615f934e54: 85db 0f8c | 3c24 0000 | 478b 5cd4 | 0c45 85db | 0f8f 0213 | 0000 41c6 | 44fc 1801 | 458b 44fc 
  0x000002615f934e74: 2847 8964 | d418 478b | 54c4 084f 

  0x000002615f934e80: ;   {metadata('net/minecraft/client/renderer/ShaderInstance')}
  0x000002615f934e80: 8d1c c441 | 81fa 38b5 | be01 0f85 | eb11 0000 | 41c6 4310 | 0145 8bd5 | 438b 4cd4 | 7845 8b44 
  0x000002615f934ea0: ;   {oop(a 'java/lang/Class'{0x000000074cd02e60} = 'com/mojang/blaze3d/systems/RenderSystem')}
  0x000002615f934ea0: cc1c 49bb | 602e d04c | 0700 0000 | 458b 8b80 | 0000 004d | 8bd9 49c1 | e303 493b | db0f 850d 
  0x000002615f934ec0: ;   {oop(a 'java/lang/Class'{0x000000074cd02e60} = 'com/mojang/blaze3d/systems/RenderSystem')}
  0x000002615f934ec0: 1d00 0049 | bb60 2ed0 | 4c07 0000 | 0045 8b9b | bc00 0000 

  0x000002615f934ed4: ; implicit exception: dispatches to 0x000002615f9380b0
  0x000002615f934ed4: 478b 4cdc | 1447 8b5c | c41c 4585 | db0f 8cf9 | 2300 0047 | 8b5c c40c | 4585 db0f | 8f85 1200 
  0x000002615f934ef4: 0047 8964 | c418 478b 

  0x000002615f934efc: ;   {metadata('java/nio/DirectIntBufferU')}
  0x000002615f934efc: 5cc4 0841 | 81fb f04f | 0800 0f85 | c018 0000 | 4b8d 34c4 | 448b 4624 | 4585 c00f | 850f 2400 
  0x000002615f934f1c: 0044 8b5e | 1c45 85db | 0f8e 5a24 | 0000 41c6 | 44cc 1801 | 418b 7ccc | 284c 8b5e | 1045 890b 
  0x000002615f934f3c: ; implicit exception: dispatches to 0x000002615f938538
  0x000002615f934f3c: 458b 44fc | 084d 8d1c 

  0x000002615f934f44: ;   {metadata('net/minecraft/client/renderer/ShaderInstance')}
  0x000002615f934f44: fc41 81f8 | 38b5 be01 | 0f85 4011 | 0000 41c6 | 4310 0147 | 8b44 d454 | 4585 c00f | 8577 2400 
  0x000002615f934f64: 0047 8b9c | d480 0000 | 0045 85db | 0f85 9a24 | 0000 478b 

  0x000002615f934f78: ;   {oop(a 'org/joml/Vector3f'[2] {0x000000074cd03000})}
  0x000002615f934f78: 4cd4 6048 | ba00 30d0 | 4c07 0000 | 0045 85c9 | 0f85 2f09 | 0000 478b | 44d4 6445 | 85c0 0f85 
  0x000002615f934f98: a109 0000 | 418b ea48 | 899c 2488 | 0000 0048 | 8b54 2440 

  0x000002615f934fac: ;   {optimized virtual_call}
  0x000002615f934fac: c5f8 77e8 

  0x000002615f934fb0: ; ImmutableOopMap {rbp=NarrowOop [48]=Oop [56]=NarrowOop [64]=Oop [88]=Oop [104]=Oop [120]=Oop [128]=Oop [136]=Oop }
                      ;*invokevirtual apply {reexecute=0 rethrow=0 return_oop=0}
                      ; - net.minecraft.client.renderer.LevelRenderer::renderChunkLayer@571 (line 1525)
  0x000002615f934fb0: 6c88 6aff | 458b 94ec | 8400 0000 | 4b8d 04d4 | e901 0300 | 0041 ba01 | 0000 004d | 8b9f 5803 
  0x000002615f934fd0: ; ImmutableOopMap {[32]=Oop [40]=Oop [48]=Oop [56]=NarrowOop [64]=Oop [84]=NarrowOop [88]=Oop [104]=Oop [112]=NarrowOop [120]=Oop [128]=Oop [136]=Oop [152]=NarrowOop [160]=Oop }
                      ;*ifeq {reexecute=1 rethrow=0 return_oop=0}
                      ; - (reexecute) it.unimi.dsi.fastutil.objects.ObjectArraySet::findKey@22 (line 205)
                      ; - it.unimi.dsi.fastutil.objects.ObjectArraySet::contains@2 (line 351)
                      ; - net.minecraft.client.renderer.chunk.ChunkRenderDispatcher$CompiledChunk::isEmpty@5 (line 287)
                      ; - net.minecraft.client.renderer.LevelRenderer::renderChunkLayer@655 (line 1539)
                      ;   {poll}
  0x000002615f934fd0: 0000 4185 | 0345 85d2 | 0f84 ab02 | 0000 448b | 9c24 9c00 | 0000 4183 | fbff 0f84 | be02 0000 
  0x000002615f934ff0: 448b 9424 | 9800 0000 | 478b 44d4 | 2847 8b54 

  0x000002615f935000: ;   {metadata('java/util/HashMap')}
  0x000002615f935000: c408 4181 | fad8 500b | 000f 8597 | 1600 004b | 8d14 c44c | 8b44 2478 | 8b6c 2474 

  0x000002615f93501c: ;   {optimized virtual_call}
  0x000002615f93501c: c5f8 77e8 

  0x000002615f935020: ; ImmutableOopMap {[32]=Oop [40]=Oop [48]=Oop [56]=NarrowOop [64]=Oop [84]=NarrowOop [88]=Oop [104]=Oop [112]=NarrowOop [120]=Oop [128]=Oop [136]=Oop [152]=NarrowOop }
                      ;*invokevirtual getNode {reexecute=0 rethrow=0 return_oop=1}
                      ; - java.util.HashMap::get@2 (line 556)
                      ; - net.minecraft.client.renderer.chunk.ChunkRenderDispatcher$RenderChunk::getBuffer@5 (line 349)
                      ; - net.minecraft.client.renderer.LevelRenderer::renderChunkLayer@664 (line 1540)
  0x000002615f935020: fc26 abff 

  0x000002615f935024: ; implicit exception: dispatches to 0x000002615f937f48
  0x000002615f935024: 448b 5814 

  0x000002615f935028: ; implicit exception: dispatches to 0x000002615f937f48
  0x000002615f935028: 478b 44dc 

  0x000002615f93502c: ;   {metadata('com/mojang/blaze3d/vertex/VertexBuffer')}
  0x000002615f93502c: 0841 81f8 | 5018 cb01 | 0f85 862c | 0000 448b | 8424 9800 | 0000 438b | 5cc4 304f | 8d0c dc44 
  0x000002615f93504c: 8b54 2470 

  0x000002615f935050: ; implicit exception: dispatches to 0x000002615f9381a8
  0x000002615f935050: 438b 4cd4 | 20c4 c17b | 2a44 dc0c 

  0x000002615f93505c: ; implicit exception: dispatches to 0x000002615f937fc0
  0x000002615f93505c: 458b 5ccc | 1cc4 c173 | 2a4c dc14 | c5fb 5c44 | 2448 c5f3 | 5c94 2490 | 0000 00c4 | c173 2a4c 
  0x000002615f93507c: dc10 c5f3 | 5c5c 2460 | c5f3 5ac8 | c5fb 5ac3 | c5e3 5ada | 4585 db0f | 8ce3 1700 | 0041 8b5c 
  0x000002615f93509c: cc0c 85db | 0f8f 2e0f | 0000 4589 | 64cc 1841 | 8b5c cc24 | 85db 0f85 | 4818 0000 | 4585 db0f 
  0x000002615f9350bc: 8ec3 1800 | 0045 8bc3 | 4c89 8c24 | 9800 0000 | 4d8b 4ccc | 104d 8bd1 | c4c1 7a11 | 0a41 83fb 
  0x000002615f9350dc: 010f 8e25 | 1900 00c4 | c17a 1142 | 0441 83fb | 020f 8e8d | 1900 00c4 | c17a 115a | 0844 8b54 
  0x000002615f9350fc: 2470 43c6 | 44d4 1801 | 478b 5cd4 | 2843 8b5c | dc08 4f8d 

  0x000002615f935110: ;   {metadata('net/minecraft/client/renderer/ShaderInstance')}
  0x000002615f935110: 14dc 81fb | 38b5 be01 | 0f85 8b0e | 0000 41c6 | 4210 0144 | 8b54 2470 | 4788 64d4 

  0x000002615f93512c: ;   {oop(a 'java/lang/Class'{0x000000074cd02e60} = 'com/mojang/blaze3d/systems/RenderSystem')}
  0x000002615f93512c: 1849 ba60 | 2ed0 4c07 | 0000 0045 | 8b92 8000 | 0000 8b5c | 2470 418b | 5cdc 0c44 | 8b5c 2470 
  0x000002615f93514c: 478b 5cdc | 1449 8bfa | 48c1 e703 | 4183 fb03 | 0f8e 0207 | 0000 4183 | fb07 7e41 | 4183 fb0a 
  0x000002615f93516c: 0f8f e623 | 0000 488b | 5424 2090 

  0x000002615f935178: ;   {optimized virtual_call}
  0x000002615f935178: c5f8 77e8 

  0x000002615f93517c: ; ImmutableOopMap {[32]=Oop [48]=Oop [56]=NarrowOop [64]=Oop [84]=NarrowOop [88]=Oop [104]=Oop [112]=NarrowOop [120]=Oop [128]=Oop [136]=Oop [152]=Oop }
                      ;*invokevirtual uploadAsMatrix {reexecute=0 rethrow=0 return_oop=0}
                      ; - com.mojang.blaze3d.shaders.Uniform::upload@72 (line 405)
                      ; - net.minecraft.client.renderer.LevelRenderer::renderChunkLayer@717 (line 1544)
  0x000002615f93517c: 00c2 94fe | 488b 9424 | 9800 0000 | 8b6c 2474 

  0x000002615f93518c: ;   {optimized virtual_call}
  0x000002615f93518c: c5f8 77e8 

  0x000002615f935190: ; ImmutableOopMap {[32]=Oop [48]=Oop [56]=NarrowOop [64]=Oop [84]=NarrowOop [88]=Oop [104]=Oop [112]=NarrowOop [120]=Oop [128]=Oop [136]=Oop [152]=Oop }
                      ;*invokevirtual bind {reexecute=0 rethrow=0 return_oop=0}
                      ; - net.minecraft.client.renderer.LevelRenderer::renderChunkLayer@722 (line 1547)
  0x000002615f935190: 2c6b afff | 488b 9424 | 9800 0000 

  0x000002615f93519c: ;   {optimized virtual_call}
  0x000002615f93519c: c5f8 77e8 

  0x000002615f9351a0: ; ImmutableOopMap {[32]=Oop [48]=Oop [56]=NarrowOop [64]=Oop [84]=NarrowOop [88]=Oop [104]=Oop [112]=NarrowOop [120]=Oop [128]=Oop [136]=Oop }
                      ;*invokevirtual draw {reexecute=0 rethrow=0 return_oop=0}
                      ; - net.minecraft.client.renderer.LevelRenderer::renderChunkLayer@727 (line 1548)
  0x000002615f9351a0: 1ce3 f5fe | e905 0100 | 0041 c744 | cc0c ffff | ffff 4183 | fb06 753e | 4c8b 9c24 | 8800 0000 
  0x000002615f9351c0: 4c3b df0f | 85d7 2300 | 004d 63d0 | 458b d841 | c1fb 1f4d | 69d2 5655 | 5555 49c1 | fa20 458b 
  0x000002615f9351e0: c245 2bc3 | 488b 6c24 | 308b d390 

  0x000002615f9351ec: ;   {static_call}
  0x000002615f9351ec: c5f8 77e8 

  0x000002615f9351f0: ; ImmutableOopMap {rbp=Oop [32]=Oop [48]=Oop [56]=NarrowOop [64]=Oop [84]=NarrowOop [88]=Oop [104]=Oop [112]=NarrowOop [120]=Oop [128]=Oop [136]=Oop [152]=Oop }
                      ;*invokestatic nglUniform3fv {reexecute=0 rethrow=0 return_oop=0}
                      ; - org.lwjgl.opengl.GL20C::glUniform3fv@11 (line 563)
                      ; - org.lwjgl.opengl.GL20::glUniform3fv@2 (line 604)
                      ; - com.mojang.blaze3d.platform.GlStateManager::_glUniform3@5 (line 242)
                      ; - com.mojang.blaze3d.systems.RenderSystem::glUniform3@5 (line 681)
                      ; - com.mojang.blaze3d.shaders.Uniform::uploadAsFloat@80 (line 441)
                      ; - com.mojang.blaze3d.shaders.Uniform::upload@37 (line 398)
                      ; - net.minecraft.client.renderer.LevelRenderer::renderChunkLayer@717 (line 1544)
  0x000002615f9351f0: cca4 c6ff | eb8a 4183 | fb07 7529 | 4c8b 9c24 | 8800 0000 | 4c3b df0f | 85e7 2400 | 0041 c1f8 
  0x000002615f935210: 0248 8b6c | 2430 8bd3 

  0x000002615f935218: ;   {static_call}
  0x000002615f935218: c5f8 77e8 

  0x000002615f93521c: ; ImmutableOopMap {rbp=Oop [32]=Oop [48]=Oop [56]=NarrowOop [64]=Oop [84]=NarrowOop [88]=Oop [104]=Oop [112]=NarrowOop [120]=Oop [128]=Oop [136]=Oop [152]=Oop }
                      ;*invokestatic nglUniform4fv {reexecute=0 rethrow=0 return_oop=0}
                      ; - org.lwjgl.opengl.GL20C::glUniform4fv@11 (line 584)
                      ; - org.lwjgl.opengl.GL20::glUniform4fv@2 (line 627)
                      ; - com.mojang.blaze3d.platform.GlStateManager::_glUniform4@5 (line 252)
                      ; - com.mojang.blaze3d.systems.RenderSystem::glUniform4@5 (line 686)
                      ; - com.mojang.blaze3d.shaders.Uniform::uploadAsFloat@94 (line 444)
                      ; - com.mojang.blaze3d.shaders.Uniform::upload@37 (line 398)
                      ; - net.minecraft.client.renderer.LevelRenderer::renderChunkLayer@717 (line 1544)
  0x000002615f93521c: 60c7 94fe | e95b ffff | ff4c 8bc1 | 49c1 e003 | 4183 fb04 | 750f 8bd3 

  0x000002615f935234: ;   {static_call}
  0x000002615f935234: c5f8 77e8 

  0x000002615f935238: ; ImmutableOopMap {[32]=Oop [48]=Oop [56]=NarrowOop [64]=Oop [84]=NarrowOop [88]=Oop [104]=Oop [112]=NarrowOop [120]=Oop [128]=Oop [136]=Oop [152]=Oop }
                      ;*invokestatic glUniform1 {reexecute=0 rethrow=0 return_oop=0}
                      ; - com.mojang.blaze3d.shaders.Uniform::uploadAsFloat@52 (line 435)
                      ; - com.mojang.blaze3d.shaders.Uniform::upload@37 (line 398)
                      ; - net.minecraft.client.renderer.LevelRenderer::renderChunkLayer@717 (line 1544)
  0x000002615f935238: 44c7 94fe | e93f ffff | ff41 83c3 | fb41 83fb | 020f 86f5 | 0800 0044 | 8b5c 2470 | 438b 54dc 
  0x000002615f935258: 1066 6690 

  0x000002615f93525c: ;   {static_call}
  0x000002615f93525c: c5f8 77e8 

  0x000002615f935260: ; ImmutableOopMap {[32]=Oop [48]=Oop [56]=NarrowOop [64]=Oop [84]=NarrowOop [88]=Oop [104]=Oop [112]=NarrowOop [120]=Oop [128]=Oop [136]=Oop [152]=Oop }
                      ;*invokestatic valueOf {reexecute=0 rethrow=0 return_oop=1}
                      ; - com.mojang.blaze3d.shaders.Uniform::uploadAsFloat@110 (line 447)
                      ; - com.mojang.blaze3d.shaders.Uniform::upload@37 (line 398)
                      ; - net.minecraft.client.renderer.LevelRenderer::renderChunkLayer@717 (line 1544)
  0x000002615f935260: 1cc7 94fe 

  0x000002615f935264: ;   {oop("Uniform.upload called, but count value ({}) is not in the range of 1 to 4. Ignoring."{0x000000075054ef88})}
  0x000002615f935264: 49b8 88ef | 5450 0700 

  0x000002615f93526c: ;   {oop(a 'org/apache/logging/slf4j/Log4jLogger'{0x000000074c0e5da0})}
  0x000002615f93526c: 0000 48ba | a05d 0e4c | 0700 0000 | 4c8b c890 

  0x000002615f93527c: ;   {optimized virtual_call}
  0x000002615f93527c: c5f8 77e8 

  0x000002615f935280: ; ImmutableOopMap {[32]=Oop [48]=Oop [56]=NarrowOop [64]=Oop [84]=NarrowOop [88]=Oop [104]=Oop [112]=NarrowOop [120]=Oop [128]=Oop [136]=Oop [152]=Oop }
                      ;*invokeinterface warn {reexecute=0 rethrow=0 return_oop=0}
                      ; - com.mojang.blaze3d.shaders.Uniform::uploadAsFloat@113 (line 447)
                      ; - com.mojang.blaze3d.shaders.Uniform::upload@37 (line 398)
                      ; - net.minecraft.client.renderer.LevelRenderer::renderChunkLayer@717 (line 1544)
  0x000002615f935280: fcc0 94fe | e9f7 feff | ff44 8b9c | 249c 0000 | 0045 85db | 7418 448b | 9424 9c00 | 0000 41ff 
  0x000002615f9352a0: ca44 8994 | 249c 0000 | 00e9 8301 | 0000 4d8b | 9758 0300 

  0x000002615f9352b4: ; ImmutableOopMap {[32]=Oop [48]=Oop [56]=NarrowOop [64]=Oop [84]=NarrowOop [88]=Oop [104]=Oop [112]=NarrowOop [120]=Oop [128]=Oop [136]=Oop }
                      ;*goto {reexecute=1 rethrow=0 return_oop=0}
                      ; - (reexecute) net.minecraft.client.renderer.LevelRenderer::renderChunkLayer@730 (line 1550)
                      ;   {poll}
  0x000002615f9352b4: 0041 8502 | 8b6c 2454 | 448b 5424 | 7048 8b44 | 2420 8b74 | 2438 458b | 4cf4 148b | 4c24 5085 
  0x000002615f9352d4: c975 5544 | 8b44 243c | 4585 c00f | 8ebb 0100 | 008b 5c24 | 3cff cb48 | 8b7c 2458 | 895f 1089 
  0x000002615f9352f4: 5f0c 438b | 54cc 0c4c | 8b5c 2458 | 3bda 0f83 | 0b11 0000 | 49c1 e103 | 478b 4c81 | 0c47 8b44 
  0x000002615f935314: ;   {metadata('net/minecraft/client/renderer/LevelRenderer$RenderChunkInfo')}
  0x000002615f935314: cc08 4181 | f820 8416 | 020f 855d | 2900 004f | 8d1c cc45 | 33c9 eb5b | 418b 5cf4 | 0c44 8b44 
  0x000002615f935334: 243c 443b | c30f 8d61 | 0100 0048 | 8b7c 2458 | 4489 4710 | 8b5c 243c | ffc3 895f | 0c43 8b54 
  0x000002615f935354: cc0c 4c8b | 5c24 5844 | 3bc2 0f83 | 980e 0000 | 49c1 e103 | 478b 4c81 | 1043 8b54 

  0x000002615f935370: ;   {metadata('net/minecraft/client/renderer/LevelRenderer$RenderChunkInfo')}
  0x000002615f935370: cc08 81fa | 2084 1602 | 0f85 0e2a | 0000 4f8d | 1ccc 448b | 4c24 5045 | 8b5b 1447 | 8b44 dc14 
  0x000002615f935390: ; implicit exception: dispatches to 0x000002615f937de8
  0x000002615f935390: 478b 44c4 | 0c47 8b6c | c408 4489 | 9c24 9800 | 0000 4489 | 4c24 7489 | 5c24 3c48 | 8944 2420 
  0x000002615f9353b0: 4489 5424 | 7089 6c24 | 5448 897c | 2458 49ba | 0000 0000 | 6102 0000 | 4d03 d54d 

  0x000002615f9353cc: ;   {metadata('net/minecraft/client/renderer/chunk/ChunkRenderDispatcher$CompiledChunk')}
  0x000002615f9353cc: 8b52 3849 | bb18 1f16 | 0261 0200 | 004d 3bd3 | 0f85 b40d | 0000 4f8d | 14c4 458b | 520c 478b 
  0x000002615f9353ec: ;   {metadata('it/unimi/dsi/fastutil/objects/ObjectArraySet')}
  0x000002615f9353ec: 44d4 0841 | 81f8 60d5 | 6301 0f85 | ac0d 0000 | 49c1 e203 | 458b 420c | 4585 c00f | 84a1 feff 
  0x000002615f93540c: ff4c 8994 | 24a0 0000 | 0041 ffc8 | 4489 8424 | 9c00 0000 | 448b 9424 | 9800 0000 | 49c1 e203 
  0x000002615f93542c: 4c89 5424 | 284c 8b94 | 24a0 0000 | 0045 8b42 | 1047 8b54 | c40c 448b | 8c24 9c00 | 0000 453b 
  0x000002615f93544c: ca0f 83af | 0e00 004f | 8d1c c447 | 8b54 8b10 | 4d8b da49 | c1e3 034c | 8b44 2478 | 4d3b d80f 
  0x000002615f93546c: 8454 fbff | ff45 85d2 | 7422 4b8d | 14d4 498b | e890 c5f8 | 7748 b870 | d5c4 0161 

  0x000002615f935488: ;   {virtual_call}
  0x000002615f935488: 0200 00e8 

  0x000002615f93548c: ; ImmutableOopMap {rbp=Oop [32]=Oop [40]=Oop [48]=Oop [56]=NarrowOop [64]=Oop [84]=NarrowOop [88]=Oop [104]=Oop [112]=NarrowOop [120]=Oop [128]=Oop [136]=Oop [152]=NarrowOop [160]=Oop }
                      ;*invokevirtual equals {reexecute=0 rethrow=0 return_oop=0}
                      ; - java.util.Objects::equals@11 (line 64)
                      ; - it.unimi.dsi.fastutil.objects.ObjectArraySet::findKey@19 (line 205)
                      ; - it.unimi.dsi.fastutil.objects.ObjectArraySet::contains@2 (line 351)
                      ; - net.minecraft.client.renderer.chunk.ChunkRenderDispatcher$CompiledChunk::isEmpty@5 (line 287)
                      ; - net.minecraft.client.renderer.LevelRenderer::renderChunkLayer@655 (line 1539)
  0x000002615f93548c: f082 01ff | 85c0 0f85 | 2dfb ffff | 4533 d2e9 | 2bfb ffff 

  0x000002615f9354a0: ; implicit exception: dispatches to 0x000002615f938570
  0x000002615f9354a0: 478b 4cd4 | 2047 8b44 | cc1c 4585 | c00f 8c91 | 1f00 0043 | 8b4c cc0c | 85c9 0f8f | c80c 0000 
  0x000002615f9354c0: 4789 64cc | 1847 8b5c | cc24 4585 | db0f 8599 | 1f00 0045 | 85c0 0f8e | b81f 0000 | 4f8b 5ccc 
  0x000002615f9354e0: 1045 8923 | 4183 f801 | 0f8e ce1f | 0000 4589 | 6304 4183 | f802 0f8e | e81f 0000 | 43c6 44d4 
  0x000002615f935500: 1801 478b | 44d4 2845 | 8963 0847 | 8b4c c408 | 4f8d 14c4 

  0x000002615f935514: ;   {metadata('net/minecraft/client/renderer/ShaderInstance')}
  0x000002615f935514: 4181 f938 | b5be 010f | 85b6 0b00 | 0041 c642 | 1001 488b | 5424 4048 | 8b6c 2468 

  0x000002615f935530: ;   {optimized virtual_call}
  0x000002615f935530: c5f8 77e8 

  0x000002615f935534: ; ImmutableOopMap {rbp=Oop [48]=Oop [104]=Oop [120]=Oop [128]=Oop [136]=Oop }
                      ;*invokevirtual clear {reexecute=0 rethrow=0 return_oop=0}
                      ; - net.minecraft.client.renderer.LevelRenderer::renderChunkLayer@748 (line 1556)
  0x000002615f935534: 483c 52ff 

  0x000002615f935538: ;   {oop(a 'java/lang/Class'{0x000000074c17f5f0} = 'com/mojang/blaze3d/vertex/BufferUploader')}
  0x000002615f935538: 48bb f0f5 | 174c 0700 | 0000 4180 | 7f38 000f | 8525 0a00 | 0044 8963 

  0x000002615f935550: ;   {oop(a 'java/lang/Class'{0x000000074cd02e60} = 'com/mojang/blaze3d/systems/RenderSystem')}
  0x000002615f935550: 7049 ba60 | 2ed0 4c07 | 0000 0045 | 0fb6 92fd | 0000 0045 | 85d2 0f85 | a816 0000 

  0x000002615f93556c: ;   {oop(a 'java/lang/Class'{0x000000074cd02e60} = 'com/mojang/blaze3d/systems/RenderSystem')}
  0x000002615f93556c: 49ba 602e | d04c 0700 | 0000 458b | 9280 0000 | 004d 8bda | 49c1 e303 | 4c8b 8424 | 8800 0000 
  0x000002615f93558c: 4d3b c30f | 8597 1600 | 0033 d290 

  0x000002615f935598: ;   {static_call}
  0x000002615f935598: c5f8 77e8 

  0x000002615f93559c: ; ImmutableOopMap {rbp=Oop [48]=Oop [104]=Oop [120]=Oop [128]=Oop }
                      ;*invokestatic glBindVertexArray {reexecute=0 rethrow=0 return_oop=0}
                      ; - org.lwjgl.opengl.GL30::glBindVertexArray@1 (line 2283)
                      ; - com.mojang.blaze3d.platform.GlStateManager::_glBindVertexArray@4 (line 297)
                      ; - com.mojang.blaze3d.vertex.VertexBuffer::unbind@4 (line 100)
                      ; - net.minecraft.client.renderer.LevelRenderer::renderChunkLayer@751 (line 1557)
  0x000002615f93559c: 2092 f6fe | 4c8b 4424 | 3045 8b90 | 9400 0000 

  0x000002615f9355ac: ; implicit exception: dispatches to 0x000002615f9380e0
  0x000002615f9355ac: 478b 9cd4 | a401 0000 

  0x000002615f9355b4: ; implicit exception: dispatches to 0x000002615f9380f0
  0x000002615f9355b4: 438b 4cdc 

  0x000002615f9355b8: ;   {metadata('net/minecraft/util/profiling/InactiveProfiler')}
  0x000002615f9355b8: 0881 f978 | dfa7 010f | 854f 1200 | 0047 8b9c | d4ac 0000 | 0047 8b9c | dc80 0000 | 0045 8b48 
  0x000002615f9355d8: 0c45 8b90 | 1001 0000 | 4585 d20f | 8523 1f00 | 0044 894c | 2440 4489 | 5c24 444c | 8944 2428 
  0x000002615f9355f8: 458b 900c | 0100 0044 | 8954 2448 

  0x000002615f935604: ;   {oop(a 'java/util/HashMap'{0x0000000754d6fec0})}
  0x000002615f935604: 48ba c0fe | d654 0700 | 0000 4c8b | 4424 7890 

  0x000002615f935614: ;   {optimized virtual_call}
  0x000002615f935614: c5f8 77e8 

  0x000002615f935618: ; ImmutableOopMap {rbp=Oop [40]=Oop [68]=NarrowOop [72]=NarrowOop [104]=Oop [120]=Oop [128]=Oop }
                      ;*invokevirtual getNode {reexecute=0 rethrow=0 return_oop=1}
                      ; - java.util.HashMap::get@2 (line 556)
                      ; - net.minecraftforge.client.event.RenderLevelStageEvent$Stage::fromRenderType@4 (line 248)
                      ; - net.minecraftforge.client.ForgeHooksClient::dispatchRenderStage@1 (line 294)
                      ; - net.minecraft.client.renderer.LevelRenderer::renderChunkLayer@789 (line 1559)
  0x000002615f935618: 0421 abff 

  0x000002615f93561c: ; implicit exception: dispatches to 0x000002615f937f74
  0x000002615f93561c: 448b 4014 

  0x000002615f935620: ; implicit exception: dispatches to 0x000002615f937f74
  0x000002615f935620: 478b 5cc4 

  0x000002615f935624: ;   {metadata('net/minecraftforge/client/event/RenderLevelStageEvent$Stage')}
  0x000002615f935624: 0841 81fb | 10ed 1802 | 0f85 ca26 

  0x000002615f935630: ;   {oop(a 'java/lang/Class'{0x0000000746c8e4b8} = 'net/minecraft/client/Minecraft')}
  0x000002615f935630: 0000 49ba | b8e4 c846 | 0700 0000 | 418b 4a70 

  0x000002615f935640: ; implicit exception: dispatches to 0x000002615f938110
  0x000002615f935640: 458b 94cc | a401 0000 | 4f8d 0cc4 | 458b 410c 

  0x000002615f935650: ; implicit exception: dispatches to 0x000002615f938120
  0x000002615f935650: 478b 5cd4 

  0x000002615f935654: ;   {metadata('net/minecraft/util/profiling/InactiveProfiler')}
  0x000002615f935654: 0841 81fb | 78df a701 | 0f85 ca11 | 0000 498b | 8708 0100 | 004c 8bd8 | 4983 c338 | 49c1 e203 
  0x000002615f935674: 4d3b 9f18 | 0100 000f | 8358 0d00 | 004d 899f | 0801 0000 | 410f 0d8b | c000 0000 | 48c7 0001 
  0x000002615f935694: ;   {metadata('net/minecraftforge/client/event/RenderLevelStageEvent')}
  0x000002615f935694: 0000 00c7 | 4008 180c | c801 4489 | 600c 4489 

  0x000002615f9356a4: ;   {oop(a 'net/minecraftforge/eventbus/api/Event$Result'{0x000000074d48ad30})}
  0x000002615f9356a4: 6014 c740 | 10a6 15a9 | e944 8b44 | 2440 4489 | 4018 c4c1 | 7a10 44cc | 58c5 fa11 | 401c 4d8b 
  0x000002615f9356c4: c149 c1e8 | 0344 8940 | 204c 8b5c | 2428 4d8b | c349 c1e8 | 0344 8940 | 244c 8b9c | 2480 0000 
  0x000002615f9356e4: 004d 8bc3 | 49c1 e803 | 4489 4028 | 4c8b 5c24 | 684d 8bc3 | 49c1 e803 | 4489 402c | 448b 5c24 
  0x000002615f935704: 4444 8958 | 3044 8b44 | 2448 4489 

  0x000002615f935710: ;   {oop(a 'net/minecraftforge/eventbus/EventBus'{0x000000074bef99e8})}
  0x000002615f935710: 4034 49bb | e899 ef4b | 0700 0000 | 450f b643 | 1145 85c0 | 0f85 ee00 | 0000 450f | b643 1245 
  0x000002615f935730: 85c0 0f85 | fc1d 0000 | 458b 430c 

  0x000002615f93573c: ;   {oop(a 'net/minecraftforge/eventbus/ListenerList'{0x0000000754dd1a70})}
  0x000002615f93573c: 49bb 701a | dd54 0700 | 0000 458b | 4b10 478b | 5ccc 0c45 | 3bc3 0f83 | fc10 0000 | 4f8d 1ccc 
  0x000002615f93575c: 438b 6c83 | 1045 0fb6 | 44ec 0c45 | 85c0 0f85 | 3909 0000 | 458b 5cec | 1047 8b44 | dc0c 478b 
  0x000002615f93577c: ;   {metadata('net/minecraftforge/eventbus/api/IEventListener'[])}
  0x000002615f93577c: 5cc4 0841 | 81fb 48e1 | b101 0f85 | dc25 0000 | 49c1 e003 | 418b 680c | 85ed 0f86 | 7c00 0000 
  0x000002615f93579c: 448b dd41 | ffcb 443b | dd0f 8355 | 1e00 0045 | 33db 6690 | 478b 4c98 

  0x000002615f9357b4: ;   {oop(a 'net/minecraftforge/eventbus/EventBus'{0x000000074bef99e8})}
  0x000002615f9357b4: 1048 b9e8 | 99ef 4b07 | 0000 000f | b659 1085 | db0f 8417 | 0800 0044 | 895c 2438 | 4c89 4424 
  0x000002615f9357d4: 3048 8944 | 2428 4c89 | 5424 2049 | 8bd1 48c1 | e203 4c8b | c090 c5f8 | 7748 b8ff | ffff ffff 
  0x000002615f9357f4: ;   {virtual_call}
  0x000002615f9357f4: ffff ffe8 

  0x000002615f9357f8: ; ImmutableOopMap {[32]=Oop [40]=Oop [48]=Oop [120]=Oop }
                      ;*invokeinterface invoke {reexecute=0 rethrow=0 return_oop=0}
                      ; - net.minecraftforge.eventbus.EventBus$$Lambda$4786/0x0000026101bcaa68::invoke@2
                      ; - net.minecraftforge.eventbus.EventBus::post@107 (line 315)
                      ; - net.minecraftforge.eventbus.EventBus::post@7 (line 296)
                      ; - net.minecraftforge.client.ForgeHooksClient::dispatchRenderStage@48 (line 288)
                      ; - net.minecraftforge.client.ForgeHooksClient::dispatchRenderStage@22 (line 296)
                      ; - net.minecraft.client.renderer.LevelRenderer::renderChunkLayer@789 (line 1559)
  0x000002615f9357f8: 84be 94fe | 4c8b 5424 | 2048 8b44 | 2428 4c8b | 4424 3044 | 8b5c 2438 | 41ff c344 | 3bdd 7c98 
  0x000002615f935818: 4c8b 5424 | 7845 8b5a | 1449 8bd3 | 48c1 e203 | 6690 c5f8 | 7748 b8a0 | 6cc6 0161 

  0x000002615f935834: ;   {virtual_call}
  0x000002615f935834: 0200 00e8 

  0x000002615f935838: ; ImmutableOopMap {}
                      ;*invokeinterface run {reexecute=0 rethrow=0 return_oop=0}
                      ; - net.minecraft.client.renderer.RenderStateShard::clearRenderState@4 (line 258)
                      ; - net.minecraft.client.renderer.LevelRenderer::renderChunkLayer@793 (line 1560)
  0x000002615f935838: 6452 28ff | c5f8 7748 | 81c4 d000 

  0x000002615f935844: ;   {poll_return}
  0x000002615f935844: 0000 5d49 | 3ba7 5003 | 0000 0f87 | 7d30 0000 | c345 33c0 | e97a eeff | ff33 c0e9 | 55ee ffff 
  0x000002615f935864: 448b 4c24 | 7043 8b4c | cc1c 41c7 | 44cc 0cff | ffff ff45 | 8964 cc18 | 4585 db0f | 850b 1e00 
  0x000002615f935884: 004c 8b9c | 2488 0000 | 004c 3bdf | 0f85 be1e | 0000 4d8b | 4ccc 1045 | 8b44 cc1c | 4585 c00f 
  0x000002615f9358a4: 8e58 0700 | 0048 8b6c | 2430 8bd3 

  0x000002615f9358b0: ;   {static_call}
  0x000002615f9358b0: c5f8 77e8 

  0x000002615f9358b4: ; ImmutableOopMap {rbp=Oop [32]=Oop [48]=Oop [56]=NarrowOop [64]=Oop [84]=NarrowOop [88]=Oop [104]=Oop [112]=NarrowOop [120]=Oop [128]=Oop [136]=Oop [152]=Oop }
                      ;*invokestatic nglUniform1iv {reexecute=0 rethrow=0 return_oop=0}
                      ; - org.lwjgl.opengl.GL20C::glUniform1iv@9 (line 605)
                      ; - org.lwjgl.opengl.GL20::glUniform1iv@2 (line 650)
                      ; - com.mojang.blaze3d.platform.GlStateManager::_glUniform1@5 (line 212)
                      ; - com.mojang.blaze3d.systems.RenderSystem::glUniform1@5 (line 651)
                      ; - com.mojang.blaze3d.shaders.Uniform::uploadAsInteger@52 (line 414)
                      ; - com.mojang.blaze3d.shaders.Uniform::upload@21 (line 396)
                      ; - net.minecraft.client.renderer.LevelRenderer::renderChunkLayer@717 (line 1544)
  0x000002615f9358b4: c8c0 94fe | e9c3 f8ff | ff47 8b5c | cc20 478b | 44dc 1c8b | 7a10 4585 | c00f 8cdd | 1e00 0043 
  0x000002615f9358d4: 8b4c dc0c | 85c9 0f8f | ac0b 0000 | 4789 64dc | 1885 ff0f | 84e7 1d00 | 0041 8bca | 4c8b c34f 
  0x000002615f9358f4: 8b5c dc10 | 498b 5cfc | 0c47 8b54 | cc28 43c6 | 44cc 1801 | c4c1 7a10 | 44fc 1449 | 891b c4c1 
  0x000002615f935914: 7a11 4308 

  0x000002615f935918: ; implicit exception: dispatches to 0x000002615f938630
  0x000002615f935918: 438b 5cd4 | 084f 8d1c 

  0x000002615f935920: ;   {metadata('net/minecraft/client/renderer/ShaderInstance')}
  0x000002615f935920: d481 fb38 | b5be 010f | 8533 0b00 | 0041 c643 | 1001 498b | d844 8bd1 | e951 f6ff | ff43 8b4c 
  0x000002615f935940: c420 458b | 5ccc 1c44 | 8b4a 1445 | 85db 0f8c | a81e 0000 | 418b 7ccc | 0c85 ff0f | 8f39 0b00 
  0x000002615f935960: 0045 8964 | cc18 4585 | c90f 8475 | 1d00 0049 | 8b4c cc10 | 4b8b 7ccc | 0c47 8b5c | c428 43c6 
  0x000002615f935980: 44c4 1801 | c481 7a10 | 44cc 144c | 8bc9 4989 | 39c4 c17a | 1141 0843 | 8b4c dc08 | 4f8d 04dc 
  0x000002615f9359a0: ;   {metadata('net/minecraft/client/renderer/ShaderInstance')}
  0x000002615f9359a0: 81f9 38b5 | be01 0f85 | ca0a 0000 | 41c6 4010 | 01e9 e6f5 | ffff 448b | c241 ffc8 | e9ce efff 
  0x000002615f9359c0: ffc5 fb11 | 4c24 60c5 | fb11 5c24 | 48c5 fb11 | 5424 2049 | 8bd2 48c1 | e203 498b | eb66 6690 
  0x000002615f9359e0: ;   {static_call}
  0x000002615f9359e0: c5f8 77e8 

  0x000002615f9359e4: ; ImmutableOopMap {rbp=Oop [40]=Oop [48]=Oop [56]=NarrowOop [64]=Oop [84]=NarrowOop [88]=Oop [104]=Oop [112]=Oop [120]=Oop [128]=Oop [136]=Oop [160]=Oop }
                      ;*invokestatic hashCode {reexecute=0 rethrow=0 return_oop=0}
                      ; - java.lang.String::hashCode@37 (line 2345)
                      ; - java.util.HashMap::hash@9 (line 338)
                      ; - java.util.HashMap::put@2 (line 610)
                      ; - net.minecraft.client.renderer.ShaderInstance::setSampler@6 (line 438)
                      ; - net.minecraft.client.renderer.LevelRenderer::renderChunkLayer@359 (line 1481)
  0x000002615f9359e4: 98bf 94fe | c5fb 1054 | 2420 c5fb | 105c 2448 | c5fb 104c | 2460 e9ba | ecff ffc4 | c17b 2cd8 
  0x000002615f935a04: 81fb 0000 | 0080 750f | 4883 ec08 | c57b 1104 

  0x000002615f935a14: ;   {runtime_call StubRoutines (1)}
  0x000002615f935a14: 24e8 66b7 | 8ffe 5bc5 | 7b2c ca41 | 81f9 0000 | 0080 7510 | 4883 ec08 | c5fb 1114 

  0x000002615f935a30: ;   {runtime_call StubRoutines (1)}
  0x000002615f935a30: 24e8 4ab7 | 8ffe 4159 | c5fb 2ac3 | c4c1 5b2a | e1c5 7b2c | d141 81fa | 0000 0080 | 7510 4883 
  0x000002615f935a50: ec08 c5fb 

  0x000002615f935a54: ;   {runtime_call StubRoutines (1)}
  0x000002615f935a54: 110c 24e8 | 24b7 8ffe | 415a c5fb | 2ccb 81f9 | 0000 0080 | 750f 4883 | ec08 c5fb 

  0x000002615f935a70: ;   {runtime_call StubRoutines (1)}
  0x000002615f935a70: 111c 24e8 | 08b7 8ffe | 59c4 c153 | 2aea c533 | 2ac9 8bfb | ffcf c4c1 | 792e c00f | 46fb 448b 
  0x000002615f935a90: d941 ffcb | c579 2ecb | 440f 46d9 | c1ff 0441 | c1fb 0441 | 8bc9 ffc9 | c5f9 28c2 | c5f9 2ee0 
  0x000002615f935ab0: 410f 46c9 | 458b ca41 | ffc9 c5f9 | 2ee9 450f | 46ca c1f9 | 0441 c1f9 | 043b cf0f | 847f 0700 
  0x000002615f935ad0: 00bf 0100 | 0000 c4c1 | 7b11 4860 | c4c1 7b11 | 5858 c4c1 | 7b11 5050 | 418b 98b0 | 0000 0041 
  0x000002615f935af0: 8b6c dc0c | 85ed 0f8c | cc1e 0000 | 85ed 0f8e | efe7 ffff | 498d 34dc | 41ba ffff | ffff 33d2 
  0x000002615f935b10: 4c89 4424 | 4044 899c | 2480 0000 | 0089 8c24 | 9800 0000 | 4489 8c24 | 8400 0000 | 89bc 249c 
  0x000002615f935b30: 0000 0048 | 89b4 2490 | 0000 0089 | 9424 8c00 | 0000 eb56 | 488b 6c24 | 308b d390 

  0x000002615f935b4c: ;   {static_call}
  0x000002615f935b4c: c5f8 77e8 

  0x000002615f935b50: ; ImmutableOopMap {rbp=Oop [32]=Oop [48]=Oop [56]=NarrowOop [64]=Oop [84]=NarrowOop [88]=Oop [104]=Oop [112]=NarrowOop [120]=Oop [128]=Oop [136]=Oop [152]=Oop }
                      ;*invokestatic glUniform2 {reexecute=0 rethrow=0 return_oop=0}
                      ; - com.mojang.blaze3d.shaders.Uniform::uploadAsFloat@66 (line 438)
                      ; - com.mojang.blaze3d.shaders.Uniform::upload@37 (line 398)
                      ; - net.minecraft.client.renderer.LevelRenderer::renderChunkLayer@717 (line 1544)
  0x000002615f935b50: 2cbe 94fe | e927 f6ff | ff45 33db | 4489 9c24 | 8800 0000 | 4d8b 8f58 

  0x000002615f935b68: ; ImmutableOopMap {[40]=Oop [64]=Oop [72]=Oop [88]=NarrowOop [104]=Oop [144]=Oop }
                      ;*goto {reexecute=1 rethrow=0 return_oop=0}
                      ; - (reexecute) net.minecraft.client.renderer.LevelRenderer::renderChunkLayer@236 (line 1465)
                      ;   {poll}
  0x000002615f935b68: 0300 0041 | 8501 448b | 5424 5847 | 8b54 d40c | 448b 4424 | 5045 3bc2 | 0f8d 0203 | 0000 448b 
  0x000002615f935b88: 9424 8c00 | 0000 4489 | 8424 8c00 | 0000 8b5c | 2458 895c | 2458 458b | 5cdc 0c44 | 8b84 248c 
  0x000002615f935ba8: 0000 0045 | 3bc3 0f8d | 941c 0000 | 458b 54dc | 1445 8bca 

  0x000002615f935bbc: ; implicit exception: dispatches to 0x000002615f9386b0
  0x000002615f935bbc: 478b 5cd4 | 0c41 ffc0 | 4489 4424 | 5044 8b94 | 248c 0000 | 0045 3bd3 | 0f83 b61c | 0000 4f8d 
  0x000002615f935bdc: 14cc 448b | 9c24 8c00 | 0000 438b | 6c9a 1045 | 8b54 ec08 

  0x000002615f935bf0: ;   {metadata('net/minecraft/client/renderer/LevelRenderer$RenderChunkInfo')}
  0x000002615f935bf0: 4181 fa20 | 8416 020f | 8537 2100 | 004d 8d14 | ec45 8b5a | 1444 895c | 245c 448b | 9c24 9c00 
  0x000002615f935c10: 0000 4585 | db0f 8587 | 0000 0044 | 8b54 245c 

  0x000002615f935c20: ; implicit exception: dispatches to 0x000002615f9386f8
  0x000002615f935c20: 478b 4cd4 | 3047 8b44 | cc0c 458b | d841 c1fb | 1f41 c1eb | 1c45 03d8 | 41c1 fb04 | 448b 9424 
  0x000002615f935c40: 9800 0000 | 453b d374 | 4c47 8b44 | cc14 458b | d041 c1fa | 1f41 c1ea | 1c45 03d0 | 41c1 fa04 
  0x000002615f935c60: 448b 9c24 | 8400 0000 | 453b da74 | 2847 8b54 | cc10 458b | da41 c1fb | 1f41 c1eb | 1c45 03da 
  0x000002615f935c80: 41c1 fb04 | 448b 8424 | 8000 0000 | 453b c30f | 85c4 feff | ff45 33d2 | 4489 9424 | 8800 0000 
  0x000002615f935ca0: eb08 4489 | 9c24 8800 | 0000 4c8b | 5424 4045 | 8b9a 0801 | 0000 4489 | 5c24 6044 | 8b54 245c 
  0x000002615f935cc0: ; implicit exception: dispatches to 0x000002615f938718
  0x000002615f935cc0: 478b 54d4 | 1447 8b5c | d40c 458b | d347 8b5c | dc08 49b8 | 0000 0000 | 6102 0000 | 4d03 c34d 
  0x000002615f935ce0: ;   {metadata('net/minecraft/client/renderer/chunk/ChunkRenderDispatcher$CompiledChunk')}
  0x000002615f935ce0: 8b58 3849 | b818 1f16 | 0261 0200 | 004d 3bd8 | 0f85 e21b | 0000 448b | 5c24 5c47 | 8b5c dc20 
  0x000002615f935d00: 458b cb45 | 8bda 4f8d | 14dc 4c89 | 5424 7045 | 8bd9 4585 | db0f 8561 | 1c00 0041 | 8b6a 0c45 
  0x000002615f935d20: 8b5c ec08 

  0x000002615f935d24: ;   {metadata('it/unimi/dsi/fastutil/objects/ObjectArraySet')}
  0x000002615f935d24: 4181 fb60 | d563 010f | 85b7 1b00 | 004d 8d14 | ec4c 8954 | 2478 458b | 5a0c 4585 | db0f 84e9 
  0x000002615f935d44: 0000 0045 | 8bd3 41ff | ca44 8954 | 2464 448b | 5c24 5c4f | 8d14 dc4c | 8954 2420 | eb49 c4e1 
  0x000002615f935d64: f96e d5c5 | fb10 5c24 | 30c5 fb10 | 4c24 38b9 | 0100 0000 | 4d8b 8f58 

  0x000002615f935d7c: ; ImmutableOopMap {[32]=Oop [40]=Oop [64]=Oop [72]=Oop [88]=NarrowOop [92]=NarrowOop [96]=NarrowOop [104]=Oop [112]=Oop [120]=Oop [144]=Oop }
                      ;*ifeq {reexecute=1 rethrow=0 return_oop=0}
                      ; - (reexecute) it.unimi.dsi.fastutil.objects.ObjectArraySet::findKey@22 (line 205)
                      ; - it.unimi.dsi.fastutil.objects.ObjectArraySet::contains@2 (line 351)
                      ; - net.minecraft.client.renderer.chunk.ChunkRenderDispatcher$RenderChunk::resortTransparency@24 (line 423)
                      ; - net.minecraft.client.renderer.LevelRenderer::renderChunkLayer@227 (line 1462)
                      ;   {poll}
  0x000002615f935d7c: 0300 0041 | 8501 85c9 | 740a 448b | 5424 64e9 | a600 0000 | 448b 5424 | 6445 85d2 | 0f84 9200 
  0x000002615f935d9c: 0000 448b | 5c24 6441 | ffcb 4489 | 5c24 644c | 8b54 2478 | 418b 6a10 

  0x000002615f935db4: ; implicit exception: dispatches to 0x000002615f938790
  0x000002615f935db4: 458b 5cec | 0c44 8b54 | 2464 453b | d30f 8355 | 1b00 004d | 8d1c ec47 | 8b5c 9310 

  0x000002615f935dd0: ;   {oop(a 'net/minecraft/client/renderer/RenderType$CompositeRenderType'{0x000000074bdb6ea8})}
  0x000002615f935dd0: 4181 fbd5 | 6d7b e974 | 9a45 85db | 744b c5fb | 114c 2438 | c5fb 115c | 2430 c4e1 | f97e d54b 
  0x000002615f935df0: ;   {oop(a 'net/minecraft/client/renderer/RenderType$CompositeRenderType'{0x000000074bdb6ea8})}
  0x000002615f935df0: 8d14 dc49 | b8a8 6edb | 4b07 0000 | 0090 c5f8 | 7748 b870 | d5c4 0161 

  0x000002615f935e08: ;   {virtual_call}
  0x000002615f935e08: 0200 00e8 

  0x000002615f935e0c: ; ImmutableOopMap {[32]=Oop [40]=Oop [64]=Oop [72]=Oop [88]=NarrowOop [92]=NarrowOop [96]=NarrowOop [104]=Oop [112]=Oop [120]=Oop [144]=Oop }
                      ;*invokevirtual equals {reexecute=0 rethrow=0 return_oop=0}
                      ; - java.util.Objects::equals@11 (line 64)
                      ; - it.unimi.dsi.fastutil.objects.ObjectArraySet::findKey@19 (line 205)
                      ; - it.unimi.dsi.fastutil.objects.ObjectArraySet::contains@2 (line 351)
                      ; - net.minecraft.client.renderer.chunk.ChunkRenderDispatcher$RenderChunk::resortTransparency@24 (line 423)
                      ; - net.minecraft.client.renderer.LevelRenderer::renderChunkLayer@227 (line 1462)
  0x000002615f935e0c: 7079 01ff | 85c0 0f85 | 4aff ffff | c4e1 f96e | d5c5 fb10 | 5c24 30c5 | fb10 4c24 | 3833 c9e9 
  0x000002615f935e2c: 48ff ffff | 41ba ffff | ffff 4183 | faff 0f84 | 24fd ffff | 458b cabd | 0100 0000 | 4533 d241 
  0x000002615f935e4c: 83f9 ff41 | 0f44 eaba | 45ff ffff | 4c8b 5424 | 404c 8954 | 2420 c5fb | 1154 2430 | c5fb 115c 
  0x000002615f935e6c: 2438 c5fb | 114c 2440 | 4c8b 5424 | 684c 8954 | 2448 6690 

  0x000002615f935e80: ;   {runtime_call UncommonTrapBlob}
  0x000002615f935e80: c5f8 77e8 

  0x000002615f935e84: ; ImmutableOopMap {[32]=Oop [40]=Oop [72]=Oop [88]=NarrowOop [92]=NarrowOop [96]=NarrowOop [112]=Oop }
                      ;*ifne {reexecute=1 rethrow=0 return_oop=0}
                      ; - (reexecute) net.minecraft.client.renderer.chunk.ChunkRenderDispatcher$RenderChunk::resortTransparency@29 (line 423)
                      ; - net.minecraft.client.renderer.LevelRenderer::renderChunkLayer@227 (line 1462)
  0x000002615f935e84: 780a 95fe | 4c8b 4424 | 40e9 61e4 | ffff 4889 | 4424 f88b | 8424 9400 | 0000 8984 | 24a4 0000 
  0x000002615f935ea4: 0048 8b44 | 24f8 4889 | 8c24 b000 | 0000 4489 | 8c24 a000 | 0000 c5fb | 118c 2488 | 0000 00c5 
  0x000002615f935ec4: fb11 9c24 | 8000 0000 | c5fb 1154 

  0x000002615f935ed0: ;   {metadata({type array byte})}
  0x000002615f935ed0: 2460 48ba | 3867 0000 | 6102 0000 | 4c89 5424 | 2044 8b44 | 2448 6690 

  0x000002615f935ee8: ;   {runtime_call _new_array_Java}
  0x000002615f935ee8: c5f8 77e8 

  0x000002615f935eec: ; ImmutableOopMap {[40]=Oop [48]=Oop [56]=NarrowOop [64]=Oop [84]=NarrowOop [88]=Oop [104]=Oop [112]=Oop [120]=Oop }
                      ;*invokevirtual allocateUninitializedArray0 {reexecute=0 rethrow=0 return_oop=1}
                      ; - jdk.internal.misc.Unsafe::allocateUninitializedArray@51 (line 1375)
                      ; - java.lang.StringConcatHelper::newArray@33 (line 497)
                      ; - java.lang.invoke.DirectMethodHandle$Holder::invokeStatic@10
                      ; - java.lang.invoke.LambdaForm$MH/0x0000026101198c00::invoke@31
                      ; - java.lang.invoke.Invokers$Holder::linkToTargetMethod@5
                      ; - net.minecraft.client.renderer.LevelRenderer::renderChunkLayer@349 (line 1481)
  0x000002615f935eec: 10ab 9ffe | 488b d8c5 | fb10 5424 | 60c5 fb10 | 9c24 8000 | 0000 c5fb | 108c 2488 | 0000 0044 
  0x000002615f935f0c: 8b8c 24a0 | 0000 0048 | 8b8c 24b0 | 0000 0048 | 8944 24f8 | 8b84 24a4 | 0000 0089 | 8424 9400 
  0x000002615f935f2c: 0000 488b | 4424 f8e9 | 02e9 ffff | c5fb 114c | 2448 c5fb | 115c 2420 | c4e1 f97e 

  0x000002615f935f48: ;   {metadata('java/lang/String')}
  0x000002615f935f48: d548 baf0 | e900 0061 | 0200 0090 

  0x000002615f935f54: ;   {runtime_call _new_instance_Java}
  0x000002615f935f54: c5f8 77e8 

  0x000002615f935f58: ; ImmutableOopMap {[40]=Oop [48]=Oop [56]=NarrowOop [64]=Oop [84]=NarrowOop [88]=Oop [104]=Oop [112]=Oop [120]=Oop [128]=Oop }
                      ;*new {reexecute=0 rethrow=0 return_oop=1}
                      ; - java.lang.StringConcatHelper::newString@6 (line 387)
                      ; - java.lang.invoke.DirectMethodHandle$Holder::invokeStatic@13
                      ; - java.lang.invoke.LambdaForm$MH/0x0000026101198c00::invoke@71
                      ; - java.lang.invoke.Invokers$Holder::linkToTargetMethod@5
                      ; - net.minecraft.client.renderer.LevelRenderer::renderChunkLayer@349 (line 1481)
  0x000002615f935f58: a4a7 9ffe | c4e1 f96e | d5c5 fb10 | 5c24 20c5 | fb10 4c24 | 48e9 73e5 | ffff 448b | 5370 4585 
  0x000002615f935f78: d20f 84ce | f5ff ff4d | 8b5f 2049 | 8bca 48c1 | e103 4d85 | db0f 84b1 | 0c00 004d | 8b57 304b 
  0x000002615f935f98: 894c 1af8 | 4983 c3f8 | 4d89 5f20 | e9a4 f5ff 

  0x000002615f935fa8: ;   {metadata('net/minecraft/client/renderer/EffectInstance')}
  0x000002615f935fa8: ff81 fbc8 | 69e8 010f | 853b 1a00 | 0041 c642 | 1001 e964 | f1ff ff4c | 8b94 2488 | 0000 0041 
  0x000002615f935fc8: c642 1101 | 4533 c0e9 | 03e7 ffff | 41c7 44cc | 0cff ffff | ffe9 c4f0 | ffff 443b | dd0f 8341 
  0x000002615f935fe8: 1a00 0043 | 8b4c cc08 

  0x000002615f935ff0: ;   {metadata('net/minecraftforge/eventbus/api/EventPriority')}
  0x000002615f935ff0: 81f9 30a4 | b301 0f84 | 14f8 ffff | e9ca f7ff | ff45 33c0 | e9a0 f8ff 

  0x000002615f936008: ;   {metadata('net/minecraft/client/renderer/EffectInstance')}
  0x000002615f936008: ff41 81fb | c869 e801 | 0f85 3e1a | 0000 41c6 | 4010 01e9 | 5aea ffff 

  0x000002615f936020: ;   {metadata('net/minecraft/client/renderer/EffectInstance')}
  0x000002615f936020: 4181 fbc8 | 69e8 010f | 855b 1a00 | 0041 c642 | 1001 e9f4 

  0x000002615f936034: ;   {metadata('net/minecraft/client/renderer/EffectInstance')}
  0x000002615f936034: eaff ff41 | 81fb c869 | e801 0f85 | 7c1a 0000 | 41c6 4010 | 01e9 0aec 

  0x000002615f93604c: ;   {metadata('net/minecraft/client/renderer/EffectInstance')}
  0x000002615f93604c: ffff 4181 | f8c8 69e8 | 010f 8599 | 1a00 0041 | c641 1001 | e9ad ecff 

  0x000002615f936064: ;   {metadata('net/minecraft/client/renderer/EffectInstance')}
  0x000002615f936064: ff81 f9c8 | 69e8 010f | 85b7 1a00 | 0041 c643 | 1001 e91a 

  0x000002615f936078: ;   {metadata('net/minecraft/client/renderer/EffectInstance')}
  0x000002615f936078: edff ff41 | 81fa c869 | e801 0f85 | d41a 0000 | 41c6 4310 | 01e9 03ee 

  0x000002615f936090: ;   {metadata('net/minecraft/client/renderer/EffectInstance')}
  0x000002615f936090: ffff 4181 | f8c8 69e8 | 010f 85f1 | 1a00 0041 | c643 1001 | e9ae eeff | ff48 8944 | 2428 4c89 
  0x000002615f9360b0: 5424 204d | 8d14 ec49 | 8bd2 4c89 | 5424 3890 

  0x000002615f9360c0: ;   {optimized virtual_call}
  0x000002615f9360c0: c5f8 77e8 

  0x000002615f9360c4: ; ImmutableOopMap {rbp=NarrowOop [32]=Oop [40]=Oop [56]=Oop [120]=Oop }
                      ;*invokevirtual buildCache {reexecute=0 rethrow=0 return_oop=0}
                      ; - net.minecraftforge.eventbus.ListenerList$ListenerListInst::getListeners@8 (line 217)
                      ; - net.minecraftforge.eventbus.ListenerList::getListeners@6 (line 123)
                      ; - net.minecraftforge.eventbus.EventBus::post@62 (line 308)
                      ; - net.minecraftforge.eventbus.EventBus::post@7 (line 296)
                      ; - net.minecraftforge.client.ForgeHooksClient::dispatchRenderStage@48 (line 288)
                      ; - net.minecraftforge.client.ForgeHooksClient::dispatchRenderStage@22 (line 296)
                      ; - net.minecraft.client.renderer.LevelRenderer::renderChunkLayer@789 (line 1559)
  0x000002615f9360c4: b8b2 94fe | 4c8b 5424 | 2048 8b44 | 2428 e999 

  0x000002615f9360d4: ;   {metadata('net/minecraft/client/renderer/EffectInstance')}
  0x000002615f9360d4: f6ff ff41 | 81f9 c869 | e801 0f85 | e01a 0000 | 41c6 4210 | 01e9 38f4 | ffff 41c7 | 44fc 0cff 
  0x000002615f9360f4: ffff ffe9 | dae8 ffff | 41c7 44cc | 0cff ffff | ffe9 99e9 | ffff 41c7 | 44dc 0cff | ffff ffe9 
  0x000002615f936114: 6dea ffff | 41c7 44dc | 0cff ffff | ffe9 ddea | ffff 43c7 | 44c4 0cff | ffff ffe9 | f9ea ffff 
  0x000002615f936134: 43c7 44c4 | 0cff ffff | ffe9 84eb | ffff 41c7 | 44cc 0cff | ffff ffe9 | faeb ffff | 41c7 44f4 
  0x000002615f936154: 0cff ffff | ffe9 6cec | ffff 41c7 | 44f4 0cff | ffff ffe9 | d4ec ffff | 43c7 44d4 | 0cff ffff 
  0x000002615f936174: ffe9 f0ec | ffff 43c7 | 44c4 0cff | ffff ffe9 | 6ded ffff | 43c7 44cc | 0cff ffff | ffe9 2af3 
  0x000002615f936194: ffff bade | ffff ff41 | 8be8 6690 

  0x000002615f9361a0: ;   {runtime_call UncommonTrapBlob}
  0x000002615f9361a0: c5f8 77e8 

  0x000002615f9361a4: ; ImmutableOopMap {rbp=NarrowOop }
                      ;*checkcast {reexecute=0 rethrow=0 return_oop=0}
                      ; - net.minecraft.client.renderer.chunk.ChunkRenderDispatcher$RenderChunk::getCompiledChunk@7 (line 376)
                      ; - net.minecraft.client.renderer.LevelRenderer::renderChunkLayer@651 (line 1539)
  0x000002615f9361a4: 5807 95fe | bade ffff | ff48 8b6c | 2430 4c8b | 5c24 784c | 895c 2420 | c5fb 1044 | 2448 c5fb 
  0x000002615f9361c4: 1144 2430 | c5fb 1044 | 2460 c5fb | 1144 2438 | 4c8b 5c24 | 684c 895c | 2448 4489 | 4c24 5044 
  0x000002615f9361e4: 8b5c 2470 | 4489 5c24 | 6044 8954 | 2468 6690 

  0x000002615f9361f4: ;   {runtime_call UncommonTrapBlob}
  0x000002615f9361f4: c5f8 77e8 

  0x000002615f9361f8: ; ImmutableOopMap {rbp=Oop [32]=Oop [72]=Oop [84]=NarrowOop [88]=Oop [96]=NarrowOop [104]=NarrowOop [128]=Oop [152]=NarrowOop }
                      ;*invokeinterface contains {reexecute=0 rethrow=0 return_oop=0}
                      ; - net.minecraft.client.renderer.chunk.ChunkRenderDispatcher$CompiledChunk::isEmpty@5 (line 287)
                      ; - net.minecraft.client.renderer.LevelRenderer::renderChunkLayer@655 (line 1539)
  0x000002615f9361f8: 0407 95fe | bae4 ffff | ff48 8b5c | 2430 4889 | 5c24 20c5 | fb10 4424 | 48c5 fb11 | 4424 38c5 
  0x000002615f936218: fb10 4424 | 60c5 fb11 | 4424 4048 | 8b5c 2468 | 4889 5c24 | 5089 4c24 | 584c 895c | 2460 4489 
  0x000002615f936238: 5424 5c44 | 894c 2468 | 4489 4424 | 6c66 6690 

  0x000002615f936248: ;   {runtime_call UncommonTrapBlob}
  0x000002615f936248: c5f8 77e8 

  0x000002615f93624c: ; ImmutableOopMap {rbp=NarrowOop [32]=Oop [80]=Oop [92]=NarrowOop [96]=Oop [104]=NarrowOop [120]=Oop [128]=Oop }
                      ;*aaload {reexecute=0 rethrow=0 return_oop=0}
                      ; - it.unimi.dsi.fastutil.objects.ObjectArrayList$1::next@38 (line 833)
                      ; - net.minecraft.client.renderer.LevelRenderer::renderChunkLayer@619 (line 1537)
  0x000002615f93624c: b006 95fe | c5fb 2cde | 81fb 0000 | 0080 750f | 4883 ec08 | c5fb 1134 

  0x000002615f936264: ;   {runtime_call StubRoutines (1)}
  0x000002615f936264: 24e8 16af | 8ffe 5b8b | fbff cfc5 | fb2a c3c5 | f92e c60f | 46fb c1ff | 0444 3bcf | 0f85 4bf8 
  0x000002615f936284: ffff c57b | 2cd7 4181 | fa00 0000 | 8075 1048 | 83ec 08c5 | fb11 3c24 

  0x000002615f93629c: ;   {runtime_call StubRoutines (1)}
  0x000002615f93629c: e8df ae8f | fe41 5a41 | 8bda ffcb | c4c1 7b2a | c2c5 f92e | c741 0f46 | dac1 fb04 | 443b db0f 
  0x000002615f9362bc: 8510 f8ff | ff33 ffe9 | 0ef8 ffff | c5fb 114c | 2448 c5fb | 115c 2420 | c4e1 f97e 

  0x000002615f9362d8: ;   {metadata('java/lang/Integer')}
  0x000002615f9362d8: d548 ba78 | 1904 0061 | 0200 0090 

  0x000002615f9362e4: ;   {runtime_call _new_instance_Java}
  0x000002615f9362e4: c5f8 77e8 

  0x000002615f9362e8: ; ImmutableOopMap {[40]=Oop [48]=Oop [56]=NarrowOop [64]=Oop [84]=NarrowOop [88]=Oop [104]=Oop [112]=Oop [120]=Oop [136]=Oop }
                      ;*new {reexecute=0 rethrow=0 return_oop=1}
                      ; - java.lang.Integer::valueOf@23 (line 1081)
                      ; - net.minecraft.client.renderer.LevelRenderer::renderChunkLayer@356 (line 1481)
  0x000002615f9362e8: 14a4 9ffe | c4e1 f96e | d5c5 fb10 | 5c24 20c5 | fb10 4c24 | 48e9 2fe6 | ffff bae4 | ffff ff48 
  0x000002615f936308: 8b6c 2430 | 4c8b 5424 | 784c 8954 | 2420 4c8b | 9424 8000 | 0000 4c89 | 5424 28c5 | fb10 4424 
  0x000002615f936328: 48c5 fb11 | 4424 30c5 | fb10 4424 | 60c5 fb11 | 4424 384c | 8b54 2468 | 4c89 5424 | 4844 8b54 
  0x000002615f936348: 2474 4489 | 5424 5044 | 8b5c 2470 | 4489 5c24 | 6044 8944 | 247c 6690 

  0x000002615f936360: ;   {runtime_call UncommonTrapBlob}
  0x000002615f936360: c5f8 77e8 

  0x000002615f936364: ; ImmutableOopMap {rbp=Oop [32]=Oop [40]=Oop [72]=Oop [84]=NarrowOop [88]=Oop [96]=NarrowOop [124]=NarrowOop [152]=NarrowOop [160]=Oop }
                      ;*aaload {reexecute=0 rethrow=0 return_oop=0}
                      ; - it.unimi.dsi.fastutil.objects.ObjectArraySet::findKey@17 (line 205)
                      ; - it.unimi.dsi.fastutil.objects.ObjectArraySet::contains@2 (line 351)
                      ; - net.minecraft.client.renderer.chunk.ChunkRenderDispatcher$CompiledChunk::isEmpty@5 (line 287)
                      ; - net.minecraft.client.renderer.LevelRenderer::renderChunkLayer@655 (line 1539)
  0x000002615f936364: 9805 95fe | 897c 2460 | 4489 5424 | 5c48 895c | 2450 c5fb | 114c 2440 | c5fb 115c | 2438 c5fb 
  0x000002615f936384: 1154 2430 | 4c89 4424 | 2049 8d2c | cc89 4c24 

  0x000002615f936394: ;   {metadata('it/unimi/dsi/fastutil/objects/ObjectArrayList$1')}
  0x000002615f936394: 5848 ba00 | 4004 0261 | 0200 0090 

  0x000002615f9363a0: ;   {runtime_call _new_instance_Java}
  0x000002615f9363a0: c5f8 77e8 

  0x000002615f9363a4: ; ImmutableOopMap {rbp=Oop [32]=Oop [40]=Oop [72]=Oop [80]=Oop [88]=NarrowOop [104]=Oop }
                      ;*new {reexecute=0 rethrow=0 return_oop=1}
                      ; - it.unimi.dsi.fastutil.objects.ObjectArrayList::listIterator@5 (line 817)
                      ; - net.minecraft.client.renderer.LevelRenderer::renderChunkLayer@318 (line 1476)
  0x000002615f9363a4: 58a3 9ffe | 4c8b 4424 | 20c5 fb10 | 5424 30c5 | fb10 5c24 | 38c5 fb10 | 4c24 4048 | 8b5c 2450 
  0x000002615f9363c4: 8b4c 2458 | 448b 5424 | 5c8b 7c24 | 6048 8bf0 | e910 e0ff | ff4c 8954 | 2438 4c89 | 4c24 3049 
  0x000002615f9363e4: 8d2c cc89 

  0x000002615f9363e8: ;   {metadata('net/minecraftforge/client/event/RenderLevelStageEvent')}
  0x000002615f9363e8: 4c24 2048 | ba18 0cc8 | 0161 0200 | 0066 6690 

  0x000002615f9363f8: ;   {runtime_call _new_instance_Java}
  0x000002615f9363f8: c5f8 77e8 

  0x000002615f9363fc: ; ImmutableOopMap {rbp=Oop [32]=NarrowOop [40]=Oop [48]=Oop [56]=Oop [68]=NarrowOop [72]=NarrowOop [104]=Oop [120]=Oop [128]=Oop }
                      ;*new {reexecute=0 rethrow=0 return_oop=1}
                      ; - net.minecraftforge.client.ForgeHooksClient::dispatchRenderStage@26 (line 288)
                      ; - net.minecraftforge.client.ForgeHooksClient::dispatchRenderStage@22 (line 296)
                      ; - net.minecraft.client.renderer.LevelRenderer::renderChunkLayer@789 (line 1559)
  0x000002615f9363fc: 00a3 9ffe | 8b4c 2420 | 4c8b 4c24 | 304c 8b54 | 2438 e993 | f2ff ffba | e4ff ffff | 48ff 7424 
  0x000002615f93641c: 3048 8f44 | 2420 c5fb | 1044 2448 | c5fb 1144 | 2438 c5fb | 1044 2460 | c5fb 1144 | 2440 4c8b 
  0x000002615f93643c: 4424 684c | 8944 2450 | 4c89 5c24 | 5844 8954 | 2460 4489 | 4c24 6489 | 5c24 6890 

  0x000002615f936458: ;   {runtime_call UncommonTrapBlob}
  0x000002615f936458: c5f8 77e8 

  0x000002615f93645c: ; ImmutableOopMap {rbp=NarrowOop [32]=Oop [80]=Oop [88]=Oop [96]=NarrowOop [100]=NarrowOop [120]=Oop [128]=Oop }
                      ;*aaload {reexecute=0 rethrow=0 return_oop=0}
                      ; - it.unimi.dsi.fastutil.objects.ObjectArrayList$1::previous@38 (line 839)
                      ; - net.minecraft.client.renderer.LevelRenderer::renderChunkLayer@632 (line 1537)
  0x000002615f93645c: a004 95fe 

  0x000002615f936460: ;   {metadata('net/minecraft/client/renderer/EffectInstance')}
  0x000002615f936460: 81fb c869 | e801 0f85 | 7417 0000 | 41c6 4310 | 01e9 bcf4 

  0x000002615f936474: ;   {metadata('net/minecraft/client/renderer/EffectInstance')}
  0x000002615f936474: ffff 81f9 | c869 e801 | 0f85 9217 | 0000 41c6 | 4010 01e9 | 10eb ffff | 43c7 44dc | 0cff ffff 
  0x000002615f936494: ffe9 46f4 | ffff 41c7 | 44cc 0cff | ffff ffe9 | b9f4 ffff | bae4 ffff | ff48 8b6c | 2430 4c8b 
  0x000002615f9364b4: 4c24 784c | 894c 2420 | c5fb 1154 | 2430 c5fb | 115c 2438 | c5fb 114c | 2440 4c8b | 4c24 684c 
  0x000002615f9364d4: 894c 2448 | 4889 4424 | f88b 8424 | 9400 0000 | 8944 2464 | 488b 4424 | f848 895c | 2478 4489 
  0x000002615f9364f4: 4424 6c44 | 8994 248c | 0000 0044 | 899c 2498 | 0000 0090 

  0x000002615f936508: ;   {runtime_call UncommonTrapBlob}
  0x000002615f936508: c5f8 77e8 

  0x000002615f93650c: ; ImmutableOopMap {rbp=Oop [32]=Oop [40]=Oop [72]=Oop [84]=NarrowOop [88]=Oop [120]=Oop [128]=Oop }
                      ;*bastore {reexecute=0 rethrow=0 return_oop=0}
                      ; - java.lang.Integer::getChars@97 (line 522)
                      ; - java.lang.StringConcatHelper::prepend@12 (line 283)
                      ; - java.lang.StringConcatHelper::prepend@3 (line 301)
                      ; - java.lang.invoke.DirectMethodHandle$Holder::invokeStatic@17
                      ; - java.lang.invoke.LambdaForm$MH/0x0000026101006c00::invoke@28
                      ; - java.lang.invoke.LambdaForm$MH/0x0000026101198c00::invoke@51
                      ; - java.lang.invoke.Invokers$Holder::linkToTargetMethod@5
                      ; - net.minecraft.client.renderer.LevelRenderer::renderChunkLayer@349 (line 1481)
  0x000002615f93650c: f003 95fe | bacc ffff | ff48 8b6c | 2430 4c8b | 5424 784c | 8954 2420 | c5fb 1154 | 2430 c5fb 
  0x000002615f93652c: 115c 2438 | c5fb 114c | 2440 4c8b | 5424 684c | 8954 2448 | 4c89 4424 | 7844 894c | 246c 6690 
  0x000002615f93654c: ;   {runtime_call UncommonTrapBlob}
  0x000002615f93654c: c5f8 77e8 

  0x000002615f936550: ; ImmutableOopMap {rbp=Oop [32]=Oop [40]=Oop [72]=Oop [84]=NarrowOop [88]=Oop [128]=Oop }
                      ;*invokestatic arraycopy {reexecute=0 rethrow=0 return_oop=0}
                      ; - java.lang.String::getBytes@22 (line 4459)
                      ; - java.lang.StringConcatHelper::prepend@21 (line 354)
                      ; - java.lang.StringConcatHelper::prepend@16 (line 302)
                      ; - java.lang.invoke.DirectMethodHandle$Holder::invokeStatic@17
                      ; - java.lang.invoke.LambdaForm$MH/0x0000026101006c00::invoke@28
                      ; - java.lang.invoke.LambdaForm$MH/0x0000026101198c00::invoke@51
                      ; - java.lang.invoke.Invokers$Holder::linkToTargetMethod@5
                      ; - net.minecraft.client.renderer.LevelRenderer::renderChunkLayer@349 (line 1481)
  0x000002615f936550: ac03 95fe | ba5b 0000 | 0048 8b6c | 2430 c5fb | 1154 2430 | c5fb 115c | 2438 c5fb | 114c 2440 
  0x000002615f936570: 4c8b 5424 | 684c 8954 | 2448 4c89 | 4424 7090 

  0x000002615f936580: ;   {runtime_call UncommonTrapBlob}
  0x000002615f936580: c5f8 77e8 

  0x000002615f936584: ; ImmutableOopMap {rbp=Oop [40]=Oop [72]=Oop [84]=NarrowOop [88]=Oop [120]=Oop }
                      ;*new {reexecute=0 rethrow=0 return_oop=0}
                      ; - java.lang.StringConcatHelper::newString@34 (line 391)
                      ; - java.lang.invoke.DirectMethodHandle$Holder::invokeStatic@13
                      ; - java.lang.invoke.LambdaForm$MH/0x0000026101198c00::invoke@71
                      ; - java.lang.invoke.Invokers$Holder::linkToTargetMethod@5
                      ; - net.minecraft.client.renderer.LevelRenderer::renderChunkLayer@349 (line 1481)
  0x000002615f936584: 7803 95fe | bade ffff | ff48 8b6c | 2430 4c8b | 5424 784c | 8954 2420 | c5fb 1154 | 2430 c5fb 
  0x000002615f9365a4: 115c 2438 | c5fb 114c | 2440 4c8b | 5424 684c | 8954 2448 | 4489 4424 | 6866 6690 

  0x000002615f9365c0: ;   {runtime_call UncommonTrapBlob}
  0x000002615f9365c0: c5f8 77e8 

  0x000002615f9365c4: ; ImmutableOopMap {rbp=Oop [32]=Oop [40]=Oop [72]=Oop [84]=NarrowOop [88]=Oop [104]=NarrowOop [136]=Oop [160]=Oop }
                      ;*invokeinterface put {reexecute=0 rethrow=0 return_oop=0}
                      ; - net.minecraft.client.renderer.ShaderInstance::setSampler@6 (line 438)
                      ; - net.minecraft.client.renderer.LevelRenderer::renderChunkLayer@359 (line 1481)
  0x000002615f9365c4: 3803 95fe | ba45 ffff | ff48 8b6c | 2430 c5fb | 1154 2430 | c5fb 115c | 2438 c5fb | 114c 2440 
  0x000002615f9365e4: 4c8b 5424 | 684c 8954 | 2448 4c8b | 5424 704c | 8954 2468 | 4489 4424 | 7066 6690 

  0x000002615f936600: ;   {runtime_call UncommonTrapBlob}
  0x000002615f936600: c5f8 77e8 

  0x000002615f936604: ; ImmutableOopMap {rbp=Oop [40]=Oop [72]=Oop [84]=NarrowOop [88]=Oop [104]=Oop [112]=NarrowOop [120]=Oop }
                      ;*if_acmpne {reexecute=1 rethrow=0 return_oop=0}
                      ; - (reexecute) com.mojang.blaze3d.systems.RenderSystem::isOnRenderThread@6 (line 110)
                      ; - com.mojang.blaze3d.systems.RenderSystem::assertOnRenderThread@0 (line 149)
                      ; - com.mojang.blaze3d.systems.RenderSystem::getShaderTexture@0 (line 847)
                      ; - net.minecraft.client.renderer.LevelRenderer::renderChunkLayer@340 (line 1480)
  0x000002615f936604: f802 95fe | ba3d ffff | ff48 8b6c | 2430 c5fb | 1154 2430 | c5fb 115c | 2438 c5fb | 114c 2440 
  0x000002615f936624: 4c8b 5424 | 684c 8954 | 2448 6690 

  0x000002615f936630: ;   {runtime_call UncommonTrapBlob}
  0x000002615f936630: c5f8 77e8 

  0x000002615f936634: ; ImmutableOopMap {rbp=Oop [40]=Oop [72]=Oop [84]=NarrowOop [88]=Oop [120]=Oop }
                      ;*iflt {reexecute=1 rethrow=0 return_oop=0}
                      ; - (reexecute) com.mojang.blaze3d.systems.RenderSystem::getShaderTexture@4 (line 848)
                      ; - net.minecraft.client.renderer.LevelRenderer::renderChunkLayer@340 (line 1480)
  0x000002615f936634: c802 95fe | ba76 ffff | ff48 8b6c | 2430 4c8b | 5c24 784c | 895c 2420 | c5fb 1154 | 2430 c5fb 
  0x000002615f936654: 115c 2438 | c5fb 114c | 2440 4c8b | 5c24 684c | 895c 2448 | 4c8b 9c24 | 8800 0000 | 4c89 5c24 
  0x000002615f936674: 684c 8b9c | 2480 0000 | 004c 895c | 2478 4489 | 9424 8800 | 0000 898c | 2490 0000 | 0066 6690 
  0x000002615f936694: ;   {runtime_call UncommonTrapBlob}
  0x000002615f936694: c5f8 77e8 

  0x000002615f936698: ; ImmutableOopMap {rbp=Oop [32]=Oop [40]=Oop [72]=Oop [84]=NarrowOop [88]=Oop [104]=Oop [120]=Oop [136]=NarrowOop [160]=Oop }
                      ;*if_icmpge {reexecute=1 rethrow=0 return_oop=0}
                      ; - (reexecute) java.lang.StringLatin1::hashCode@13 (line 196)
                      ; - java.lang.String::hashCode@27 (line 2344)
                      ; - java.util.HashMap::hash@9 (line 338)
                      ; - java.util.HashMap::put@2 (line 610)
                      ; - net.minecraft.client.renderer.ShaderInstance::setSampler@6 (line 438)
                      ; - net.minecraft.client.renderer.LevelRenderer::renderChunkLayer@359 (line 1481)
  0x000002615f936698: 6402 95fe | bb01 0000 | 00e9 e1df | ffff bade | ffff ff48 | 8b6c 2430 | 4c8b 5424 | 784c 8954 
  0x000002615f9366b8: 2420 c5fb | 1044 2448 | c5fb 1144 | 2430 c5fb | 1044 2460 | c5fb 1144 | 2438 4c8b | 5424 684c 
  0x000002615f9366d8: 8954 2448 | 448b 5424 | 7444 8954 | 2450 448b | 5c24 7044 | 895c 2460 | 4489 4424 | 6866 6690 
  0x000002615f9366f8: ;   {runtime_call UncommonTrapBlob}
  0x000002615f9366f8: c5f8 77e8 

  0x000002615f9366fc: ; ImmutableOopMap {rbp=Oop [32]=Oop [72]=Oop [84]=NarrowOop [88]=Oop [96]=NarrowOop [104]=NarrowOop [128]=Oop [152]=NarrowOop }
                      ;*invokeinterface get {reexecute=0 rethrow=0 return_oop=0}
                      ; - net.minecraft.client.renderer.chunk.ChunkRenderDispatcher$RenderChunk::getBuffer@5 (line 349)
                      ; - net.minecraft.client.renderer.LevelRenderer::renderChunkLayer@664 (line 1540)
  0x000002615f9366fc: 0002 95fe | bae4 ffff | ff48 8b5c | 2430 488b | ebc5 fb10 | 4424 48c5 | fb11 4424 | 30c5 fb10 
  0x000002615f93671c: 4424 60c5 | fb11 4424 | 3848 8b4c | 2468 4889 | 4c24 4844 | 894c 2460 | 4489 5424 | 6444 8944 
  0x000002615f93673c: 2468 6690 

  0x000002615f936740: ;   {runtime_call UncommonTrapBlob}
  0x000002615f936740: c5f8 77e8 

  0x000002615f936744: ; ImmutableOopMap {rbp=Oop [40]=Oop [72]=Oop [84]=NarrowOop [88]=Oop [96]=NarrowOop [100]=NarrowOop [120]=Oop }
                      ;*aaload {reexecute=0 rethrow=0 return_oop=0}
                      ; - java.util.ArrayDeque::elementAt@2 (line 259)
                      ; - java.util.ArrayDeque::getLast@15 (line 411)
                      ; - com.mojang.blaze3d.vertex.PoseStack::last@4 (line 70)
                      ; - net.minecraft.client.renderer.LevelRenderer::renderChunkLayer@382 (line 1485)
  0x000002615f936744: b801 95fe | baf6 ffff | ff8b ef90 

  0x000002615f936750: ;   {runtime_call UncommonTrapBlob}
  0x000002615f936750: c5f8 77e8 

  0x000002615f936754: ; ImmutableOopMap {rbp=NarrowOop }
                      ;*invokevirtual get {reexecute=0 rethrow=0 return_oop=0}
                      ; - com.mojang.blaze3d.shaders.Uniform::set@14 (line 380)
                      ; - net.minecraft.client.renderer.LevelRenderer::renderChunkLayer@388 (line 1485)
  0x000002615f936754: a801 95fe | baf6 ffff | ff8b e990 

  0x000002615f936760: ;   {runtime_call UncommonTrapBlob}
  0x000002615f936760: c5f8 77e8 

  0x000002615f936764: ; ImmutableOopMap {rbp=NarrowOop }
                      ;*invokevirtual get {reexecute=0 rethrow=0 return_oop=0}
                      ; - com.mojang.blaze3d.shaders.Uniform::set@14 (line 380)
                      ; - net.minecraft.client.renderer.LevelRenderer::renderChunkLayer@406 (line 1489)
  0x000002615f936764: 9801 95fe | bade ffff | ff49 8be8 | 4889 5c24 | 20c5 fb11 | 5424 30c5 | fb11 5c24 | 38c5 fb11 
  0x000002615f936784: 4c24 4044 | 895c 2450 

  0x000002615f93678c: ;   {runtime_call UncommonTrapBlob}
  0x000002615f93678c: c5f8 77e8 

  0x000002615f936790: ; ImmutableOopMap {rbp=Oop [32]=Oop [40]=Oop [80]=NarrowOop [104]=Oop }
                      ;*invokeinterface push {reexecute=0 rethrow=0 return_oop=0}
                      ; - net.minecraft.client.renderer.LevelRenderer::renderChunkLayer@261 (line 1471)
  0x000002615f936790: 6c01 95fe | bade ffff | ff4c 8b44 | 2430 498b | e8c5 fb10 | 4424 48c5 | fb11 4424 | 30c5 fb10 
  0x000002615f9367b0: 4424 60c5 | fb11 4424 | 3844 894c | 2460 4489 | 5424 6490 

  0x000002615f9367c4: ;   {runtime_call UncommonTrapBlob}
  0x000002615f9367c4: c5f8 77e8 

  0x000002615f9367c8: ; ImmutableOopMap {rbp=Oop [40]=Oop [84]=NarrowOop [88]=Oop [96]=NarrowOop [100]=NarrowOop [104]=Oop [120]=Oop }
                      ;*invokeinterface getLast {reexecute=0 rethrow=0 return_oop=0}
                      ; - com.mojang.blaze3d.vertex.PoseStack::last@4 (line 70)
                      ; - net.minecraft.client.renderer.LevelRenderer::renderChunkLayer@382 (line 1485)
  0x000002615f9367c8: 3401 95fe | bade ffff | ff48 8b6c | 2430 c5fb | 1044 2448 | c5fb 1144 | 2430 c5fb | 1044 2460 
  0x000002615f9367e8: c5fb 1144 | 2438 4c8b | 5c24 684c | 895c 2448 | 4489 5424 | 5489 4c24 | 6044 8944 | 2464 4489 
  0x000002615f936808: 4c24 6890 

  0x000002615f93680c: ;   {runtime_call UncommonTrapBlob}
  0x000002615f93680c: c5f8 77e8 

  0x000002615f936810: ; ImmutableOopMap {rbp=Oop [72]=Oop [84]=NarrowOop [88]=Oop [96]=NarrowOop [100]=NarrowOop [120]=Oop [128]=Oop }
                      ;*invokevirtual put {reexecute=0 rethrow=0 return_oop=0}
                      ; - com.mojang.blaze3d.shaders.Uniform::set@15 (line 213)
                      ; - net.minecraft.client.renderer.LevelRenderer::renderChunkLayer@523 (line 1513)
  0x000002615f936810: ec00 95fe | bade ffff | ff49 8be8 | 4489 5c24 | 3866 6690 

  0x000002615f936824: ;   {runtime_call UncommonTrapBlob}
  0x000002615f936824: c5f8 77e8 

  0x000002615f936828: ; ImmutableOopMap {rbp=Oop [56]=NarrowOop [104]=Oop [120]=Oop [128]=Oop }
                      ;*invokeinterface pop {reexecute=0 rethrow=0 return_oop=0}
                      ; - net.minecraft.client.renderer.LevelRenderer::renderChunkLayer@761 (line 1558)
  0x000002615f936828: d400 95fe | bade ffff | ff48 8b6c | 2478 4c89 | 4c24 2089 | 4c24 4c44 | 8954 2454 | 4489 4424 
  0x000002615f936848: 5866 6690 

  0x000002615f93684c: ;   {runtime_call UncommonTrapBlob}
  0x000002615f93684c: c5f8 77e8 

  0x000002615f936850: ; ImmutableOopMap {rbp=Oop [32]=Oop [40]=Oop [68]=NarrowOop [72]=NarrowOop [76]=NarrowOop [84]=NarrowOop [88]=NarrowOop [104]=Oop [128]=Oop }
                      ;*invokeinterface push {reexecute=0 rethrow=0 return_oop=0}
                      ; - net.minecraftforge.client.ForgeHooksClient::dispatchRenderStage@18 (line 287)
                      ; - net.minecraftforge.client.ForgeHooksClient::dispatchRenderStage@22 (line 296)
                      ; - net.minecraft.client.renderer.LevelRenderer::renderChunkLayer@789 (line 1559)
  0x000002615f936850: ac00 95fe | bae4 ffff | ff48 8b6c | 2478 4c89 | 5424 2048 | 8944 2428 | 4489 4c24 | 3044 8944 
  0x000002615f936870: 2434 6690 

  0x000002615f936874: ;   {runtime_call UncommonTrapBlob}
  0x000002615f936874: c5f8 77e8 

  0x000002615f936878: ; ImmutableOopMap {rbp=Oop [32]=Oop [40]=Oop [48]=NarrowOop }
                      ;*aaload {reexecute=0 rethrow=0 return_oop=0}
                      ; - net.minecraftforge.eventbus.ListenerList::getListeners@5 (line 123)
                      ; - net.minecraftforge.eventbus.EventBus::post@62 (line 308)
                      ; - net.minecraftforge.eventbus.EventBus::post@7 (line 296)
                      ; - net.minecraftforge.client.ForgeHooksClient::dispatchRenderStage@48 (line 288)
                      ; - net.minecraftforge.client.ForgeHooksClient::dispatchRenderStage@22 (line 296)
                      ; - net.minecraft.client.renderer.LevelRenderer::renderChunkLayer@789 (line 1559)
  0x000002615f936878: 8400 95fe | ba45 ffff | ff4c 8b44 | 2430 498b | e84c 8b44 | 2478 4c89 | 4424 204c | 8b84 2480 
  0x000002615f936898: 0000 004c | 8944 2428 | c5fb 1054 | 2448 c5fb | 1154 2430 | c5fb 1054 | 2460 c5fb | 1154 2438 
  0x000002615f9368b8: 4c8b 4424 | 684c 8944 | 2448 448b | 4424 7444 | 8944 2450 | 4c89 4c24 | 6844 8954 | 2464 c5fa 
  0x000002615f9368d8: 114c 2470 | c5fa 1144 | 2474 c5fa | 115c 2478 | 898c 2480 | 0000 0044 | 899c 2484 | 0000 0090 
  0x000002615f9368f8: ;   {runtime_call UncommonTrapBlob}
  0x000002615f9368f8: c5f8 77e8 

  0x000002615f9368fc: ; ImmutableOopMap {rbp=Oop [32]=Oop [40]=Oop [72]=Oop [84]=NarrowOop [88]=Oop [100]=NarrowOop [104]=Oop [128]=NarrowOop }
                      ;*if_icmple {reexecute=1 rethrow=0 return_oop=0}
                      ; - (reexecute) java.nio.Buffer::position@5 (line 315)
                      ; - java.nio.FloatBuffer::position@2 (line 1516)
                      ; - com.mojang.blaze3d.shaders.Uniform::set@5 (line 140)
                      ; - net.minecraft.client.renderer.LevelRenderer::renderChunkLayer@712 (line 1543)
  0x000002615f9368fc: 0000 95fe | ba45 ffff | ff4c 8b5c | 2430 498b | eb4c 8b5c | 2478 4c89 | 5c24 204c | 8b9c 2480 
  0x000002615f93691c: 0000 004c | 895c 2428 | c5fb 1054 | 2448 c5fb | 1154 2430 | c5fb 1054 | 2460 c5fb | 1154 2438 
  0x000002615f93693c: 4c8b 5c24 | 684c 895c | 2448 448b | 5c24 7444 | 895c 2450 | 4c89 4c24 | 6844 8954 | 2464 c5fa 
  0x000002615f93695c: 1144 2470 | c5fa 115c | 2474 c5fa | 114c 247c | 898c 2480 | 0000 0089 | 9c24 8400 | 0000 6690 
  0x000002615f93697c: ;   {runtime_call UncommonTrapBlob}
  0x000002615f93697c: c5f8 77e8 

  0x000002615f936980: ; ImmutableOopMap {rbp=Oop [32]=Oop [40]=Oop [72]=Oop [84]=NarrowOop [88]=Oop [100]=NarrowOop [104]=Oop [128]=NarrowOop [132]=NarrowOop }
                      ;*ifnull {reexecute=1 rethrow=0 return_oop=0}
                      ; - (reexecute) java.nio.Buffer::scope@4 (line 763)
                      ; - java.nio.DirectFloatBufferU::put@4 (line 372)
                      ; - com.mojang.blaze3d.shaders.Uniform::set@15 (line 141)
                      ; - net.minecraft.client.renderer.LevelRenderer::renderChunkLayer@712 (line 1543)
  0x000002615f936980: 7cff 94fe | ba45 ffff | ff4c 8b44 | 2430 498b | e84c 8b44 | 2478 4c89 | 4424 204c | 8b84 2480 
  0x000002615f9369a0: 0000 004c | 8944 2428 | c5fb 1054 | 2448 c5fb | 1154 2430 | c5fb 1054 | 2460 c5fb | 1154 2438 
  0x000002615f9369c0: 4c8b 4424 | 684c 8944 | 2448 8b5c | 2474 895c | 2450 4c89 | 4c24 6844 | 8954 2464 | c5fa 1144 
  0x000002615f9369e0: 2470 c5fa | 115c 2474 | c5fa 114c | 247c 898c | 2480 0000 | 0044 899c | 2484 0000 | 0066 6690 
  0x000002615f936a00: ;   {runtime_call UncommonTrapBlob}
  0x000002615f936a00: c5f8 77e8 

  0x000002615f936a04: ; ImmutableOopMap {rbp=Oop [32]=Oop [40]=Oop [72]=Oop [84]=NarrowOop [88]=Oop [100]=NarrowOop [104]=Oop [128]=NarrowOop }
                      ;*if_icmplt {reexecute=1 rethrow=0 return_oop=0}
                      ; - (reexecute) java.nio.Buffer::checkIndex@9 (line 742)
                      ; - java.nio.DirectFloatBufferU::put@11 (line 372)
                      ; - com.mojang.blaze3d.shaders.Uniform::set@15 (line 141)
                      ; - net.minecraft.client.renderer.LevelRenderer::renderChunkLayer@712 (line 1543)
  0x000002615f936a04: f8fe 94fe | ba45 ffff | ff48 8b6c | 2430 4c8b | 5424 784c | 8954 2420 | 4c8b 9424 | 8000 0000 
  0x000002615f936a24: 4c89 5424 | 28c5 fb10 | 4c24 48c5 | fb11 4c24 | 30c5 fb10 | 4c24 60c5 | fb11 4c24 | 384c 8b54 
  0x000002615f936a44: 2468 4c89 | 5424 4844 | 8b54 2474 | 4489 5424 | 5044 8b54 | 2470 4489 | 5424 60c5 | fa11 5c24 
  0x000002615f936a64: 70c5 fa11 | 4424 7889 | 4c24 7c44 | 8984 2480 | 0000 0090 

  0x000002615f936a78: ;   {runtime_call UncommonTrapBlob}
  0x000002615f936a78: c5f8 77e8 

  0x000002615f936a7c: ; ImmutableOopMap {rbp=Oop [32]=Oop [40]=Oop [72]=Oop [84]=NarrowOop [88]=Oop [96]=NarrowOop [124]=NarrowOop [152]=Oop }
                      ;*if_icmplt {reexecute=1 rethrow=0 return_oop=0}
                      ; - (reexecute) java.nio.Buffer::checkIndex@9 (line 742)
                      ; - java.nio.DirectFloatBufferU::put@11 (line 372)
                      ; - com.mojang.blaze3d.shaders.Uniform::set@25 (line 142)
                      ; - net.minecraft.client.renderer.LevelRenderer::renderChunkLayer@712 (line 1543)
  0x000002615f936a7c: 80fe 94fe | ba45 ffff | ff48 8b6c | 2430 4c8b | 5424 784c | 8954 2420 | c5fb 1044 | 2448 c5fb 
  0x000002615f936a9c: 1144 2430 | c5fb 1044 | 2460 c5fb | 1144 2438 | 4c8b 5424 | 684c 8954 | 2448 448b | 5424 7444 
  0x000002615f936abc: 8954 2450 | 448b 5424 | 7044 8954 | 2460 c5fa | 115c 2474 | 894c 2478 | 4489 4424 | 7c66 6690 
  0x000002615f936adc: ;   {runtime_call UncommonTrapBlob}
  0x000002615f936adc: c5f8 77e8 

  0x000002615f936ae0: ; ImmutableOopMap {rbp=Oop [32]=Oop [72]=Oop [84]=NarrowOop [88]=Oop [96]=NarrowOop [120]=NarrowOop [128]=Oop [152]=Oop }
                      ;*if_icmplt {reexecute=1 rethrow=0 return_oop=0}
                      ; - (reexecute) java.nio.Buffer::checkIndex@9 (line 742)
                      ; - java.nio.DirectFloatBufferU::put@11 (line 372)
                      ; - com.mojang.blaze3d.shaders.Uniform::set@35 (line 143)
                      ; - net.minecraft.client.renderer.LevelRenderer::renderChunkLayer@712 (line 1543)
  0x000002615f936ae0: 1cfe 94fe | baf6 ffff | ff66 6690 

  0x000002615f936aec: ;   {runtime_call UncommonTrapBlob}
  0x000002615f936aec: c5f8 77e8 

  0x000002615f936af0: ; ImmutableOopMap {}
                      ;*invokevirtual getProfiler {reexecute=0 rethrow=0 return_oop=0}
                      ; - net.minecraft.client.renderer.LevelRenderer::renderChunkLayer@255 (line 1471)
  0x000002615f936af0: 0cfe 94fe | ba45 ffff | ff4c 894c | 2420 4c89 | 5424 5044 | 895c 2458 

  0x000002615f936b08: ;   {runtime_call UncommonTrapBlob}
  0x000002615f936b08: c5f8 77e8 

  0x000002615f936b0c: ; ImmutableOopMap {rbp=Oop [32]=Oop [40]=Oop [80]=Oop [88]=NarrowOop [104]=Oop }
                      ;*if_acmpne {reexecute=1 rethrow=0 return_oop=0}
                      ; - (reexecute) com.mojang.blaze3d.systems.RenderSystem::isOnRenderThread@6 (line 110)
                      ; - com.mojang.blaze3d.systems.RenderSystem::assertOnRenderThread@0 (line 149)
                      ; - net.minecraft.client.renderer.LevelRenderer::renderChunkLayer@0 (line 1444)
  0x000002615f936b0c: f0fd 94fe | ba45 ffff | ff49 8be8 | 4889 5c24 | 20c5 fb11 | 5424 30c5 | fb11 5c24 | 38c5 fb11 
  0x000002615f936b2c: 4c24 4044 | 8954 2450 | 4889 7424 | 584c 895c | 2460 4489 | 4c24 5490 

  0x000002615f936b44: ;   {runtime_call UncommonTrapBlob}
  0x000002615f936b44: c5f8 77e8 

  0x000002615f936b48: ; ImmutableOopMap {rbp=Oop [32]=Oop [40]=Oop [84]=NarrowOop [88]=Oop [96]=Oop [104]=Oop }
                      ;*if_acmpne {reexecute=1 rethrow=0 return_oop=0}
                      ; - (reexecute) com.mojang.blaze3d.systems.RenderSystem::isOnRenderThread@6 (line 110)
                      ; - com.mojang.blaze3d.systems.RenderSystem::assertOnRenderThread@0 (line 149)
                      ; - com.mojang.blaze3d.systems.RenderSystem::getShader@0 (line 804)
                      ; - net.minecraft.client.renderer.LevelRenderer::renderChunkLayer@323 (line 1477)
  0x000002615f936b48: b4fd 94fe | ba45 ffff | ff48 8b6c | 2430 c5fb | 1044 2448 | c5fb 1144 | 2430 c5fb | 1044 2460 
  0x000002615f936b68: c5fb 1144 | 2438 4c89 | 4c24 4844 | 8944 2454 | 897c 2460 | 4489 5424 | 6466 6690 

  0x000002615f936b84: ;   {runtime_call UncommonTrapBlob}
  0x000002615f936b84: c5f8 77e8 

  0x000002615f936b88: ; ImmutableOopMap {rbp=Oop [72]=Oop [84]=NarrowOop [88]=Oop [96]=NarrowOop [100]=NarrowOop [112]=Oop [120]=Oop [128]=Oop }
                      ;*if_acmpne {reexecute=1 rethrow=0 return_oop=0}
                      ; - (reexecute) com.mojang.blaze3d.systems.RenderSystem::isOnRenderThread@6 (line 110)
                      ; - com.mojang.blaze3d.systems.RenderSystem::assertOnRenderThread@0 (line 149)
                      ; - com.mojang.blaze3d.systems.RenderSystem::getShaderColor@0 (line 513)
                      ; - net.minecraft.client.renderer.LevelRenderer::renderChunkLayer@422 (line 1493)
  0x000002615f936b88: 74fd 94fe | ba45 ffff | ff48 8b6c | 2430 c5fb | 1044 2448 | c5fb 1144 | 2430 c5fb | 1044 2460 
  0x000002615f936ba8: c5fb 1144 | 2438 4c8b | 5c24 684c | 895c 2448 | 4489 5424 | 5489 4c24 | 6044 894c | 2464 6690 
  0x000002615f936bc8: ;   {runtime_call UncommonTrapBlob}
  0x000002615f936bc8: c5f8 77e8 

  0x000002615f936bcc: ; ImmutableOopMap {rbp=Oop [72]=Oop [84]=NarrowOop [88]=Oop [96]=NarrowOop [100]=NarrowOop [112]=Oop [120]=Oop [128]=Oop }
                      ;*if_acmpne {reexecute=1 rethrow=0 return_oop=0}
                      ; - (reexecute) com.mojang.blaze3d.systems.RenderSystem::isOnRenderThread@6 (line 110)
                      ; - com.mojang.blaze3d.systems.RenderSystem::assertOnRenderThread@0 (line 149)
                      ; - com.mojang.blaze3d.systems.RenderSystem::getShaderFogStart@0 (line 401)
                      ; - net.minecraft.client.renderer.LevelRenderer::renderChunkLayer@460 (line 1501)
  0x000002615f936bcc: 30fd 94fe | ba45 ffff | ff48 8b6c | 2430 c5fb | 1044 2448 | c5fb 1144 | 2430 c5fb | 1044 2460 
  0x000002615f936bec: c5fb 1144 | 2438 4c8b | 5c24 684c | 895c 2448 | 4489 5424 | 5489 4c24 | 6044 894c | 2464 6690 
  0x000002615f936c0c: ;   {runtime_call UncommonTrapBlob}
  0x000002615f936c0c: c5f8 77e8 

  0x000002615f936c10: ; ImmutableOopMap {rbp=Oop [72]=Oop [84]=NarrowOop [88]=Oop [96]=NarrowOop [100]=NarrowOop [112]=Oop [120]=Oop [128]=Oop }
                      ;*if_acmpne {reexecute=1 rethrow=0 return_oop=0}
                      ; - (reexecute) com.mojang.blaze3d.systems.RenderSystem::isOnRenderThread@6 (line 110)
                      ; - com.mojang.blaze3d.systems.RenderSystem::assertOnRenderThread@0 (line 149)
                      ; - com.mojang.blaze3d.systems.RenderSystem::getShaderFogShape@0 (line 468)
                      ; - net.minecraft.client.renderer.LevelRenderer::renderChunkLayer@517 (line 1513)
  0x000002615f936c10: ecfc 94fe | ba45 ffff | ff48 8b6c | 2430 4489 | 5424 3890 

  0x000002615f936c24: ;   {runtime_call UncommonTrapBlob}
  0x000002615f936c24: c5f8 77e8 

  0x000002615f936c28: ; ImmutableOopMap {rbp=Oop [104]=Oop [120]=Oop [128]=Oop }
                      ;*ifne {reexecute=1 rethrow=0 return_oop=0}
                      ; - (reexecute) com.mojang.blaze3d.systems.RenderSystem::assertOnRenderThreadOrInit@3 (line 143)
                      ; - com.mojang.blaze3d.platform.GlStateManager::_glBindVertexArray@0 (line 296)
                      ; - com.mojang.blaze3d.vertex.VertexBuffer::unbind@4 (line 100)
                      ; - net.minecraft.client.renderer.LevelRenderer::renderChunkLayer@751 (line 1557)
  0x000002615f936c28: d4fc 94fe | ba45 ffff | ff48 8b6c | 2430 4489 | 5424 4090 

  0x000002615f936c3c: ;   {runtime_call UncommonTrapBlob}
  0x000002615f936c3c: c5f8 77e8 

  0x000002615f936c40: ; ImmutableOopMap {rbp=Oop [64]=NarrowOop [104]=Oop [120]=Oop [128]=Oop [136]=Oop }
                      ;*if_acmpne {reexecute=1 rethrow=0 return_oop=0}
                      ; - (reexecute) com.mojang.blaze3d.systems.RenderSystem::isOnRenderThread@6 (line 110)
                      ; - com.mojang.blaze3d.systems.RenderSystem::assertOnRenderThreadOrInit@6 (line 143)
                      ; - com.mojang.blaze3d.platform.GlStateManager::_glBindVertexArray@0 (line 296)
                      ; - com.mojang.blaze3d.vertex.VertexBuffer::unbind@4 (line 100)
                      ; - net.minecraft.client.renderer.LevelRenderer::renderChunkLayer@751 (line 1557)
  0x000002615f936c40: bcfc 94fe | 498b d7c5 | f877 49ba | 6048 5d56 | fb7f 0000 | 41ff d2e9 | f1e8 ffff | ba45 ffff 
  0x000002615f936c60: ff49 8be8 | 4889 5c24 | 20c5 fb11 | 5424 30c5 | fb11 5c24 | 38c5 fb11 | 4c24 4044 | 8954 2450 
  0x000002615f936c80: 894c 245c | 897c 2460 | 897c 2464 

  0x000002615f936c8c: ;   {runtime_call UncommonTrapBlob}
  0x000002615f936c8c: c5f8 77e8 

  0x000002615f936c90: ; ImmutableOopMap {rbp=Oop [32]=Oop [40]=Oop [92]=NarrowOop [104]=Oop }
                      ;*ifge {reexecute=1 rethrow=0 return_oop=0}
                      ; - (reexecute) it.unimi.dsi.fastutil.objects.AbstractObjectList::ensureIndex@1 (line 54)
                      ; - it.unimi.dsi.fastutil.objects.ObjectArrayList::listIterator@2 (line 816)
                      ; - net.minecraft.client.renderer.LevelRenderer::renderChunkLayer@318 (line 1476)
  0x000002615f936c90: 6cfc 94fe | ba45 ffff | ff49 8be8 | 4889 5c24 | 20c5 fb11 | 5424 30c5 | fb11 5c24 | 38c5 fb11 
  0x000002615f936cb0: 4c24 404c | 8b5c 2468 | 4c89 5c24 | 4844 8954 | 2450 894c | 245c 897c | 2460 897c | 2464 4489 
  0x000002615f936cd0: 4c24 6890 

  0x000002615f936cd4: ;   {runtime_call UncommonTrapBlob}
  0x000002615f936cd4: c5f8 77e8 

  0x000002615f936cd8: ; ImmutableOopMap {rbp=Oop [32]=Oop [40]=Oop [72]=Oop [92]=NarrowOop }
                      ;*if_icmple {reexecute=1 rethrow=0 return_oop=0}
                      ; - (reexecute) it.unimi.dsi.fastutil.objects.AbstractObjectList::ensureIndex@41 (line 55)
                      ; - it.unimi.dsi.fastutil.objects.ObjectArrayList::listIterator@2 (line 816)
                      ; - net.minecraft.client.renderer.LevelRenderer::renderChunkLayer@318 (line 1476)
  0x000002615f936cd8: 24fc 94fe | ba45 ffff | ff48 8b5c | 2430 488b | ebc5 fb10 | 4424 48c5 | fb11 4424 | 30c5 fb10 
  0x000002615f936cf8: 4424 60c5 | fb11 4424 | 3848 8b4c | 2468 4889 | 4c24 4844 | 894c 2460 | 4489 4424 | 6489 7c24 
  0x000002615f936d18: 6c44 8954 | 2470 6690 

  0x000002615f936d20: ;   {runtime_call UncommonTrapBlob}
  0x000002615f936d20: c5f8 77e8 

  0x000002615f936d24: ; ImmutableOopMap {rbp=Oop [40]=Oop [72]=Oop [84]=NarrowOop [88]=Oop [96]=NarrowOop [100]=NarrowOop [108]=NarrowOop [120]=Oop }
                      ;*if_icmple {reexecute=1 rethrow=0 return_oop=0}
                      ; - (reexecute) java.nio.Buffer::position@5 (line 315)
                      ; - java.nio.FloatBuffer::position@2 (line 1516)
                      ; - com.mojang.blaze3d.shaders.Uniform::set@5 (line 379)
                      ; - net.minecraft.client.renderer.LevelRenderer::renderChunkLayer@388 (line 1485)
  0x000002615f936d24: d8fb 94fe | ba45 ffff | ff48 8b6c | 2430 c5fb | 1044 2448 | c5fb 1144 | 2430 c5fb | 1044 2460 
  0x000002615f936d44: c5fb 1144 | 2438 4489 | 4424 5489 | 5c24 6089 | 4c24 7044 | 8954 2474 

  0x000002615f936d5c: ;   {runtime_call UncommonTrapBlob}
  0x000002615f936d5c: c5f8 77e8 

  0x000002615f936d60: ; ImmutableOopMap {rbp=Oop [84]=NarrowOop [88]=Oop [96]=NarrowOop [104]=Oop [112]=NarrowOop [120]=Oop [128]=Oop }
                      ;*if_icmple {reexecute=1 rethrow=0 return_oop=0}
                      ; - (reexecute) java.nio.Buffer::position@5 (line 315)
                      ; - java.nio.FloatBuffer::position@2 (line 1516)
                      ; - com.mojang.blaze3d.shaders.Uniform::set@5 (line 379)
                      ; - net.minecraft.client.renderer.LevelRenderer::renderChunkLayer@406 (line 1489)
  0x000002615f936d60: 9cfb 94fe | ba45 ffff | ff48 8b6c | 2430 c5fb | 1044 2448 | c5fb 1144 | 2430 c5fb | 1044 2460 
  0x000002615f936d80: c5fb 1144 | 2438 4c89 | 4c24 4844 | 8944 2454 | 897c 2460 | 4489 5c24 | 6466 6690 

  0x000002615f936d9c: ;   {runtime_call UncommonTrapBlob}
  0x000002615f936d9c: c5f8 77e8 

  0x000002615f936da0: ; ImmutableOopMap {rbp=Oop [72]=Oop [84]=NarrowOop [88]=Oop [96]=NarrowOop [120]=Oop [128]=Oop }
                      ;*if_icmpge {reexecute=1 rethrow=0 return_oop=0}
                      ; - (reexecute) com.mojang.blaze3d.shaders.Uniform::set@6 (line 242)
                      ; - net.minecraft.client.renderer.LevelRenderer::renderChunkLayer@425 (line 1493)
  0x000002615f936da0: 5cfb 94fe | ba45 ffff | ff48 8b6c | 2430 c5fb | 1044 2448 | c5fb 1144 | 2430 c5fb | 1044 2460 
  0x000002615f936dc0: c5fb 1144 | 2438 4c89 | 4c24 4844 | 8944 2454 | 897c 2460 | 895c 2468 | 4489 5424 | 6c66 6690 
  0x000002615f936de0: ;   {runtime_call UncommonTrapBlob}
  0x000002615f936de0: c5f8 77e8 

  0x000002615f936de4: ; ImmutableOopMap {rbp=Oop [72]=Oop [84]=NarrowOop [88]=Oop [96]=NarrowOop [104]=NarrowOop [120]=Oop [128]=Oop }
                      ;*if_icmple {reexecute=1 rethrow=0 return_oop=0}
                      ; - (reexecute) java.nio.Buffer::position@5 (line 315)
                      ; - java.nio.FloatBuffer::position@2 (line 1516)
                      ; - com.mojang.blaze3d.shaders.Uniform::set@39 (line 245)
                      ; - net.minecraft.client.renderer.LevelRenderer::renderChunkLayer@425 (line 1493)
  0x000002615f936de4: 18fb 94fe | ba45 ffff | ff48 8b6c | 2430 c5fb | 1044 2448 | c5fb 1144 | 2430 c5fb | 1044 2460 
  0x000002615f936e04: c5fb 1144 | 2438 4c89 | 4c24 4844 | 8944 2454 | 897c 2460 | 895c 2464 | 4489 5424 | 6866 6690 
  0x000002615f936e24: ;   {runtime_call UncommonTrapBlob}
  0x000002615f936e24: c5f8 77e8 

  0x000002615f936e28: ; ImmutableOopMap {rbp=Oop [72]=Oop [84]=NarrowOop [88]=Oop [96]=NarrowOop [100]=NarrowOop [120]=Oop [128]=Oop }
                      ;*if_icmple {reexecute=1 rethrow=0 return_oop=0}
                      ; - (reexecute) java.nio.FloatBuffer::put@37 (line 1178)
                      ; - java.nio.FloatBuffer::put@5 (line 1210)
                      ; - com.mojang.blaze3d.shaders.Uniform::set@48 (line 246)
                      ; - net.minecraft.client.renderer.LevelRenderer::renderChunkLayer@425 (line 1493)
  0x000002615f936e28: d4fa 94fe | ba45 ffff | ff48 8b6c | 2430 4c8b | 5c24 784c | 895c 2420 | c5fb 1044 | 2448 c5fb 
  0x000002615f936e48: 1144 2430 | c5fb 1044 | 2460 c5fb | 1144 2438 | 4c89 4c24 | 4844 8944 | 2454 897c | 2460 895c 
  0x000002615f936e68: 2468 4889 | 4c24 7089 | 5c24 6c44 | 8954 2478 

  0x000002615f936e78: ;   {runtime_call UncommonTrapBlob}
  0x000002615f936e78: c5f8 77e8 

  0x000002615f936e7c: ; ImmutableOopMap {rbp=Oop [32]=Oop [72]=Oop [84]=NarrowOop [88]=Oop [96]=NarrowOop [104]=NarrowOop [108]=NarrowOop [120]=NarrowOop [128]=Oop }
                      ;*ifnull {reexecute=1 rethrow=0 return_oop=0}
                      ; - (reexecute) java.nio.Buffer::scope@4 (line 763)
                      ; - java.nio.FloatBuffer::putArray@83 (line 1323)
                      ; - java.nio.FloatBuffer::put@54 (line 1181)
                      ; - java.nio.FloatBuffer::put@5 (line 1210)
                      ; - com.mojang.blaze3d.shaders.Uniform::set@48 (line 246)
                      ; - net.minecraft.client.renderer.LevelRenderer::renderChunkLayer@425 (line 1493)
  0x000002615f936e7c: 80fa 94fe | ba45 ffff | ff48 8b6c | 2430 c5fb | 1044 2448 | c5fb 1144 | 2430 c5fb | 1044 2460 
  0x000002615f936e9c: c5fb 1144 | 2438 4c8b | 5c24 684c | 895c 2448 | 4489 6c24 | 5489 7c24 | 6089 5c24 | 6889 5c24 
  0x000002615f936ebc: 6c44 8954 | 2470 6690 

  0x000002615f936ec4: ;   {runtime_call UncommonTrapBlob}
  0x000002615f936ec4: c5f8 77e8 

  0x000002615f936ec8: ; ImmutableOopMap {rbp=Oop [72]=Oop [84]=NarrowOop [88]=Oop [96]=NarrowOop [104]=NarrowOop [108]=NarrowOop [120]=Oop [128]=Oop }
                      ;*if_icmple {reexecute=1 rethrow=0 return_oop=0}
                      ; - (reexecute) java.nio.Buffer::position@5 (line 315)
                      ; - java.nio.FloatBuffer::position@2 (line 1516)
                      ; - java.nio.FloatBuffer::put@63 (line 1183)
                      ; - java.nio.FloatBuffer::put@5 (line 1210)
                      ; - com.mojang.blaze3d.shaders.Uniform::set@48 (line 246)
                      ; - net.minecraft.client.renderer.LevelRenderer::renderChunkLayer@425 (line 1493)
  0x000002615f936ec8: 34fa 94fe | ba45 ffff | ff48 8b6c | 2430 c5fb | 1044 2448 | c5fb 1144 | 2430 c5fb | 1044 2460 
  0x000002615f936ee8: c5fb 1144 | 2438 4c8b | 5c24 684c | 895c 2448 | 4489 6c24 | 5489 7c24 | 6044 8944 | 2468 4489 
  0x000002615f936f08: 5424 6c90 

  0x000002615f936f0c: ;   {runtime_call UncommonTrapBlob}
  0x000002615f936f0c: c5f8 77e8 

  0x000002615f936f10: ; ImmutableOopMap {rbp=Oop [72]=Oop [84]=NarrowOop [88]=Oop [96]=NarrowOop [104]=NarrowOop [120]=Oop [128]=Oop }
                      ;*if_icmple {reexecute=1 rethrow=0 return_oop=0}
                      ; - (reexecute) java.nio.Buffer::position@5 (line 315)
                      ; - java.nio.FloatBuffer::position@2 (line 1516)
                      ; - com.mojang.blaze3d.shaders.Uniform::set@57 (line 247)
                      ; - net.minecraft.client.renderer.LevelRenderer::renderChunkLayer@425 (line 1493)
  0x000002615f936f10: ecf9 94fe | ba45 ffff | ff48 8b6c | 2430 c5fb | 1044 2448 | c5fb 1144 | 2430 c5fb | 1044 2460 
  0x000002615f936f30: c5fb 1144 | 2438 4489 | 5424 5444 | 8944 2460 

  0x000002615f936f40: ;   {runtime_call UncommonTrapBlob}
  0x000002615f936f40: c5f8 77e8 

  0x000002615f936f44: ; ImmutableOopMap {rbp=Oop [84]=NarrowOop [88]=Oop [96]=NarrowOop [104]=Oop [120]=Oop [128]=Oop }
                      ;*ifnull {reexecute=1 rethrow=0 return_oop=0}
                      ; - (reexecute) net.minecraft.client.renderer.LevelRenderer::renderChunkLayer@433 (line 1496)
  0x000002615f936f44: b8f9 94fe | ba45 ffff | ff48 8b6c | 2430 c5fb | 1044 2448 | c5fb 1144 | 2430 c5fb | 1044 2460 
  0x000002615f936f64: c5fb 1144 | 2438 4c8b | 4c24 684c | 894c 2448 | 4489 5424 | 5489 4c24 | 60c5 fa11 | 4c24 6444 
  0x000002615f936f84: 8944 246c | 4489 5c24 | 7066 6690 

  0x000002615f936f90: ;   {runtime_call UncommonTrapBlob}
  0x000002615f936f90: c5f8 77e8 

  0x000002615f936f94: ; ImmutableOopMap {rbp=Oop [72]=Oop [84]=NarrowOop [88]=Oop [96]=NarrowOop [108]=NarrowOop [120]=Oop [128]=Oop }
                      ;*if_icmple {reexecute=1 rethrow=0 return_oop=0}
                      ; - (reexecute) java.nio.Buffer::position@5 (line 315)
                      ; - java.nio.FloatBuffer::position@2 (line 1516)
                      ; - com.mojang.blaze3d.shaders.Uniform::set@5 (line 121)
                      ; - net.minecraft.client.renderer.LevelRenderer::renderChunkLayer@463 (line 1501)
  0x000002615f936f94: 68f9 94fe | ba45 ffff | ff48 8b6c | 2430 c5fb | 1044 2448 | c5fb 1144 | 2430 c5fb | 1044 2460 
  0x000002615f936fb4: c5fb 1144 | 2438 4c8b | 5c24 684c | 895c 2448 | 4489 5424 | 5489 4c24 | 60c5 fa11 | 4c24 6844 
  0x000002615f936fd4: 8944 246c | 4489 4c24 | 7066 6690 

  0x000002615f936fe0: ;   {runtime_call UncommonTrapBlob}
  0x000002615f936fe0: c5f8 77e8 

  0x000002615f936fe4: ; ImmutableOopMap {rbp=Oop [72]=Oop [84]=NarrowOop [88]=Oop [96]=NarrowOop [108]=NarrowOop [112]=NarrowOop [120]=Oop [128]=Oop }
                      ;*ifnull {reexecute=1 rethrow=0 return_oop=0}
                      ; - (reexecute) java.nio.Buffer::scope@4 (line 763)
                      ; - java.nio.DirectFloatBufferU::put@4 (line 372)
                      ; - com.mojang.blaze3d.shaders.Uniform::set@15 (line 122)
                      ; - net.minecraft.client.renderer.LevelRenderer::renderChunkLayer@463 (line 1501)
  0x000002615f936fe4: 18f9 94fe | ba45 ffff | ff48 8b6c | 2430 c5fb | 1044 2448 | c5fb 1144 | 2430 c5fb | 1044 2460 
  0x000002615f937004: c5fb 1144 | 2438 4c8b | 4c24 684c | 894c 2448 | 4489 5424 | 5489 4c24 | 60c5 fa11 | 4c24 6844 
  0x000002615f937024: 8944 246c | 4489 5c24 | 7066 6690 

  0x000002615f937030: ;   {runtime_call UncommonTrapBlob}
  0x000002615f937030: c5f8 77e8 

  0x000002615f937034: ; ImmutableOopMap {rbp=Oop [72]=Oop [84]=NarrowOop [88]=Oop [96]=NarrowOop [108]=NarrowOop [120]=Oop [128]=Oop }
                      ;*if_icmplt {reexecute=1 rethrow=0 return_oop=0}
                      ; - (reexecute) java.nio.Buffer::checkIndex@9 (line 742)
                      ; - java.nio.DirectFloatBufferU::put@11 (line 372)
                      ; - com.mojang.blaze3d.shaders.Uniform::set@15 (line 122)
                      ; - net.minecraft.client.renderer.LevelRenderer::renderChunkLayer@463 (line 1501)
  0x000002615f937034: c8f8 94fe | ba45 ffff | ff48 8b6c | 2430 c5fb | 104c 2448 | c5fb 114c | 2430 c5fb | 104c 2460 
  0x000002615f937054: c5fb 114c | 2438 4c8b | 5c24 684c | 895c 2448 | 4489 5424 | 5444 894c | 2460 c5fa | 1144 2464 
  0x000002615f937074: 894c 246c | 4489 4424 | 7066 6690 

  0x000002615f937080: ;   {runtime_call UncommonTrapBlob}
  0x000002615f937080: c5f8 77e8 

  0x000002615f937084: ; ImmutableOopMap {rbp=Oop [72]=Oop [84]=NarrowOop [88]=Oop [96]=NarrowOop [108]=NarrowOop [120]=Oop [128]=Oop }
                      ;*if_icmple {reexecute=1 rethrow=0 return_oop=0}
                      ; - (reexecute) java.nio.Buffer::position@5 (line 315)
                      ; - java.nio.FloatBuffer::position@2 (line 1516)
                      ; - com.mojang.blaze3d.shaders.Uniform::set@5 (line 121)
                      ; - net.minecraft.client.renderer.LevelRenderer::renderChunkLayer@482 (line 1505)
  0x000002615f937084: 78f8 94fe | ba45 ffff | ff48 8b6c | 2430 c5fb | 104c 2448 | c5fb 114c | 2430 c5fb | 104c 2460 
  0x000002615f9370a4: c5fb 114c | 2438 4c8b | 4424 684c | 8944 2448 | 4489 5424 | 5444 894c | 2460 c5fa | 1144 2468 
  0x000002615f9370c4: 894c 246c | 4489 5c24 | 7066 6690 

  0x000002615f9370d0: ;   {runtime_call UncommonTrapBlob}
  0x000002615f9370d0: c5f8 77e8 

  0x000002615f9370d4: ; ImmutableOopMap {rbp=Oop [72]=Oop [84]=NarrowOop [88]=Oop [96]=NarrowOop [108]=NarrowOop [112]=NarrowOop [120]=Oop [128]=Oop }
                      ;*ifnull {reexecute=1 rethrow=0 return_oop=0}
                      ; - (reexecute) java.nio.Buffer::scope@4 (line 763)
                      ; - java.nio.DirectFloatBufferU::put@4 (line 372)
                      ; - com.mojang.blaze3d.shaders.Uniform::set@15 (line 122)
                      ; - net.minecraft.client.renderer.LevelRenderer::renderChunkLayer@482 (line 1505)
  0x000002615f9370d4: 28f8 94fe | ba45 ffff | ff48 8b6c | 2430 c5fb | 104c 2448 | c5fb 114c | 2430 c5fb | 104c 2460 
  0x000002615f9370f4: c5fb 114c | 2438 4c8b | 5c24 684c | 895c 2448 | 4489 5424 | 5444 894c | 2460 c5fa | 1144 2468 
  0x000002615f937114: 894c 246c | 4489 4424 | 7066 6690 

  0x000002615f937120: ;   {runtime_call UncommonTrapBlob}
  0x000002615f937120: c5f8 77e8 

  0x000002615f937124: ; ImmutableOopMap {rbp=Oop [72]=Oop [84]=NarrowOop [88]=Oop [96]=NarrowOop [108]=NarrowOop [120]=Oop [128]=Oop }
                      ;*if_icmplt {reexecute=1 rethrow=0 return_oop=0}
                      ; - (reexecute) java.nio.Buffer::checkIndex@9 (line 742)
                      ; - java.nio.DirectFloatBufferU::put@11 (line 372)
                      ; - com.mojang.blaze3d.shaders.Uniform::set@15 (line 122)
                      ; - net.minecraft.client.renderer.LevelRenderer::renderChunkLayer@482 (line 1505)
  0x000002615f937124: d8f7 94fe | ba45 ffff | ff48 8b6c | 2430 c5fb | 1044 2448 | c5fb 1144 | 2430 c5fb | 1044 2460 
  0x000002615f937144: c5fb 1144 | 2438 4489 | 5424 5489 | 7c24 6044 | 895c 2464 

  0x000002615f937158: ;   {runtime_call UncommonTrapBlob}
  0x000002615f937158: c5f8 77e8 

  0x000002615f93715c: ; ImmutableOopMap {rbp=Oop [84]=NarrowOop [88]=Oop [96]=NarrowOop [104]=Oop [120]=Oop [128]=Oop }
                      ;*if_icmpge {reexecute=1 rethrow=0 return_oop=0}
                      ; - (reexecute) com.mojang.blaze3d.shaders.Uniform::set@6 (line 242)
                      ; - net.minecraft.client.renderer.LevelRenderer::renderChunkLayer@501 (line 1509)
  0x000002615f93715c: a0f7 94fe | ba45 ffff | ff48 8b6c | 2430 c5fb | 1044 2448 | c5fb 1144 | 2430 c5fb | 1044 2460 
  0x000002615f93717c: c5fb 1144 | 2438 4c8b | 5c24 684c | 895c 2448 | 4489 5424 | 5489 7c24 | 6089 7424 | 6844 8944 
  0x000002615f93719c: 246c 6690 

  0x000002615f9371a0: ;   {runtime_call UncommonTrapBlob}
  0x000002615f9371a0: c5f8 77e8 

  0x000002615f9371a4: ; ImmutableOopMap {rbp=Oop [72]=Oop [84]=NarrowOop [88]=Oop [96]=NarrowOop [104]=NarrowOop [120]=Oop [128]=Oop }
                      ;*if_icmple {reexecute=1 rethrow=0 return_oop=0}
                      ; - (reexecute) java.nio.Buffer::position@5 (line 315)
                      ; - java.nio.FloatBuffer::position@2 (line 1516)
                      ; - com.mojang.blaze3d.shaders.Uniform::set@39 (line 245)
                      ; - net.minecraft.client.renderer.LevelRenderer::renderChunkLayer@501 (line 1509)
  0x000002615f9371a4: 58f7 94fe | ba45 ffff | ff48 8b6c | 2430 c5fb | 1044 2448 | c5fb 1144 | 2430 c5fb | 1044 2460 
  0x000002615f9371c4: c5fb 1144 | 2438 4c8b | 5c24 684c | 895c 2448 | 4489 5424 | 5489 7c24 | 6089 7424 | 6444 8944 
  0x000002615f9371e4: 2468 6690 

  0x000002615f9371e8: ;   {runtime_call UncommonTrapBlob}
  0x000002615f9371e8: c5f8 77e8 

  0x000002615f9371ec: ; ImmutableOopMap {rbp=Oop [72]=Oop [84]=NarrowOop [88]=Oop [96]=NarrowOop [100]=NarrowOop [120]=Oop [128]=Oop }
                      ;*if_icmple {reexecute=1 rethrow=0 return_oop=0}
                      ; - (reexecute) java.nio.FloatBuffer::put@37 (line 1178)
                      ; - java.nio.FloatBuffer::put@5 (line 1210)
                      ; - com.mojang.blaze3d.shaders.Uniform::set@48 (line 246)
                      ; - net.minecraft.client.renderer.LevelRenderer::renderChunkLayer@501 (line 1509)
  0x000002615f9371ec: 10f7 94fe | ba45 ffff | ff48 8b6c | 2430 4c8b | 4424 784c | 8944 2420 | c5fb 1044 | 2448 c5fb 
  0x000002615f93720c: 1144 2430 | c5fb 1044 | 2460 c5fb | 1144 2438 | 4c8b 4424 | 684c 8944 | 2448 4489 | 5424 5489 
  0x000002615f93722c: 7c24 6089 | 7424 684c | 894c 2470 | 8974 246c | 4489 5c24 | 7866 6690 

  0x000002615f937244: ;   {runtime_call UncommonTrapBlob}
  0x000002615f937244: c5f8 77e8 

  0x000002615f937248: ; ImmutableOopMap {rbp=Oop [32]=Oop [72]=Oop [84]=NarrowOop [88]=Oop [96]=NarrowOop [104]=NarrowOop [108]=NarrowOop [120]=NarrowOop [128]=Oop }
                      ;*ifnull {reexecute=1 rethrow=0 return_oop=0}
                      ; - (reexecute) java.nio.Buffer::scope@4 (line 763)
                      ; - java.nio.FloatBuffer::putArray@83 (line 1323)
                      ; - java.nio.FloatBuffer::put@54 (line 1181)
                      ; - java.nio.FloatBuffer::put@5 (line 1210)
                      ; - com.mojang.blaze3d.shaders.Uniform::set@48 (line 246)
                      ; - net.minecraft.client.renderer.LevelRenderer::renderChunkLayer@501 (line 1509)
  0x000002615f937248: b4f6 94fe | ba45 ffff | ff48 8b6c | 2430 c5fb | 1044 2448 | c5fb 1144 | 2430 c5fb | 1044 2460 
  0x000002615f937268: c5fb 1144 | 2438 4c8b | 5424 684c | 8954 2448 | 4489 6c24 | 5489 7c24 | 6089 7424 | 6889 7424 
  0x000002615f937288: 6c44 895c | 2470 6690 

  0x000002615f937290: ;   {runtime_call UncommonTrapBlob}
  0x000002615f937290: c5f8 77e8 

  0x000002615f937294: ; ImmutableOopMap {rbp=Oop [72]=Oop [84]=NarrowOop [88]=Oop [96]=NarrowOop [104]=NarrowOop [108]=NarrowOop [120]=Oop [128]=Oop }
                      ;*if_icmple {reexecute=1 rethrow=0 return_oop=0}
                      ; - (reexecute) java.nio.Buffer::position@5 (line 315)
                      ; - java.nio.FloatBuffer::position@2 (line 1516)
                      ; - java.nio.FloatBuffer::put@63 (line 1183)
                      ; - java.nio.FloatBuffer::put@5 (line 1210)
                      ; - com.mojang.blaze3d.shaders.Uniform::set@48 (line 246)
                      ; - net.minecraft.client.renderer.LevelRenderer::renderChunkLayer@501 (line 1509)
  0x000002615f937294: 68f6 94fe | ba45 ffff | ff48 8b6c | 2430 c5fb | 1044 2448 | c5fb 1144 | 2430 c5fb | 1044 2460 
  0x000002615f9372b4: c5fb 1144 | 2438 4c8b | 4424 684c | 8944 2448 | 4489 6c24 | 5489 7c24 | 6044 8954 | 2468 4489 
  0x000002615f9372d4: 5c24 6c90 

  0x000002615f9372d8: ;   {runtime_call UncommonTrapBlob}
  0x000002615f9372d8: c5f8 77e8 

  0x000002615f9372dc: ; ImmutableOopMap {rbp=Oop [72]=Oop [84]=NarrowOop [88]=Oop [96]=NarrowOop [104]=NarrowOop [120]=Oop [128]=Oop }
                      ;*if_icmple {reexecute=1 rethrow=0 return_oop=0}
                      ; - (reexecute) java.nio.Buffer::position@5 (line 315)
                      ; - java.nio.FloatBuffer::position@2 (line 1516)
                      ; - com.mojang.blaze3d.shaders.Uniform::set@57 (line 247)
                      ; - net.minecraft.client.renderer.LevelRenderer::renderChunkLayer@501 (line 1509)
  0x000002615f9372dc: 20f6 94fe | ba45 ffff | ff48 8b6c | 2430 c5fb | 1044 2448 | c5fb 1144 | 2430 c5fb | 1044 2460 
  0x000002615f9372fc: c5fb 1144 | 2438 488b | 5c24 6848 | 895c 2448 | 4489 5424 | 5489 4c24 | 6044 894c | 2464 4489 
  0x000002615f93731c: 4424 6c44 | 895c 2470 

  0x000002615f937324: ;   {runtime_call UncommonTrapBlob}
  0x000002615f937324: c5f8 77e8 

  0x000002615f937328: ; ImmutableOopMap {rbp=Oop [72]=Oop [84]=NarrowOop [88]=Oop [96]=NarrowOop [108]=NarrowOop [120]=Oop [128]=Oop }
                      ;*if_icmple {reexecute=1 rethrow=0 return_oop=0}
                      ; - (reexecute) java.nio.Buffer::position@5 (line 315)
                      ; - java.nio.IntBuffer::position@2 (line 1516)
                      ; - com.mojang.blaze3d.shaders.Uniform::set@5 (line 212)
                      ; - net.minecraft.client.renderer.LevelRenderer::renderChunkLayer@523 (line 1513)
  0x000002615f937328: d4f5 94fe | ba45 ffff | ff48 8b6c | 2430 4c8b | 5c24 784c | 895c 2420 | c5fb 1044 | 2448 c5fb 
  0x000002615f937348: 1144 2430 | c5fb 1044 | 2460 c5fb | 1144 2438 | 4c8b 5c24 | 684c 895c | 2448 4489 | 5424 5489 
  0x000002615f937368: 4c24 6044 | 894c 2464 | 4889 7424 | 7044 8944 | 2478 6690 

  0x000002615f93737c: ;   {runtime_call UncommonTrapBlob}
  0x000002615f93737c: c5f8 77e8 

  0x000002615f937380: ; ImmutableOopMap {rbp=Oop [32]=Oop [72]=Oop [84]=NarrowOop [88]=Oop [96]=NarrowOop [112]=Oop [120]=NarrowOop [128]=Oop }
                      ;*ifnull {reexecute=1 rethrow=0 return_oop=0}
                      ; - (reexecute) java.nio.Buffer::scope@4 (line 763)
                      ; - java.nio.DirectIntBufferU::put@4 (line 372)
                      ; - com.mojang.blaze3d.shaders.Uniform::set@15 (line 213)
                      ; - net.minecraft.client.renderer.LevelRenderer::renderChunkLayer@523 (line 1513)
  0x000002615f937380: 7cf5 94fe | ba45 ffff | ff48 8b6c | 2430 4c8b | 4424 784c | 8944 2420 | c5fb 1044 | 2448 c5fb 
  0x000002615f9373a0: 1144 2430 | c5fb 1044 | 2460 c5fb | 1144 2438 | 4c8b 4424 | 684c 8944 | 2448 4489 | 5424 5489 
  0x000002615f9373c0: 4c24 6044 | 894c 2464 | 4889 7424 | 7044 895c | 2478 6690 

  0x000002615f9373d4: ;   {runtime_call UncommonTrapBlob}
  0x000002615f9373d4: c5f8 77e8 

  0x000002615f9373d8: ; ImmutableOopMap {rbp=Oop [32]=Oop [72]=Oop [84]=NarrowOop [88]=Oop [96]=NarrowOop [112]=Oop [128]=Oop }
                      ;*if_icmplt {reexecute=1 rethrow=0 return_oop=0}
                      ; - (reexecute) java.nio.Buffer::checkIndex@9 (line 742)
                      ; - java.nio.DirectIntBufferU::put@11 (line 372)
                      ; - com.mojang.blaze3d.shaders.Uniform::set@15 (line 213)
                      ; - net.minecraft.client.renderer.LevelRenderer::renderChunkLayer@523 (line 1513)
  0x000002615f9373d8: 24f5 94fe | ba45 ffff | ff48 8b6c | 2430 c5fb | 1044 2448 | c5fb 1144 | 2430 c5fb | 1044 2460 
  0x000002615f9373f8: c5fb 1144 | 2438 4489 | 5424 5444 | 8944 2460 

  0x000002615f937408: ;   {runtime_call UncommonTrapBlob}
  0x000002615f937408: c5f8 77e8 

  0x000002615f93740c: ; ImmutableOopMap {rbp=Oop [84]=NarrowOop [88]=Oop [96]=NarrowOop [104]=Oop [120]=Oop [128]=Oop }
                      ;*ifnull {reexecute=1 rethrow=0 return_oop=0}
                      ; - (reexecute) net.minecraft.client.renderer.LevelRenderer::renderChunkLayer@531 (line 1516)
  0x000002615f93740c: f0f4 94fe | ba45 ffff | ff48 8b6c | 2430 c5fb | 1044 2448 | c5fb 1144 | 2430 c5fb | 1044 2460 
  0x000002615f93742c: c5fb 1144 | 2438 4489 | 5424 5444 | 895c 2460 

  0x000002615f93743c: ;   {runtime_call UncommonTrapBlob}
  0x000002615f93743c: c5f8 77e8 

  0x000002615f937440: ; ImmutableOopMap {rbp=Oop [84]=NarrowOop [88]=Oop [96]=NarrowOop [104]=Oop [120]=Oop [128]=Oop }
                      ;*ifnull {reexecute=1 rethrow=0 return_oop=0}
                      ; - (reexecute) net.minecraft.client.renderer.LevelRenderer::renderChunkLayer@550 (line 1520)
  0x000002615f937440: bcf4 94fe | ba45 ffff | ff48 ff74 | 2430 488f | 4424 2044 | 8954 2440 | 4489 4c24 | 4844 8944 
  0x000002615f937460: 244c 6690 

  0x000002615f937464: ;   {runtime_call UncommonTrapBlob}
  0x000002615f937464: c5f8 77e8 

  0x000002615f937468: ; ImmutableOopMap {rbp=NarrowOop [32]=Oop [64]=NarrowOop [72]=NarrowOop [104]=Oop [120]=Oop [128]=Oop }
                      ;*if_icmple {reexecute=1 rethrow=0 return_oop=0}
                      ; - (reexecute) java.nio.Buffer::position@5 (line 315)
                      ; - java.nio.FloatBuffer::position@2 (line 1516)
                      ; - com.mojang.blaze3d.shaders.Uniform::set@5 (line 140)
                      ; - net.minecraft.client.renderer.LevelRenderer::renderChunkLayer@743 (line 1553)
  0x000002615f937468: 94f4 94fe | ba45 ffff | ff48 ff74 | 2430 488f | 4424 2044 | 8954 2440 | 4489 4c24 | 4844 895c 
  0x000002615f937488: 244c 6690 

  0x000002615f93748c: ;   {runtime_call UncommonTrapBlob}
  0x000002615f93748c: c5f8 77e8 

  0x000002615f937490: ; ImmutableOopMap {rbp=NarrowOop [32]=Oop [64]=NarrowOop [72]=NarrowOop [76]=NarrowOop [104]=Oop [120]=Oop [128]=Oop }
                      ;*ifnull {reexecute=1 rethrow=0 return_oop=0}
                      ; - (reexecute) java.nio.Buffer::scope@4 (line 763)
                      ; - java.nio.DirectFloatBufferU::put@4 (line 372)
                      ; - com.mojang.blaze3d.shaders.Uniform::set@15 (line 141)
                      ; - net.minecraft.client.renderer.LevelRenderer::renderChunkLayer@743 (line 1553)
  0x000002615f937490: 6cf4 94fe | ba45 ffff | ff48 ff74 | 2430 488f | 4424 2044 | 8954 2440 | 4489 4c24 | 4844 8944 
  0x000002615f9374b0: 244c 6690 

  0x000002615f9374b4: ;   {runtime_call UncommonTrapBlob}
  0x000002615f9374b4: c5f8 77e8 

  0x000002615f9374b8: ; ImmutableOopMap {rbp=NarrowOop [32]=Oop [64]=NarrowOop [72]=NarrowOop [104]=Oop [120]=Oop [128]=Oop }
                      ;*if_icmplt {reexecute=1 rethrow=0 return_oop=0}
                      ; - (reexecute) java.nio.Buffer::checkIndex@9 (line 742)
                      ; - java.nio.DirectFloatBufferU::put@11 (line 372)
                      ; - com.mojang.blaze3d.shaders.Uniform::set@15 (line 141)
                      ; - net.minecraft.client.renderer.LevelRenderer::renderChunkLayer@743 (line 1553)
  0x000002615f9374b8: 44f4 94fe | ba45 ffff | ff48 ff74 | 2430 488f | 4424 2044 | 8954 2440 | 4489 4c24 | 4844 8944 
  0x000002615f9374d8: 244c 6690 

  0x000002615f9374dc: ;   {runtime_call UncommonTrapBlob}
  0x000002615f9374dc: c5f8 77e8 

  0x000002615f9374e0: ; ImmutableOopMap {rbp=NarrowOop [32]=Oop [64]=NarrowOop [72]=NarrowOop [104]=Oop [120]=Oop [128]=Oop }
                      ;*if_icmplt {reexecute=1 rethrow=0 return_oop=0}
                      ; - (reexecute) java.nio.Buffer::checkIndex@9 (line 742)
                      ; - java.nio.DirectFloatBufferU::put@11 (line 372)
                      ; - com.mojang.blaze3d.shaders.Uniform::set@25 (line 142)
                      ; - net.minecraft.client.renderer.LevelRenderer::renderChunkLayer@743 (line 1553)
  0x000002615f9374e0: 1cf4 94fe | ba45 ffff | ff48 ff74 | 2430 488f | 4424 2044 | 8954 2440 | 4489 4c24 | 4844 8944 
  0x000002615f937500: 244c 6690 

  0x000002615f937504: ;   {runtime_call UncommonTrapBlob}
  0x000002615f937504: c5f8 77e8 

  0x000002615f937508: ; ImmutableOopMap {rbp=NarrowOop [32]=Oop [64]=NarrowOop [72]=NarrowOop [104]=Oop [120]=Oop [128]=Oop }
                      ;*if_icmplt {reexecute=1 rethrow=0 return_oop=0}
                      ; - (reexecute) java.nio.Buffer::checkIndex@9 (line 742)
                      ; - java.nio.DirectFloatBufferU::put@11 (line 372)
                      ; - com.mojang.blaze3d.shaders.Uniform::set@35 (line 143)
                      ; - net.minecraft.client.renderer.LevelRenderer::renderChunkLayer@743 (line 1553)
  0x000002615f937508: f4f3 94fe | ba45 ffff | ff48 8b6c | 2478 4489 | 4c24 4044 | 895c 2444 | 4c89 4424 | 4844 8954 
  0x000002615f937528: 2450 6690 

  0x000002615f93752c: ;   {runtime_call UncommonTrapBlob}
  0x000002615f93752c: c5f8 77e8 

  0x000002615f937530: ; ImmutableOopMap {rbp=Oop [68]=NarrowOop [72]=Oop [80]=NarrowOop [104]=Oop [128]=Oop }
                      ;*ifnull {reexecute=1 rethrow=0 return_oop=0}
                      ; - (reexecute) net.minecraft.client.renderer.LevelRenderer::getFrustum@4 (line 2434)
                      ; - net.minecraft.client.renderer.LevelRenderer::renderChunkLayer@786 (line 1559)
  0x000002615f937530: ccf3 94fe | ba45 ffff | ff48 8b6c | 2478 4c89 | 5424 2048 | 8944 2428 | 4489 4424 | 3066 6690 
  0x000002615f937550: ;   {runtime_call UncommonTrapBlob}
  0x000002615f937550: c5f8 77e8 

  0x000002615f937554: ; ImmutableOopMap {rbp=Oop [32]=Oop [40]=Oop }
                      ;*ifeq {reexecute=1 rethrow=0 return_oop=0}
                      ; - (reexecute) net.minecraftforge.eventbus.EventBus::post@13 (line 303)
                      ; - net.minecraftforge.eventbus.EventBus::post@7 (line 296)
                      ; - net.minecraftforge.client.ForgeHooksClient::dispatchRenderStage@48 (line 288)
                      ; - net.minecraftforge.client.ForgeHooksClient::dispatchRenderStage@22 (line 296)
                      ; - net.minecraft.client.renderer.LevelRenderer::renderChunkLayer@789 (line 1559)
  0x000002615f937554: a8f3 94fe | ba45 ffff | ff48 8b6c | 2430 c5fb | 1044 2448 | c5fb 1144 | 2430 c5fb | 1044 2460 
  0x000002615f937574: c5fb 1144 | 2438 4c8b | 5424 684c | 8954 2448 | 448b 4424 | 7045 8bd0 | 4489 5424 | 6444 895c 
  0x000002615f937594: 2470 6690 

  0x000002615f937598: ;   {runtime_call UncommonTrapBlob}
  0x000002615f937598: c5f8 77e8 

  0x000002615f93759c: ; ImmutableOopMap {rbp=Oop [72]=Oop [84]=NarrowOop [88]=Oop [100]=NarrowOop [120]=Oop [128]=Oop [152]=Oop }
                      ;*if_icmple {reexecute=1 rethrow=0 return_oop=0}
                      ; - (reexecute) com.mojang.blaze3d.shaders.Uniform::upload@49 (line 400)
                      ; - net.minecraft.client.renderer.LevelRenderer::renderChunkLayer@717 (line 1544)
  0x000002615f93759c: 60f3 94fe | ba45 ffff | ff48 8b6c | 2430 4c8b | 5c24 784c | 895c 2420 | c5fb 1044 | 2448 c5fb 
  0x000002615f9375bc: 1144 2430 | c5fb 1044 | 2460 c5fb | 1144 2438 | 4c8b 5c24 | 684c 895c | 2448 448b | 5c24 7444 
  0x000002615f9375dc: 895c 2450 | 448b 5c24 | 7044 895c | 2460 895c | 2464 894c | 2470 4489 | 5424 7490 

  0x000002615f9375f8: ;   {runtime_call UncommonTrapBlob}
  0x000002615f9375f8: c5f8 77e8 

  0x000002615f9375fc: ; ImmutableOopMap {rbp=Oop [32]=Oop [72]=Oop [84]=NarrowOop [88]=Oop [96]=NarrowOop [112]=NarrowOop [116]=NarrowOop [128]=Oop [136]=Oop [152]=Oop }
                      ;*if_acmpne {reexecute=1 rethrow=0 return_oop=0}
                      ; - (reexecute) com.mojang.blaze3d.systems.RenderSystem::isOnRenderThread@6 (line 110)
                      ; - com.mojang.blaze3d.systems.RenderSystem::assertOnRenderThread@0 (line 149)
                      ; - com.mojang.blaze3d.systems.RenderSystem::glUniform3@0 (line 680)
                      ; - com.mojang.blaze3d.shaders.Uniform::uploadAsFloat@80 (line 441)
                      ; - com.mojang.blaze3d.shaders.Uniform::upload@37 (line 398)
                      ; - net.minecraft.client.renderer.LevelRenderer::renderChunkLayer@717 (line 1544)
  0x000002615f9375fc: 00f3 94fe | babe ffff | ff4c 8954 | 2428 4889 | 4424 304c | 8944 2438 

  0x000002615f937614: ;   {runtime_call UncommonTrapBlob}
  0x000002615f937614: c5f8 77e8 

  0x000002615f937618: ; ImmutableOopMap {[40]=Oop [48]=Oop [56]=Oop [120]=Oop }
                      ;*if_icmpge {reexecute=1 rethrow=0 return_oop=0}
                      ; - (reexecute) net.minecraftforge.eventbus.EventBus::post@73 (line 312)
                      ; - net.minecraftforge.eventbus.EventBus::post@7 (line 296)
                      ; - net.minecraftforge.client.ForgeHooksClient::dispatchRenderStage@48 (line 288)
                      ; - net.minecraftforge.client.ForgeHooksClient::dispatchRenderStage@22 (line 296)
                      ; - net.minecraft.client.renderer.LevelRenderer::renderChunkLayer@789 (line 1559)
  0x000002615f937618: e4f2 94fe | bade ffff | ff4c 8b5c | 2428 4c89 | 5c24 20c5 | fb10 4424 | 30c5 fb11 | 4424 28c5 
  0x000002615f937638: fb10 4424 | 38c5 fb11 | 4424 30c5 | fb10 4424 | 40c5 fb11 | 4424 3844 | 8954 2448 

  0x000002615f937654: ;   {runtime_call UncommonTrapBlob}
  0x000002615f937654: c5f8 77e8 

  0x000002615f937658: ; ImmutableOopMap {rbp=Oop [32]=Oop [72]=NarrowOop [104]=Oop }
                      ;*invokeinterface push {reexecute=0 rethrow=0 return_oop=0}
                      ; - net.minecraft.client.renderer.LevelRenderer::renderChunkLayer@24 (line 1447)
  0x000002615f937658: a4f2 94fe | bade ffff | ff49 8be8 | 4c8b 5424 | 284c 8954 | 2420 c5fb | 1154 2428 | c5fb 115c 
  0x000002615f937678: 2430 c5fb | 114c 2438 | 4489 4c24 | 4866 6690 

  0x000002615f937688: ;   {runtime_call UncommonTrapBlob}
  0x000002615f937688: c5f8 77e8 

  0x000002615f93768c: ; ImmutableOopMap {rbp=Oop [32]=Oop [72]=NarrowOop [104]=Oop }
                      ;*invokeinterface pop {reexecute=0 rethrow=0 return_oop=0}
                      ; - net.minecraft.client.renderer.LevelRenderer::renderChunkLayer@246 (line 1468)
  0x000002615f93768c: 70f2 94fe | ba45 ffff | ff48 8b6c | 2430 c5fb | 1044 2448 | c5fb 1144 | 2430 c5fb | 1044 2460 
  0x000002615f9376ac: c5fb 1144 | 2438 4c8b | 5424 684c | 8954 2448 | 458b d144 | 8954 2464 | 4489 5c24 | 7066 6690 
  0x000002615f9376cc: ;   {runtime_call UncommonTrapBlob}
  0x000002615f9376cc: c5f8 77e8 

  0x000002615f9376d0: ; ImmutableOopMap {rbp=Oop [72]=Oop [84]=NarrowOop [88]=Oop [100]=NarrowOop [120]=Oop [128]=Oop [152]=Oop }
                      ;*tableswitch {reexecute=1 rethrow=0 return_oop=0}
                      ; - (reexecute) com.mojang.blaze3d.shaders.Uniform::uploadAsInteger@12 (line 412)
                      ; - com.mojang.blaze3d.shaders.Uniform::upload@21 (line 396)
                      ; - net.minecraft.client.renderer.LevelRenderer::renderChunkLayer@717 (line 1544)
  0x000002615f9376d0: 2cf2 94fe | baf6 ffff | ff41 8beb 

  0x000002615f9376dc: ;   {runtime_call UncommonTrapBlob}
  0x000002615f9376dc: c5f8 77e8 

  0x000002615f9376e0: ; ImmutableOopMap {rbp=NarrowOop }
                      ;*invokevirtual get {reexecute=0 rethrow=0 return_oop=0}
                      ; - com.mojang.blaze3d.shaders.Uniform::set@14 (line 149)
                      ; - com.mojang.blaze3d.systems.RenderSystem::setupShaderLights@19 (line 485)
                      ; - net.minecraft.client.renderer.LevelRenderer::renderChunkLayer@566 (line 1524)
  0x000002615f9376e0: 1cf2 94fe | baf6 ffff | ff8b e990 

  0x000002615f9376ec: ;   {runtime_call UncommonTrapBlob}
  0x000002615f9376ec: c5f8 77e8 

  0x000002615f9376f0: ; ImmutableOopMap {rbp=NarrowOop }
                      ;*invokevirtual get {reexecute=0 rethrow=0 return_oop=0}
                      ; - com.mojang.blaze3d.shaders.Uniform::set@14 (line 149)
                      ; - com.mojang.blaze3d.systems.RenderSystem::setupShaderLights@38 (line 489)
                      ; - net.minecraft.client.renderer.LevelRenderer::renderChunkLayer@566 (line 1524)
  0x000002615f9376f0: 0cf2 94fe | ba45 ffff | ff48 8b6c | 2430 4c8b | 5c24 784c | 895c 2420 | c5fb 1044 | 2448 c5fb 
  0x000002615f937710: 1144 2430 | c5fb 1044 | 2460 c5fb | 1144 2438 | 4c8b 5c24 | 684c 895c | 2448 448b | 4424 7444 
  0x000002615f937730: 8944 2450 | 448b 4424 | 7044 8944 | 2460 895c | 2464 894c | 2470 4489 | 5424 7490 

  0x000002615f93774c: ;   {runtime_call UncommonTrapBlob}
  0x000002615f93774c: c5f8 77e8 

  0x000002615f937750: ; ImmutableOopMap {rbp=Oop [32]=Oop [72]=Oop [84]=NarrowOop [88]=Oop [96]=NarrowOop [112]=NarrowOop [116]=NarrowOop [128]=Oop [136]=Oop [152]=Oop }
                      ;*if_acmpne {reexecute=1 rethrow=0 return_oop=0}
                      ; - (reexecute) com.mojang.blaze3d.systems.RenderSystem::isOnRenderThread@6 (line 110)
                      ; - com.mojang.blaze3d.systems.RenderSystem::assertOnRenderThread@0 (line 149)
                      ; - com.mojang.blaze3d.systems.RenderSystem::glUniform4@0 (line 685)
                      ; - com.mojang.blaze3d.shaders.Uniform::uploadAsFloat@94 (line 444)
                      ; - com.mojang.blaze3d.shaders.Uniform::upload@37 (line 398)
                      ; - net.minecraft.client.renderer.LevelRenderer::renderChunkLayer@717 (line 1544)
  0x000002615f937750: acf1 94fe | ba45 ffff | ff48 8b6c | 2430 4c8b | 5c24 784c | 895c 2420 | c5fb 1044 | 2448 c5fb 
  0x000002615f937770: 1144 2430 | c5fb 1044 | 2460 c5fb | 1144 2438 | 4c8b 5c24 | 684c 895c | 2448 448b | 5c24 7444 
  0x000002615f937790: 895c 2450 | 4489 4c24 | 6089 5c24 | 6489 4c24 | 7044 8954 | 2474 6690 

  0x000002615f9377a8: ;   {runtime_call UncommonTrapBlob}
  0x000002615f9377a8: c5f8 77e8 

  0x000002615f9377ac: ; ImmutableOopMap {rbp=Oop [32]=Oop [72]=Oop [84]=NarrowOop [88]=Oop [96]=NarrowOop [112]=NarrowOop [116]=NarrowOop [128]=Oop [136]=Oop [152]=Oop }
                      ;*if_acmpne {reexecute=1 rethrow=0 return_oop=0}
                      ; - (reexecute) com.mojang.blaze3d.systems.RenderSystem::isOnRenderThread@6 (line 110)
                      ; - com.mojang.blaze3d.systems.RenderSystem::assertOnRenderThread@0 (line 149)
                      ; - com.mojang.blaze3d.systems.RenderSystem::glUniform1@0 (line 650)
                      ; - com.mojang.blaze3d.shaders.Uniform::uploadAsInteger@52 (line 414)
                      ; - com.mojang.blaze3d.shaders.Uniform::upload@21 (line 396)
                      ; - net.minecraft.client.renderer.LevelRenderer::renderChunkLayer@717 (line 1544)
  0x000002615f9377ac: 50f1 94fe | ba45 ffff | ff48 8b6c | 2430 c5fb | 1044 2448 | c5fb 1144 | 2430 c5fb | 1044 2460 
  0x000002615f9377cc: c5fb 1144 | 2438 488b | 4c24 6848 | 894c 2448 | 4489 5424 | 6044 894c | 2464 897c | 2468 4489 
  0x000002615f9377ec: 5c24 7044 | 8944 2474 

  0x000002615f9377f4: ;   {runtime_call UncommonTrapBlob}
  0x000002615f9377f4: c5f8 77e8 

  0x000002615f9377f8: ; ImmutableOopMap {rbp=Oop [72]=Oop [88]=Oop [96]=NarrowOop [100]=NarrowOop [104]=NarrowOop [112]=NarrowOop [120]=Oop [128]=Oop }
                      ;*if_icmple {reexecute=1 rethrow=0 return_oop=0}
                      ; - (reexecute) java.nio.Buffer::position@5 (line 315)
                      ; - java.nio.FloatBuffer::position@2 (line 1516)
                      ; - com.mojang.blaze3d.shaders.Uniform::set@5 (line 148)
                      ; - com.mojang.blaze3d.systems.RenderSystem::setupShaderLights@19 (line 485)
                      ; - net.minecraft.client.renderer.LevelRenderer::renderChunkLayer@566 (line 1524)
  0x000002615f9377f8: 04f1 94fe | ba45 ffff | ff48 8b6c | 2430 c5fb | 1044 2448 | c5fb 1144 | 2430 c5fb | 1044 2460 
  0x000002615f937818: c5fb 1144 | 2438 488b | 5c24 6848 | 895c 2448 | 4489 5424 | 5444 8944 | 2460 4489 | 4c24 6489 
  0x000002615f937838: 4c24 6c44 | 895c 2470 

  0x000002615f937840: ;   {runtime_call UncommonTrapBlob}
  0x000002615f937840: c5f8 77e8 

  0x000002615f937844: ; ImmutableOopMap {rbp=Oop [72]=Oop [84]=NarrowOop [88]=Oop [96]=NarrowOop [100]=NarrowOop [108]=NarrowOop [120]=Oop [128]=Oop }
                      ;*if_icmple {reexecute=1 rethrow=0 return_oop=0}
                      ; - (reexecute) java.nio.Buffer::position@5 (line 315)
                      ; - java.nio.FloatBuffer::position@2 (line 1516)
                      ; - com.mojang.blaze3d.shaders.Uniform::set@5 (line 148)
                      ; - com.mojang.blaze3d.systems.RenderSystem::setupShaderLights@38 (line 489)
                      ; - net.minecraft.client.renderer.LevelRenderer::renderChunkLayer@566 (line 1524)
  0x000002615f937844: b8f0 94fe | bd01 0000 | 0045 33c9 | 453b c341 | 0f4d e9ba | 45ff ffff | 4c8b 5c24 | 404c 895c 
  0x000002615f937864: 2420 c5fb | 1154 2430 | c5fb 115c | 2438 c5fb | 114c 2440 | 4c8b 5c24 | 684c 895c | 2448 4489 
  0x000002615f937884: 5424 5490 

  0x000002615f937888: ;   {runtime_call UncommonTrapBlob}
  0x000002615f937888: c5f8 77e8 

  0x000002615f93788c: ; ImmutableOopMap {[32]=Oop [40]=Oop [72]=Oop [88]=NarrowOop }
                      ;*ifne {reexecute=1 rethrow=0 return_oop=0}
                      ; - (reexecute) it.unimi.dsi.fastutil.objects.ObjectArrayList$1::next@4 (line 832)
                      ; - net.minecraft.client.renderer.LevelRenderer::renderChunkLayer@181 (line 1461)
  0x000002615f93788c: 70f0 94fe | bae4 ffff | ff48 8b6c | 2440 4c8b | 5424 284c | 8954 2420 | c5fb 1154 | 2428 c5fb 
  0x000002615f9378ac: 115c 2430 | c5fb 114c | 2438 4c8b | 5424 684c | 8954 2440 | 4489 4424 | 4c89 5c24 | 5444 894c 
  0x000002615f9378cc: 2468 6690 

  0x000002615f9378d0: ;   {runtime_call UncommonTrapBlob}
  0x000002615f9378d0: c5f8 77e8 

  0x000002615f9378d4: ; ImmutableOopMap {rbp=Oop [32]=Oop [64]=Oop [84]=NarrowOop [104]=NarrowOop }
                      ;*aaload {reexecute=0 rethrow=0 return_oop=0}
                      ; - it.unimi.dsi.fastutil.objects.ObjectArrayList$1::next@38 (line 833)
                      ; - net.minecraft.client.renderer.LevelRenderer::renderChunkLayer@181 (line 1461)
  0x000002615f9378d4: 28f0 94fe | bade ffff | ff41 8bea 

  0x000002615f9378e0: ;   {runtime_call UncommonTrapBlob}
  0x000002615f9378e0: c5f8 77e8 

  0x000002615f9378e4: ; ImmutableOopMap {rbp=NarrowOop }
                      ;*checkcast {reexecute=0 rethrow=0 return_oop=0}
                      ; - net.minecraft.client.renderer.chunk.ChunkRenderDispatcher$RenderChunk::getCompiledChunk@7 (line 376)
                      ; - net.minecraft.client.renderer.chunk.ChunkRenderDispatcher$RenderChunk::resortTransparency@1 (line 418)
                      ; - net.minecraft.client.renderer.LevelRenderer::renderChunkLayer@227 (line 1462)
  0x000002615f9378e4: 18f0 94fe | bade ffff | ff4c 8b54 | 2440 4c89 | 5424 20c5 | fb11 5424 | 30c5 fb11 | 5c24 38c5 
  0x000002615f937904: fb11 4c24 | 404c 8b54 | 2468 4c89 | 5424 4890 

  0x000002615f937914: ;   {runtime_call UncommonTrapBlob}
  0x000002615f937914: c5f8 77e8 

  0x000002615f937918: ; ImmutableOopMap {rbp=NarrowOop [32]=Oop [40]=Oop [72]=Oop [88]=NarrowOop [92]=NarrowOop [96]=NarrowOop [112]=Oop }
                      ;*invokeinterface contains {reexecute=0 rethrow=0 return_oop=0}
                      ; - net.minecraft.client.renderer.chunk.ChunkRenderDispatcher$RenderChunk::resortTransparency@24 (line 423)
                      ; - net.minecraft.client.renderer.LevelRenderer::renderChunkLayer@227 (line 1462)
  0x000002615f937918: e4ef 94fe | bae4 ffff | ff4c 8b54 | 2440 4c89 | 5424 20c5 | fb11 5424 | 30c5 fb11 | 5c24 38c5 
  0x000002615f937938: fb11 4c24 | 404c 8b54 | 2468 4c89 | 5424 4844 | 8b94 2480 | 0000 0044 | 8954 246c | 448b 9c24 
  0x000002615f937958: 8400 0000 | 4489 9c24 | 8000 0000 | 448b 9424 | 8800 0000 | 4489 9424 | 8400 0000 

  0x000002615f937974: ;   {runtime_call UncommonTrapBlob}
  0x000002615f937974: c5f8 77e8 

  0x000002615f937978: ; ImmutableOopMap {rbp=NarrowOop [32]=Oop [40]=Oop [72]=Oop [88]=NarrowOop [92]=NarrowOop [96]=NarrowOop [112]=Oop [120]=Oop }
                      ;*aaload {reexecute=0 rethrow=0 return_oop=0}
                      ; - it.unimi.dsi.fastutil.objects.ObjectArraySet::findKey@17 (line 205)
                      ; - it.unimi.dsi.fastutil.objects.ObjectArraySet::contains@2 (line 351)
                      ; - net.minecraft.client.renderer.chunk.ChunkRenderDispatcher$RenderChunk::resortTransparency@24 (line 423)
                      ; - net.minecraft.client.renderer.LevelRenderer::renderChunkLayer@227 (line 1462)
  0x000002615f937978: 84ef 94fe | ba45 ffff | ff48 8b6c | 2440 4c8b | 5424 284c | 8954 2420 | c5fb 1154 | 2428 c5fb 
  0x000002615f937998: 115c 2430 | c5fb 114c | 2438 4c8b | 5424 684c | 8954 2440 | 448b 5424 | 5044 8954 | 2448 895c 
  0x000002615f9379b8: 2450 4489 | 4c24 6c90 

  0x000002615f9379c0: ;   {runtime_call UncommonTrapBlob}
  0x000002615f9379c0: c5f8 77e8 

  0x000002615f9379c4: ; ImmutableOopMap {rbp=Oop [32]=Oop [64]=Oop [80]=NarrowOop [92]=NarrowOop [96]=NarrowOop [108]=NarrowOop [112]=Oop }
                      ;*ifnull {reexecute=1 rethrow=0 return_oop=0}
                      ; - (reexecute) net.minecraft.client.renderer.chunk.ChunkRenderDispatcher$RenderChunk::resortTransparency@9 (line 419)
                      ; - net.minecraft.client.renderer.LevelRenderer::renderChunkLayer@227 (line 1462)
  0x000002615f9379c4: 38ef 94fe | ba45 ffff | ff4c 8944 | 2420 895c | 2454 894c | 2458 4489 | 5c24 5c44 | 894c 2460 
  0x000002615f9379e4: 897c 2464 

  0x000002615f9379e8: ;   {runtime_call UncommonTrapBlob}
  0x000002615f9379e8: c5f8 77e8 

  0x000002615f9379ec: ; ImmutableOopMap {[32]=Oop [40]=Oop [84]=NarrowOop [104]=Oop }
                      ;*if_icmple {reexecute=1 rethrow=0 return_oop=0}
                      ; - (reexecute) it.unimi.dsi.fastutil.objects.AbstractObjectList::ensureIndex@41 (line 55)
                      ; - it.unimi.dsi.fastutil.objects.ObjectArrayList::listIterator@2 (line 816)
                      ; - it.unimi.dsi.fastutil.objects.AbstractObjectList::listIterator@2 (line 151)
                      ; - it.unimi.dsi.fastutil.objects.AbstractObjectList::iterator@1 (line 141)
                      ; - net.minecraft.client.renderer.LevelRenderer::renderChunkLayer@164 (line 1461)
  0x000002615f9379ec: 10ef 94fe | bac6 ffff | ff48 8b6c | 2430 c5fb | 1044 2448 | c5fb 1144 | 2430 c5fb | 1044 2460 
  0x000002615f937a0c: c5fb 1144 | 2438 4c8b | 5424 684c | 8954 2448 | 4489 5c24 | 6466 6690 

  0x000002615f937a24: ;   {runtime_call UncommonTrapBlob}
  0x000002615f937a24: c5f8 77e8 

  0x000002615f937a28: ; ImmutableOopMap {rbp=Oop [72]=Oop [84]=NarrowOop [88]=Oop [100]=NarrowOop [112]=NarrowOop [120]=Oop [128]=Oop [152]=Oop }
                      ;*invokeinterface markDirty {reexecute=0 rethrow=0 return_oop=0}
                      ; - com.mojang.blaze3d.shaders.Uniform::markDirty@16 (line 88)
                      ; - com.mojang.blaze3d.shaders.Uniform::set@40 (line 144)
                      ; - net.minecraft.client.renderer.LevelRenderer::renderChunkLayer@712 (line 1543)
  0x000002615f937a28: d4ee 94fe | bae4 ffff | ff48 8b6c | 2478 4c89 | 5424 2048 | 8944 2428 | 4c89 4424 | 4044 895c 
  0x000002615f937a48: 243c 6690 

  0x000002615f937a4c: ;   {runtime_call UncommonTrapBlob}
  0x000002615f937a4c: c5f8 77e8 

  0x000002615f937a50: ; ImmutableOopMap {rbp=Oop [32]=Oop [40]=Oop [64]=Oop }
                      ;*aaload {reexecute=0 rethrow=0 return_oop=0}
                      ; - net.minecraftforge.eventbus.EventBus::post@86 (line 314)
                      ; - net.minecraftforge.eventbus.EventBus::post@7 (line 296)
                      ; - net.minecraftforge.client.ForgeHooksClient::dispatchRenderStage@48 (line 288)
                      ; - net.minecraftforge.client.ForgeHooksClient::dispatchRenderStage@22 (line 296)
                      ; - net.minecraft.client.renderer.LevelRenderer::renderChunkLayer@789 (line 1559)
  0x000002615f937a50: acee 94fe | bac6 ffff | ff48 8b6c | 2430 c5fb | 1044 2448 | c5fb 1144 | 2430 c5fb | 1044 2460 
  0x000002615f937a70: c5fb 1144 | 2438 8974 | 2454 4489 | 5424 6090 

  0x000002615f937a80: ;   {runtime_call UncommonTrapBlob}
  0x000002615f937a80: c5f8 77e8 

  0x000002615f937a84: ; ImmutableOopMap {rbp=Oop [84]=NarrowOop [88]=Oop [96]=NarrowOop [104]=Oop [120]=Oop [128]=Oop }
                      ;*invokeinterface markDirty {reexecute=0 rethrow=0 return_oop=0}
                      ; - com.mojang.blaze3d.shaders.Uniform::markDirty@16 (line 88)
                      ; - com.mojang.blaze3d.shaders.Uniform::set@19 (line 381)
                      ; - net.minecraft.client.renderer.LevelRenderer::renderChunkLayer@388 (line 1485)
  0x000002615f937a84: 78ee 94fe | bac6 ffff | ff48 8b6c | 2430 c5fb | 1044 2448 | c5fb 1144 | 2430 c5fb | 1044 2460 
  0x000002615f937aa4: c5fb 1144 | 2438 4c89 | 4c24 4844 | 8944 2454 | 894c 2460 

  0x000002615f937ab8: ;   {runtime_call UncommonTrapBlob}
  0x000002615f937ab8: c5f8 77e8 

  0x000002615f937abc: ; ImmutableOopMap {rbp=Oop [72]=Oop [84]=NarrowOop [88]=Oop [96]=NarrowOop [120]=Oop [128]=Oop }
                      ;*invokeinterface markDirty {reexecute=0 rethrow=0 return_oop=0}
                      ; - com.mojang.blaze3d.shaders.Uniform::markDirty@16 (line 88)
                      ; - com.mojang.blaze3d.shaders.Uniform::set@19 (line 381)
                      ; - net.minecraft.client.renderer.LevelRenderer::renderChunkLayer@406 (line 1489)
  0x000002615f937abc: 40ee 94fe | bac6 ffff | ff48 8b6c | 2430 c5fb | 1044 2448 | c5fb 1144 | 2430 c5fb | 1044 2460 
  0x000002615f937adc: c5fb 1144 | 2438 4489 | 6c24 5444 | 8954 2460 

  0x000002615f937aec: ;   {runtime_call UncommonTrapBlob}
  0x000002615f937aec: c5f8 77e8 

  0x000002615f937af0: ; ImmutableOopMap {rbp=Oop [84]=NarrowOop [88]=Oop [96]=NarrowOop [104]=Oop [120]=Oop [128]=Oop }
                      ;*invokeinterface markDirty {reexecute=0 rethrow=0 return_oop=0}
                      ; - com.mojang.blaze3d.shaders.Uniform::markDirty@16 (line 88)
                      ; - com.mojang.blaze3d.shaders.Uniform::set@62 (line 248)
                      ; - net.minecraft.client.renderer.LevelRenderer::renderChunkLayer@425 (line 1493)
  0x000002615f937af0: 0cee 94fe | bac6 ffff | ff48 8b6c | 2430 c5fb | 1044 2448 | c5fb 1144 | 2430 c5fb | 1044 2460 
  0x000002615f937b10: c5fb 1144 | 2438 4489 | 5424 5444 | 895c 2460 

  0x000002615f937b20: ;   {runtime_call UncommonTrapBlob}
  0x000002615f937b20: c5f8 77e8 

  0x000002615f937b24: ; ImmutableOopMap {rbp=Oop [84]=NarrowOop [88]=Oop [96]=NarrowOop [104]=Oop [120]=Oop [128]=Oop }
                      ;*invokeinterface markDirty {reexecute=0 rethrow=0 return_oop=0}
                      ; - com.mojang.blaze3d.shaders.Uniform::markDirty@16 (line 88)
                      ; - com.mojang.blaze3d.shaders.Uniform::set@20 (line 123)
                      ; - net.minecraft.client.renderer.LevelRenderer::renderChunkLayer@463 (line 1501)
  0x000002615f937b24: d8ed 94fe | bac6 ffff | ff48 8b6c | 2430 c5fb | 1044 2448 | c5fb 1144 | 2430 c5fb | 1044 2460 
  0x000002615f937b44: c5fb 1144 | 2438 4489 | 5424 5444 | 8944 2460 

  0x000002615f937b54: ;   {runtime_call UncommonTrapBlob}
  0x000002615f937b54: c5f8 77e8 

  0x000002615f937b58: ; ImmutableOopMap {rbp=Oop [84]=NarrowOop [88]=Oop [96]=NarrowOop [104]=Oop [120]=Oop [128]=Oop }
                      ;*invokeinterface markDirty {reexecute=0 rethrow=0 return_oop=0}
                      ; - com.mojang.blaze3d.shaders.Uniform::markDirty@16 (line 88)
                      ; - com.mojang.blaze3d.shaders.Uniform::set@20 (line 123)
                      ; - net.minecraft.client.renderer.LevelRenderer::renderChunkLayer@482 (line 1505)
  0x000002615f937b58: a4ed 94fe | bac6 ffff | ff48 8b6c | 2430 c5fb | 1044 2448 | c5fb 1144 | 2430 c5fb | 1044 2460 
  0x000002615f937b78: c5fb 1144 | 2438 4489 | 6c24 5444 | 8944 2460 

  0x000002615f937b88: ;   {runtime_call UncommonTrapBlob}
  0x000002615f937b88: c5f8 77e8 

  0x000002615f937b8c: ; ImmutableOopMap {rbp=Oop [84]=NarrowOop [88]=Oop [96]=NarrowOop [104]=Oop [120]=Oop [128]=Oop }
                      ;*invokeinterface markDirty {reexecute=0 rethrow=0 return_oop=0}
                      ; - com.mojang.blaze3d.shaders.Uniform::markDirty@16 (line 88)
                      ; - com.mojang.blaze3d.shaders.Uniform::set@62 (line 248)
                      ; - net.minecraft.client.renderer.LevelRenderer::renderChunkLayer@501 (line 1509)
  0x000002615f937b8c: 70ed 94fe | bac6 ffff | ff48 8b6c | 2430 c5fb | 1044 2448 | c5fb 1144 | 2430 c5fb | 1044 2460 
  0x000002615f937bac: c5fb 1144 | 2438 4489 | 5424 5489 | 7c24 6090 

  0x000002615f937bbc: ;   {runtime_call UncommonTrapBlob}
  0x000002615f937bbc: c5f8 77e8 

  0x000002615f937bc0: ; ImmutableOopMap {rbp=Oop [84]=NarrowOop [88]=Oop [96]=NarrowOop [104]=Oop [120]=Oop [128]=Oop }
                      ;*invokeinterface markDirty {reexecute=0 rethrow=0 return_oop=0}
                      ; - com.mojang.blaze3d.shaders.Uniform::markDirty@16 (line 88)
                      ; - com.mojang.blaze3d.shaders.Uniform::set@20 (line 214)
                      ; - net.minecraft.client.renderer.LevelRenderer::renderChunkLayer@523 (line 1513)
  0x000002615f937bc0: 3ced 94fe | bac6 ffff | ff48 ff74 | 2430 488f | 4424 2044 | 8944 2440 

  0x000002615f937bd8: ;   {runtime_call UncommonTrapBlob}
  0x000002615f937bd8: c5f8 77e8 

  0x000002615f937bdc: ; ImmutableOopMap {rbp=NarrowOop [32]=Oop [64]=NarrowOop [104]=Oop [120]=Oop [128]=Oop }
                      ;*invokeinterface markDirty {reexecute=0 rethrow=0 return_oop=0}
                      ; - com.mojang.blaze3d.shaders.Uniform::markDirty@16 (line 88)
                      ; - com.mojang.blaze3d.shaders.Uniform::set@40 (line 144)
                      ; - net.minecraft.client.renderer.LevelRenderer::renderChunkLayer@743 (line 1553)
  0x000002615f937bdc: 20ed 94fe | bac6 ffff | ff48 8b6c | 2430 c5fb | 1044 2448 | c5fb 1144 | 2430 c5fb | 1044 2460 
  0x000002615f937bfc: c5fb 1144 | 2438 894c | 2460 4489 | 5424 6490 

  0x000002615f937c0c: ;   {runtime_call UncommonTrapBlob}
  0x000002615f937c0c: c5f8 77e8 

  0x000002615f937c10: ; ImmutableOopMap {rbp=Oop [88]=Oop [96]=NarrowOop [100]=NarrowOop [104]=Oop [120]=Oop [128]=Oop }
                      ;*invokeinterface markDirty {reexecute=0 rethrow=0 return_oop=0}
                      ; - com.mojang.blaze3d.shaders.Uniform::markDirty@16 (line 88)
                      ; - com.mojang.blaze3d.shaders.Uniform::set@19 (line 150)
                      ; - com.mojang.blaze3d.systems.RenderSystem::setupShaderLights@19 (line 485)
                      ; - net.minecraft.client.renderer.LevelRenderer::renderChunkLayer@566 (line 1524)
  0x000002615f937c10: ecec 94fe | bac6 ffff | ff48 8b6c | 2430 c5fb | 1044 2448 | c5fb 1144 | 2430 c5fb | 1044 2460 
  0x000002615f937c30: c5fb 1144 | 2438 4489 | 5424 5444 | 895c 2460 

  0x000002615f937c40: ;   {runtime_call UncommonTrapBlob}
  0x000002615f937c40: c5f8 77e8 

  0x000002615f937c44: ; ImmutableOopMap {rbp=Oop [84]=NarrowOop [88]=Oop [96]=NarrowOop [104]=Oop [120]=Oop [128]=Oop }
                      ;*invokeinterface markDirty {reexecute=0 rethrow=0 return_oop=0}
                      ; - com.mojang.blaze3d.shaders.Uniform::markDirty@16 (line 88)
                      ; - com.mojang.blaze3d.shaders.Uniform::set@19 (line 150)
                      ; - com.mojang.blaze3d.systems.RenderSystem::setupShaderLights@38 (line 489)
                      ; - net.minecraft.client.renderer.LevelRenderer::renderChunkLayer@566 (line 1524)
  0x000002615f937c44: b8ec 94fe | bade ffff | ff4c 8b54 | 2430 498b | eac5 fb10 | 4424 48c5 | fb11 4424 | 30c5 fb10 
  0x000002615f937c64: 4424 60c5 | fb11 4424 | 3844 894c | 2460 895c | 2464 6690 

  0x000002615f937c78: ;   {runtime_call UncommonTrapBlob}
  0x000002615f937c78: c5f8 77e8 

  0x000002615f937c7c: ; ImmutableOopMap {rbp=Oop [40]=Oop [84]=NarrowOop [88]=Oop [96]=NarrowOop [100]=NarrowOop [104]=Oop [120]=Oop }
                      ;*checkcast {reexecute=0 rethrow=0 return_oop=0}
                      ; - com.mojang.blaze3d.vertex.PoseStack::last@9 (line 70)
                      ; - net.minecraft.client.renderer.LevelRenderer::renderChunkLayer@382 (line 1485)
  0x000002615f937c7c: 80ec 94fe | bade ffff | ff4c 8b44 | 2430 4c89 | 4424 20c5 | fb10 4424 | 48c5 fb11 | 4424 38c5 
  0x000002615f937c9c: fb10 4424 | 60c5 fb11 | 4424 404c | 895c 2458 | 4489 5424 | 6044 894c | 2464 6690 

  0x000002615f937cb8: ;   {runtime_call UncommonTrapBlob}
  0x000002615f937cb8: c5f8 77e8 

  0x000002615f937cbc: ; ImmutableOopMap {rbp=NarrowOop [32]=Oop [88]=Oop [96]=NarrowOop [100]=NarrowOop [104]=Oop [120]=Oop [128]=Oop }
                      ;*checkcast {reexecute=0 rethrow=0 return_oop=0}
                      ; - net.minecraft.client.renderer.LevelRenderer::renderChunkLayer@637 (line 1537)
  0x000002615f937cbc: 40ec 94fe | bade ffff | ff48 8b6c | 2430 c5fb | 1044 2448 | c5fb 1144 | 2430 c5fb | 1044 2460 
  0x000002615f937cdc: c5fb 1144 | 2438 4c8b | 5424 684c | 8954 2448 | 4489 5c24 | 6866 6690 

  0x000002615f937cf4: ;   {runtime_call UncommonTrapBlob}
  0x000002615f937cf4: c5f8 77e8 

  0x000002615f937cf8: ; ImmutableOopMap {rbp=Oop [72]=Oop [84]=NarrowOop [88]=Oop [104]=NarrowOop [112]=NarrowOop [120]=Oop [128]=Oop [152]=NarrowOop }
                      ;*checkcast {reexecute=0 rethrow=0 return_oop=0}
                      ; - net.minecraft.client.renderer.chunk.ChunkRenderDispatcher$RenderChunk::getBuffer@10 (line 349)
                      ; - net.minecraft.client.renderer.LevelRenderer::renderChunkLayer@664 (line 1540)
  0x000002615f937cf8: 04ec 94fe | bade ffff | ff48 8b6c | 2478 4c8b | 5424 284c | 8954 2420 | 448b 5c24 | 4044 895c 
  0x000002615f937d18: 2438 448b | 5424 4444 | 8954 243c | 4489 4424 | 4466 6690 

  0x000002615f937d2c: ;   {runtime_call UncommonTrapBlob}
  0x000002615f937d2c: c5f8 77e8 

  0x000002615f937d30: ; ImmutableOopMap {rbp=Oop [32]=Oop [60]=NarrowOop [68]=NarrowOop [72]=NarrowOop [104]=Oop [128]=Oop }
                      ;*checkcast {reexecute=0 rethrow=0 return_oop=0}
                      ; - net.minecraftforge.client.event.RenderLevelStageEvent$Stage::fromRenderType@9 (line 248)
                      ; - net.minecraftforge.client.ForgeHooksClient::dispatchRenderStage@1 (line 294)
                      ; - net.minecraft.client.renderer.LevelRenderer::renderChunkLayer@789 (line 1559)
  0x000002615f937d30: cceb 94fe | bade ffff | ff4c 8b54 | 2440 4c89 | 5424 20c5 | fb11 5424 | 30c5 fb11 | 5c24 38c5 
  0x000002615f937d50: fb11 4c24 | 404c 8b54 | 2468 4c89 | 5424 4890 

  0x000002615f937d60: ;   {runtime_call UncommonTrapBlob}
  0x000002615f937d60: c5f8 77e8 

  0x000002615f937d64: ; ImmutableOopMap {rbp=NarrowOop [32]=Oop [40]=Oop [72]=Oop [88]=NarrowOop }
                      ;*checkcast {reexecute=0 rethrow=0 return_oop=0}
                      ; - net.minecraft.client.renderer.LevelRenderer::renderChunkLayer@186 (line 1461)
  0x000002615f937d64: 98eb 94fe | bade ffff | ff48 8b6c | 2478 4c89 | 5424 2048 | 8944 2428 | 4489 4424 | 3066 6690 
  0x000002615f937d84: ;   {runtime_call UncommonTrapBlob}
  0x000002615f937d84: c5f8 77e8 

  0x000002615f937d88: ; ImmutableOopMap {rbp=Oop [32]=Oop [40]=Oop [48]=NarrowOop }
                      ;*checkcast {reexecute=0 rethrow=0 return_oop=0}
                      ; - net.minecraftforge.eventbus.ListenerList$ListenerListInst::getListeners@18 (line 218)
                      ; - net.minecraftforge.eventbus.ListenerList::getListeners@6 (line 123)
                      ; - net.minecraftforge.eventbus.EventBus::post@62 (line 308)
                      ; - net.minecraftforge.eventbus.EventBus::post@7 (line 296)
                      ; - net.minecraftforge.client.ForgeHooksClient::dispatchRenderStage@48 (line 288)
                      ; - net.minecraftforge.client.ForgeHooksClient::dispatchRenderStage@22 (line 296)
                      ; - net.minecraft.client.renderer.LevelRenderer::renderChunkLayer@789 (line 1559)
  0x000002615f937d88: 74eb 94fe | bade ffff | ff4c 8b44 | 2430 4c89 | 4424 20c5 | fb10 4424 | 48c5 fb11 | 4424 38c5 
  0x000002615f937da8: fb10 4424 | 60c5 fb11 | 4424 404c | 8b44 2468 | 4c89 4424 | 5089 4c24 | 584c 895c | 2460 4489 
  0x000002615f937dc8: 5424 5c44 | 894c 2468 

  0x000002615f937dd0: ;   {runtime_call UncommonTrapBlob}
  0x000002615f937dd0: c5f8 77e8 

  0x000002615f937dd4: ; ImmutableOopMap {rbp=NarrowOop [32]=Oop [80]=Oop [92]=NarrowOop [96]=Oop [104]=NarrowOop [120]=Oop [128]=Oop }
                      ;*checkcast {reexecute=0 rethrow=0 return_oop=0}
                      ; - net.minecraft.client.renderer.LevelRenderer::renderChunkLayer@624 (line 1537)
  0x000002615f937dd4: 28eb 94fe | baf6 ffff | ff66 6690 

  0x000002615f937de0: ;   {runtime_call UncommonTrapBlob}
  0x000002615f937de0: c5f8 77e8 

  0x000002615f937de4: ; ImmutableOopMap {}
                      ;*invokevirtual getCompiledChunk {reexecute=0 rethrow=0 return_oop=0}
                      ; - net.minecraft.client.renderer.LevelRenderer::renderChunkLayer@651 (line 1539)
  0x000002615f937de4: 18eb 94fe | baf6 ffff | ff66 6690 

  0x000002615f937df0: ;   {runtime_call UncommonTrapBlob}
  0x000002615f937df0: c5f8 77e8 

  0x000002615f937df4: ; ImmutableOopMap {}
                      ;*invokevirtual get {reexecute=0 rethrow=0 return_oop=0}
                      ; - net.minecraft.client.renderer.chunk.ChunkRenderDispatcher$RenderChunk::getCompiledChunk@4 (line 376)
                      ; - net.minecraft.client.renderer.LevelRenderer::renderChunkLayer@651 (line 1539)
  0x000002615f937df4: 08eb 94fe | baf4 ffff | ff4c 8b44 | 2430 4c89 | 4424 20c5 | fb10 4424 | 48c5 fb11 | 4424 38c5 
  0x000002615f937e14: fb10 4424 | 60c5 fb11 | 4424 404c | 8b44 2468 | 4c89 4424 | 5044 894c | 2458 4889 | 7c24 6044 
  0x000002615f937e34: 8954 245c | 4489 5c24 | 6866 6690 

  0x000002615f937e40: ;   {runtime_call UncommonTrapBlob}
  0x000002615f937e40: c5f8 77e8 

  0x000002615f937e44: ; ImmutableOopMap {rbp=NarrowOop [32]=Oop [80]=Oop [92]=NarrowOop [96]=Oop [104]=NarrowOop [120]=Oop [128]=Oop }
                      ;*checkcast {reexecute=0 rethrow=0 return_oop=0}
                      ; - net.minecraft.client.renderer.chunk.ChunkRenderDispatcher$RenderChunk::getCompiledChunk@7 (line 376)
                      ; - net.minecraft.client.renderer.LevelRenderer::renderChunkLayer@651 (line 1539)
  0x000002615f937e44: b8ea 94fe | baf6 ffff | ff48 8b6c | 2478 6690 

  0x000002615f937e54: ;   {runtime_call UncommonTrapBlob}
  0x000002615f937e54: c5f8 77e8 

  0x000002615f937e58: ; ImmutableOopMap {rbp=Oop }
                      ;*invokeinterface contains {reexecute=0 rethrow=0 return_oop=0}
                      ; - net.minecraft.client.renderer.chunk.ChunkRenderDispatcher$CompiledChunk::isEmpty@5 (line 287)
                      ; - net.minecraft.client.renderer.LevelRenderer::renderChunkLayer@655 (line 1539)
  0x000002615f937e58: a4ea 94fe | baf6 ffff | ff66 6690 

  0x000002615f937e64: ;   {runtime_call UncommonTrapBlob}
  0x000002615f937e64: c5f8 77e8 

  0x000002615f937e68: ; ImmutableOopMap {}
                      ;*aaload {reexecute=0 rethrow=0 return_oop=0}
                      ; - it.unimi.dsi.fastutil.objects.ObjectArrayList$1::next@38 (line 833)
                      ; - net.minecraft.client.renderer.LevelRenderer::renderChunkLayer@619 (line 1537)
  0x000002615f937e68: 94ea 94fe | baf4 ffff | ff48 ff74 | 2430 488f | 4424 20c5 | fb10 4424 | 48c5 fb11 | 4424 38c5 
  0x000002615f937e88: fb10 4424 | 60c5 fb11 | 4424 4089 | 4c24 584c | 895c 2460 | 4489 5424 | 5c66 6690 

  0x000002615f937ea4: ;   {runtime_call UncommonTrapBlob}
  0x000002615f937ea4: c5f8 77e8 

  0x000002615f937ea8: ; ImmutableOopMap {rbp=NarrowOop [32]=Oop [92]=NarrowOop [96]=Oop [104]=Oop [120]=Oop [128]=Oop }
                      ;*checkcast {reexecute=0 rethrow=0 return_oop=0}
                      ; - net.minecraft.client.renderer.LevelRenderer::renderChunkLayer@624 (line 1537)
  0x000002615f937ea8: 54ea 94fe | baf6 ffff | ff66 6690 

  0x000002615f937eb4: ;   {runtime_call UncommonTrapBlob}
  0x000002615f937eb4: c5f8 77e8 

  0x000002615f937eb8: ; ImmutableOopMap {}
                      ;*aaload {reexecute=0 rethrow=0 return_oop=0}
                      ; - it.unimi.dsi.fastutil.objects.ObjectArraySet::findKey@17 (line 205)
                      ; - it.unimi.dsi.fastutil.objects.ObjectArraySet::contains@2 (line 351)
                      ; - net.minecraft.client.renderer.chunk.ChunkRenderDispatcher$CompiledChunk::isEmpty@5 (line 287)
                      ; - net.minecraft.client.renderer.LevelRenderer::renderChunkLayer@655 (line 1539)
  0x000002615f937eb8: 44ea 94fe | baf6 ffff | ff8b eb90 

  0x000002615f937ec4: ;   {runtime_call UncommonTrapBlob}
  0x000002615f937ec4: c5f8 77e8 

  0x000002615f937ec8: ; ImmutableOopMap {}
                      ;*aaload {reexecute=0 rethrow=0 return_oop=0}
                      ; - it.unimi.dsi.fastutil.objects.ObjectArrayList$1::previous@38 (line 839)
                      ; - net.minecraft.client.renderer.LevelRenderer::renderChunkLayer@632 (line 1537)
  0x000002615f937ec8: 34ea 94fe | baf4 ffff | ff48 ff74 | 2430 488f | 4424 20c5 | fb10 4424 | 48c5 fb11 | 4424 38c5 
  0x000002615f937ee8: fb10 4424 | 60c5 fb11 | 4424 404c | 895c 2458 | 4489 5424 | 6066 6690 

  0x000002615f937f00: ;   {runtime_call UncommonTrapBlob}
  0x000002615f937f00: c5f8 77e8 

  0x000002615f937f04: ; ImmutableOopMap {rbp=NarrowOop [32]=Oop [88]=Oop [96]=NarrowOop [104]=Oop [120]=Oop [128]=Oop }
                      ;*checkcast {reexecute=0 rethrow=0 return_oop=0}
                      ; - net.minecraft.client.renderer.LevelRenderer::renderChunkLayer@637 (line 1537)
  0x000002615f937f04: f8e9 94fe | baf6 ffff | ff48 8bac | 2488 0000 | 0066 6690 

  0x000002615f937f18: ;   {runtime_call UncommonTrapBlob}
  0x000002615f937f18: c5f8 77e8 

  0x000002615f937f1c: ; ImmutableOopMap {rbp=Oop [160]=Oop }
                      ;*invokevirtual setSampler {reexecute=0 rethrow=0 return_oop=0}
                      ; - net.minecraft.client.renderer.LevelRenderer::renderChunkLayer@359 (line 1481)
  0x000002615f937f1c: e0e9 94fe | baf6 ffff | ff48 8bac | 2488 0000 | 0066 6690 

  0x000002615f937f30: ;   {runtime_call UncommonTrapBlob}
  0x000002615f937f30: c5f8 77e8 

  0x000002615f937f34: ; ImmutableOopMap {rbp=Oop [160]=Oop }
                      ;*invokeinterface put {reexecute=0 rethrow=0 return_oop=0}
                      ; - net.minecraft.client.renderer.ShaderInstance::setSampler@6 (line 438)
                      ; - net.minecraft.client.renderer.LevelRenderer::renderChunkLayer@359 (line 1481)
  0x000002615f937f34: c8e9 94fe | baf6 ffff | ff66 6690 

  0x000002615f937f40: ;   {runtime_call UncommonTrapBlob}
  0x000002615f937f40: c5f8 77e8 

  0x000002615f937f44: ; ImmutableOopMap {}
                      ;*arraylength {reexecute=0 rethrow=0 return_oop=0}
                      ; - java.lang.StringLatin1::hashCode@5 (line 196)
                      ; - java.lang.String::hashCode@27 (line 2344)
                      ; - java.util.HashMap::hash@9 (line 338)
                      ; - java.util.HashMap::put@2 (line 610)
                      ; - net.minecraft.client.renderer.ShaderInstance::setSampler@6 (line 438)
                      ; - net.minecraft.client.renderer.LevelRenderer::renderChunkLayer@359 (line 1481)
  0x000002615f937f44: b8e9 94fe | baf4 ffff | ff48 8b6c | 2430 c5fb | 1044 2448 | c5fb 1144 | 2430 c5fb | 1044 2460 
  0x000002615f937f64: c5fb 1144 | 2438 6690 

  0x000002615f937f6c: ;   {runtime_call UncommonTrapBlob}
  0x000002615f937f6c: c5f8 77e8 

  0x000002615f937f70: ; ImmutableOopMap {rbp=Oop [84]=NarrowOop [88]=Oop [104]=Oop [112]=NarrowOop [120]=Oop [128]=Oop [152]=NarrowOop }
                      ;*checkcast {reexecute=0 rethrow=0 return_oop=0}
                      ; - net.minecraft.client.renderer.chunk.ChunkRenderDispatcher$RenderChunk::getBuffer@10 (line 349)
                      ; - net.minecraft.client.renderer.LevelRenderer::renderChunkLayer@664 (line 1540)
  0x000002615f937f70: 8ce9 94fe | baf4 ffff | ff48 8b6c | 2478 4c8b | 5424 284c | 8954 2420 | 448b 5c24 | 4044 895c 
  0x000002615f937f90: 2438 6690 

  0x000002615f937f94: ;   {runtime_call UncommonTrapBlob}
  0x000002615f937f94: c5f8 77e8 

  0x000002615f937f98: ; ImmutableOopMap {rbp=Oop [32]=Oop [68]=NarrowOop [72]=NarrowOop [104]=Oop [128]=Oop }
                      ;*checkcast {reexecute=0 rethrow=0 return_oop=0}
                      ; - net.minecraftforge.client.event.RenderLevelStageEvent$Stage::fromRenderType@9 (line 248)
                      ; - net.minecraftforge.client.ForgeHooksClient::dispatchRenderStage@1 (line 294)
                      ; - net.minecraft.client.renderer.LevelRenderer::renderChunkLayer@789 (line 1559)
  0x000002615f937f98: 64e9 94fe | baf6 ffff | ff48 8b6c | 2478 6690 

  0x000002615f937fa8: ;   {runtime_call UncommonTrapBlob}
  0x000002615f937fa8: c5f8 77e8 

  0x000002615f937fac: ; ImmutableOopMap {rbp=Oop }
                      ;*invokeinterface get {reexecute=0 rethrow=0 return_oop=0}
                      ; - net.minecraft.client.renderer.chunk.ChunkRenderDispatcher$RenderChunk::getBuffer@5 (line 349)
                      ; - net.minecraft.client.renderer.LevelRenderer::renderChunkLayer@664 (line 1540)
  0x000002615f937fac: 50e9 94fe | baf6 ffff | ff66 6690 

  0x000002615f937fb8: ;   {runtime_call UncommonTrapBlob}
  0x000002615f937fb8: c5f8 77e8 

  0x000002615f937fbc: ; ImmutableOopMap {}
                      ;*invokevirtual getX {reexecute=0 rethrow=0 return_oop=0}
                      ; - net.minecraft.client.renderer.LevelRenderer::renderChunkLayer@685 (line 1543)
  0x000002615f937fbc: 40e9 94fe | baf6 ffff | ff66 6690 

  0x000002615f937fc8: ;   {runtime_call UncommonTrapBlob}
  0x000002615f937fc8: c5f8 77e8 

  0x000002615f937fcc: ; ImmutableOopMap {}
                      ;*invokevirtual position {reexecute=0 rethrow=0 return_oop=0}
                      ; - com.mojang.blaze3d.shaders.Uniform::set@5 (line 140)
                      ; - net.minecraft.client.renderer.LevelRenderer::renderChunkLayer@712 (line 1543)
  0x000002615f937fcc: 30e9 94fe | baf6 ffff | ff66 6690 

  0x000002615f937fd8: ;   {runtime_call UncommonTrapBlob}
  0x000002615f937fd8: c5f8 77e8 

  0x000002615f937fdc: ; ImmutableOopMap {}
                      ;*invokevirtual setupRenderState {reexecute=0 rethrow=0 return_oop=0}
                      ; - net.minecraft.client.renderer.LevelRenderer::renderChunkLayer@4 (line 1445)
  0x000002615f937fdc: 20e9 94fe | baf6 ffff | ff66 6690 

  0x000002615f937fe8: ;   {runtime_call UncommonTrapBlob}
  0x000002615f937fe8: c5f8 77e8 

  0x000002615f937fec: ; ImmutableOopMap {}
                      ;*invokeinterface push {reexecute=0 rethrow=0 return_oop=0}
                      ; - net.minecraft.client.renderer.LevelRenderer::renderChunkLayer@261 (line 1471)
  0x000002615f937fec: 10e9 94fe | baf6 ffff | ff8b ef90 

  0x000002615f937ff8: ;   {runtime_call UncommonTrapBlob}
  0x000002615f937ff8: c5f8 77e8 

  0x000002615f937ffc: ; ImmutableOopMap {}
                      ;*invokevirtual listIterator {reexecute=0 rethrow=0 return_oop=0}
                      ; - net.minecraft.client.renderer.LevelRenderer::renderChunkLayer@318 (line 1476)
  0x000002615f937ffc: 00e9 94fe | baf6 ffff | ff66 6690 

  0x000002615f938008: ;   {runtime_call UncommonTrapBlob}
  0x000002615f938008: c5f8 77e8 

  0x000002615f93800c: ; ImmutableOopMap {}
                      ;*invokevirtual last {reexecute=0 rethrow=0 return_oop=0}
                      ; - net.minecraft.client.renderer.LevelRenderer::renderChunkLayer@382 (line 1485)
  0x000002615f93800c: f0e8 94fe | baf6 ffff | ff66 6690 

  0x000002615f938018: ;   {runtime_call UncommonTrapBlob}
  0x000002615f938018: c5f8 77e8 

  0x000002615f93801c: ; ImmutableOopMap {}
                      ;*invokeinterface getLast {reexecute=0 rethrow=0 return_oop=0}
                      ; - com.mojang.blaze3d.vertex.PoseStack::last@4 (line 70)
                      ; - net.minecraft.client.renderer.LevelRenderer::renderChunkLayer@382 (line 1485)
  0x000002615f93801c: e0e8 94fe | baf6 ffff | ff66 6690 

  0x000002615f938028: ;   {runtime_call UncommonTrapBlob}
  0x000002615f938028: c5f8 77e8 

  0x000002615f93802c: ; ImmutableOopMap {}
                      ;*arraylength {reexecute=0 rethrow=0 return_oop=0}
                      ; - java.util.ArrayDeque::getLast@11 (line 411)
                      ; - com.mojang.blaze3d.vertex.PoseStack::last@4 (line 70)
                      ; - net.minecraft.client.renderer.LevelRenderer::renderChunkLayer@382 (line 1485)
  0x000002615f93802c: d0e8 94fe | baf6 ffff | ff66 6690 

  0x000002615f938038: ;   {runtime_call UncommonTrapBlob}
  0x000002615f938038: c5f8 77e8 

  0x000002615f93803c: ; ImmutableOopMap {}
                      ;*invokevirtual position {reexecute=0 rethrow=0 return_oop=0}
                      ; - com.mojang.blaze3d.shaders.Uniform::set@5 (line 379)
                      ; - net.minecraft.client.renderer.LevelRenderer::renderChunkLayer@388 (line 1485)
  0x000002615f93803c: c0e8 94fe | baf6 ffff | ff66 6690 

  0x000002615f938048: ;   {runtime_call UncommonTrapBlob}
  0x000002615f938048: c5f8 77e8 

  0x000002615f93804c: ; ImmutableOopMap {}
                      ;*invokevirtual position {reexecute=0 rethrow=0 return_oop=0}
                      ; - com.mojang.blaze3d.shaders.Uniform::set@5 (line 379)
                      ; - net.minecraft.client.renderer.LevelRenderer::renderChunkLayer@406 (line 1489)
  0x000002615f93804c: b0e8 94fe | baf6 ffff | ff66 6690 

  0x000002615f938058: ;   {runtime_call UncommonTrapBlob}
  0x000002615f938058: c5f8 77e8 

  0x000002615f93805c: ; ImmutableOopMap {}
                      ;*invokevirtual position {reexecute=0 rethrow=0 return_oop=0}
                      ; - com.mojang.blaze3d.shaders.Uniform::set@39 (line 245)
                      ; - net.minecraft.client.renderer.LevelRenderer::renderChunkLayer@425 (line 1493)
  0x000002615f93805c: a0e8 94fe | baf6 ffff | ff66 6690 

  0x000002615f938068: ;   {runtime_call UncommonTrapBlob}
  0x000002615f938068: c5f8 77e8 

  0x000002615f93806c: ; ImmutableOopMap {}
                      ;*invokevirtual position {reexecute=0 rethrow=0 return_oop=0}
                      ; - com.mojang.blaze3d.shaders.Uniform::set@57 (line 247)
                      ; - net.minecraft.client.renderer.LevelRenderer::renderChunkLayer@425 (line 1493)
  0x000002615f93806c: 90e8 94fe | baf6 ffff | ff66 6690 

  0x000002615f938078: ;   {runtime_call UncommonTrapBlob}
  0x000002615f938078: c5f8 77e8 

  0x000002615f93807c: ; ImmutableOopMap {}
                      ;*invokevirtual position {reexecute=0 rethrow=0 return_oop=0}
                      ; - com.mojang.blaze3d.shaders.Uniform::set@5 (line 121)
                      ; - net.minecraft.client.renderer.LevelRenderer::renderChunkLayer@463 (line 1501)
  0x000002615f93807c: 80e8 94fe | baf6 ffff | ff66 6690 

  0x000002615f938088: ;   {runtime_call UncommonTrapBlob}
  0x000002615f938088: c5f8 77e8 

  0x000002615f93808c: ; ImmutableOopMap {}
                      ;*invokevirtual position {reexecute=0 rethrow=0 return_oop=0}
                      ; - com.mojang.blaze3d.shaders.Uniform::set@5 (line 121)
                      ; - net.minecraft.client.renderer.LevelRenderer::renderChunkLayer@482 (line 1505)
  0x000002615f93808c: 70e8 94fe | baf6 ffff | ff66 6690 

  0x000002615f938098: ;   {runtime_call UncommonTrapBlob}
  0x000002615f938098: c5f8 77e8 

  0x000002615f93809c: ; ImmutableOopMap {}
                      ;*invokevirtual position {reexecute=0 rethrow=0 return_oop=0}
                      ; - com.mojang.blaze3d.shaders.Uniform::set@39 (line 245)
                      ; - net.minecraft.client.renderer.LevelRenderer::renderChunkLayer@501 (line 1509)
  0x000002615f93809c: 60e8 94fe | baf6 ffff | ff66 6690 

  0x000002615f9380a8: ;   {runtime_call UncommonTrapBlob}
  0x000002615f9380a8: c5f8 77e8 

  0x000002615f9380ac: ; ImmutableOopMap {}
                      ;*invokevirtual position {reexecute=0 rethrow=0 return_oop=0}
                      ; - com.mojang.blaze3d.shaders.Uniform::set@57 (line 247)
                      ; - net.minecraft.client.renderer.LevelRenderer::renderChunkLayer@501 (line 1509)
  0x000002615f9380ac: 50e8 94fe | baf6 ffff | ff66 6690 

  0x000002615f9380b8: ;   {runtime_call UncommonTrapBlob}
  0x000002615f9380b8: c5f8 77e8 

  0x000002615f9380bc: ; ImmutableOopMap {}
                      ;*invokevirtual getIndex {reexecute=0 rethrow=0 return_oop=0}
                      ; - net.minecraft.client.renderer.LevelRenderer::renderChunkLayer@520 (line 1513)
  0x000002615f9380bc: 40e8 94fe | baf6 ffff | ff66 6690 

  0x000002615f9380c8: ;   {runtime_call UncommonTrapBlob}
  0x000002615f9380c8: c5f8 77e8 

  0x000002615f9380cc: ; ImmutableOopMap {}
                      ;*invokevirtual position {reexecute=0 rethrow=0 return_oop=0}
                      ; - com.mojang.blaze3d.shaders.Uniform::set@5 (line 212)
                      ; - net.minecraft.client.renderer.LevelRenderer::renderChunkLayer@523 (line 1513)
  0x000002615f9380cc: 30e8 94fe | baf6 ffff | ff66 6690 

  0x000002615f9380d8: ;   {runtime_call UncommonTrapBlob}
  0x000002615f9380d8: c5f8 77e8 

  0x000002615f9380dc: ; ImmutableOopMap {}
                      ;*invokevirtual position {reexecute=0 rethrow=0 return_oop=0}
                      ; - com.mojang.blaze3d.shaders.Uniform::set@5 (line 140)
                      ; - net.minecraft.client.renderer.LevelRenderer::renderChunkLayer@743 (line 1553)
  0x000002615f9380dc: 20e8 94fe | baf6 ffff | ff66 6690 

  0x000002615f9380e8: ;   {runtime_call UncommonTrapBlob}
  0x000002615f9380e8: c5f8 77e8 

  0x000002615f9380ec: ; ImmutableOopMap {}
                      ;*invokevirtual getProfiler {reexecute=0 rethrow=0 return_oop=0}
                      ; - net.minecraft.client.renderer.LevelRenderer::renderChunkLayer@758 (line 1558)
  0x000002615f9380ec: 10e8 94fe | baf6 ffff | ff66 6690 

  0x000002615f9380f8: ;   {runtime_call UncommonTrapBlob}
  0x000002615f9380f8: c5f8 77e8 

  0x000002615f9380fc: ; ImmutableOopMap {}
                      ;*invokeinterface pop {reexecute=0 rethrow=0 return_oop=0}
                      ; - net.minecraft.client.renderer.LevelRenderer::renderChunkLayer@761 (line 1558)
  0x000002615f9380fc: 00e8 94fe | baf6 ffff | ff66 6690 

  0x000002615f938108: ;   {runtime_call UncommonTrapBlob}
  0x000002615f938108: c5f8 77e8 

  0x000002615f93810c: ; ImmutableOopMap {}
                      ;*invokevirtual getMainCamera {reexecute=0 rethrow=0 return_oop=0}
                      ; - net.minecraft.client.renderer.LevelRenderer::renderChunkLayer@782 (line 1559)
  0x000002615f93810c: f0e7 94fe | baf6 ffff | ff66 6690 

  0x000002615f938118: ;   {runtime_call UncommonTrapBlob}
  0x000002615f938118: c5f8 77e8 

  0x000002615f93811c: ; ImmutableOopMap {}
                      ;*invokevirtual getProfiler {reexecute=0 rethrow=0 return_oop=0}
                      ; - net.minecraftforge.client.ForgeHooksClient::dispatchRenderStage@7 (line 286)
                      ; - net.minecraftforge.client.ForgeHooksClient::dispatchRenderStage@22 (line 296)
                      ; - net.minecraft.client.renderer.LevelRenderer::renderChunkLayer@789 (line 1559)
  0x000002615f93811c: e0e7 94fe | baf6 ffff | ff41 8be8 

  0x000002615f938128: ;   {runtime_call UncommonTrapBlob}
  0x000002615f938128: c5f8 77e8 

  0x000002615f93812c: ; ImmutableOopMap {rbp=NarrowOop }
                      ;*invokeinterface push {reexecute=0 rethrow=0 return_oop=0}
                      ; - net.minecraftforge.client.ForgeHooksClient::dispatchRenderStage@18 (line 287)
                      ; - net.minecraftforge.client.ForgeHooksClient::dispatchRenderStage@22 (line 296)
                      ; - net.minecraft.client.renderer.LevelRenderer::renderChunkLayer@789 (line 1559)
  0x000002615f93812c: d0e7 94fe | baf6 ffff | ff48 8b6c | 2478 4c89 | 5424 2048 | 8944 2428 | 4489 4424 | 3066 6690 
  0x000002615f93814c: ;   {runtime_call UncommonTrapBlob}
  0x000002615f93814c: c5f8 77e8 

  0x000002615f938150: ; ImmutableOopMap {rbp=Oop [32]=Oop [40]=Oop }
                      ;*aaload {reexecute=0 rethrow=0 return_oop=0}
                      ; - net.minecraftforge.eventbus.ListenerList::getListeners@5 (line 123)
                      ; - net.minecraftforge.eventbus.EventBus::post@62 (line 308)
                      ; - net.minecraftforge.eventbus.EventBus::post@7 (line 296)
                      ; - net.minecraftforge.client.ForgeHooksClient::dispatchRenderStage@48 (line 288)
                      ; - net.minecraftforge.client.ForgeHooksClient::dispatchRenderStage@22 (line 296)
                      ; - net.minecraft.client.renderer.LevelRenderer::renderChunkLayer@789 (line 1559)
  0x000002615f938150: ace7 94fe | baf6 ffff | ff48 8b6c | 2478 4c89 | 5424 2048 | 8944 2428 

  0x000002615f938168: ;   {runtime_call UncommonTrapBlob}
  0x000002615f938168: c5f8 77e8 

  0x000002615f93816c: ; ImmutableOopMap {rbp=Oop [32]=Oop [40]=Oop }
                      ;*invokevirtual getListeners {reexecute=0 rethrow=0 return_oop=0}
                      ; - net.minecraftforge.eventbus.ListenerList::getListeners@6 (line 123)
                      ; - net.minecraftforge.eventbus.EventBus::post@62 (line 308)
                      ; - net.minecraftforge.eventbus.EventBus::post@7 (line 296)
                      ; - net.minecraftforge.client.ForgeHooksClient::dispatchRenderStage@48 (line 288)
                      ; - net.minecraftforge.client.ForgeHooksClient::dispatchRenderStage@22 (line 296)
                      ; - net.minecraft.client.renderer.LevelRenderer::renderChunkLayer@789 (line 1559)
  0x000002615f93816c: 90e7 94fe | baf6 ffff | ff48 8b6c | 2478 4c89 | 5424 2048 | 8944 2428 

  0x000002615f938184: ;   {runtime_call UncommonTrapBlob}
  0x000002615f938184: c5f8 77e8 

  0x000002615f938188: ; ImmutableOopMap {rbp=Oop [32]=Oop [40]=Oop }
                      ;*invokevirtual get {reexecute=0 rethrow=0 return_oop=0}
                      ; - net.minecraftforge.eventbus.ListenerList$ListenerListInst::getListeners@15 (line 218)
                      ; - net.minecraftforge.eventbus.ListenerList::getListeners@6 (line 123)
                      ; - net.minecraftforge.eventbus.EventBus::post@62 (line 308)
                      ; - net.minecraftforge.eventbus.EventBus::post@7 (line 296)
                      ; - net.minecraftforge.client.ForgeHooksClient::dispatchRenderStage@48 (line 288)
                      ; - net.minecraftforge.client.ForgeHooksClient::dispatchRenderStage@22 (line 296)
                      ; - net.minecraft.client.renderer.LevelRenderer::renderChunkLayer@789 (line 1559)
  0x000002615f938188: 74e7 94fe | baf4 ffff | ff48 8b6c | 2478 4c89 | 5424 2048 | 8944 2428 

  0x000002615f9381a0: ;   {runtime_call UncommonTrapBlob}
  0x000002615f9381a0: c5f8 77e8 

  0x000002615f9381a4: ; ImmutableOopMap {rbp=Oop [32]=Oop [40]=Oop }
                      ;*checkcast {reexecute=0 rethrow=0 return_oop=0}
                      ; - net.minecraftforge.eventbus.ListenerList$ListenerListInst::getListeners@18 (line 218)
                      ; - net.minecraftforge.eventbus.ListenerList::getListeners@6 (line 123)
                      ; - net.minecraftforge.eventbus.EventBus::post@62 (line 308)
                      ; - net.minecraftforge.eventbus.EventBus::post@7 (line 296)
                      ; - net.minecraftforge.client.ForgeHooksClient::dispatchRenderStage@48 (line 288)
                      ; - net.minecraftforge.client.ForgeHooksClient::dispatchRenderStage@22 (line 296)
                      ; - net.minecraft.client.renderer.LevelRenderer::renderChunkLayer@789 (line 1559)
  0x000002615f9381a4: 58e7 94fe | ba45 ffff | ff4c 8b5c | 2430 498b | ebc5 fb10 | 4424 48c5 | fb11 4424 | 30c5 fb10 
  0x000002615f9381c4: 4424 60c5 | fb11 4424 | 384c 8b5c | 2468 4c89 | 5c24 484c | 894c 2468 | 895c 2464 

  0x000002615f9381e0: ;   {runtime_call UncommonTrapBlob}
  0x000002615f9381e0: c5f8 77e8 

  0x000002615f9381e4: ; ImmutableOopMap {rbp=Oop [72]=Oop [84]=NarrowOop [88]=Oop [100]=NarrowOop [104]=Oop [112]=NarrowOop [120]=Oop [128]=Oop }
                      ;*ifnull {reexecute=1 rethrow=0 return_oop=0}
                      ; - (reexecute) net.minecraft.client.renderer.LevelRenderer::renderChunkLayer@678 (line 1542)
  0x000002615f9381e4: 18e7 94fe | ba45 ffff | ff48 8b6c | 2430 c5fb | 1044 2448 | c5fb 1144 | 2430 c5fb | 1044 2460 
  0x000002615f938204: c5fb 1144 | 2438 4c8b | 5424 684c | 8954 2448 | 448b 4424 | 7045 8bd0 | 4489 5424 | 6444 895c 
  0x000002615f938224: 2470 6690 

  0x000002615f938228: ;   {runtime_call UncommonTrapBlob}
  0x000002615f938228: c5f8 77e8 

  0x000002615f93822c: ; ImmutableOopMap {rbp=Oop [72]=Oop [84]=NarrowOop [88]=Oop [100]=NarrowOop [112]=NarrowOop [120]=Oop [128]=Oop [152]=Oop }
                      ;*ifnull {reexecute=1 rethrow=0 return_oop=0}
                      ; - (reexecute) com.mojang.blaze3d.shaders.Uniform::markDirty@9 (line 87)
                      ; - com.mojang.blaze3d.shaders.Uniform::set@40 (line 144)
                      ; - net.minecraft.client.renderer.LevelRenderer::renderChunkLayer@712 (line 1543)
  0x000002615f93822c: d0e6 94fe | ba45 ffff | ff4c 8b54 | 2430 498b | eac5 fb10 | 4424 48c5 | fb11 4424 | 30c5 fb10 
  0x000002615f93824c: 4424 60c5 | fb11 4424 | 3844 894c | 2460 6690 

  0x000002615f93825c: ;   {runtime_call UncommonTrapBlob}
  0x000002615f93825c: c5f8 77e8 

  0x000002615f938260: ; ImmutableOopMap {rbp=Oop [40]=Oop [84]=NarrowOop [88]=Oop [96]=NarrowOop [104]=Oop [120]=Oop }
                      ;*ifnull {reexecute=1 rethrow=0 return_oop=0}
                      ; - (reexecute) net.minecraft.client.renderer.LevelRenderer::renderChunkLayer@373 (line 1484)
  0x000002615f938260: 9ce6 94fe | ba45 ffff | ff4c 8b54 | 2430 498b | eac5 fb10 | 4424 48c5 | fb11 4424 | 30c5 fb10 
  0x000002615f938280: 4424 60c5 | fb11 4424 | 384c 8b54 | 2468 4c89 | 5424 4844 | 894c 2460 | 895c 2468 

  0x000002615f93829c: ;   {runtime_call UncommonTrapBlob}
  0x000002615f93829c: c5f8 77e8 

  0x000002615f9382a0: ; ImmutableOopMap {rbp=Oop [40]=Oop [72]=Oop [84]=NarrowOop [88]=Oop [96]=NarrowOop [104]=NarrowOop [120]=Oop }
                      ;*ifnonnull {reexecute=1 rethrow=0 return_oop=0}
                      ; - (reexecute) java.util.ArrayDeque::getLast@20 (line 412)
                      ; - com.mojang.blaze3d.vertex.PoseStack::last@4 (line 70)
                      ; - net.minecraft.client.renderer.LevelRenderer::renderChunkLayer@382 (line 1485)
  0x000002615f9382a0: 5ce6 94fe | ba45 ffff | ff48 8b6c | 2430 c5fb | 1044 2448 | c5fb 1144 | 2430 c5fb | 1044 2460 
  0x000002615f9382c0: c5fb 1144 | 2438 8974 | 2454 4489 | 4c24 6044 | 8954 2464 

  0x000002615f9382d4: ;   {runtime_call UncommonTrapBlob}
  0x000002615f9382d4: c5f8 77e8 

  0x000002615f9382d8: ; ImmutableOopMap {rbp=Oop [84]=NarrowOop [88]=Oop [96]=NarrowOop [100]=NarrowOop [104]=Oop [120]=Oop [128]=Oop }
                      ;*ifnull {reexecute=1 rethrow=0 return_oop=0}
                      ; - (reexecute) com.mojang.blaze3d.shaders.Uniform::markDirty@9 (line 87)
                      ; - com.mojang.blaze3d.shaders.Uniform::set@19 (line 381)
                      ; - net.minecraft.client.renderer.LevelRenderer::renderChunkLayer@388 (line 1485)
  0x000002615f9382d8: 24e6 94fe | ba45 ffff | ff48 8b6c | 2430 c5fb | 1044 2448 | c5fb 1144 | 2430 c5fb | 1044 2460 
  0x000002615f9382f8: c5fb 1144 | 2438 4489 | 4424 5489 | 5c24 6090 

  0x000002615f938308: ;   {runtime_call UncommonTrapBlob}
  0x000002615f938308: c5f8 77e8 

  0x000002615f93830c: ; ImmutableOopMap {rbp=Oop [84]=NarrowOop [88]=Oop [96]=NarrowOop [104]=Oop [120]=Oop [128]=Oop }
                      ;*ifnull {reexecute=1 rethrow=0 return_oop=0}
                      ; - (reexecute) net.minecraft.client.renderer.LevelRenderer::renderChunkLayer@396 (line 1488)
  0x000002615f93830c: f0e5 94fe | ba45 ffff | ff48 8b6c | 2430 c5fb | 1044 2448 | c5fb 1144 | 2430 c5fb | 1044 2460 
  0x000002615f93832c: c5fb 1144 | 2438 4c89 | 4c24 4844 | 8944 2454 | 895c 2460 | 894c 2464 

  0x000002615f938344: ;   {runtime_call UncommonTrapBlob}
  0x000002615f938344: c5f8 77e8 

  0x000002615f938348: ; ImmutableOopMap {rbp=Oop [72]=Oop [84]=NarrowOop [88]=Oop [96]=NarrowOop [100]=NarrowOop [120]=Oop [128]=Oop }
                      ;*ifnull {reexecute=1 rethrow=0 return_oop=0}
                      ; - (reexecute) com.mojang.blaze3d.shaders.Uniform::markDirty@9 (line 87)
                      ; - com.mojang.blaze3d.shaders.Uniform::set@19 (line 381)
                      ; - net.minecraft.client.renderer.LevelRenderer::renderChunkLayer@406 (line 1489)
  0x000002615f938348: b4e5 94fe | ba45 ffff | ff48 8b6c | 2430 c5fb | 1044 2448 | c5fb 1144 | 2430 c5fb | 1044 2460 
  0x000002615f938368: c5fb 1144 | 2438 4c89 | 4c24 4844 | 8944 2454 | 897c 2460 

  0x000002615f93837c: ;   {runtime_call UncommonTrapBlob}
  0x000002615f93837c: c5f8 77e8 

  0x000002615f938380: ; ImmutableOopMap {rbp=Oop [72]=Oop [84]=NarrowOop [88]=Oop [96]=NarrowOop [120]=Oop [128]=Oop }
                      ;*ifnull {reexecute=1 rethrow=0 return_oop=0}
                      ; - (reexecute) net.minecraft.client.renderer.LevelRenderer::renderChunkLayer@414 (line 1492)
  0x000002615f938380: 7ce5 94fe | ba45 ffff | ff48 8b6c | 2430 c5fb | 1044 2448 | c5fb 1144 | 2430 c5fb | 1044 2460 
  0x000002615f9383a0: c5fb 1144 | 2438 4489 | 6c24 5489 | 7c24 6044 | 8954 2464 

  0x000002615f9383b4: ;   {runtime_call UncommonTrapBlob}
  0x000002615f9383b4: c5f8 77e8 

  0x000002615f9383b8: ; ImmutableOopMap {rbp=Oop [84]=NarrowOop [88]=Oop [96]=NarrowOop [100]=NarrowOop [104]=Oop [120]=Oop [128]=Oop }
                      ;*ifnull {reexecute=1 rethrow=0 return_oop=0}
                      ; - (reexecute) com.mojang.blaze3d.shaders.Uniform::markDirty@9 (line 87)
                      ; - com.mojang.blaze3d.shaders.Uniform::set@62 (line 248)
                      ; - net.minecraft.client.renderer.LevelRenderer::renderChunkLayer@425 (line 1493)
  0x000002615f9383b8: 44e5 94fe | ba45 ffff | ff48 8b6c | 2430 c5fb | 1044 2448 | c5fb 1144 | 2430 c5fb | 1044 2460 
  0x000002615f9383d8: c5fb 1144 | 2438 4489 | 5424 5489 | 4c24 6090 

  0x000002615f9383e8: ;   {runtime_call UncommonTrapBlob}
  0x000002615f9383e8: c5f8 77e8 

  0x000002615f9383ec: ; ImmutableOopMap {rbp=Oop [84]=NarrowOop [88]=Oop [96]=NarrowOop [104]=Oop [120]=Oop [128]=Oop }
                      ;*ifnull {reexecute=1 rethrow=0 return_oop=0}
                      ; - (reexecute) net.minecraft.client.renderer.LevelRenderer::renderChunkLayer@452 (line 1500)
  0x000002615f9383ec: 10e5 94fe | ba45 ffff | ff48 8b6c | 2430 c5fb | 1044 2448 | c5fb 1144 | 2430 c5fb | 1044 2460 
  0x000002615f93840c: c5fb 1144 | 2438 4489 | 5424 5489 | 4c24 6044 | 895c 2464 

  0x000002615f938420: ;   {runtime_call UncommonTrapBlob}
  0x000002615f938420: c5f8 77e8 

  0x000002615f938424: ; ImmutableOopMap {rbp=Oop [84]=NarrowOop [88]=Oop [96]=NarrowOop [100]=NarrowOop [104]=Oop [120]=Oop [128]=Oop }
                      ;*ifnull {reexecute=1 rethrow=0 return_oop=0}
                      ; - (reexecute) com.mojang.blaze3d.shaders.Uniform::markDirty@9 (line 87)
                      ; - com.mojang.blaze3d.shaders.Uniform::set@20 (line 123)
                      ; - net.minecraft.client.renderer.LevelRenderer::renderChunkLayer@463 (line 1501)
  0x000002615f938424: d8e4 94fe | ba45 ffff | ff48 8b6c | 2430 c5fb | 1044 2448 | c5fb 1144 | 2430 c5fb | 1044 2460 
  0x000002615f938444: c5fb 1144 | 2438 4489 | 5424 5444 | 894c 2460 

  0x000002615f938454: ;   {runtime_call UncommonTrapBlob}
  0x000002615f938454: c5f8 77e8 

  0x000002615f938458: ; ImmutableOopMap {rbp=Oop [84]=NarrowOop [88]=Oop [96]=NarrowOop [104]=Oop [120]=Oop [128]=Oop }
                      ;*ifnull {reexecute=1 rethrow=0 return_oop=0}
                      ; - (reexecute) net.minecraft.client.renderer.LevelRenderer::renderChunkLayer@471 (line 1504)
  0x000002615f938458: a4e4 94fe | ba45 ffff | ff48 8b6c | 2430 c5fb | 1044 2448 | c5fb 1144 | 2430 c5fb | 1044 2460 
  0x000002615f938478: c5fb 1144 | 2438 4489 | 5424 5444 | 894c 2460 | 4489 4424 | 6466 6690 

  0x000002615f938490: ;   {runtime_call UncommonTrapBlob}
  0x000002615f938490: c5f8 77e8 

  0x000002615f938494: ; ImmutableOopMap {rbp=Oop [84]=NarrowOop [88]=Oop [96]=NarrowOop [100]=NarrowOop [104]=Oop [120]=Oop [128]=Oop }
                      ;*ifnull {reexecute=1 rethrow=0 return_oop=0}
                      ; - (reexecute) com.mojang.blaze3d.shaders.Uniform::markDirty@9 (line 87)
                      ; - com.mojang.blaze3d.shaders.Uniform::set@20 (line 123)
                      ; - net.minecraft.client.renderer.LevelRenderer::renderChunkLayer@482 (line 1505)
  0x000002615f938494: 68e4 94fe | ba45 ffff | ff48 8b6c | 2430 c5fb | 1044 2448 | c5fb 1144 | 2430 c5fb | 1044 2460 
  0x000002615f9384b4: c5fb 1144 | 2438 4489 | 5424 5489 | 7c24 6090 

  0x000002615f9384c4: ;   {runtime_call UncommonTrapBlob}
  0x000002615f9384c4: c5f8 77e8 

  0x000002615f9384c8: ; ImmutableOopMap {rbp=Oop [84]=NarrowOop [88]=Oop [96]=NarrowOop [104]=Oop [120]=Oop [128]=Oop }
                      ;*ifnull {reexecute=1 rethrow=0 return_oop=0}
                      ; - (reexecute) net.minecraft.client.renderer.LevelRenderer::renderChunkLayer@490 (line 1508)
  0x000002615f9384c8: 34e4 94fe | ba45 ffff | ff48 8b6c | 2430 c5fb | 1044 2448 | c5fb 1144 | 2430 c5fb | 1044 2460 
  0x000002615f9384e8: c5fb 1144 | 2438 4489 | 6c24 5489 | 7c24 6044 | 8944 2464 

  0x000002615f9384fc: ;   {runtime_call UncommonTrapBlob}
  0x000002615f9384fc: c5f8 77e8 

  0x000002615f938500: ; ImmutableOopMap {rbp=Oop [84]=NarrowOop [88]=Oop [96]=NarrowOop [100]=NarrowOop [104]=Oop [120]=Oop [128]=Oop }
                      ;*ifnull {reexecute=1 rethrow=0 return_oop=0}
                      ; - (reexecute) com.mojang.blaze3d.shaders.Uniform::markDirty@9 (line 87)
                      ; - com.mojang.blaze3d.shaders.Uniform::set@62 (line 248)
                      ; - net.minecraft.client.renderer.LevelRenderer::renderChunkLayer@501 (line 1509)
  0x000002615f938500: fce3 94fe | ba45 ffff | ff48 8b6c | 2430 c5fb | 1044 2448 | c5fb 1144 | 2430 c5fb | 1044 2460 
  0x000002615f938520: c5fb 1144 | 2438 4489 | 5424 5489 | 4c24 6090 

  0x000002615f938530: ;   {runtime_call UncommonTrapBlob}
  0x000002615f938530: c5f8 77e8 

  0x000002615f938534: ; ImmutableOopMap {rbp=Oop [84]=NarrowOop [88]=Oop [96]=NarrowOop [104]=Oop [120]=Oop [128]=Oop }
                      ;*ifnull {reexecute=1 rethrow=0 return_oop=0}
                      ; - (reexecute) net.minecraft.client.renderer.LevelRenderer::renderChunkLayer@509 (line 1512)
  0x000002615f938534: c8e3 94fe | ba45 ffff | ff48 8b6c | 2430 c5fb | 1044 2448 | c5fb 1144 | 2430 c5fb | 1044 2460 
  0x000002615f938554: c5fb 1144 | 2438 4489 | 5424 5489 | 4c24 6089 | 7c24 6490 

  0x000002615f938568: ;   {runtime_call UncommonTrapBlob}
  0x000002615f938568: c5f8 77e8 

  0x000002615f93856c: ; ImmutableOopMap {rbp=Oop [84]=NarrowOop [88]=Oop [96]=NarrowOop [100]=NarrowOop [104]=Oop [120]=Oop [128]=Oop }
                      ;*ifnull {reexecute=1 rethrow=0 return_oop=0}
                      ; - (reexecute) com.mojang.blaze3d.shaders.Uniform::markDirty@9 (line 87)
                      ; - com.mojang.blaze3d.shaders.Uniform::set@20 (line 214)
                      ; - net.minecraft.client.renderer.LevelRenderer::renderChunkLayer@523 (line 1513)
  0x000002615f93856c: 90e3 94fe | ba45 ffff | ff48 ff74 | 2430 488f | 4424 2044 | 8954 2444 

  0x000002615f938584: ;   {runtime_call UncommonTrapBlob}
  0x000002615f938584: c5f8 77e8 

  0x000002615f938588: ; ImmutableOopMap {rbp=NarrowOop [32]=Oop [68]=NarrowOop [104]=Oop [120]=Oop [128]=Oop }
                      ;*ifnull {reexecute=1 rethrow=0 return_oop=0}
                      ; - (reexecute) net.minecraft.client.renderer.LevelRenderer::renderChunkLayer@735 (line 1552)
  0x000002615f938588: 74e3 94fe | ba45 ffff | ff48 ff74 | 2430 488f | 4424 2044 | 8954 2440 | 4489 4424 | 4466 6690 
  0x000002615f9385a8: ;   {runtime_call UncommonTrapBlob}
  0x000002615f9385a8: c5f8 77e8 

  0x000002615f9385ac: ; ImmutableOopMap {rbp=NarrowOop [32]=Oop [64]=NarrowOop [68]=NarrowOop [104]=Oop [120]=Oop [128]=Oop }
                      ;*ifnull {reexecute=1 rethrow=0 return_oop=0}
                      ; - (reexecute) com.mojang.blaze3d.shaders.Uniform::markDirty@9 (line 87)
                      ; - com.mojang.blaze3d.shaders.Uniform::set@40 (line 144)
                      ; - net.minecraft.client.renderer.LevelRenderer::renderChunkLayer@743 (line 1553)
  0x000002615f9385ac: 50e3 94fe | baf6 ffff | ff66 6690 

  0x000002615f9385b8: ;   {runtime_call UncommonTrapBlob}
  0x000002615f9385b8: c5f8 77e8 

  0x000002615f9385bc: ; ImmutableOopMap {}
                      ;*invokevirtual size {reexecute=0 rethrow=0 return_oop=0}
                      ; - net.minecraft.client.renderer.LevelRenderer::renderChunkLayer@315 (line 1476)
  0x000002615f9385bc: 40e3 94fe | baf6 ffff | ff66 6690 

  0x000002615f9385c8: ;   {runtime_call UncommonTrapBlob}
  0x000002615f9385c8: c5f8 77e8 

  0x000002615f9385cc: ; ImmutableOopMap {}
                      ;*invokevirtual getProfiler {reexecute=0 rethrow=0 return_oop=0}
                      ; - net.minecraft.client.renderer.LevelRenderer::renderChunkLayer@18 (line 1447)
  0x000002615f9385cc: 30e3 94fe | baf6 ffff | ff66 6690 

  0x000002615f9385d8: ;   {runtime_call UncommonTrapBlob}
  0x000002615f9385d8: c5f8 77e8 

  0x000002615f9385dc: ; ImmutableOopMap {}
                      ;*invokeinterface push {reexecute=0 rethrow=0 return_oop=0}
                      ; - net.minecraft.client.renderer.LevelRenderer::renderChunkLayer@24 (line 1447)
  0x000002615f9385dc: 20e3 94fe | baf6 ffff | ff66 6690 

  0x000002615f9385e8: ;   {runtime_call UncommonTrapBlob}
  0x000002615f9385e8: c5f8 77e8 

  0x000002615f9385ec: ; ImmutableOopMap {}
                      ;*invokevirtual getProfiler {reexecute=0 rethrow=0 return_oop=0}
                      ; - net.minecraft.client.renderer.LevelRenderer::renderChunkLayer@243 (line 1468)
  0x000002615f9385ec: 10e3 94fe | baf6 ffff | ff66 6690 

  0x000002615f9385f8: ;   {runtime_call UncommonTrapBlob}
  0x000002615f9385f8: c5f8 77e8 

  0x000002615f9385fc: ; ImmutableOopMap {}
                      ;*invokeinterface pop {reexecute=0 rethrow=0 return_oop=0}
                      ; - net.minecraft.client.renderer.LevelRenderer::renderChunkLayer@246 (line 1468)
  0x000002615f9385fc: 00e3 94fe | baf6 ffff | ff66 6690 

  0x000002615f938608: ;   {runtime_call UncommonTrapBlob}
  0x000002615f938608: c5f8 77e8 

  0x000002615f93860c: ; ImmutableOopMap {}
                      ;*invokevirtual rewind {reexecute=0 rethrow=0 return_oop=0}
                      ; - com.mojang.blaze3d.shaders.Uniform::uploadAsInteger@4 (line 411)
                      ; - com.mojang.blaze3d.shaders.Uniform::upload@21 (line 396)
                      ; - net.minecraft.client.renderer.LevelRenderer::renderChunkLayer@717 (line 1544)
  0x000002615f93860c: f0e2 94fe | baf6 ffff | ff66 6690 

  0x000002615f938618: ;   {runtime_call UncommonTrapBlob}
  0x000002615f938618: c5f8 77e8 

  0x000002615f93861c: ; ImmutableOopMap {}
                      ;*invokevirtual position {reexecute=0 rethrow=0 return_oop=0}
                      ; - com.mojang.blaze3d.shaders.Uniform::set@5 (line 148)
                      ; - com.mojang.blaze3d.systems.RenderSystem::setupShaderLights@19 (line 485)
                      ; - net.minecraft.client.renderer.LevelRenderer::renderChunkLayer@566 (line 1524)
  0x000002615f93861c: e0e2 94fe | baf6 ffff | ff66 6690 

  0x000002615f938628: ;   {runtime_call UncommonTrapBlob}
  0x000002615f938628: c5f8 77e8 

  0x000002615f93862c: ; ImmutableOopMap {}
                      ;*invokevirtual position {reexecute=0 rethrow=0 return_oop=0}
                      ; - com.mojang.blaze3d.shaders.Uniform::set@5 (line 148)
                      ; - com.mojang.blaze3d.systems.RenderSystem::setupShaderLights@38 (line 489)
                      ; - net.minecraft.client.renderer.LevelRenderer::renderChunkLayer@566 (line 1524)
  0x000002615f93862c: d0e2 94fe | ba45 ffff | ff48 8b6c | 2430 c5fb | 1044 2448 | c5fb 1144 | 2430 c5fb | 1044 2460 
  0x000002615f93864c: c5fb 1144 | 2438 4c8b | 5c24 684c | 895c 2448 | 894c 2460 | 4489 4c24 | 6444 8954 | 2468 6690 
  0x000002615f93866c: ;   {runtime_call UncommonTrapBlob}
  0x000002615f93866c: c5f8 77e8 

  0x000002615f938670: ; ImmutableOopMap {rbp=Oop [72]=Oop [88]=Oop [96]=NarrowOop [100]=NarrowOop [104]=NarrowOop [120]=Oop [128]=Oop }
                      ;*ifnull {reexecute=1 rethrow=0 return_oop=0}
                      ; - (reexecute) com.mojang.blaze3d.shaders.Uniform::markDirty@9 (line 87)
                      ; - com.mojang.blaze3d.shaders.Uniform::set@19 (line 150)
                      ; - com.mojang.blaze3d.systems.RenderSystem::setupShaderLights@19 (line 485)
                      ; - net.minecraft.client.renderer.LevelRenderer::renderChunkLayer@566 (line 1524)
  0x000002615f938670: 8ce2 94fe | ba45 ffff | ff48 8b6c | 2430 c5fb | 1044 2448 | c5fb 1144 | 2430 c5fb | 1044 2460 
  0x000002615f938690: c5fb 1144 | 2438 4489 | 5424 5444 | 8944 2460 | 4489 5c24 | 6466 6690 

  0x000002615f9386a8: ;   {runtime_call UncommonTrapBlob}
  0x000002615f9386a8: c5f8 77e8 

  0x000002615f9386ac: ; ImmutableOopMap {rbp=Oop [84]=NarrowOop [88]=Oop [96]=NarrowOop [100]=NarrowOop [104]=Oop [120]=Oop [128]=Oop }
                      ;*ifnull {reexecute=1 rethrow=0 return_oop=0}
                      ; - (reexecute) com.mojang.blaze3d.shaders.Uniform::markDirty@9 (line 87)
                      ; - com.mojang.blaze3d.shaders.Uniform::set@19 (line 150)
                      ; - com.mojang.blaze3d.systems.RenderSystem::setupShaderLights@38 (line 489)
                      ; - net.minecraft.client.renderer.LevelRenderer::renderChunkLayer@566 (line 1524)
  0x000002615f9386ac: 50e2 94fe | baf6 ffff | ff66 6690 

  0x000002615f9386b8: ;   {runtime_call UncommonTrapBlob}
  0x000002615f9386b8: c5f8 77e8 

  0x000002615f9386bc: ; ImmutableOopMap {}
                      ;*aaload {reexecute=0 rethrow=0 return_oop=0}
                      ; - it.unimi.dsi.fastutil.objects.ObjectArrayList$1::next@38 (line 833)
                      ; - net.minecraft.client.renderer.LevelRenderer::renderChunkLayer@181 (line 1461)
  0x000002615f9386bc: 40e2 94fe | baf4 ffff | ff48 8b6c | 2440 4c8b | 5424 284c | 8954 2420 | c5fb 1154 | 2428 c5fb 
  0x000002615f9386dc: 115c 2430 | c5fb 114c | 2438 4489 | 4424 4889 | 5c24 5090 

  0x000002615f9386f0: ;   {runtime_call UncommonTrapBlob}
  0x000002615f9386f0: c5f8 77e8 

  0x000002615f9386f4: ; ImmutableOopMap {rbp=Oop [32]=Oop [80]=NarrowOop [104]=Oop }
                      ;*checkcast {reexecute=0 rethrow=0 return_oop=0}
                      ; - net.minecraft.client.renderer.LevelRenderer::renderChunkLayer@186 (line 1461)
  0x000002615f9386f4: 08e2 94fe | baf6 ffff | ff66 6690 

  0x000002615f938700: ;   {runtime_call UncommonTrapBlob}
  0x000002615f938700: c5f8 77e8 

  0x000002615f938704: ; ImmutableOopMap {}
                      ;*invokevirtual getOrigin {reexecute=0 rethrow=0 return_oop=0}
                      ; - net.minecraft.client.renderer.LevelRenderer$RenderChunkInfo::isAxisAlignedWith@4 (line 3059)
                      ; - net.minecraft.client.renderer.LevelRenderer::renderChunkLayer@211 (line 1462)
  0x000002615f938704: f8e1 94fe | baf6 ffff | ff66 6690 

  0x000002615f938710: ;   {runtime_call UncommonTrapBlob}
  0x000002615f938710: c5f8 77e8 

  0x000002615f938714: ; ImmutableOopMap {}
                      ;*invokevirtual getX {reexecute=0 rethrow=0 return_oop=0}
                      ; - net.minecraft.client.renderer.LevelRenderer$RenderChunkInfo::isAxisAlignedWith@12 (line 3060)
                      ; - net.minecraft.client.renderer.LevelRenderer::renderChunkLayer@211 (line 1462)
  0x000002615f938714: e8e1 94fe | baf6 ffff | ff41 8beb 

  0x000002615f938720: ;   {runtime_call UncommonTrapBlob}
  0x000002615f938720: c5f8 77e8 

  0x000002615f938724: ; ImmutableOopMap {rbp=NarrowOop }
                      ;*invokevirtual resortTransparency {reexecute=0 rethrow=0 return_oop=0}
                      ; - net.minecraft.client.renderer.LevelRenderer::renderChunkLayer@227 (line 1462)
  0x000002615f938724: d8e1 94fe | baf6 ffff | ff66 6690 

  0x000002615f938730: ;   {runtime_call UncommonTrapBlob}
  0x000002615f938730: c5f8 77e8 

  0x000002615f938734: ; ImmutableOopMap {}
                      ;*invokevirtual get {reexecute=0 rethrow=0 return_oop=0}
                      ; - net.minecraft.client.renderer.chunk.ChunkRenderDispatcher$RenderChunk::getCompiledChunk@4 (line 376)
                      ; - net.minecraft.client.renderer.chunk.ChunkRenderDispatcher$RenderChunk::resortTransparency@1 (line 418)
                      ; - net.minecraft.client.renderer.LevelRenderer::renderChunkLayer@227 (line 1462)
  0x000002615f938734: c8e1 94fe | baf4 ffff | ff48 8b6c | 2440 4c8b | 5424 284c | 8954 2420 | c5fb 1154 | 2428 c5fb 
  0x000002615f938754: 115c 2430 | c5fb 114c | 2438 4c8b | 5424 684c | 8954 2440 | 448b 5424 | 5044 8954 | 2448 895c 
  0x000002615f938774: 2450 6690 

  0x000002615f938778: ;   {runtime_call UncommonTrapBlob}
  0x000002615f938778: c5f8 77e8 

  0x000002615f93877c: ; ImmutableOopMap {rbp=Oop [32]=Oop [64]=Oop [80]=NarrowOop [92]=NarrowOop [96]=NarrowOop }
                      ;*checkcast {reexecute=0 rethrow=0 return_oop=0}
                      ; - net.minecraft.client.renderer.chunk.ChunkRenderDispatcher$RenderChunk::getCompiledChunk@7 (line 376)
                      ; - net.minecraft.client.renderer.chunk.ChunkRenderDispatcher$RenderChunk::resortTransparency@1 (line 418)
                      ; - net.minecraft.client.renderer.LevelRenderer::renderChunkLayer@227 (line 1462)
  0x000002615f93877c: 80e1 94fe | baf6 ffff | ff66 6690 

  0x000002615f938788: ;   {runtime_call UncommonTrapBlob}
  0x000002615f938788: c5f8 77e8 

  0x000002615f93878c: ; ImmutableOopMap {}
                      ;*invokeinterface contains {reexecute=0 rethrow=0 return_oop=0}
                      ; - net.minecraft.client.renderer.chunk.ChunkRenderDispatcher$RenderChunk::resortTransparency@24 (line 423)
                      ; - net.minecraft.client.renderer.LevelRenderer::renderChunkLayer@227 (line 1462)
  0x000002615f93878c: 70e1 94fe | baf6 ffff | ff66 6690 

  0x000002615f938798: ;   {runtime_call UncommonTrapBlob}
  0x000002615f938798: c5f8 77e8 

  0x000002615f93879c: ; ImmutableOopMap {}
                      ;*aaload {reexecute=0 rethrow=0 return_oop=0}
                      ; - it.unimi.dsi.fastutil.objects.ObjectArraySet::findKey@17 (line 205)
                      ; - it.unimi.dsi.fastutil.objects.ObjectArraySet::contains@2 (line 351)
                      ; - net.minecraft.client.renderer.chunk.ChunkRenderDispatcher$RenderChunk::resortTransparency@24 (line 423)
                      ; - net.minecraft.client.renderer.LevelRenderer::renderChunkLayer@227 (line 1462)
  0x000002615f93879c: 60e1 94fe | baf6 ffff | ff66 6690 

  0x000002615f9387a8: ;   {runtime_call UncommonTrapBlob}
  0x000002615f9387a8: c5f8 77e8 

  0x000002615f9387ac: ; ImmutableOopMap {}
                      ;*invokevirtual iterator {reexecute=0 rethrow=0 return_oop=0}
                      ; - net.minecraft.client.renderer.LevelRenderer::renderChunkLayer@164 (line 1461)
  0x000002615f9387ac: 50e1 94fe | baf6 ffff | ff48 8b6c | 2478 4c89 | 5424 2048 | 8944 2428 | 4c89 4424 | 3044 895c 
  0x000002615f9387cc: 2438 6690 

  0x000002615f9387d0: ;   {runtime_call UncommonTrapBlob}
  0x000002615f9387d0: c5f8 77e8 

  0x000002615f9387d4: ; ImmutableOopMap {rbp=Oop [32]=Oop [40]=Oop [48]=Oop }
                      ;*invokevirtual getClass {reexecute=0 rethrow=0 return_oop=0}
                      ; - net.minecraftforge.eventbus.EventBus::post@87 (line 314)
                      ; - net.minecraftforge.eventbus.EventBus::post@7 (line 296)
                      ; - net.minecraftforge.client.ForgeHooksClient::dispatchRenderStage@48 (line 288)
                      ; - net.minecraftforge.client.ForgeHooksClient::dispatchRenderStage@22 (line 296)
                      ; - net.minecraft.client.renderer.LevelRenderer::renderChunkLayer@789 (line 1559)
  0x000002615f9387d4: 28e1 94fe | e99c 0000 | 00e9 9700 | 0000 488b | d0e9 d700 | 0000 488b | d0e9 cf00 | 0000 e982 
  0x000002615f9387f4: 0000 0048 | 8bd0 e9c2 | 0000 00e9 | a100 0000 | eb00 488b | d0e9 b300 | 0000 488b | d0e9 ab00 
  0x000002615f938814: 0000 e98a | 0000 0048 | 8bd0 e99e | 0000 00e9 | 7d00 0000 | 4889 4424 

  0x000002615f93882c: ;   {oop(a 'net/minecraftforge/eventbus/EventBus'{0x000000074bef99e8})}
  0x000002615f93882c: 4049 bae8 | 99ef 4b07 | 0000 0045 | 8b5a 1849 | 8bd3 48c1 | e203 488b 

  0x000002615f938844: ;   {oop(a 'net/minecraftforge/eventbus/EventBus'{0x000000074bef99e8})}
  0x000002615f938844: 6c24 7849 | b8e8 99ef | 4b07 0000 | 004c 8b4c | 2428 488b | 7c24 308b | 7424 3848 | 8bc8 c5f8 
  0x000002615f938864: 7748 b8ff | ffff ffff 

  0x000002615f93886c: ;   {virtual_call}
  0x000002615f93886c: ffff ffe8 

  0x000002615f938870: ; ImmutableOopMap {rbp=Oop [32]=Oop [64]=Oop }
                      ;*invokeinterface handleException {reexecute=0 rethrow=0 return_oop=0}
                      ; - net.minecraftforge.eventbus.EventBus::post@134 (line 320)
                      ; - net.minecraftforge.eventbus.EventBus::post@7 (line 296)
                      ; - net.minecraftforge.client.ForgeHooksClient::dispatchRenderStage@48 (line 288)
                      ; - net.minecraftforge.client.ForgeHooksClient::dispatchRenderStage@22 (line 296)
                      ; - net.minecraft.client.renderer.LevelRenderer::renderChunkLayer@789 (line 1559)
  0x000002615f938870: 0c8e 94fe | 488b 4424 | 4048 8bd0 | eb43 488b | d0eb 3e48 | 8bd0 eb39 | 488b d0eb | 3448 8bd0 
  0x000002615f938890: eb2f 488b | d0eb 2a48 | 8bd0 eb25 | 488b d0eb | 20eb 02eb | 0048 8bd0 | eb17 488b | d0eb 1248 
  0x000002615f9388b0: 8bd0 eb0d | 488b d0eb | 0848 8bd0 | eb03 488b | d0c5 f877 | 4881 c4d0 | 0000 005d 

  0x000002615f9388cc: ;   {runtime_call _rethrow_Java}
  0x000002615f9388cc: e92f 6c9f 

  0x000002615f9388d0: ;   {internal_word}
  0x000002615f9388d0: fe49 ba47 | 5893 5f61 | 0200 004d | 8997 6803 

  0x000002615f9388e0: ;   {runtime_call SafepointBlob}
  0x000002615f9388e0: 0000 e919 | f194 fef4 | f4f4 f4f4 | f4f4 f4f4 | f4f4 f4f4 | f4f4 f4f4 | f4f4 f4f4 | f4f4 f4f4 
[Stub Code]
  0x000002615f938900: ;   {no_reloc}
  0x000002615f938900: 48bb 0000 | 0000 0000 

  0x000002615f938908: ;   {runtime_call}
  0x000002615f938908: 0000 e9fb 

  0x000002615f93890c: ;   {static_stub}
  0x000002615f93890c: ffff ff48 | bb00 0000 | 0000 0000 

  0x000002615f938918: ;   {runtime_call}
  0x000002615f938918: 00e9 fbff 

  0x000002615f93891c: ;   {static_stub}
  0x000002615f93891c: ffff 48bb | 0000 0000 | 0000 0000 

  0x000002615f938928: ;   {runtime_call}
  0x000002615f938928: e9fb ffff 

  0x000002615f93892c: ;   {static_stub}
  0x000002615f93892c: ff48 bb00 | 0000 0000 

  0x000002615f938934: ;   {runtime_call}
  0x000002615f938934: 0000 00e9 | fbff ffff 

  0x000002615f93893c: ;   {static_stub}
  0x000002615f93893c: 48bb 0000 | 0000 0000 

  0x000002615f938944: ;   {runtime_call}
  0x000002615f938944: 0000 e9fb 

  0x000002615f938948: ;   {static_stub}
  0x000002615f938948: ffff ff48 | bb00 0000 | 0000 0000 

  0x000002615f938954: ;   {runtime_call}
  0x000002615f938954: 00e9 fbff 

  0x000002615f938958: ;   {static_stub}
  0x000002615f938958: ffff 48bb | 0000 0000 | 0000 0000 

  0x000002615f938964: ;   {runtime_call}
  0x000002615f938964: e9fb ffff 

  0x000002615f938968: ;   {static_stub}
  0x000002615f938968: ff48 bb00 | 0000 0000 

  0x000002615f938970: ;   {runtime_call}
  0x000002615f938970: 0000 00e9 | fbff ffff 

  0x000002615f938978: ;   {static_stub}
  0x000002615f938978: 48bb 0000 | 0000 0000 

  0x000002615f938980: ;   {runtime_call}
  0x000002615f938980: 0000 e9fb 

  0x000002615f938984: ;   {static_stub}
  0x000002615f938984: ffff ff48 | bb00 0000 | 0000 0000 

  0x000002615f938990: ;   {runtime_call}
  0x000002615f938990: 00e9 fbff 

  0x000002615f938994: ;   {static_stub}
  0x000002615f938994: ffff 48bb | 0000 0000 | 0000 0000 

  0x000002615f9389a0: ;   {runtime_call}
  0x000002615f9389a0: e9fb ffff 

  0x000002615f9389a4: ;   {static_stub}
  0x000002615f9389a4: ff48 bb00 | 0000 0000 

  0x000002615f9389ac: ;   {runtime_call}
  0x000002615f9389ac: 0000 00e9 | fbff ffff 

  0x000002615f9389b4: ;   {static_stub}
  0x000002615f9389b4: 48bb 0000 | 0000 0000 

  0x000002615f9389bc: ;   {runtime_call}
  0x000002615f9389bc: 0000 e9fb 

  0x000002615f9389c0: ;   {static_stub}
  0x000002615f9389c0: ffff ff48 | bb00 0000 | 0000 0000 

  0x000002615f9389cc: ;   {runtime_call}
  0x000002615f9389cc: 00e9 fbff 

  0x000002615f9389d0: ;   {static_stub}
  0x000002615f9389d0: ffff 48bb | 0000 0000 | 0000 0000 

  0x000002615f9389dc: ;   {runtime_call}
  0x000002615f9389dc: e9fb ffff 

  0x000002615f9389e0: ;   {static_stub}
  0x000002615f9389e0: ff48 bb00 | 0000 0000 

  0x000002615f9389e8: ;   {runtime_call}
  0x000002615f9389e8: 0000 00e9 | fbff ffff 

  0x000002615f9389f0: ;   {static_stub}
  0x000002615f9389f0: 48bb 0000 | 0000 0000 

  0x000002615f9389f8: ;   {runtime_call}
  0x000002615f9389f8: 0000 e9fb 

  0x000002615f9389fc: ;   {static_stub}
  0x000002615f9389fc: ffff ff48 | bb00 0000 | 0000 0000 

  0x000002615f938a08: ;   {runtime_call}
  0x000002615f938a08: 00e9 fbff 

  0x000002615f938a0c: ;   {runtime_call ExceptionBlob}
  0x000002615f938a0c: ffff e96d | bf9e fee8 | 0000 0000 | 4883 2c24 

  0x000002615f938a1c: ;   {runtime_call DeoptimizationBlob}
  0x000002615f938a1c: 05e9 7ee2 | 94fe f4f4 | f4f4 f4f4 
[/MachCode]


---------------  P R O C E S S  ---------------

Threads class SMR info:
_java_thread_list=0x000002614817d350, length=30, elements={
0x000002614da25530, 0x000002616fab17b0, 0x000002616fab4cf0, 0x000002616fad0ff0,
0x000002616fad39d0, 0x000002616fad4a40, 0x000002616fad7ac0, 0x000002616fadc410,
0x000002616fadf580, 0x000002616fae0e10, 0x000002616fa9ea60, 0x000002616fcd7d10,
0x0000026175b5a140, 0x00000261480a8000, 0x00000261480a8a20, 0x00000261480a29f0,
0x0000026175b5bfa0, 0x0000026175b5c4b0, 0x0000026175b5c9c0, 0x0000026174458c70,
0x0000026148d55980, 0x00000261744a9f20, 0x00000261744a9a10, 0x0000026174459180,
0x0000026149614f90, 0x00000261744aa430, 0x00000261845e8f90, 0x0000026174452220,
0x0000026147ad3020, 0x00000261a8854510
}

Java Threads: ( => current thread )
=>0x000002614da25530 JavaThread "Render thread" [_thread_in_native, id=8340, stack(0x000000a1ec700000,0x000000a1ec800000)]
  0x000002616fab17b0 JavaThread "Reference Handler" daemon [_thread_blocked, id=11792, stack(0x000000a1ece00000,0x000000a1ecf00000)]
  0x000002616fab4cf0 JavaThread "Finalizer" daemon [_thread_blocked, id=11928, stack(0x000000a1ecf00000,0x000000a1ed000000)]
  0x000002616fad0ff0 JavaThread "Signal Dispatcher" daemon [_thread_blocked, id=8732, stack(0x000000a1ed000000,0x000000a1ed100000)]
  0x000002616fad39d0 JavaThread "Attach Listener" daemon [_thread_blocked, id=7728, stack(0x000000a1ed100000,0x000000a1ed200000)]
  0x000002616fad4a40 JavaThread "Service Thread" daemon [_thread_blocked, id=6252, stack(0x000000a1ed200000,0x000000a1ed300000)]
  0x000002616fad7ac0 JavaThread "Monitor Deflation Thread" daemon [_thread_blocked, id=5752, stack(0x000000a1ed300000,0x000000a1ed400000)]
  0x000002616fadc410 JavaThread "C2 CompilerThread0" daemon [_thread_in_native, id=10064, stack(0x000000a1ed400000,0x000000a1ed500000)]
  0x000002616fadf580 JavaThread "C1 CompilerThread0" daemon [_thread_blocked, id=6892, stack(0x000000a1ed500000,0x000000a1ed600000)]
  0x000002616fae0e10 JavaThread "Sweeper thread" daemon [_thread_blocked, id=11760, stack(0x000000a1ed600000,0x000000a1ed700000)]
  0x000002616fa9ea60 JavaThread "Common-Cleaner" daemon [_thread_blocked, id=9384, stack(0x000000a1ed700000,0x000000a1ed800000)]
  0x000002616fcd7d10 JavaThread "Notification Thread" daemon [_thread_blocked, id=256, stack(0x000000a1ed800000,0x000000a1ed900000)]
  0x0000026175b5a140 JavaThread "JNA Cleaner" daemon [_thread_blocked, id=9076, stack(0x000000a1eed00000,0x000000a1eee00000)]
  0x00000261480a8000 JavaThread "Timer hack thread" daemon [_thread_blocked, id=8204, stack(0x000000a1eef00000,0x000000a1ef000000)]
  0x00000261480a8a20 JavaThread "Yggdrasil Key Fetcher" daemon [_thread_blocked, id=8780, stack(0x000000a1ef100000,0x000000a1ef200000)]
  0x00000261480a29f0 JavaThread "Worker-Main-1" daemon [_thread_blocked, id=11876, stack(0x000000a1ef900000,0x000000a1efa00000)]
  0x0000026175b5bfa0 JavaThread "Thread-3" daemon [_thread_blocked, id=1068, stack(0x000000a1efa00000,0x000000a1efb00000)]
  0x0000026175b5c4b0 JavaThread "FileSystemWatchService" daemon [_thread_in_native, id=2988, stack(0x000000a1efb00000,0x000000a1efc00000)]
  0x0000026175b5c9c0 JavaThread "Worker-Main-2" daemon [_thread_blocked, id=6260, stack(0x000000a1efc00000,0x000000a1efd00000)]
  0x0000026174458c70 JavaThread "Worker-Main-3" daemon [_thread_blocked, id=1604, stack(0x000000a1efd00000,0x000000a1efe00000)]
  0x0000026148d55980 JavaThread "Server thread" [_thread_blocked, id=4532, stack(0x000000a1eea00000,0x000000a1eeb00000)]
  0x00000261744a9f20 JavaThread "FileSystemWatchService" daemon [_thread_in_native, id=8680, stack(0x000000a1ef800000,0x000000a1ef900000)]
  0x00000261744a9a10 JavaThread "IO-Worker-5" [_thread_blocked, id=9336, stack(0x000000a1f0000000,0x000000a1f0100000)]
  0x0000026174459180 JavaThread "IO-Worker-6" [_thread_blocked, id=4184, stack(0x000000a1f0100000,0x000000a1f0200000)]
  0x0000026149614f90 JavaThread "Java2D Disposer" daemon [_thread_blocked, id=8064, stack(0x000000a1f0200000,0x000000a1f0300000)]
  0x00000261744aa430 JavaThread "Netty Server IO #0" daemon [_thread_in_native, id=8400, stack(0x000000a1f0300000,0x000000a1f0400000)]
  0x00000261845e8f90 JavaThread "Netty Local Client IO #0" daemon [_thread_blocked, id=6700, stack(0x000000a1f0400000,0x000000a1f0500000)]
  0x0000026174452220 JavaThread "Netty Server IO #1" daemon [_thread_in_native, id=9856, stack(0x000000a1f0500000,0x000000a1f0600000)]
  0x0000026147ad3020 JavaThread "Sound engine" daemon [_thread_blocked, id=9108, stack(0x000000a1f0600000,0x000000a1f0700000)]
  0x00000261a8854510 JavaThread "IO-Worker-7" [_thread_blocked, id=10604, stack(0x000000a1ec400000,0x000000a1ec500000)]

Other Threads:
  0x000002616faad0f0 VMThread "VM Thread" [stack: 0x000000a1ecd00000,0x000000a1ece00000] [id=9240]
  0x000002614da26400 WatcherThread [stack: 0x000000a1ed900000,0x000000a1eda00000] [id=9992]
  0x000002614da7b9e0 GCTaskThread "GC Thread#0" [stack: 0x000000a1ec800000,0x000000a1ec900000] [id=4380]
  0x000002616fdbb0f0 GCTaskThread "GC Thread#1" [stack: 0x000000a1eda00000,0x000000a1edb00000] [id=1852]
  0x00000261740f8000 GCTaskThread "GC Thread#2" [stack: 0x000000a1edb00000,0x000000a1edc00000] [id=4832]
  0x00000261740f82c0 GCTaskThread "GC Thread#3" [stack: 0x000000a1edc00000,0x000000a1edd00000] [id=1964]
  0x000002614da896d0 ConcurrentGCThread "G1 Main Marker" [stack: 0x000000a1ec900000,0x000000a1eca00000] [id=4504]
  0x000002614da8b7b0 ConcurrentGCThread "G1 Conc#0" [stack: 0x000000a1eca00000,0x000000a1ecb00000] [id=2112]
  0x000002616f9720d0 ConcurrentGCThread "G1 Refine#0" [stack: 0x000000a1ecb00000,0x000000a1ecc00000] [id=6636]
  0x0000026176f1b370 ConcurrentGCThread "G1 Refine#1" [stack: 0x000000a1eeb00000,0x000000a1eec00000] [id=12232]
  0x0000026147b04cb0 ConcurrentGCThread "G1 Refine#2" [stack: 0x000000a1ef000000,0x000000a1ef100000] [id=1816]
  0x0000026147a98bf0 ConcurrentGCThread "G1 Refine#3" [stack: 0x000000a1efe00000,0x000000a1eff00000] [id=6584]
  0x000002616f972a10 ConcurrentGCThread "G1 Service" [stack: 0x000000a1ecc00000,0x000000a1ecd00000] [id=9624]

Threads with active compile tasks:
C2 CompilerThread0   319624 30725   !   4       net.minecraft.client.renderer.LevelRenderer::renderLevel (3061 bytes)

VM state: not at safepoint (normal execution)

VM Mutex/Monitor currently owned by a thread: None

Heap address: 0x0000000741800000, size: 3048 MB, Compressed Oops mode: Zero based, Oop shift amount: 3

CDS archive(s) mapped at: [0x0000026100000000-0x0000026100bb0000-0x0000026100bb0000), size 12255232, SharedBaseAddress: 0x0000026100000000, ArchiveRelocationMode: 1.
Compressed class space mapped at: 0x0000026101000000-0x0000026141000000, reserved size: 1073741824
Narrow klass base: 0x0000026100000000, Narrow klass shift: 0, Narrow klass range: 0x100000000

GC Precious Log:
 CPUs: 4 total, 4 available
 Memory: 12190M
 Large Page Support: Disabled
 NUMA Support: Disabled
 Compressed Oops: Enabled (Zero based)
 Heap Region Size: 2M
 Heap Min Capacity: 8M
 Heap Initial Capacity: 192M
 Heap Max Capacity: 3048M
 Pre-touch: Disabled
 Parallel Workers: 4
 Concurrent Workers: 1
 Concurrent Refinement Workers: 4
 Periodic GC: Disabled

Heap:
 garbage-first heap   total 1658880K, used 999595K [0x0000000741800000, 0x0000000800000000)
  region size 2048K, 296 young (606208K), 2 survivors (4096K)
 Metaspace       used 122045K, committed 123840K, reserved 1179648K
  class space    used 17492K, committed 18304K, reserved 1048576K

Heap Regions: E=young(eden), S=young(survivor), O=old, HS=humongous(starts), HC=humongous(continues), CS=collection set, F=free, OA=open archive, CA=closed archive, TAMS=top-at-mark-start (previous, next)
|   0|0x0000000741800000, 0x0000000741a00000, 0x0000000741a00000|100%|HS|  |TAMS 0x0000000741a00000, 0x0000000741800000| Complete 
|   1|0x0000000741a00000, 0x0000000741c00000, 0x0000000741c00000|100%|HS|  |TAMS 0x0000000741c00000, 0x0000000741a00000| Complete 
|   2|0x0000000741c00000, 0x0000000741e00000, 0x0000000741e00000|100%|HS|  |TAMS 0x0000000741e00000, 0x0000000741c00000| Complete 
|   3|0x0000000741e00000, 0x0000000742000000, 0x0000000742000000|100%|HS|  |TAMS 0x0000000742000000, 0x0000000741e00000| Complete 
|   4|0x0000000742000000, 0x0000000742200000, 0x0000000742200000|100%| O|  |TAMS 0x0000000742200000, 0x0000000742000000| Untracked 
|   5|0x0000000742200000, 0x0000000742400000, 0x0000000742400000|100%| O|  |TAMS 0x0000000742400000, 0x0000000742200000| Untracked 
|   6|0x0000000742400000, 0x0000000742600000, 0x0000000742600000|100%| O|  |TAMS 0x0000000742600000, 0x0000000742400000| Untracked 
|   7|0x0000000742600000, 0x0000000742800000, 0x0000000742800000|100%| O|  |TAMS 0x0000000742800000, 0x0000000742600000| Untracked 
|   8|0x0000000742800000, 0x0000000742a00000, 0x0000000742a00000|100%| O|  |TAMS 0x0000000742a00000, 0x0000000742800000| Untracked 
|   9|0x0000000742a00000, 0x0000000742c00000, 0x0000000742c00000|100%| O|  |TAMS 0x0000000742c00000, 0x0000000742a00000| Untracked 
|  10|0x0000000742c00000, 0x0000000742e00000, 0x0000000742e00000|100%| O|  |TAMS 0x0000000742e00000, 0x0000000742c00000| Untracked 
|  11|0x0000000742e00000, 0x0000000743000000, 0x0000000743000000|100%| O|  |TAMS 0x0000000743000000, 0x0000000742e00000| Untracked 
|  12|0x0000000743000000, 0x0000000743200000, 0x0000000743200000|100%| O|  |TAMS 0x0000000743200000, 0x0000000743000000| Untracked 
|  13|0x0000000743200000, 0x0000000743400000, 0x0000000743400000|100%| O|  |TAMS 0x0000000743400000, 0x0000000743200000| Untracked 
|  14|0x0000000743400000, 0x0000000743600000, 0x0000000743600000|100%| O|  |TAMS 0x0000000743600000, 0x0000000743400000| Untracked 
|  15|0x0000000743600000, 0x0000000743800000, 0x0000000743800000|100%| O|  |TAMS 0x0000000743800000, 0x0000000743600000| Untracked 
|  16|0x0000000743800000, 0x0000000743a00000, 0x0000000743a00000|100%|HS|  |TAMS 0x0000000743a00000, 0x0000000743800000| Complete 
|  17|0x0000000743a00000, 0x0000000743c00000, 0x0000000743c00000|100%| O|  |TAMS 0x0000000743c00000, 0x0000000743a00000| Untracked 
|  18|0x0000000743c00000, 0x0000000743e00000, 0x0000000743e00000|100%| O|  |TAMS 0x0000000743e00000, 0x0000000743c00000| Untracked 
|  19|0x0000000743e00000, 0x0000000744000000, 0x0000000744000000|100%| O|  |TAMS 0x0000000744000000, 0x0000000743e00000| Untracked 
|  20|0x0000000744000000, 0x0000000744200000, 0x0000000744200000|100%| O|  |TAMS 0x0000000744200000, 0x0000000744000000| Untracked 
|  21|0x0000000744200000, 0x0000000744400000, 0x0000000744400000|100%| O|  |TAMS 0x0000000744400000, 0x0000000744200000| Untracked 
|  22|0x0000000744400000, 0x0000000744600000, 0x0000000744600000|100%| O|  |TAMS 0x0000000744600000, 0x0000000744400000| Untracked 
|  23|0x0000000744600000, 0x0000000744800000, 0x0000000744800000|100%| O|  |TAMS 0x0000000744800000, 0x0000000744600000| Untracked 
|  24|0x0000000744800000, 0x0000000744800000, 0x0000000744a00000|  0%| F|  |TAMS 0x0000000744800000, 0x0000000744800000| Untracked 
|  25|0x0000000744a00000, 0x0000000744c00000, 0x0000000744c00000|100%| O|  |TAMS 0x0000000744c00000, 0x0000000744a00000| Untracked 
|  26|0x0000000744c00000, 0x0000000744e00000, 0x0000000744e00000|100%| O|  |TAMS 0x0000000744e00000, 0x0000000744c00000| Untracked 
|  27|0x0000000744e00000, 0x0000000745000000, 0x0000000745000000|100%| O|  |TAMS 0x0000000745000000, 0x0000000744e00000| Untracked 
|  28|0x0000000745000000, 0x0000000745200000, 0x0000000745200000|100%| O|  |TAMS 0x0000000745200000, 0x0000000745000000| Untracked 
|  29|0x0000000745200000, 0x0000000745400000, 0x0000000745400000|100%| O|  |TAMS 0x0000000745400000, 0x0000000745200000| Untracked 
|  30|0x0000000745400000, 0x0000000745600000, 0x0000000745600000|100%| O|  |TAMS 0x0000000745600000, 0x0000000745400000| Untracked 
|  31|0x0000000745600000, 0x0000000745800000, 0x0000000745800000|100%| O|  |TAMS 0x0000000745800000, 0x0000000745600000| Untracked 
|  32|0x0000000745800000, 0x0000000745a00000, 0x0000000745a00000|100%| O|  |TAMS 0x0000000745a00000, 0x0000000745800000| Untracked 
|  33|0x0000000745a00000, 0x0000000745c00000, 0x0000000745c00000|100%| O|  |TAMS 0x0000000745c00000, 0x0000000745a00000| Untracked 
|  34|0x0000000745c00000, 0x0000000745e00000, 0x0000000745e00000|100%| O|  |TAMS 0x0000000745e00000, 0x0000000745c00000| Untracked 
|  35|0x0000000745e00000, 0x0000000746000000, 0x0000000746000000|100%| O|  |TAMS 0x0000000746000000, 0x0000000745e00000| Untracked 
|  36|0x0000000746000000, 0x0000000746200000, 0x0000000746200000|100%|HS|  |TAMS 0x0000000746200000, 0x0000000746000000| Complete 
|  37|0x0000000746200000, 0x0000000746400000, 0x0000000746400000|100%|HC|  |TAMS 0x0000000746400000, 0x0000000746200000| Complete 
|  38|0x0000000746400000, 0x0000000746600000, 0x0000000746600000|100%|HC|  |TAMS 0x0000000746600000, 0x0000000746400000| Complete 
|  39|0x0000000746600000, 0x0000000746800000, 0x0000000746800000|100%|HC|  |TAMS 0x0000000746800000, 0x0000000746600000| Complete 
|  40|0x0000000746800000, 0x0000000746a00000, 0x0000000746a00000|100%|HC|  |TAMS 0x0000000746a00000, 0x0000000746800000| Complete 
|  41|0x0000000746a00000, 0x0000000746c00000, 0x0000000746c00000|100%|HC|  |TAMS 0x0000000746c00000, 0x0000000746a00000| Complete 
|  42|0x0000000746c00000, 0x0000000746e00000, 0x0000000746e00000|100%| O|  |TAMS 0x0000000746e00000, 0x0000000746c00000| Untracked 
|  43|0x0000000746e00000, 0x0000000747000000, 0x0000000747000000|100%| O|  |TAMS 0x0000000747000000, 0x0000000746e00000| Untracked 
|  44|0x0000000747000000, 0x0000000747200000, 0x0000000747200000|100%| O|  |TAMS 0x0000000747200000, 0x0000000747000000| Untracked 
|  45|0x0000000747200000, 0x0000000747400000, 0x0000000747400000|100%| O|  |TAMS 0x0000000747400000, 0x0000000747200000| Untracked 
|  46|0x0000000747400000, 0x0000000747600000, 0x0000000747600000|100%| O|  |TAMS 0x0000000747600000, 0x0000000747400000| Untracked 
|  47|0x0000000747600000, 0x0000000747800000, 0x0000000747800000|100%| O|  |TAMS 0x0000000747800000, 0x0000000747600000| Untracked 
|  48|0x0000000747800000, 0x0000000747a00000, 0x0000000747a00000|100%| O|  |TAMS 0x0000000747a00000, 0x0000000747800000| Untracked 
|  49|0x0000000747a00000, 0x0000000747c00000, 0x0000000747c00000|100%| O|  |TAMS 0x0000000747c00000, 0x0000000747a00000| Untracked 
|  50|0x0000000747c00000, 0x0000000747e00000, 0x0000000747e00000|100%| O|  |TAMS 0x0000000747e00000, 0x0000000747c00000| Untracked 
|  51|0x0000000747e00000, 0x0000000748000000, 0x0000000748000000|100%| O|  |TAMS 0x0000000748000000, 0x0000000747e00000| Untracked 
|  52|0x0000000748000000, 0x0000000748200000, 0x0000000748200000|100%| O|  |TAMS 0x0000000748200000, 0x0000000748000000| Untracked 
|  53|0x0000000748200000, 0x0000000748400000, 0x0000000748400000|100%| O|  |TAMS 0x0000000748400000, 0x0000000748200000| Untracked 
|  54|0x0000000748400000, 0x0000000748600000, 0x0000000748600000|100%| O|  |TAMS 0x0000000748600000, 0x0000000748400000| Untracked 
|  55|0x0000000748600000, 0x0000000748800000, 0x0000000748800000|100%| O|  |TAMS 0x0000000748800000, 0x0000000748600000| Untracked 
|  56|0x0000000748800000, 0x0000000748a00000, 0x0000000748a00000|100%| O|  |TAMS 0x0000000748a00000, 0x0000000748800000| Untracked 
|  57|0x0000000748a00000, 0x0000000748c00000, 0x0000000748c00000|100%| O|  |TAMS 0x0000000748c00000, 0x0000000748a00000| Untracked 
|  58|0x0000000748c00000, 0x0000000748e00000, 0x0000000748e00000|100%| O|  |TAMS 0x0000000748e00000, 0x0000000748c00000| Untracked 
|  59|0x0000000748e00000, 0x0000000749000000, 0x0000000749000000|100%| O|  |TAMS 0x0000000749000000, 0x0000000748e00000| Untracked 
|  60|0x0000000749000000, 0x0000000749200000, 0x0000000749200000|100%| O|  |TAMS 0x0000000749200000, 0x0000000749000000| Untracked 
|  61|0x0000000749200000, 0x0000000749400000, 0x0000000749400000|100%| O|  |TAMS 0x0000000749400000, 0x0000000749200000| Untracked 
|  62|0x0000000749400000, 0x0000000749600000, 0x0000000749600000|100%| O|  |TAMS 0x0000000749600000, 0x0000000749400000| Untracked 
|  63|0x0000000749600000, 0x0000000749800000, 0x0000000749800000|100%| O|  |TAMS 0x0000000749800000, 0x0000000749600000| Untracked 
|  64|0x0000000749800000, 0x0000000749a00000, 0x0000000749a00000|100%| O|  |TAMS 0x0000000749a00000, 0x0000000749800000| Untracked 
|  65|0x0000000749a00000, 0x0000000749c00000, 0x0000000749c00000|100%| O|  |TAMS 0x0000000749c00000, 0x0000000749a00000| Untracked 
|  66|0x0000000749c00000, 0x0000000749e00000, 0x0000000749e00000|100%| O|  |TAMS 0x0000000749e00000, 0x0000000749c00000| Untracked 
|  67|0x0000000749e00000, 0x000000074a000000, 0x000000074a000000|100%| O|  |TAMS 0x000000074a000000, 0x0000000749e00000| Untracked 
|  68|0x000000074a000000, 0x000000074a200000, 0x000000074a200000|100%| O|  |TAMS 0x000000074a200000, 0x000000074a000000| Untracked 
|  69|0x000000074a200000, 0x000000074a400000, 0x000000074a400000|100%| O|  |TAMS 0x000000074a400000, 0x000000074a200000| Untracked 
|  70|0x000000074a400000, 0x000000074a600000, 0x000000074a600000|100%| O|  |TAMS 0x000000074a600000, 0x000000074a400000| Untracked 
|  71|0x000000074a600000, 0x000000074a800000, 0x000000074a800000|100%| O|  |TAMS 0x000000074a800000, 0x000000074a600000| Untracked 
|  72|0x000000074a800000, 0x000000074aa00000, 0x000000074aa00000|100%| O|  |TAMS 0x000000074aa00000, 0x000000074a800000| Untracked 
|  73|0x000000074aa00000, 0x000000074ac00000, 0x000000074ac00000|100%| O|  |TAMS 0x000000074ac00000, 0x000000074aa00000| Untracked 
|  74|0x000000074ac00000, 0x000000074ae00000, 0x000000074ae00000|100%| O|  |TAMS 0x000000074ae00000, 0x000000074ac00000| Untracked 
|  75|0x000000074ae00000, 0x000000074b000000, 0x000000074b000000|100%| O|  |TAMS 0x000000074b000000, 0x000000074ae00000| Untracked 
|  76|0x000000074b000000, 0x000000074b200000, 0x000000074b200000|100%| O|  |TAMS 0x000000074b200000, 0x000000074b000000| Untracked 
|  77|0x000000074b200000, 0x000000074b400000, 0x000000074b400000|100%| O|  |TAMS 0x000000074b400000, 0x000000074b200000| Untracked 
|  78|0x000000074b400000, 0x000000074b600000, 0x000000074b600000|100%| O|  |TAMS 0x000000074b600000, 0x000000074b400000| Untracked 
|  79|0x000000074b600000, 0x000000074b800000, 0x000000074b800000|100%| O|  |TAMS 0x000000074b800000, 0x000000074b600000| Untracked 
|  80|0x000000074b800000, 0x000000074ba00000, 0x000000074ba00000|100%| O|  |TAMS 0x000000074ba00000, 0x000000074b800000| Untracked 
|  81|0x000000074ba00000, 0x000000074bc00000, 0x000000074bc00000|100%| O|  |TAMS 0x000000074bc00000, 0x000000074ba00000| Untracked 
|  82|0x000000074bc00000, 0x000000074be00000, 0x000000074be00000|100%| O|  |TAMS 0x000000074be00000, 0x000000074bc00000| Untracked 
|  83|0x000000074be00000, 0x000000074c000000, 0x000000074c000000|100%| O|  |TAMS 0x000000074c000000, 0x000000074be00000| Untracked 
|  84|0x000000074c000000, 0x000000074c200000, 0x000000074c200000|100%| O|  |TAMS 0x000000074c200000, 0x000000074c000000| Untracked 
|  85|0x000000074c200000, 0x000000074c400000, 0x000000074c400000|100%| O|  |TAMS 0x000000074c400000, 0x000000074c200000| Untracked 
|  86|0x000000074c400000, 0x000000074c600000, 0x000000074c600000|100%| O|  |TAMS 0x000000074c600000, 0x000000074c400000| Untracked 
|  87|0x000000074c600000, 0x000000074c800000, 0x000000074c800000|100%| O|  |TAMS 0x000000074c800000, 0x000000074c600000| Untracked 
|  88|0x000000074c800000, 0x000000074ca00000, 0x000000074ca00000|100%| O|  |TAMS 0x000000074ca00000, 0x000000074c800000| Untracked 
|  89|0x000000074ca00000, 0x000000074cc00000, 0x000000074cc00000|100%| O|  |TAMS 0x000000074cc00000, 0x000000074ca00000| Untracked 
|  90|0x000000074cc00000, 0x000000074ce00000, 0x000000074ce00000|100%| O|  |TAMS 0x000000074ce00000, 0x000000074cc00000| Untracked 
|  91|0x000000074ce00000, 0x000000074d000000, 0x000000074d000000|100%| O|  |TAMS 0x000000074d000000, 0x000000074ce00000| Untracked 
|  92|0x000000074d000000, 0x000000074d200000, 0x000000074d200000|100%| O|  |TAMS 0x000000074d200000, 0x000000074d000000| Untracked 
|  93|0x000000074d200000, 0x000000074d400000, 0x000000074d400000|100%| O|  |TAMS 0x000000074d400000, 0x000000074d200000| Untracked 
|  94|0x000000074d400000, 0x000000074d600000, 0x000000074d600000|100%| O|  |TAMS 0x000000074d600000, 0x000000074d400000| Untracked 
|  95|0x000000074d600000, 0x000000074d800000, 0x000000074d800000|100%| O|  |TAMS 0x000000074d800000, 0x000000074d600000| Untracked 
|  96|0x000000074d800000, 0x000000074da00000, 0x000000074da00000|100%| O|  |TAMS 0x000000074da00000, 0x000000074d800000| Untracked 
|  97|0x000000074da00000, 0x000000074dc00000, 0x000000074dc00000|100%| O|  |TAMS 0x000000074dc00000, 0x000000074da00000| Untracked 
|  98|0x000000074dc00000, 0x000000074de00000, 0x000000074de00000|100%| O|  |TAMS 0x000000074de00000, 0x000000074dc00000| Untracked 
|  99|0x000000074de00000, 0x000000074e000000, 0x000000074e000000|100%| O|  |TAMS 0x000000074e000000, 0x000000074de00000| Untracked 
| 100|0x000000074e000000, 0x000000074e200000, 0x000000074e200000|100%| O|  |TAMS 0x000000074e200000, 0x000000074e000000| Untracked 
| 101|0x000000074e200000, 0x000000074e400000, 0x000000074e400000|100%| O|  |TAMS 0x000000074e400000, 0x000000074e200000| Untracked 
| 102|0x000000074e400000, 0x000000074e600000, 0x000000074e600000|100%| O|  |TAMS 0x000000074e600000, 0x000000074e400000| Untracked 
| 103|0x000000074e600000, 0x000000074e800000, 0x000000074e800000|100%| O|  |TAMS 0x000000074e800000, 0x000000074e600000| Untracked 
| 104|0x000000074e800000, 0x000000074ea00000, 0x000000074ea00000|100%| O|  |TAMS 0x000000074ea00000, 0x000000074e800000| Untracked 
| 105|0x000000074ea00000, 0x000000074ec00000, 0x000000074ec00000|100%| O|  |TAMS 0x000000074ec00000, 0x000000074ea00000| Untracked 
| 106|0x000000074ec00000, 0x000000074ee00000, 0x000000074ee00000|100%| O|  |TAMS 0x000000074ee00000, 0x000000074ec00000| Untracked 
| 107|0x000000074ee00000, 0x000000074f000000, 0x000000074f000000|100%| O|  |TAMS 0x000000074f000000, 0x000000074ee00000| Untracked 
| 108|0x000000074f000000, 0x000000074f200000, 0x000000074f200000|100%| O|  |TAMS 0x000000074f200000, 0x000000074f000000| Untracked 
| 109|0x000000074f200000, 0x000000074f400000, 0x000000074f400000|100%| O|  |TAMS 0x000000074f400000, 0x000000074f200000| Untracked 
| 110|0x000000074f400000, 0x000000074f600000, 0x000000074f600000|100%| O|  |TAMS 0x000000074f600000, 0x000000074f400000| Untracked 
| 111|0x000000074f600000, 0x000000074f800000, 0x000000074f800000|100%| O|  |TAMS 0x000000074f800000, 0x000000074f600000| Untracked 
| 112|0x000000074f800000, 0x000000074fa00000, 0x000000074fa00000|100%| O|  |TAMS 0x000000074fa00000, 0x000000074f800000| Untracked 
| 113|0x000000074fa00000, 0x000000074fc00000, 0x000000074fc00000|100%| O|  |TAMS 0x000000074fc00000, 0x000000074fa00000| Untracked 
| 114|0x000000074fc00000, 0x000000074fe00000, 0x000000074fe00000|100%| O|  |TAMS 0x000000074fe00000, 0x000000074fc00000| Untracked 
| 115|0x000000074fe00000, 0x0000000750000000, 0x0000000750000000|100%| O|  |TAMS 0x0000000750000000, 0x000000074fe00000| Untracked 
| 116|0x0000000750000000, 0x0000000750200000, 0x0000000750200000|100%| O|  |TAMS 0x0000000750200000, 0x0000000750000000| Untracked 
| 117|0x0000000750200000, 0x0000000750400000, 0x0000000750400000|100%| O|  |TAMS 0x0000000750400000, 0x0000000750200000| Untracked 
| 118|0x0000000750400000, 0x0000000750600000, 0x0000000750600000|100%| O|  |TAMS 0x0000000750600000, 0x0000000750400000| Untracked 
| 119|0x0000000750600000, 0x0000000750800000, 0x0000000750800000|100%| O|  |TAMS 0x0000000750800000, 0x0000000750600000| Untracked 
| 120|0x0000000750800000, 0x0000000750a00000, 0x0000000750a00000|100%| O|  |TAMS 0x0000000750a00000, 0x0000000750800000| Untracked 
| 121|0x0000000750a00000, 0x0000000750c00000, 0x0000000750c00000|100%| O|  |TAMS 0x0000000750c00000, 0x0000000750a00000| Untracked 
| 122|0x0000000750c00000, 0x0000000750e00000, 0x0000000750e00000|100%| O|  |TAMS 0x0000000750e00000, 0x0000000750c00000| Untracked 
| 123|0x0000000750e00000, 0x0000000751000000, 0x0000000751000000|100%| O|  |TAMS 0x0000000751000000, 0x0000000750e00000| Untracked 
| 124|0x0000000751000000, 0x0000000751200000, 0x0000000751200000|100%| O|  |TAMS 0x0000000751200000, 0x0000000751000000| Untracked 
| 125|0x0000000751200000, 0x0000000751400000, 0x0000000751400000|100%| O|  |TAMS 0x0000000751400000, 0x0000000751200000| Untracked 
| 126|0x0000000751400000, 0x0000000751600000, 0x0000000751600000|100%| O|  |TAMS 0x0000000751600000, 0x0000000751400000| Untracked 
| 127|0x0000000751600000, 0x0000000751800000, 0x0000000751800000|100%| O|  |TAMS 0x0000000751800000, 0x0000000751600000| Untracked 
| 128|0x0000000751800000, 0x0000000751a00000, 0x0000000751a00000|100%| O|  |TAMS 0x0000000751a00000, 0x0000000751800000| Untracked 
| 129|0x0000000751a00000, 0x0000000751c00000, 0x0000000751c00000|100%| O|  |TAMS 0x0000000751c00000, 0x0000000751a00000| Untracked 
| 130|0x0000000751c00000, 0x0000000751e00000, 0x0000000751e00000|100%| O|  |TAMS 0x0000000751e00000, 0x0000000751c00000| Untracked 
| 131|0x0000000751e00000, 0x0000000752000000, 0x0000000752000000|100%| O|  |TAMS 0x0000000752000000, 0x0000000751e00000| Untracked 
| 132|0x0000000752000000, 0x0000000752200000, 0x0000000752200000|100%| O|  |TAMS 0x0000000752200000, 0x0000000752000000| Untracked 
| 133|0x0000000752200000, 0x0000000752400000, 0x0000000752400000|100%| O|  |TAMS 0x0000000752400000, 0x0000000752200000| Untracked 
| 134|0x0000000752400000, 0x0000000752600000, 0x0000000752600000|100%| O|  |TAMS 0x0000000752600000, 0x0000000752400000| Untracked 
| 135|0x0000000752600000, 0x0000000752800000, 0x0000000752800000|100%| O|  |TAMS 0x0000000752800000, 0x0000000752600000| Untracked 
| 136|0x0000000752800000, 0x0000000752a00000, 0x0000000752a00000|100%| O|  |TAMS 0x0000000752a00000, 0x0000000752800000| Untracked 
| 137|0x0000000752a00000, 0x0000000752c00000, 0x0000000752c00000|100%| O|  |TAMS 0x0000000752c00000, 0x0000000752a00000| Untracked 
| 138|0x0000000752c00000, 0x0000000752e00000, 0x0000000752e00000|100%| O|  |TAMS 0x0000000752e00000, 0x0000000752c00000| Untracked 
| 139|0x0000000752e00000, 0x0000000753000000, 0x0000000753000000|100%| O|  |TAMS 0x0000000753000000, 0x0000000752e00000| Untracked 
| 140|0x0000000753000000, 0x0000000753200000, 0x0000000753200000|100%| O|  |TAMS 0x0000000753200000, 0x0000000753000000| Untracked 
| 141|0x0000000753200000, 0x0000000753400000, 0x0000000753400000|100%| O|  |TAMS 0x0000000753400000, 0x0000000753200000| Untracked 
| 142|0x0000000753400000, 0x0000000753600000, 0x0000000753600000|100%| O|  |TAMS 0x0000000753600000, 0x0000000753400000| Untracked 
| 143|0x0000000753600000, 0x0000000753800000, 0x0000000753800000|100%| O|  |TAMS 0x0000000753800000, 0x0000000753600000| Untracked 
| 144|0x0000000753800000, 0x0000000753a00000, 0x0000000753a00000|100%| O|  |TAMS 0x0000000753a00000, 0x0000000753800000| Untracked 
| 145|0x0000000753a00000, 0x0000000753c00000, 0x0000000753c00000|100%| O|  |TAMS 0x0000000753c00000, 0x0000000753a00000| Untracked 
| 146|0x0000000753c00000, 0x0000000753e00000, 0x0000000753e00000|100%| O|  |TAMS 0x0000000753e00000, 0x0000000753c00000| Untracked 
| 147|0x0000000753e00000, 0x0000000754000000, 0x0000000754000000|100%| O|  |TAMS 0x0000000754000000, 0x0000000753e00000| Untracked 
| 148|0x0000000754000000, 0x0000000754200000, 0x0000000754200000|100%| O|  |TAMS 0x0000000754200000, 0x0000000754000000| Untracked 
| 149|0x0000000754200000, 0x0000000754400000, 0x0000000754400000|100%| O|  |TAMS 0x0000000754400000, 0x0000000754200000| Untracked 
| 150|0x0000000754400000, 0x0000000754600000, 0x0000000754600000|100%| O|  |TAMS 0x0000000754600000, 0x0000000754400000| Untracked 
| 151|0x0000000754600000, 0x0000000754800000, 0x0000000754800000|100%| O|  |TAMS 0x0000000754800000, 0x0000000754600000| Untracked 
| 152|0x0000000754800000, 0x0000000754a00000, 0x0000000754a00000|100%| O|  |TAMS 0x0000000754800000, 0x0000000754800000| Untracked 
| 153|0x0000000754a00000, 0x0000000754c00000, 0x0000000754c00000|100%| O|  |TAMS 0x0000000754c00000, 0x0000000754a00000| Untracked 
| 154|0x0000000754c00000, 0x0000000754e00000, 0x0000000754e00000|100%| O|  |TAMS 0x0000000754e00000, 0x0000000754c00000| Untracked 
| 155|0x0000000754e00000, 0x0000000755000000, 0x0000000755000000|100%| O|  |TAMS 0x0000000754f05200, 0x0000000754e00000| Untracked 
| 156|0x0000000755000000, 0x0000000755200000, 0x0000000755200000|100%| O|  |TAMS 0x0000000755200000, 0x0000000755000000| Untracked 
| 157|0x0000000755200000, 0x0000000755372600, 0x0000000755400000| 72%| O|  |TAMS 0x0000000755200000, 0x0000000755200000| Untracked 
| 158|0x0000000755400000, 0x0000000755400000, 0x0000000755600000|  0%| F|  |TAMS 0x0000000755400000, 0x0000000755400000| Untracked 
| 159|0x0000000755600000, 0x0000000755600000, 0x0000000755800000|  0%| F|  |TAMS 0x0000000755600000, 0x0000000755600000| Untracked 
| 160|0x0000000755800000, 0x0000000755800000, 0x0000000755a00000|  0%| F|  |TAMS 0x0000000755800000, 0x0000000755800000| Untracked 
| 161|0x0000000755a00000, 0x0000000755a00000, 0x0000000755c00000|  0%| F|  |TAMS 0x0000000755a00000, 0x0000000755a00000| Untracked 
| 162|0x0000000755c00000, 0x0000000755c00000, 0x0000000755e00000|  0%| F|  |TAMS 0x0000000755c00000, 0x0000000755c00000| Untracked 
| 163|0x0000000755e00000, 0x0000000755e00000, 0x0000000756000000|  0%| F|  |TAMS 0x0000000755e00000, 0x0000000755e00000| Untracked 
| 164|0x0000000756000000, 0x0000000756000000, 0x0000000756200000|  0%| F|  |TAMS 0x0000000756000000, 0x0000000756000000| Untracked 
| 165|0x0000000756200000, 0x0000000756200000, 0x0000000756400000|  0%| F|  |TAMS 0x0000000756200000, 0x0000000756200000| Untracked 
| 166|0x0000000756400000, 0x0000000756400000, 0x0000000756600000|  0%| F|  |TAMS 0x0000000756400000, 0x0000000756400000| Untracked 
| 167|0x0000000756600000, 0x0000000756600000, 0x0000000756800000|  0%| F|  |TAMS 0x0000000756600000, 0x0000000756600000| Untracked 
| 168|0x0000000756800000, 0x0000000756800000, 0x0000000756a00000|  0%| F|  |TAMS 0x0000000756800000, 0x0000000756800000| Untracked 
| 169|0x0000000756a00000, 0x0000000756a00000, 0x0000000756c00000|  0%| F|  |TAMS 0x0000000756a00000, 0x0000000756a00000| Untracked 
| 170|0x0000000756c00000, 0x0000000756c00000, 0x0000000756e00000|  0%| F|  |TAMS 0x0000000756c00000, 0x0000000756c00000| Untracked 
| 171|0x0000000756e00000, 0x0000000756e00000, 0x0000000757000000|  0%| F|  |TAMS 0x0000000756e00000, 0x0000000756e00000| Untracked 
| 172|0x0000000757000000, 0x0000000757000000, 0x0000000757200000|  0%| F|  |TAMS 0x0000000757000000, 0x0000000757000000| Untracked 
| 173|0x0000000757200000, 0x0000000757200000, 0x0000000757400000|  0%| F|  |TAMS 0x0000000757200000, 0x0000000757200000| Untracked 
| 174|0x0000000757400000, 0x0000000757400000, 0x0000000757600000|  0%| F|  |TAMS 0x0000000757400000, 0x0000000757400000| Untracked 
| 175|0x0000000757600000, 0x0000000757600000, 0x0000000757800000|  0%| F|  |TAMS 0x0000000757600000, 0x0000000757600000| Untracked 
| 176|0x0000000757800000, 0x0000000757800000, 0x0000000757a00000|  0%| F|  |TAMS 0x0000000757800000, 0x0000000757800000| Untracked 
| 177|0x0000000757a00000, 0x0000000757a00000, 0x0000000757c00000|  0%| F|  |TAMS 0x0000000757a00000, 0x0000000757a00000| Untracked 
| 178|0x0000000757c00000, 0x0000000757c00000, 0x0000000757e00000|  0%| F|  |TAMS 0x0000000757c00000, 0x0000000757c00000| Untracked 
| 179|0x0000000757e00000, 0x0000000757e00000, 0x0000000758000000|  0%| F|  |TAMS 0x0000000757e00000, 0x0000000757e00000| Untracked 
| 180|0x0000000758000000, 0x0000000758000000, 0x0000000758200000|  0%| F|  |TAMS 0x0000000758000000, 0x0000000758000000| Untracked 
| 181|0x0000000758200000, 0x0000000758200000, 0x0000000758400000|  0%| F|  |TAMS 0x0000000758200000, 0x0000000758200000| Untracked 
| 182|0x0000000758400000, 0x0000000758400000, 0x0000000758600000|  0%| F|  |TAMS 0x0000000758400000, 0x0000000758400000| Untracked 
| 183|0x0000000758600000, 0x0000000758600000, 0x0000000758800000|  0%| F|  |TAMS 0x0000000758600000, 0x0000000758600000| Untracked 
| 184|0x0000000758800000, 0x0000000758800000, 0x0000000758a00000|  0%| F|  |TAMS 0x0000000758800000, 0x0000000758800000| Untracked 
| 185|0x0000000758a00000, 0x0000000758a00000, 0x0000000758c00000|  0%| F|  |TAMS 0x0000000758a00000, 0x0000000758a00000| Untracked 
| 186|0x0000000758c00000, 0x0000000758c00000, 0x0000000758e00000|  0%| F|  |TAMS 0x0000000758c00000, 0x0000000758c00000| Untracked 
| 187|0x0000000758e00000, 0x0000000758e00000, 0x0000000759000000|  0%| F|  |TAMS 0x0000000758e00000, 0x0000000758e00000| Untracked 
| 188|0x0000000759000000, 0x0000000759000000, 0x0000000759200000|  0%| F|  |TAMS 0x0000000759000000, 0x0000000759000000| Untracked 
| 189|0x0000000759200000, 0x0000000759200000, 0x0000000759400000|  0%| F|  |TAMS 0x0000000759200000, 0x0000000759200000| Untracked 
| 190|0x0000000759400000, 0x0000000759400000, 0x0000000759600000|  0%| F|  |TAMS 0x0000000759400000, 0x0000000759400000| Untracked 
| 191|0x0000000759600000, 0x0000000759600000, 0x0000000759800000|  0%| F|  |TAMS 0x0000000759600000, 0x0000000759600000| Untracked 
| 192|0x0000000759800000, 0x0000000759800000, 0x0000000759a00000|  0%| F|  |TAMS 0x0000000759800000, 0x0000000759800000| Untracked 
| 193|0x0000000759a00000, 0x0000000759a00000, 0x0000000759c00000|  0%| F|  |TAMS 0x0000000759a00000, 0x0000000759a00000| Untracked 
| 194|0x0000000759c00000, 0x0000000759c00000, 0x0000000759e00000|  0%| F|  |TAMS 0x0000000759c00000, 0x0000000759c00000| Untracked 
| 195|0x0000000759e00000, 0x0000000759e00000, 0x000000075a000000|  0%| F|  |TAMS 0x0000000759e00000, 0x0000000759e00000| Untracked 
| 196|0x000000075a000000, 0x000000075a000000, 0x000000075a200000|  0%| F|  |TAMS 0x000000075a000000, 0x000000075a000000| Untracked 
| 197|0x000000075a200000, 0x000000075a200000, 0x000000075a400000|  0%| F|  |TAMS 0x000000075a200000, 0x000000075a200000| Untracked 
| 198|0x000000075a400000, 0x000000075a400000, 0x000000075a600000|  0%| F|  |TAMS 0x000000075a400000, 0x000000075a400000| Untracked 
| 199|0x000000075a600000, 0x000000075a600000, 0x000000075a800000|  0%| F|  |TAMS 0x000000075a600000, 0x000000075a600000| Untracked 
| 200|0x000000075a800000, 0x000000075a800000, 0x000000075aa00000|  0%| F|  |TAMS 0x000000075a800000, 0x000000075a800000| Untracked 
| 201|0x000000075aa00000, 0x000000075aa00000, 0x000000075ac00000|  0%| F|  |TAMS 0x000000075aa00000, 0x000000075aa00000| Untracked 
| 202|0x000000075ac00000, 0x000000075ac00000, 0x000000075ae00000|  0%| F|  |TAMS 0x000000075ac00000, 0x000000075ac00000| Untracked 
| 203|0x000000075ae00000, 0x000000075ae00000, 0x000000075b000000|  0%| F|  |TAMS 0x000000075ae00000, 0x000000075ae00000| Untracked 
| 204|0x000000075b000000, 0x000000075b000000, 0x000000075b200000|  0%| F|  |TAMS 0x000000075b000000, 0x000000075b000000| Untracked 
| 205|0x000000075b200000, 0x000000075b200000, 0x000000075b400000|  0%| F|  |TAMS 0x000000075b200000, 0x000000075b200000| Untracked 
| 206|0x000000075b400000, 0x000000075b400000, 0x000000075b600000|  0%| F|  |TAMS 0x000000075b400000, 0x000000075b400000| Untracked 
| 207|0x000000075b600000, 0x000000075b600000, 0x000000075b800000|  0%| F|  |TAMS 0x000000075b600000, 0x000000075b600000| Untracked 
| 208|0x000000075b800000, 0x000000075b800000, 0x000000075ba00000|  0%| F|  |TAMS 0x000000075b800000, 0x000000075b800000| Untracked 
| 209|0x000000075ba00000, 0x000000075ba00000, 0x000000075bc00000|  0%| F|  |TAMS 0x000000075ba00000, 0x000000075ba00000| Untracked 
| 210|0x000000075bc00000, 0x000000075bc00000, 0x000000075be00000|  0%| F|  |TAMS 0x000000075bc00000, 0x000000075bc00000| Untracked 
| 211|0x000000075be00000, 0x000000075be00000, 0x000000075c000000|  0%| F|  |TAMS 0x000000075be00000, 0x000000075be00000| Untracked 
| 212|0x000000075c000000, 0x000000075c000000, 0x000000075c200000|  0%| F|  |TAMS 0x000000075c000000, 0x000000075c000000| Untracked 
| 213|0x000000075c200000, 0x000000075c200000, 0x000000075c400000|  0%| F|  |TAMS 0x000000075c200000, 0x000000075c200000| Untracked 
| 214|0x000000075c400000, 0x000000075c400000, 0x000000075c600000|  0%| F|  |TAMS 0x000000075c400000, 0x000000075c400000| Untracked 
| 215|0x000000075c600000, 0x000000075c600000, 0x000000075c800000|  0%| F|  |TAMS 0x000000075c600000, 0x000000075c600000| Untracked 
| 216|0x000000075c800000, 0x000000075c800000, 0x000000075ca00000|  0%| F|  |TAMS 0x000000075c800000, 0x000000075c800000| Untracked 
| 217|0x000000075ca00000, 0x000000075ca00000, 0x000000075cc00000|  0%| F|  |TAMS 0x000000075ca00000, 0x000000075ca00000| Untracked 
| 218|0x000000075cc00000, 0x000000075cc00000, 0x000000075ce00000|  0%| F|  |TAMS 0x000000075cc00000, 0x000000075cc00000| Untracked 
| 219|0x000000075ce00000, 0x000000075ce00000, 0x000000075d000000|  0%| F|  |TAMS 0x000000075ce00000, 0x000000075ce00000| Untracked 
| 220|0x000000075d000000, 0x000000075d200000, 0x000000075d200000|100%| O|  |TAMS 0x000000075d200000, 0x000000075d000000| Untracked 
| 221|0x000000075d200000, 0x000000075d200000, 0x000000075d400000|  0%| F|  |TAMS 0x000000075d200000, 0x000000075d200000| Untracked 
| 222|0x000000075d400000, 0x000000075d400000, 0x000000075d600000|  0%| F|  |TAMS 0x000000075d400000, 0x000000075d400000| Untracked 
| 223|0x000000075d600000, 0x000000075d600000, 0x000000075d800000|  0%| F|  |TAMS 0x000000075d600000, 0x000000075d600000| Untracked 
| 224|0x000000075d800000, 0x000000075d800000, 0x000000075da00000|  0%| F|  |TAMS 0x000000075d800000, 0x000000075d800000| Untracked 
| 225|0x000000075da00000, 0x000000075da00000, 0x000000075dc00000|  0%| F|  |TAMS 0x000000075da00000, 0x000000075da00000| Untracked 
| 226|0x000000075dc00000, 0x000000075dc00000, 0x000000075de00000|  0%| F|  |TAMS 0x000000075dc00000, 0x000000075dc00000| Untracked 
| 227|0x000000075de00000, 0x000000075de00000, 0x000000075e000000|  0%| F|  |TAMS 0x000000075de00000, 0x000000075de00000| Untracked 
| 228|0x000000075e000000, 0x000000075e000000, 0x000000075e200000|  0%| F|  |TAMS 0x000000075e000000, 0x000000075e000000| Untracked 
| 229|0x000000075e200000, 0x000000075e200000, 0x000000075e400000|  0%| F|  |TAMS 0x000000075e200000, 0x000000075e200000| Untracked 
| 230|0x000000075e400000, 0x000000075e400000, 0x000000075e600000|  0%| F|  |TAMS 0x000000075e400000, 0x000000075e400000| Untracked 
| 231|0x000000075e600000, 0x000000075e600000, 0x000000075e800000|  0%| F|  |TAMS 0x000000075e600000, 0x000000075e600000| Untracked 
| 232|0x000000075e800000, 0x000000075e800000, 0x000000075ea00000|  0%| F|  |TAMS 0x000000075e800000, 0x000000075e800000| Untracked 
| 233|0x000000075ea00000, 0x000000075ea00000, 0x000000075ec00000|  0%| F|  |TAMS 0x000000075ea00000, 0x000000075ea00000| Untracked 
| 234|0x000000075ec00000, 0x000000075ec00000, 0x000000075ee00000|  0%| F|  |TAMS 0x000000075ec00000, 0x000000075ec00000| Untracked 
| 235|0x000000075ee00000, 0x000000075ee00000, 0x000000075f000000|  0%| F|  |TAMS 0x000000075ee00000, 0x000000075ee00000| Untracked 
| 236|0x000000075f000000, 0x000000075f000000, 0x000000075f200000|  0%| F|  |TAMS 0x000000075f000000, 0x000000075f000000| Untracked 
| 237|0x000000075f200000, 0x000000075f200000, 0x000000075f400000|  0%| F|  |TAMS 0x000000075f200000, 0x000000075f200000| Untracked 
| 238|0x000000075f400000, 0x000000075f400000, 0x000000075f600000|  0%| F|  |TAMS 0x000000075f400000, 0x000000075f400000| Untracked 
| 239|0x000000075f600000, 0x000000075f600000, 0x000000075f800000|  0%| F|  |TAMS 0x000000075f600000, 0x000000075f600000| Untracked 
| 240|0x000000075f800000, 0x000000075f800000, 0x000000075fa00000|  0%| F|  |TAMS 0x000000075f800000, 0x000000075f800000| Untracked 
| 241|0x000000075fa00000, 0x000000075fa00000, 0x000000075fc00000|  0%| F|  |TAMS 0x000000075fa00000, 0x000000075fa00000| Untracked 
| 242|0x000000075fc00000, 0x000000075fc00000, 0x000000075fe00000|  0%| F|  |TAMS 0x000000075fc00000, 0x000000075fc00000| Untracked 
| 243|0x000000075fe00000, 0x000000075fe00000, 0x0000000760000000|  0%| F|  |TAMS 0x000000075fe00000, 0x000000075fe00000| Untracked 
| 244|0x0000000760000000, 0x0000000760000000, 0x0000000760200000|  0%| F|  |TAMS 0x0000000760000000, 0x0000000760000000| Untracked 
| 245|0x0000000760200000, 0x0000000760200000, 0x0000000760400000|  0%| F|  |TAMS 0x0000000760200000, 0x0000000760200000| Untracked 
| 246|0x0000000760400000, 0x0000000760400000, 0x0000000760600000|  0%| F|  |TAMS 0x0000000760400000, 0x0000000760400000| Untracked 
| 247|0x0000000760600000, 0x0000000760600000, 0x0000000760800000|  0%| F|  |TAMS 0x0000000760600000, 0x0000000760600000| Untracked 
| 248|0x0000000760800000, 0x0000000760800000, 0x0000000760a00000|  0%| F|  |TAMS 0x0000000760800000, 0x0000000760800000| Untracked 
| 249|0x0000000760a00000, 0x0000000760a00000, 0x0000000760c00000|  0%| F|  |TAMS 0x0000000760a00000, 0x0000000760a00000| Untracked 
| 250|0x0000000760c00000, 0x0000000760c00000, 0x0000000760e00000|  0%| F|  |TAMS 0x0000000760c00000, 0x0000000760c00000| Untracked 
| 251|0x0000000760e00000, 0x0000000760e00000, 0x0000000761000000|  0%| F|  |TAMS 0x0000000760e00000, 0x0000000760e00000| Untracked 
| 252|0x0000000761000000, 0x0000000761000000, 0x0000000761200000|  0%| F|  |TAMS 0x0000000761000000, 0x0000000761000000| Untracked 
| 253|0x0000000761200000, 0x0000000761200000, 0x0000000761400000|  0%| F|  |TAMS 0x0000000761200000, 0x0000000761200000| Untracked 
| 254|0x0000000761400000, 0x0000000761400000, 0x0000000761600000|  0%| F|  |TAMS 0x0000000761400000, 0x0000000761400000| Untracked 
| 255|0x0000000761600000, 0x0000000761600000, 0x0000000761800000|  0%| F|  |TAMS 0x0000000761600000, 0x0000000761600000| Untracked 
| 256|0x0000000761800000, 0x0000000761800000, 0x0000000761a00000|  0%| F|  |TAMS 0x0000000761800000, 0x0000000761800000| Untracked 
| 257|0x0000000761a00000, 0x0000000761a00000, 0x0000000761c00000|  0%| F|  |TAMS 0x0000000761a00000, 0x0000000761a00000| Untracked 
| 258|0x0000000761c00000, 0x0000000761e00000, 0x0000000761e00000|100%| O|  |TAMS 0x0000000761e00000, 0x0000000761c00000| Untracked 
| 259|0x0000000761e00000, 0x0000000761e00000, 0x0000000762000000|  0%| F|  |TAMS 0x0000000761e00000, 0x0000000761e00000| Untracked 
| 260|0x0000000762000000, 0x0000000762000000, 0x0000000762200000|  0%| F|  |TAMS 0x0000000762000000, 0x0000000762000000| Untracked 
| 261|0x0000000762200000, 0x0000000762200000, 0x0000000762400000|  0%| F|  |TAMS 0x0000000762200000, 0x0000000762200000| Untracked 
| 262|0x0000000762400000, 0x0000000762400000, 0x0000000762600000|  0%| F|  |TAMS 0x0000000762400000, 0x0000000762400000| Untracked 
| 263|0x0000000762600000, 0x0000000762600000, 0x0000000762800000|  0%| F|  |TAMS 0x0000000762600000, 0x0000000762600000| Untracked 
| 264|0x0000000762800000, 0x0000000762800000, 0x0000000762a00000|  0%| F|  |TAMS 0x0000000762800000, 0x0000000762800000| Untracked 
| 265|0x0000000762a00000, 0x0000000762a00000, 0x0000000762c00000|  0%| F|  |TAMS 0x0000000762a00000, 0x0000000762a00000| Untracked 
| 266|0x0000000762c00000, 0x0000000762c00000, 0x0000000762e00000|  0%| F|  |TAMS 0x0000000762c00000, 0x0000000762c00000| Untracked 
| 267|0x0000000762e00000, 0x0000000763000000, 0x0000000763000000|100%| O|  |TAMS 0x0000000763000000, 0x0000000762e00000| Untracked 
| 268|0x0000000763000000, 0x0000000763000000, 0x0000000763200000|  0%| F|  |TAMS 0x0000000763000000, 0x0000000763000000| Untracked 
| 269|0x0000000763200000, 0x0000000763200000, 0x0000000763400000|  0%| F|  |TAMS 0x0000000763200000, 0x0000000763200000| Untracked 
| 270|0x0000000763400000, 0x0000000763400000, 0x0000000763600000|  0%| F|  |TAMS 0x0000000763400000, 0x0000000763400000| Untracked 
| 271|0x0000000763600000, 0x0000000763600000, 0x0000000763800000|  0%| F|  |TAMS 0x0000000763600000, 0x0000000763600000| Untracked 
| 272|0x0000000763800000, 0x0000000763800000, 0x0000000763a00000|  0%| F|  |TAMS 0x0000000763800000, 0x0000000763800000| Untracked 
| 273|0x0000000763a00000, 0x0000000763c00000, 0x0000000763c00000|100%| O|  |TAMS 0x0000000763c00000, 0x0000000763a00000| Untracked 
| 274|0x0000000763c00000, 0x0000000763c00000, 0x0000000763e00000|  0%| F|  |TAMS 0x0000000763c00000, 0x0000000763c00000| Untracked 
| 275|0x0000000763e00000, 0x0000000764000000, 0x0000000764000000|100%| O|  |TAMS 0x0000000764000000, 0x0000000763e00000| Untracked 
| 276|0x0000000764000000, 0x0000000764200000, 0x0000000764200000|100%| O|  |TAMS 0x0000000764200000, 0x0000000764000000| Untracked 
| 277|0x0000000764200000, 0x0000000764400000, 0x0000000764400000|100%| O|  |TAMS 0x0000000764400000, 0x0000000764200000| Untracked 
| 278|0x0000000764400000, 0x0000000764600000, 0x0000000764600000|100%| O|  |TAMS 0x0000000764600000, 0x0000000764400000| Untracked 
| 279|0x0000000764600000, 0x0000000764800000, 0x0000000764800000|100%| O|  |TAMS 0x0000000764800000, 0x0000000764600000| Untracked 
| 280|0x0000000764800000, 0x0000000764a00000, 0x0000000764a00000|100%| O|  |TAMS 0x0000000764a00000, 0x0000000764800000| Untracked 
| 281|0x0000000764a00000, 0x0000000764c00000, 0x0000000764c00000|100%| O|  |TAMS 0x0000000764c00000, 0x0000000764a00000| Untracked 
| 282|0x0000000764c00000, 0x0000000764e00000, 0x0000000764e00000|100%| O|  |TAMS 0x0000000764e00000, 0x0000000764c00000| Untracked 
| 283|0x0000000764e00000, 0x0000000765000000, 0x0000000765000000|100%| O|  |TAMS 0x0000000765000000, 0x0000000764e00000| Untracked 
| 284|0x0000000765000000, 0x0000000765200000, 0x0000000765200000|100%| O|  |TAMS 0x0000000765200000, 0x0000000765000000| Untracked 
| 285|0x0000000765200000, 0x0000000765200000, 0x0000000765400000|  0%| F|  |TAMS 0x0000000765200000, 0x0000000765200000| Untracked 
| 286|0x0000000765400000, 0x0000000765400000, 0x0000000765600000|  0%| F|  |TAMS 0x0000000765400000, 0x0000000765400000| Untracked 
| 287|0x0000000765600000, 0x0000000765600000, 0x0000000765800000|  0%| F|  |TAMS 0x0000000765600000, 0x0000000765600000| Untracked 
| 288|0x0000000765800000, 0x0000000765a00000, 0x0000000765a00000|100%| O|  |TAMS 0x0000000765a00000, 0x0000000765800000| Untracked 
| 289|0x0000000765a00000, 0x0000000765c00000, 0x0000000765c00000|100%| O|  |TAMS 0x0000000765c00000, 0x0000000765a00000| Untracked 
| 290|0x0000000765c00000, 0x0000000765e00000, 0x0000000765e00000|100%| O|  |TAMS 0x0000000765e00000, 0x0000000765c00000| Untracked 
| 291|0x0000000765e00000, 0x0000000766000000, 0x0000000766000000|100%| O|  |TAMS 0x0000000766000000, 0x0000000765e00000| Untracked 
| 292|0x0000000766000000, 0x0000000766200000, 0x0000000766200000|100%| O|  |TAMS 0x0000000766200000, 0x0000000766000000| Untracked 
| 293|0x0000000766200000, 0x0000000766400000, 0x0000000766400000|100%| O|  |TAMS 0x0000000766400000, 0x0000000766200000| Untracked 
| 294|0x0000000766400000, 0x0000000766400000, 0x0000000766600000|  0%| F|  |TAMS 0x0000000766400000, 0x0000000766400000| Untracked 
| 295|0x0000000766600000, 0x0000000766600000, 0x0000000766800000|  0%| F|  |TAMS 0x0000000766600000, 0x0000000766600000| Untracked 
| 296|0x0000000766800000, 0x0000000766a00000, 0x0000000766a00000|100%| O|  |TAMS 0x0000000766a00000, 0x0000000766800000| Untracked 
| 297|0x0000000766a00000, 0x0000000766a00000, 0x0000000766c00000|  0%| F|  |TAMS 0x0000000766a00000, 0x0000000766a00000| Untracked 
| 298|0x0000000766c00000, 0x0000000766c00000, 0x0000000766e00000|  0%| F|  |TAMS 0x0000000766c00000, 0x0000000766c00000| Untracked 
| 299|0x0000000766e00000, 0x0000000766e00000, 0x0000000767000000|  0%| F|  |TAMS 0x0000000766e00000, 0x0000000766e00000| Untracked 
| 300|0x0000000767000000, 0x0000000767000000, 0x0000000767200000|  0%| F|  |TAMS 0x0000000767000000, 0x0000000767000000| Untracked 
| 301|0x0000000767200000, 0x0000000767200000, 0x0000000767400000|  0%| F|  |TAMS 0x0000000767200000, 0x0000000767200000| Untracked 
| 302|0x0000000767400000, 0x0000000767600000, 0x0000000767600000|100%| O|  |TAMS 0x0000000767600000, 0x0000000767400000| Untracked 
| 303|0x0000000767600000, 0x0000000767800000, 0x0000000767800000|100%| O|  |TAMS 0x0000000767800000, 0x0000000767600000| Untracked 
| 304|0x0000000767800000, 0x0000000767a00000, 0x0000000767a00000|100%| O|  |TAMS 0x0000000767a00000, 0x0000000767800000| Untracked 
| 305|0x0000000767a00000, 0x0000000767c00000, 0x0000000767c00000|100%| O|  |TAMS 0x0000000767c00000, 0x0000000767a00000| Untracked 
| 306|0x0000000767c00000, 0x0000000767e00000, 0x0000000767e00000|100%| O|  |TAMS 0x0000000767e00000, 0x0000000767c00000| Untracked 
| 307|0x0000000767e00000, 0x0000000768000000, 0x0000000768000000|100%| O|  |TAMS 0x0000000768000000, 0x0000000767e00000| Untracked 
| 308|0x0000000768000000, 0x0000000768200000, 0x0000000768200000|100%| O|  |TAMS 0x0000000768200000, 0x0000000768000000| Untracked 
| 309|0x0000000768200000, 0x0000000768400000, 0x0000000768400000|100%| O|  |TAMS 0x0000000768400000, 0x0000000768200000| Untracked 
| 310|0x0000000768400000, 0x0000000768600000, 0x0000000768600000|100%| O|  |TAMS 0x0000000768600000, 0x0000000768400000| Untracked 
| 311|0x0000000768600000, 0x0000000768800000, 0x0000000768800000|100%| O|  |TAMS 0x0000000768800000, 0x0000000768600000| Untracked 
| 312|0x0000000768800000, 0x0000000768a00000, 0x0000000768a00000|100%| O|  |TAMS 0x0000000768a00000, 0x0000000768800000| Untracked 
| 313|0x0000000768a00000, 0x0000000768a00000, 0x0000000768c00000|  0%| F|  |TAMS 0x0000000768a00000, 0x0000000768a00000| Untracked 
| 314|0x0000000768c00000, 0x0000000768c00000, 0x0000000768e00000|  0%| F|  |TAMS 0x0000000768c00000, 0x0000000768c00000| Untracked 
| 315|0x0000000768e00000, 0x0000000768e00000, 0x0000000769000000|  0%| F|  |TAMS 0x0000000768e00000, 0x0000000768e00000| Untracked 
| 316|0x0000000769000000, 0x0000000769000000, 0x0000000769200000|  0%| F|  |TAMS 0x0000000769000000, 0x0000000769000000| Untracked 
| 317|0x0000000769200000, 0x0000000769200000, 0x0000000769400000|  0%| F|  |TAMS 0x0000000769200000, 0x0000000769200000| Untracked 
| 318|0x0000000769400000, 0x0000000769400000, 0x0000000769600000|  0%| F|  |TAMS 0x0000000769400000, 0x0000000769400000| Untracked 
| 319|0x0000000769600000, 0x0000000769600000, 0x0000000769800000|  0%| F|  |TAMS 0x0000000769600000, 0x0000000769600000| Untracked 
| 320|0x0000000769800000, 0x0000000769800000, 0x0000000769a00000|  0%| F|  |TAMS 0x0000000769800000, 0x0000000769800000| Untracked 
| 321|0x0000000769a00000, 0x0000000769a00000, 0x0000000769c00000|  0%| F|  |TAMS 0x0000000769a00000, 0x0000000769a00000| Untracked 
| 322|0x0000000769c00000, 0x0000000769c00000, 0x0000000769e00000|  0%| F|  |TAMS 0x0000000769c00000, 0x0000000769c00000| Untracked 
| 323|0x0000000769e00000, 0x0000000769e00000, 0x000000076a000000|  0%| F|  |TAMS 0x0000000769e00000, 0x0000000769e00000| Untracked 
| 324|0x000000076a000000, 0x000000076a000000, 0x000000076a200000|  0%| F|  |TAMS 0x000000076a000000, 0x000000076a000000| Untracked 
| 325|0x000000076a200000, 0x000000076a200000, 0x000000076a400000|  0%| F|  |TAMS 0x000000076a200000, 0x000000076a200000| Untracked 
| 326|0x000000076a400000, 0x000000076a400000, 0x000000076a600000|  0%| F|  |TAMS 0x000000076a400000, 0x000000076a400000| Untracked 
| 327|0x000000076a600000, 0x000000076a600000, 0x000000076a800000|  0%| F|  |TAMS 0x000000076a600000, 0x000000076a600000| Untracked 
| 328|0x000000076a800000, 0x000000076a800000, 0x000000076aa00000|  0%| F|  |TAMS 0x000000076a800000, 0x000000076a800000| Untracked 
| 329|0x000000076aa00000, 0x000000076aa00000, 0x000000076ac00000|  0%| F|  |TAMS 0x000000076aa00000, 0x000000076aa00000| Untracked 
| 330|0x000000076ac00000, 0x000000076ac00000, 0x000000076ae00000|  0%| F|  |TAMS 0x000000076ac00000, 0x000000076ac00000| Untracked 
| 331|0x000000076ae00000, 0x000000076ae00000, 0x000000076b000000|  0%| F|  |TAMS 0x000000076ae00000, 0x000000076ae00000| Untracked 
| 332|0x000000076b000000, 0x000000076b000000, 0x000000076b200000|  0%| F|  |TAMS 0x000000076b000000, 0x000000076b000000| Untracked 
| 333|0x000000076b200000, 0x000000076b200000, 0x000000076b400000|  0%| F|  |TAMS 0x000000076b200000, 0x000000076b200000| Untracked 
| 334|0x000000076b400000, 0x000000076b400000, 0x000000076b600000|  0%| F|  |TAMS 0x000000076b400000, 0x000000076b400000| Untracked 
| 335|0x000000076b600000, 0x000000076b600000, 0x000000076b800000|  0%| F|  |TAMS 0x000000076b600000, 0x000000076b600000| Untracked 
| 336|0x000000076b800000, 0x000000076b800000, 0x000000076ba00000|  0%| F|  |TAMS 0x000000076b800000, 0x000000076b800000| Untracked 
| 337|0x000000076ba00000, 0x000000076ba00000, 0x000000076bc00000|  0%| F|  |TAMS 0x000000076ba00000, 0x000000076ba00000| Untracked 
| 338|0x000000076bc00000, 0x000000076bc00000, 0x000000076be00000|  0%| F|  |TAMS 0x000000076bc00000, 0x000000076bc00000| Untracked 
| 339|0x000000076be00000, 0x000000076be00000, 0x000000076c000000|  0%| F|  |TAMS 0x000000076be00000, 0x000000076be00000| Untracked 
| 340|0x000000076c000000, 0x000000076c000000, 0x000000076c200000|  0%| F|  |TAMS 0x000000076c000000, 0x000000076c000000| Untracked 
| 341|0x000000076c200000, 0x000000076c200000, 0x000000076c400000|  0%| F|  |TAMS 0x000000076c200000, 0x000000076c200000| Untracked 
| 342|0x000000076c400000, 0x000000076c400000, 0x000000076c600000|  0%| F|  |TAMS 0x000000076c400000, 0x000000076c400000| Untracked 
| 343|0x000000076c600000, 0x000000076c600000, 0x000000076c800000|  0%| F|  |TAMS 0x000000076c600000, 0x000000076c600000| Untracked 
| 344|0x000000076c800000, 0x000000076c800000, 0x000000076ca00000|  0%| F|  |TAMS 0x000000076c800000, 0x000000076c800000| Untracked 
| 345|0x000000076ca00000, 0x000000076ca00000, 0x000000076cc00000|  0%| F|  |TAMS 0x000000076ca00000, 0x000000076ca00000| Untracked 
| 346|0x000000076cc00000, 0x000000076cc00000, 0x000000076ce00000|  0%| F|  |TAMS 0x000000076cc00000, 0x000000076cc00000| Untracked 
| 347|0x000000076ce00000, 0x000000076ce00000, 0x000000076d000000|  0%| F|  |TAMS 0x000000076ce00000, 0x000000076ce00000| Untracked 
| 348|0x000000076d000000, 0x000000076d000000, 0x000000076d200000|  0%| F|  |TAMS 0x000000076d000000, 0x000000076d000000| Untracked 
| 349|0x000000076d200000, 0x000000076d200000, 0x000000076d400000|  0%| F|  |TAMS 0x000000076d200000, 0x000000076d200000| Untracked 
| 350|0x000000076d400000, 0x000000076d400000, 0x000000076d600000|  0%| F|  |TAMS 0x000000076d400000, 0x000000076d400000| Untracked 
| 351|0x000000076d600000, 0x000000076d600000, 0x000000076d800000|  0%| F|  |TAMS 0x000000076d600000, 0x000000076d600000| Untracked 
| 352|0x000000076d800000, 0x000000076d800000, 0x000000076da00000|  0%| F|  |TAMS 0x000000076d800000, 0x000000076d800000| Untracked 
| 353|0x000000076da00000, 0x000000076da00000, 0x000000076dc00000|  0%| F|  |TAMS 0x000000076da00000, 0x000000076da00000| Untracked 
| 354|0x000000076dc00000, 0x000000076dc00000, 0x000000076de00000|  0%| F|  |TAMS 0x000000076dc00000, 0x000000076dc00000| Untracked 
| 355|0x000000076de00000, 0x000000076de00000, 0x000000076e000000|  0%| F|  |TAMS 0x000000076de00000, 0x000000076de00000| Untracked 
| 356|0x000000076e000000, 0x000000076e000000, 0x000000076e200000|  0%| F|  |TAMS 0x000000076e000000, 0x000000076e000000| Untracked 
| 357|0x000000076e200000, 0x000000076e200000, 0x000000076e400000|  0%| F|  |TAMS 0x000000076e200000, 0x000000076e200000| Untracked 
| 358|0x000000076e400000, 0x000000076e400000, 0x000000076e600000|  0%| F|  |TAMS 0x000000076e400000, 0x000000076e400000| Untracked 
| 359|0x000000076e600000, 0x000000076e600000, 0x000000076e800000|  0%| F|  |TAMS 0x000000076e600000, 0x000000076e600000| Untracked 
| 360|0x000000076e800000, 0x000000076e800000, 0x000000076ea00000|  0%| F|  |TAMS 0x000000076e800000, 0x000000076e800000| Untracked 
| 361|0x000000076ea00000, 0x000000076ea00000, 0x000000076ec00000|  0%| F|  |TAMS 0x000000076ea00000, 0x000000076ea00000| Untracked 
| 362|0x000000076ec00000, 0x000000076ec00000, 0x000000076ee00000|  0%| F|  |TAMS 0x000000076ec00000, 0x000000076ec00000| Untracked 
| 363|0x000000076ee00000, 0x000000076ee00000, 0x000000076f000000|  0%| F|  |TAMS 0x000000076ee00000, 0x000000076ee00000| Untracked 
| 364|0x000000076f000000, 0x000000076f000000, 0x000000076f200000|  0%| F|  |TAMS 0x000000076f000000, 0x000000076f000000| Untracked 
| 365|0x000000076f200000, 0x000000076f200000, 0x000000076f400000|  0%| F|  |TAMS 0x000000076f200000, 0x000000076f200000| Untracked 
| 366|0x000000076f400000, 0x000000076f400000, 0x000000076f600000|  0%| F|  |TAMS 0x000000076f400000, 0x000000076f400000| Untracked 
| 367|0x000000076f600000, 0x000000076f600000, 0x000000076f800000|  0%| F|  |TAMS 0x000000076f600000, 0x000000076f600000| Untracked 
| 368|0x000000076f800000, 0x000000076f800000, 0x000000076fa00000|  0%| F|  |TAMS 0x000000076f800000, 0x000000076f800000| Untracked 
| 369|0x000000076fa00000, 0x000000076fa00000, 0x000000076fc00000|  0%| F|  |TAMS 0x000000076fa00000, 0x000000076fa00000| Untracked 
| 370|0x000000076fc00000, 0x000000076fc00000, 0x000000076fe00000|  0%| F|  |TAMS 0x000000076fc00000, 0x000000076fc00000| Untracked 
| 371|0x000000076fe00000, 0x000000076fe00000, 0x0000000770000000|  0%| F|  |TAMS 0x000000076fe00000, 0x000000076fe00000| Untracked 
| 372|0x0000000770000000, 0x0000000770000000, 0x0000000770200000|  0%| F|  |TAMS 0x0000000770000000, 0x0000000770000000| Untracked 
| 373|0x0000000770200000, 0x0000000770200000, 0x0000000770400000|  0%| F|  |TAMS 0x0000000770200000, 0x0000000770200000| Untracked 
| 374|0x0000000770400000, 0x0000000770400000, 0x0000000770600000|  0%| F|  |TAMS 0x0000000770400000, 0x0000000770400000| Untracked 
| 375|0x0000000770600000, 0x0000000770600000, 0x0000000770800000|  0%| F|  |TAMS 0x0000000770600000, 0x0000000770600000| Untracked 
| 376|0x0000000770800000, 0x0000000770800000, 0x0000000770a00000|  0%| F|  |TAMS 0x0000000770800000, 0x0000000770800000| Untracked 
| 377|0x0000000770a00000, 0x0000000770a00000, 0x0000000770c00000|  0%| F|  |TAMS 0x0000000770a00000, 0x0000000770a00000| Untracked 
| 378|0x0000000770c00000, 0x0000000770c00000, 0x0000000770e00000|  0%| F|  |TAMS 0x0000000770c00000, 0x0000000770c00000| Untracked 
| 379|0x0000000770e00000, 0x0000000770e00000, 0x0000000771000000|  0%| F|  |TAMS 0x0000000770e00000, 0x0000000770e00000| Untracked 
| 380|0x0000000771000000, 0x0000000771000000, 0x0000000771200000|  0%| F|  |TAMS 0x0000000771000000, 0x0000000771000000| Untracked 
| 381|0x0000000771200000, 0x0000000771200000, 0x0000000771400000|  0%| F|  |TAMS 0x0000000771200000, 0x0000000771200000| Untracked 
| 382|0x0000000771400000, 0x0000000771400000, 0x0000000771600000|  0%| F|  |TAMS 0x0000000771400000, 0x0000000771400000| Untracked 
| 383|0x0000000771600000, 0x0000000771600000, 0x0000000771800000|  0%| F|  |TAMS 0x0000000771600000, 0x0000000771600000| Untracked 
| 384|0x0000000771800000, 0x0000000771800000, 0x0000000771a00000|  0%| F|  |TAMS 0x0000000771800000, 0x0000000771800000| Untracked 
| 385|0x0000000771a00000, 0x0000000771a00000, 0x0000000771c00000|  0%| F|  |TAMS 0x0000000771a00000, 0x0000000771a00000| Untracked 
| 386|0x0000000771c00000, 0x0000000771c00000, 0x0000000771e00000|  0%| F|  |TAMS 0x0000000771c00000, 0x0000000771c00000| Untracked 
| 387|0x0000000771e00000, 0x0000000771e00000, 0x0000000772000000|  0%| F|  |TAMS 0x0000000771e00000, 0x0000000771e00000| Untracked 
| 388|0x0000000772000000, 0x0000000772000000, 0x0000000772200000|  0%| F|  |TAMS 0x0000000772000000, 0x0000000772000000| Untracked 
| 389|0x0000000772200000, 0x0000000772200000, 0x0000000772400000|  0%| F|  |TAMS 0x0000000772200000, 0x0000000772200000| Untracked 
| 390|0x0000000772400000, 0x0000000772400000, 0x0000000772600000|  0%| F|  |TAMS 0x0000000772400000, 0x0000000772400000| Untracked 
| 391|0x0000000772600000, 0x0000000772600000, 0x0000000772800000|  0%| F|  |TAMS 0x0000000772600000, 0x0000000772600000| Untracked 
| 392|0x0000000772800000, 0x0000000772800000, 0x0000000772a00000|  0%| F|  |TAMS 0x0000000772800000, 0x0000000772800000| Untracked 
| 393|0x0000000772a00000, 0x0000000772a00000, 0x0000000772c00000|  0%| F|  |TAMS 0x0000000772a00000, 0x0000000772a00000| Untracked 
| 394|0x0000000772c00000, 0x0000000772c00000, 0x0000000772e00000|  0%| F|  |TAMS 0x0000000772c00000, 0x0000000772c00000| Untracked 
| 395|0x0000000772e00000, 0x0000000772e00000, 0x0000000773000000|  0%| F|  |TAMS 0x0000000772e00000, 0x0000000772e00000| Untracked 
| 396|0x0000000773000000, 0x0000000773000000, 0x0000000773200000|  0%| F|  |TAMS 0x0000000773000000, 0x0000000773000000| Untracked 
| 397|0x0000000773200000, 0x0000000773200000, 0x0000000773400000|  0%| F|  |TAMS 0x0000000773200000, 0x0000000773200000| Untracked 
| 398|0x0000000773400000, 0x0000000773400000, 0x0000000773600000|  0%| F|  |TAMS 0x0000000773400000, 0x0000000773400000| Untracked 
| 399|0x0000000773600000, 0x0000000773600000, 0x0000000773800000|  0%| F|  |TAMS 0x0000000773600000, 0x0000000773600000| Untracked 
| 400|0x0000000773800000, 0x0000000773800000, 0x0000000773a00000|  0%| F|  |TAMS 0x0000000773800000, 0x0000000773800000| Untracked 
| 401|0x0000000773a00000, 0x0000000773a00000, 0x0000000773c00000|  0%| F|  |TAMS 0x0000000773a00000, 0x0000000773a00000| Untracked 
| 402|0x0000000773c00000, 0x0000000773c00000, 0x0000000773e00000|  0%| F|  |TAMS 0x0000000773c00000, 0x0000000773c00000| Untracked 
| 403|0x0000000773e00000, 0x0000000773e00000, 0x0000000774000000|  0%| F|  |TAMS 0x0000000773e00000, 0x0000000773e00000| Untracked 
| 404|0x0000000774000000, 0x0000000774000000, 0x0000000774200000|  0%| F|  |TAMS 0x0000000774000000, 0x0000000774000000| Untracked 
| 405|0x0000000774200000, 0x0000000774200000, 0x0000000774400000|  0%| F|  |TAMS 0x0000000774200000, 0x0000000774200000| Untracked 
| 406|0x0000000774400000, 0x0000000774400000, 0x0000000774600000|  0%| F|  |TAMS 0x0000000774400000, 0x0000000774400000| Untracked 
| 407|0x0000000774600000, 0x0000000774600000, 0x0000000774800000|  0%| F|  |TAMS 0x0000000774600000, 0x0000000774600000| Untracked 
| 408|0x0000000774800000, 0x0000000774800000, 0x0000000774a00000|  0%| F|  |TAMS 0x0000000774800000, 0x0000000774800000| Untracked 
| 409|0x0000000774a00000, 0x0000000774a00000, 0x0000000774c00000|  0%| F|  |TAMS 0x0000000774a00000, 0x0000000774a00000| Untracked 
| 410|0x0000000774c00000, 0x0000000774c00000, 0x0000000774e00000|  0%| F|  |TAMS 0x0000000774c00000, 0x0000000774c00000| Untracked 
| 411|0x0000000774e00000, 0x0000000774e00000, 0x0000000775000000|  0%| F|  |TAMS 0x0000000774e00000, 0x0000000774e00000| Untracked 
| 412|0x0000000775000000, 0x0000000775000000, 0x0000000775200000|  0%| F|  |TAMS 0x0000000775000000, 0x0000000775000000| Untracked 
| 413|0x0000000775200000, 0x0000000775200000, 0x0000000775400000|  0%| F|  |TAMS 0x0000000775200000, 0x0000000775200000| Untracked 
| 414|0x0000000775400000, 0x0000000775400000, 0x0000000775600000|  0%| F|  |TAMS 0x0000000775400000, 0x0000000775400000| Untracked 
| 415|0x0000000775600000, 0x0000000775600000, 0x0000000775800000|  0%| F|  |TAMS 0x0000000775600000, 0x0000000775600000| Untracked 
| 416|0x0000000775800000, 0x0000000775800000, 0x0000000775a00000|  0%| F|  |TAMS 0x0000000775800000, 0x0000000775800000| Untracked 
| 417|0x0000000775a00000, 0x0000000775a00000, 0x0000000775c00000|  0%| F|  |TAMS 0x0000000775a00000, 0x0000000775a00000| Untracked 
| 418|0x0000000775c00000, 0x0000000775c00000, 0x0000000775e00000|  0%| F|  |TAMS 0x0000000775c00000, 0x0000000775c00000| Untracked 
| 419|0x0000000775e00000, 0x0000000775e00000, 0x0000000776000000|  0%| F|  |TAMS 0x0000000775e00000, 0x0000000775e00000| Untracked 
| 420|0x0000000776000000, 0x0000000776000000, 0x0000000776200000|  0%| F|  |TAMS 0x0000000776000000, 0x0000000776000000| Untracked 
| 421|0x0000000776200000, 0x0000000776200000, 0x0000000776400000|  0%| F|  |TAMS 0x0000000776200000, 0x0000000776200000| Untracked 
| 422|0x0000000776400000, 0x0000000776400000, 0x0000000776600000|  0%| F|  |TAMS 0x0000000776400000, 0x0000000776400000| Untracked 
| 423|0x0000000776600000, 0x0000000776600000, 0x0000000776800000|  0%| F|  |TAMS 0x0000000776600000, 0x0000000776600000| Untracked 
| 424|0x0000000776800000, 0x0000000776800000, 0x0000000776a00000|  0%| F|  |TAMS 0x0000000776800000, 0x0000000776800000| Untracked 
| 425|0x0000000776a00000, 0x0000000776a00000, 0x0000000776c00000|  0%| F|  |TAMS 0x0000000776a00000, 0x0000000776a00000| Untracked 
| 426|0x0000000776c00000, 0x0000000776c00000, 0x0000000776e00000|  0%| F|  |TAMS 0x0000000776c00000, 0x0000000776c00000| Untracked 
| 427|0x0000000776e00000, 0x0000000776e00000, 0x0000000777000000|  0%| F|  |TAMS 0x0000000776e00000, 0x0000000776e00000| Untracked 
| 428|0x0000000777000000, 0x0000000777000000, 0x0000000777200000|  0%| F|  |TAMS 0x0000000777000000, 0x0000000777000000| Untracked 
| 429|0x0000000777200000, 0x0000000777200000, 0x0000000777400000|  0%| F|  |TAMS 0x0000000777200000, 0x0000000777200000| Untracked 
| 430|0x0000000777400000, 0x0000000777400000, 0x0000000777600000|  0%| F|  |TAMS 0x0000000777400000, 0x0000000777400000| Untracked 
| 431|0x0000000777600000, 0x0000000777600000, 0x0000000777800000|  0%| F|  |TAMS 0x0000000777600000, 0x0000000777600000| Untracked 
| 432|0x0000000777800000, 0x0000000777800000, 0x0000000777a00000|  0%| F|  |TAMS 0x0000000777800000, 0x0000000777800000| Untracked 
| 433|0x0000000777a00000, 0x0000000777a00000, 0x0000000777c00000|  0%| F|  |TAMS 0x0000000777a00000, 0x0000000777a00000| Untracked 
| 434|0x0000000777c00000, 0x0000000777c00000, 0x0000000777e00000|  0%| F|  |TAMS 0x0000000777c00000, 0x0000000777c00000| Untracked 
| 435|0x0000000777e00000, 0x0000000777e00000, 0x0000000778000000|  0%| F|  |TAMS 0x0000000777e00000, 0x0000000777e00000| Untracked 
| 436|0x0000000778000000, 0x0000000778000000, 0x0000000778200000|  0%| F|  |TAMS 0x0000000778000000, 0x0000000778000000| Untracked 
| 437|0x0000000778200000, 0x0000000778200000, 0x0000000778400000|  0%| F|  |TAMS 0x0000000778200000, 0x0000000778200000| Untracked 
| 438|0x0000000778400000, 0x0000000778400000, 0x0000000778600000|  0%| F|  |TAMS 0x0000000778400000, 0x0000000778400000| Untracked 
| 439|0x0000000778600000, 0x0000000778600000, 0x0000000778800000|  0%| F|  |TAMS 0x0000000778600000, 0x0000000778600000| Untracked 
| 440|0x0000000778800000, 0x0000000778800000, 0x0000000778a00000|  0%| F|  |TAMS 0x0000000778800000, 0x0000000778800000| Untracked 
| 441|0x0000000778a00000, 0x0000000778a00000, 0x0000000778c00000|  0%| F|  |TAMS 0x0000000778a00000, 0x0000000778a00000| Untracked 
| 442|0x0000000778c00000, 0x0000000778c00000, 0x0000000778e00000|  0%| F|  |TAMS 0x0000000778c00000, 0x0000000778c00000| Untracked 
| 443|0x0000000778e00000, 0x0000000778e00000, 0x0000000779000000|  0%| F|  |TAMS 0x0000000778e00000, 0x0000000778e00000| Untracked 
| 444|0x0000000779000000, 0x0000000779000000, 0x0000000779200000|  0%| F|  |TAMS 0x0000000779000000, 0x0000000779000000| Untracked 
| 445|0x0000000779200000, 0x0000000779200000, 0x0000000779400000|  0%| F|  |TAMS 0x0000000779200000, 0x0000000779200000| Untracked 
| 446|0x0000000779400000, 0x0000000779400000, 0x0000000779600000|  0%| F|  |TAMS 0x0000000779400000, 0x0000000779400000| Untracked 
| 447|0x0000000779600000, 0x0000000779600000, 0x0000000779800000|  0%| F|  |TAMS 0x0000000779600000, 0x0000000779600000| Untracked 
| 448|0x0000000779800000, 0x0000000779800000, 0x0000000779a00000|  0%| F|  |TAMS 0x0000000779800000, 0x0000000779800000| Untracked 
| 449|0x0000000779a00000, 0x0000000779a00000, 0x0000000779c00000|  0%| F|  |TAMS 0x0000000779a00000, 0x0000000779a00000| Untracked 
| 450|0x0000000779c00000, 0x0000000779c00000, 0x0000000779e00000|  0%| F|  |TAMS 0x0000000779c00000, 0x0000000779c00000| Untracked 
| 451|0x0000000779e00000, 0x0000000779e00000, 0x000000077a000000|  0%| F|  |TAMS 0x0000000779e00000, 0x0000000779e00000| Untracked 
| 452|0x000000077a000000, 0x000000077a000000, 0x000000077a200000|  0%| F|  |TAMS 0x000000077a000000, 0x000000077a000000| Untracked 
| 453|0x000000077a200000, 0x000000077a200000, 0x000000077a400000|  0%| F|  |TAMS 0x000000077a200000, 0x000000077a200000| Untracked 
| 454|0x000000077a400000, 0x000000077a400000, 0x000000077a600000|  0%| F|  |TAMS 0x000000077a400000, 0x000000077a400000| Untracked 
| 455|0x000000077a600000, 0x000000077a600000, 0x000000077a800000|  0%| F|  |TAMS 0x000000077a600000, 0x000000077a600000| Untracked 
| 456|0x000000077a800000, 0x000000077a800000, 0x000000077aa00000|  0%| F|  |TAMS 0x000000077a800000, 0x000000077a800000| Untracked 
| 457|0x000000077aa00000, 0x000000077aa00000, 0x000000077ac00000|  0%| F|  |TAMS 0x000000077aa00000, 0x000000077aa00000| Untracked 
| 458|0x000000077ac00000, 0x000000077ac00000, 0x000000077ae00000|  0%| F|  |TAMS 0x000000077ac00000, 0x000000077ac00000| Untracked 
| 459|0x000000077ae00000, 0x000000077ae00000, 0x000000077b000000|  0%| F|  |TAMS 0x000000077ae00000, 0x000000077ae00000| Untracked 
| 460|0x000000077b000000, 0x000000077b000000, 0x000000077b200000|  0%| F|  |TAMS 0x000000077b000000, 0x000000077b000000| Untracked 
| 461|0x000000077b200000, 0x000000077b200000, 0x000000077b400000|  0%| F|  |TAMS 0x000000077b200000, 0x000000077b200000| Untracked 
| 462|0x000000077b400000, 0x000000077b400000, 0x000000077b600000|  0%| F|  |TAMS 0x000000077b400000, 0x000000077b400000| Untracked 
| 463|0x000000077b600000, 0x000000077b600000, 0x000000077b800000|  0%| F|  |TAMS 0x000000077b600000, 0x000000077b600000| Untracked 
| 464|0x000000077b800000, 0x000000077b800000, 0x000000077ba00000|  0%| F|  |TAMS 0x000000077b800000, 0x000000077b800000| Untracked 
| 465|0x000000077ba00000, 0x000000077ba00000, 0x000000077bc00000|  0%| F|  |TAMS 0x000000077ba00000, 0x000000077ba00000| Untracked 
| 466|0x000000077bc00000, 0x000000077bc00000, 0x000000077be00000|  0%| F|  |TAMS 0x000000077bc00000, 0x000000077bc00000| Untracked 
| 467|0x000000077be00000, 0x000000077be00000, 0x000000077c000000|  0%| F|  |TAMS 0x000000077be00000, 0x000000077be00000| Untracked 
| 468|0x000000077c000000, 0x000000077c000000, 0x000000077c200000|  0%| F|  |TAMS 0x000000077c000000, 0x000000077c000000| Untracked 
| 469|0x000000077c200000, 0x000000077c200000, 0x000000077c400000|  0%| F|  |TAMS 0x000000077c200000, 0x000000077c200000| Untracked 
| 470|0x000000077c400000, 0x000000077c400000, 0x000000077c600000|  0%| F|  |TAMS 0x000000077c400000, 0x000000077c400000| Untracked 
| 471|0x000000077c600000, 0x000000077c600000, 0x000000077c800000|  0%| F|  |TAMS 0x000000077c600000, 0x000000077c600000| Untracked 
| 472|0x000000077c800000, 0x000000077c800000, 0x000000077ca00000|  0%| F|  |TAMS 0x000000077c800000, 0x000000077c800000| Untracked 
| 473|0x000000077ca00000, 0x000000077ca00000, 0x000000077cc00000|  0%| F|  |TAMS 0x000000077ca00000, 0x000000077ca00000| Untracked 
| 474|0x000000077cc00000, 0x000000077cc00000, 0x000000077ce00000|  0%| F|  |TAMS 0x000000077cc00000, 0x000000077cc00000| Untracked 
| 475|0x000000077ce00000, 0x000000077ce00000, 0x000000077d000000|  0%| F|  |TAMS 0x000000077ce00000, 0x000000077ce00000| Untracked 
| 476|0x000000077d000000, 0x000000077d000000, 0x000000077d200000|  0%| F|  |TAMS 0x000000077d000000, 0x000000077d000000| Untracked 
| 477|0x000000077d200000, 0x000000077d200000, 0x000000077d400000|  0%| F|  |TAMS 0x000000077d200000, 0x000000077d200000| Untracked 
| 478|0x000000077d400000, 0x000000077d400000, 0x000000077d600000|  0%| F|  |TAMS 0x000000077d400000, 0x000000077d400000| Untracked 
| 479|0x000000077d600000, 0x000000077d600000, 0x000000077d800000|  0%| F|  |TAMS 0x000000077d600000, 0x000000077d600000| Untracked 
| 480|0x000000077d800000, 0x000000077d800000, 0x000000077da00000|  0%| F|  |TAMS 0x000000077d800000, 0x000000077d800000| Untracked 
| 481|0x000000077da00000, 0x000000077da00000, 0x000000077dc00000|  0%| F|  |TAMS 0x000000077da00000, 0x000000077da00000| Untracked 
| 482|0x000000077dc00000, 0x000000077dc00000, 0x000000077de00000|  0%| F|  |TAMS 0x000000077dc00000, 0x000000077dc00000| Untracked 
| 483|0x000000077de00000, 0x000000077de00000, 0x000000077e000000|  0%| F|  |TAMS 0x000000077de00000, 0x000000077de00000| Untracked 
| 484|0x000000077e000000, 0x000000077e000000, 0x000000077e200000|  0%| F|  |TAMS 0x000000077e000000, 0x000000077e000000| Untracked 
| 485|0x000000077e200000, 0x000000077e200000, 0x000000077e400000|  0%| F|  |TAMS 0x000000077e200000, 0x000000077e200000| Untracked 
| 486|0x000000077e400000, 0x000000077e400000, 0x000000077e600000|  0%| F|  |TAMS 0x000000077e400000, 0x000000077e400000| Untracked 
| 487|0x000000077e600000, 0x000000077e600000, 0x000000077e800000|  0%| F|  |TAMS 0x000000077e600000, 0x000000077e600000| Untracked 
| 488|0x000000077e800000, 0x000000077e800000, 0x000000077ea00000|  0%| F|  |TAMS 0x000000077e800000, 0x000000077e800000| Untracked 
| 489|0x000000077ea00000, 0x000000077ea00000, 0x000000077ec00000|  0%| F|  |TAMS 0x000000077ea00000, 0x000000077ea00000| Untracked 
| 490|0x000000077ec00000, 0x000000077ec00000, 0x000000077ee00000|  0%| F|  |TAMS 0x000000077ec00000, 0x000000077ec00000| Untracked 
| 491|0x000000077ee00000, 0x000000077ee00000, 0x000000077f000000|  0%| F|  |TAMS 0x000000077ee00000, 0x000000077ee00000| Untracked 
| 492|0x000000077f000000, 0x000000077f000000, 0x000000077f200000|  0%| F|  |TAMS 0x000000077f000000, 0x000000077f000000| Untracked 
| 493|0x000000077f200000, 0x000000077f200000, 0x000000077f400000|  0%| F|  |TAMS 0x000000077f200000, 0x000000077f200000| Untracked 
| 494|0x000000077f400000, 0x000000077f400000, 0x000000077f600000|  0%| F|  |TAMS 0x000000077f400000, 0x000000077f400000| Untracked 
| 495|0x000000077f600000, 0x000000077f600000, 0x000000077f800000|  0%| F|  |TAMS 0x000000077f600000, 0x000000077f600000| Untracked 
| 496|0x000000077f800000, 0x000000077f800000, 0x000000077fa00000|  0%| F|  |TAMS 0x000000077f800000, 0x000000077f800000| Untracked 
| 497|0x000000077fa00000, 0x000000077fa00000, 0x000000077fc00000|  0%| F|  |TAMS 0x000000077fa00000, 0x000000077fa00000| Untracked 
| 498|0x000000077fc00000, 0x000000077fc00000, 0x000000077fe00000|  0%| F|  |TAMS 0x000000077fc00000, 0x000000077fc00000| Untracked 
| 499|0x000000077fe00000, 0x000000077fe00000, 0x0000000780000000|  0%| F|  |TAMS 0x000000077fe00000, 0x000000077fe00000| Untracked 
| 500|0x0000000780000000, 0x0000000780000000, 0x0000000780200000|  0%| F|  |TAMS 0x0000000780000000, 0x0000000780000000| Untracked 
| 501|0x0000000780200000, 0x0000000780200000, 0x0000000780400000|  0%| F|  |TAMS 0x0000000780200000, 0x0000000780200000| Untracked 
| 502|0x0000000780400000, 0x0000000780400000, 0x0000000780600000|  0%| F|  |TAMS 0x0000000780400000, 0x0000000780400000| Untracked 
| 503|0x0000000780600000, 0x0000000780600000, 0x0000000780800000|  0%| F|  |TAMS 0x0000000780600000, 0x0000000780600000| Untracked 
| 504|0x0000000780800000, 0x0000000780800000, 0x0000000780a00000|  0%| F|  |TAMS 0x0000000780800000, 0x0000000780800000| Untracked 
| 505|0x0000000780a00000, 0x0000000780a00000, 0x0000000780c00000|  0%| F|  |TAMS 0x0000000780a00000, 0x0000000780a00000| Untracked 
| 506|0x0000000780c00000, 0x0000000780c00000, 0x0000000780e00000|  0%| F|  |TAMS 0x0000000780c00000, 0x0000000780c00000| Untracked 
| 507|0x0000000780e00000, 0x0000000780e00000, 0x0000000781000000|  0%| F|  |TAMS 0x0000000780e00000, 0x0000000780e00000| Untracked 
| 508|0x0000000781000000, 0x0000000781000000, 0x0000000781200000|  0%| F|  |TAMS 0x0000000781000000, 0x0000000781000000| Untracked 
| 509|0x0000000781200000, 0x00000007813042e0, 0x0000000781400000| 50%| E|  |TAMS 0x0000000781200000, 0x0000000781200000| Complete 
| 510|0x0000000781400000, 0x0000000781600000, 0x0000000781600000|100%| E|CS|TAMS 0x0000000781400000, 0x0000000781400000| Complete 
| 511|0x0000000781600000, 0x0000000781800000, 0x0000000781800000|100%| E|CS|TAMS 0x0000000781600000, 0x0000000781600000| Complete 
| 512|0x0000000781800000, 0x0000000781a00000, 0x0000000781a00000|100%| E|CS|TAMS 0x0000000781800000, 0x0000000781800000| Complete 
| 513|0x0000000781a00000, 0x0000000781c00000, 0x0000000781c00000|100%| E|CS|TAMS 0x0000000781a00000, 0x0000000781a00000| Complete 
| 514|0x0000000781c00000, 0x0000000781e00000, 0x0000000781e00000|100%| E|CS|TAMS 0x0000000781c00000, 0x0000000781c00000| Complete 
| 515|0x0000000781e00000, 0x0000000782000000, 0x0000000782000000|100%| E|CS|TAMS 0x0000000781e00000, 0x0000000781e00000| Complete 
| 516|0x0000000782000000, 0x0000000782200000, 0x0000000782200000|100%| E|CS|TAMS 0x0000000782000000, 0x0000000782000000| Complete 
| 517|0x0000000782200000, 0x0000000782400000, 0x0000000782400000|100%| E|CS|TAMS 0x0000000782200000, 0x0000000782200000| Complete 
| 518|0x0000000782400000, 0x0000000782600000, 0x0000000782600000|100%| E|CS|TAMS 0x0000000782400000, 0x0000000782400000| Complete 
| 519|0x0000000782600000, 0x0000000782800000, 0x0000000782800000|100%| E|CS|TAMS 0x0000000782600000, 0x0000000782600000| Complete 
| 520|0x0000000782800000, 0x0000000782a00000, 0x0000000782a00000|100%| E|CS|TAMS 0x0000000782800000, 0x0000000782800000| Complete 
| 521|0x0000000782a00000, 0x0000000782c00000, 0x0000000782c00000|100%| E|CS|TAMS 0x0000000782a00000, 0x0000000782a00000| Complete 
| 522|0x0000000782c00000, 0x0000000782e00000, 0x0000000782e00000|100%| E|CS|TAMS 0x0000000782c00000, 0x0000000782c00000| Complete 
| 523|0x0000000782e00000, 0x0000000783000000, 0x0000000783000000|100%| E|CS|TAMS 0x0000000782e00000, 0x0000000782e00000| Complete 
| 524|0x0000000783000000, 0x0000000783200000, 0x0000000783200000|100%| E|CS|TAMS 0x0000000783000000, 0x0000000783000000| Complete 
| 525|0x0000000783200000, 0x0000000783400000, 0x0000000783400000|100%| E|CS|TAMS 0x0000000783200000, 0x0000000783200000| Complete 
| 526|0x0000000783400000, 0x0000000783600000, 0x0000000783600000|100%| E|CS|TAMS 0x0000000783400000, 0x0000000783400000| Complete 
| 527|0x0000000783600000, 0x0000000783800000, 0x0000000783800000|100%| E|CS|TAMS 0x0000000783600000, 0x0000000783600000| Complete 
| 528|0x0000000783800000, 0x0000000783a00000, 0x0000000783a00000|100%| E|CS|TAMS 0x0000000783800000, 0x0000000783800000| Complete 
| 529|0x0000000783a00000, 0x0000000783c00000, 0x0000000783c00000|100%| E|CS|TAMS 0x0000000783a00000, 0x0000000783a00000| Complete 
| 530|0x0000000783c00000, 0x0000000783e00000, 0x0000000783e00000|100%| E|CS|TAMS 0x0000000783c00000, 0x0000000783c00000| Complete 
| 531|0x0000000783e00000, 0x0000000784000000, 0x0000000784000000|100%| E|CS|TAMS 0x0000000783e00000, 0x0000000783e00000| Complete 
| 532|0x0000000784000000, 0x0000000784200000, 0x0000000784200000|100%| E|CS|TAMS 0x0000000784000000, 0x0000000784000000| Complete 
| 533|0x0000000784200000, 0x0000000784400000, 0x0000000784400000|100%| E|CS|TAMS 0x0000000784200000, 0x0000000784200000| Complete 
| 534|0x0000000784400000, 0x0000000784600000, 0x0000000784600000|100%| E|CS|TAMS 0x0000000784400000, 0x0000000784400000| Complete 
| 535|0x0000000784600000, 0x0000000784800000, 0x0000000784800000|100%| E|CS|TAMS 0x0000000784600000, 0x0000000784600000| Complete 
| 536|0x0000000784800000, 0x0000000784a00000, 0x0000000784a00000|100%| E|CS|TAMS 0x0000000784800000, 0x0000000784800000| Complete 
| 537|0x0000000784a00000, 0x0000000784c00000, 0x0000000784c00000|100%| E|CS|TAMS 0x0000000784a00000, 0x0000000784a00000| Complete 
| 538|0x0000000784c00000, 0x0000000784e00000, 0x0000000784e00000|100%| E|CS|TAMS 0x0000000784c00000, 0x0000000784c00000| Complete 
| 539|0x0000000784e00000, 0x0000000785000000, 0x0000000785000000|100%| E|CS|TAMS 0x0000000784e00000, 0x0000000784e00000| Complete 
| 540|0x0000000785000000, 0x0000000785200000, 0x0000000785200000|100%| E|CS|TAMS 0x0000000785000000, 0x0000000785000000| Complete 
| 541|0x0000000785200000, 0x0000000785400000, 0x0000000785400000|100%| E|CS|TAMS 0x0000000785200000, 0x0000000785200000| Complete 
| 542|0x0000000785400000, 0x0000000785600000, 0x0000000785600000|100%| E|CS|TAMS 0x0000000785400000, 0x0000000785400000| Complete 
| 543|0x0000000785600000, 0x0000000785800000, 0x0000000785800000|100%| E|CS|TAMS 0x0000000785600000, 0x0000000785600000| Complete 
| 544|0x0000000785800000, 0x0000000785a00000, 0x0000000785a00000|100%| E|CS|TAMS 0x0000000785800000, 0x0000000785800000| Complete 
| 545|0x0000000785a00000, 0x0000000785c00000, 0x0000000785c00000|100%| E|CS|TAMS 0x0000000785a00000, 0x0000000785a00000| Complete 
| 546|0x0000000785c00000, 0x0000000785e00000, 0x0000000785e00000|100%| E|CS|TAMS 0x0000000785c00000, 0x0000000785c00000| Complete 
| 547|0x0000000785e00000, 0x0000000786000000, 0x0000000786000000|100%| E|CS|TAMS 0x0000000785e00000, 0x0000000785e00000| Complete 
| 548|0x0000000786000000, 0x0000000786200000, 0x0000000786200000|100%| E|CS|TAMS 0x0000000786000000, 0x0000000786000000| Complete 
| 549|0x0000000786200000, 0x0000000786400000, 0x0000000786400000|100%| E|CS|TAMS 0x0000000786200000, 0x0000000786200000| Complete 
| 550|0x0000000786400000, 0x0000000786600000, 0x0000000786600000|100%| E|CS|TAMS 0x0000000786400000, 0x0000000786400000| Complete 
| 551|0x0000000786600000, 0x0000000786800000, 0x0000000786800000|100%| E|CS|TAMS 0x0000000786600000, 0x0000000786600000| Complete 
| 552|0x0000000786800000, 0x0000000786a00000, 0x0000000786a00000|100%| E|CS|TAMS 0x0000000786800000, 0x0000000786800000| Complete 
| 553|0x0000000786a00000, 0x0000000786c00000, 0x0000000786c00000|100%| E|CS|TAMS 0x0000000786a00000, 0x0000000786a00000| Complete 
| 554|0x0000000786c00000, 0x0000000786e00000, 0x0000000786e00000|100%| E|CS|TAMS 0x0000000786c00000, 0x0000000786c00000| Complete 
| 555|0x0000000786e00000, 0x0000000787000000, 0x0000000787000000|100%| E|CS|TAMS 0x0000000786e00000, 0x0000000786e00000| Complete 
| 556|0x0000000787000000, 0x0000000787200000, 0x0000000787200000|100%| E|CS|TAMS 0x0000000787000000, 0x0000000787000000| Complete 
| 557|0x0000000787200000, 0x0000000787400000, 0x0000000787400000|100%| E|CS|TAMS 0x0000000787200000, 0x0000000787200000| Complete 
| 558|0x0000000787400000, 0x0000000787600000, 0x0000000787600000|100%| E|CS|TAMS 0x0000000787400000, 0x0000000787400000| Complete 
| 559|0x0000000787600000, 0x0000000787800000, 0x0000000787800000|100%| E|CS|TAMS 0x0000000787600000, 0x0000000787600000| Complete 
| 560|0x0000000787800000, 0x0000000787a00000, 0x0000000787a00000|100%| E|CS|TAMS 0x0000000787800000, 0x0000000787800000| Complete 
| 561|0x0000000787a00000, 0x0000000787c00000, 0x0000000787c00000|100%| E|CS|TAMS 0x0000000787a00000, 0x0000000787a00000| Complete 
| 562|0x0000000787c00000, 0x0000000787e00000, 0x0000000787e00000|100%| E|CS|TAMS 0x0000000787c00000, 0x0000000787c00000| Complete 
| 563|0x0000000787e00000, 0x0000000788000000, 0x0000000788000000|100%| E|CS|TAMS 0x0000000787e00000, 0x0000000787e00000| Complete 
| 564|0x0000000788000000, 0x0000000788200000, 0x0000000788200000|100%| E|CS|TAMS 0x0000000788000000, 0x0000000788000000| Complete 
| 565|0x0000000788200000, 0x0000000788400000, 0x0000000788400000|100%| E|CS|TAMS 0x0000000788200000, 0x0000000788200000| Complete 
| 566|0x0000000788400000, 0x0000000788600000, 0x0000000788600000|100%| E|CS|TAMS 0x0000000788400000, 0x0000000788400000| Complete 
| 567|0x0000000788600000, 0x0000000788800000, 0x0000000788800000|100%| E|CS|TAMS 0x0000000788600000, 0x0000000788600000| Complete 
| 568|0x0000000788800000, 0x0000000788a00000, 0x0000000788a00000|100%| E|CS|TAMS 0x0000000788800000, 0x0000000788800000| Complete 
| 569|0x0000000788a00000, 0x0000000788c00000, 0x0000000788c00000|100%| E|CS|TAMS 0x0000000788a00000, 0x0000000788a00000| Complete 
| 570|0x0000000788c00000, 0x0000000788e00000, 0x0000000788e00000|100%| E|CS|TAMS 0x0000000788c00000, 0x0000000788c00000| Complete 
| 571|0x0000000788e00000, 0x0000000789000000, 0x0000000789000000|100%| E|CS|TAMS 0x0000000788e00000, 0x0000000788e00000| Complete 
| 572|0x0000000789000000, 0x0000000789200000, 0x0000000789200000|100%| E|CS|TAMS 0x0000000789000000, 0x0000000789000000| Complete 
| 573|0x0000000789200000, 0x0000000789400000, 0x0000000789400000|100%| E|CS|TAMS 0x0000000789200000, 0x0000000789200000| Complete 
| 574|0x0000000789400000, 0x0000000789600000, 0x0000000789600000|100%| E|CS|TAMS 0x0000000789400000, 0x0000000789400000| Complete 
| 575|0x0000000789600000, 0x0000000789800000, 0x0000000789800000|100%| E|CS|TAMS 0x0000000789600000, 0x0000000789600000| Complete 
| 576|0x0000000789800000, 0x0000000789a00000, 0x0000000789a00000|100%| E|CS|TAMS 0x0000000789800000, 0x0000000789800000| Complete 
| 577|0x0000000789a00000, 0x0000000789c00000, 0x0000000789c00000|100%| E|CS|TAMS 0x0000000789a00000, 0x0000000789a00000| Complete 
| 578|0x0000000789c00000, 0x0000000789e00000, 0x0000000789e00000|100%| E|CS|TAMS 0x0000000789c00000, 0x0000000789c00000| Complete 
| 579|0x0000000789e00000, 0x000000078a000000, 0x000000078a000000|100%| E|CS|TAMS 0x0000000789e00000, 0x0000000789e00000| Complete 
| 580|0x000000078a000000, 0x000000078a200000, 0x000000078a200000|100%| E|CS|TAMS 0x000000078a000000, 0x000000078a000000| Complete 
| 581|0x000000078a200000, 0x000000078a400000, 0x000000078a400000|100%| E|CS|TAMS 0x000000078a200000, 0x000000078a200000| Complete 
| 582|0x000000078a400000, 0x000000078a600000, 0x000000078a600000|100%| E|CS|TAMS 0x000000078a400000, 0x000000078a400000| Complete 
| 583|0x000000078a600000, 0x000000078a800000, 0x000000078a800000|100%| E|CS|TAMS 0x000000078a600000, 0x000000078a600000| Complete 
| 584|0x000000078a800000, 0x000000078aa00000, 0x000000078aa00000|100%| E|CS|TAMS 0x000000078a800000, 0x000000078a800000| Complete 
| 585|0x000000078aa00000, 0x000000078ac00000, 0x000000078ac00000|100%| E|CS|TAMS 0x000000078aa00000, 0x000000078aa00000| Complete 
| 586|0x000000078ac00000, 0x000000078ae00000, 0x000000078ae00000|100%| E|CS|TAMS 0x000000078ac00000, 0x000000078ac00000| Complete 
| 587|0x000000078ae00000, 0x000000078b000000, 0x000000078b000000|100%| E|CS|TAMS 0x000000078ae00000, 0x000000078ae00000| Complete 
| 588|0x000000078b000000, 0x000000078b200000, 0x000000078b200000|100%| E|CS|TAMS 0x000000078b000000, 0x000000078b000000| Complete 
| 589|0x000000078b200000, 0x000000078b400000, 0x000000078b400000|100%| E|CS|TAMS 0x000000078b200000, 0x000000078b200000| Complete 
| 590|0x000000078b400000, 0x000000078b600000, 0x000000078b600000|100%| E|CS|TAMS 0x000000078b400000, 0x000000078b400000| Complete 
| 591|0x000000078b600000, 0x000000078b800000, 0x000000078b800000|100%| E|CS|TAMS 0x000000078b600000, 0x000000078b600000| Complete 
| 592|0x000000078b800000, 0x000000078ba00000, 0x000000078ba00000|100%| E|CS|TAMS 0x000000078b800000, 0x000000078b800000| Complete 
| 593|0x000000078ba00000, 0x000000078bc00000, 0x000000078bc00000|100%| E|CS|TAMS 0x000000078ba00000, 0x000000078ba00000| Complete 
| 594|0x000000078bc00000, 0x000000078be00000, 0x000000078be00000|100%| E|CS|TAMS 0x000000078bc00000, 0x000000078bc00000| Complete 
| 595|0x000000078be00000, 0x000000078c000000, 0x000000078c000000|100%| E|CS|TAMS 0x000000078be00000, 0x000000078be00000| Complete 
| 596|0x000000078c000000, 0x000000078c200000, 0x000000078c200000|100%| E|CS|TAMS 0x000000078c000000, 0x000000078c000000| Complete 
| 597|0x000000078c200000, 0x000000078c400000, 0x000000078c400000|100%| E|CS|TAMS 0x000000078c200000, 0x000000078c200000| Complete 
| 598|0x000000078c400000, 0x000000078c600000, 0x000000078c600000|100%| E|CS|TAMS 0x000000078c400000, 0x000000078c400000| Complete 
| 599|0x000000078c600000, 0x000000078c800000, 0x000000078c800000|100%| E|CS|TAMS 0x000000078c600000, 0x000000078c600000| Complete 
| 600|0x000000078c800000, 0x000000078ca00000, 0x000000078ca00000|100%| E|CS|TAMS 0x000000078c800000, 0x000000078c800000| Complete 
| 601|0x000000078ca00000, 0x000000078cc00000, 0x000000078cc00000|100%| E|CS|TAMS 0x000000078ca00000, 0x000000078ca00000| Complete 
| 602|0x000000078cc00000, 0x000000078ce00000, 0x000000078ce00000|100%| E|CS|TAMS 0x000000078cc00000, 0x000000078cc00000| Complete 
| 603|0x000000078ce00000, 0x000000078d000000, 0x000000078d000000|100%| E|CS|TAMS 0x000000078ce00000, 0x000000078ce00000| Complete 
| 604|0x000000078d000000, 0x000000078d200000, 0x000000078d200000|100%| E|CS|TAMS 0x000000078d000000, 0x000000078d000000| Complete 
| 605|0x000000078d200000, 0x000000078d400000, 0x000000078d400000|100%| E|CS|TAMS 0x000000078d200000, 0x000000078d200000| Complete 
| 606|0x000000078d400000, 0x000000078d600000, 0x000000078d600000|100%| E|CS|TAMS 0x000000078d400000, 0x000000078d400000| Complete 
| 607|0x000000078d600000, 0x000000078d800000, 0x000000078d800000|100%| E|CS|TAMS 0x000000078d600000, 0x000000078d600000| Complete 
| 608|0x000000078d800000, 0x000000078da00000, 0x000000078da00000|100%| E|CS|TAMS 0x000000078d800000, 0x000000078d800000| Complete 
| 609|0x000000078da00000, 0x000000078dc00000, 0x000000078dc00000|100%| E|CS|TAMS 0x000000078da00000, 0x000000078da00000| Complete 
| 610|0x000000078dc00000, 0x000000078de00000, 0x000000078de00000|100%| E|CS|TAMS 0x000000078dc00000, 0x000000078dc00000| Complete 
| 611|0x000000078de00000, 0x000000078e000000, 0x000000078e000000|100%| E|CS|TAMS 0x000000078de00000, 0x000000078de00000| Complete 
| 612|0x000000078e000000, 0x000000078e200000, 0x000000078e200000|100%| E|CS|TAMS 0x000000078e000000, 0x000000078e000000| Complete 
| 613|0x000000078e200000, 0x000000078e400000, 0x000000078e400000|100%| E|CS|TAMS 0x000000078e200000, 0x000000078e200000| Complete 
| 614|0x000000078e400000, 0x000000078e600000, 0x000000078e600000|100%| E|CS|TAMS 0x000000078e400000, 0x000000078e400000| Complete 
| 615|0x000000078e600000, 0x000000078e800000, 0x000000078e800000|100%| E|CS|TAMS 0x000000078e600000, 0x000000078e600000| Complete 
| 616|0x000000078e800000, 0x000000078ea00000, 0x000000078ea00000|100%| E|CS|TAMS 0x000000078e800000, 0x000000078e800000| Complete 
| 617|0x000000078ea00000, 0x000000078ec00000, 0x000000078ec00000|100%| E|CS|TAMS 0x000000078ea00000, 0x000000078ea00000| Complete 
| 618|0x000000078ec00000, 0x000000078ee00000, 0x000000078ee00000|100%| E|CS|TAMS 0x000000078ec00000, 0x000000078ec00000| Complete 
| 619|0x000000078ee00000, 0x000000078f000000, 0x000000078f000000|100%| E|CS|TAMS 0x000000078ee00000, 0x000000078ee00000| Complete 
| 620|0x000000078f000000, 0x000000078f200000, 0x000000078f200000|100%| E|CS|TAMS 0x000000078f000000, 0x000000078f000000| Complete 
| 621|0x000000078f200000, 0x000000078f400000, 0x000000078f400000|100%| E|CS|TAMS 0x000000078f200000, 0x000000078f200000| Complete 
| 622|0x000000078f400000, 0x000000078f600000, 0x000000078f600000|100%| E|CS|TAMS 0x000000078f400000, 0x000000078f400000| Complete 
| 623|0x000000078f600000, 0x000000078f800000, 0x000000078f800000|100%| E|CS|TAMS 0x000000078f600000, 0x000000078f600000| Complete 
| 624|0x000000078f800000, 0x000000078fa00000, 0x000000078fa00000|100%| E|CS|TAMS 0x000000078f800000, 0x000000078f800000| Complete 
| 625|0x000000078fa00000, 0x000000078fc00000, 0x000000078fc00000|100%| E|CS|TAMS 0x000000078fa00000, 0x000000078fa00000| Complete 
| 626|0x000000078fc00000, 0x000000078fe00000, 0x000000078fe00000|100%| E|CS|TAMS 0x000000078fc00000, 0x000000078fc00000| Complete 
| 627|0x000000078fe00000, 0x0000000790000000, 0x0000000790000000|100%| E|CS|TAMS 0x000000078fe00000, 0x000000078fe00000| Complete 
| 628|0x0000000790000000, 0x0000000790200000, 0x0000000790200000|100%| E|CS|TAMS 0x0000000790000000, 0x0000000790000000| Complete 
| 629|0x0000000790200000, 0x0000000790400000, 0x0000000790400000|100%| E|CS|TAMS 0x0000000790200000, 0x0000000790200000| Complete 
| 630|0x0000000790400000, 0x0000000790600000, 0x0000000790600000|100%| E|CS|TAMS 0x0000000790400000, 0x0000000790400000| Complete 
| 631|0x0000000790600000, 0x0000000790800000, 0x0000000790800000|100%| E|CS|TAMS 0x0000000790600000, 0x0000000790600000| Complete 
| 632|0x0000000790800000, 0x0000000790a00000, 0x0000000790a00000|100%| E|CS|TAMS 0x0000000790800000, 0x0000000790800000| Complete 
| 633|0x0000000790a00000, 0x0000000790c00000, 0x0000000790c00000|100%| E|CS|TAMS 0x0000000790a00000, 0x0000000790a00000| Complete 
| 634|0x0000000790c00000, 0x0000000790e00000, 0x0000000790e00000|100%| E|CS|TAMS 0x0000000790c00000, 0x0000000790c00000| Complete 
| 635|0x0000000790e00000, 0x0000000791000000, 0x0000000791000000|100%| E|CS|TAMS 0x0000000790e00000, 0x0000000790e00000| Complete 
| 636|0x0000000791000000, 0x0000000791200000, 0x0000000791200000|100%| E|CS|TAMS 0x0000000791000000, 0x0000000791000000| Complete 
| 637|0x0000000791200000, 0x0000000791400000, 0x0000000791400000|100%| E|CS|TAMS 0x0000000791200000, 0x0000000791200000| Complete 
| 638|0x0000000791400000, 0x0000000791600000, 0x0000000791600000|100%| E|CS|TAMS 0x0000000791400000, 0x0000000791400000| Complete 
| 639|0x0000000791600000, 0x0000000791800000, 0x0000000791800000|100%| E|CS|TAMS 0x0000000791600000, 0x0000000791600000| Complete 
| 640|0x0000000791800000, 0x0000000791a00000, 0x0000000791a00000|100%| E|CS|TAMS 0x0000000791800000, 0x0000000791800000| Complete 
| 641|0x0000000791a00000, 0x0000000791c00000, 0x0000000791c00000|100%| E|CS|TAMS 0x0000000791a00000, 0x0000000791a00000| Complete 
| 642|0x0000000791c00000, 0x0000000791e00000, 0x0000000791e00000|100%| E|CS|TAMS 0x0000000791c00000, 0x0000000791c00000| Complete 
| 643|0x0000000791e00000, 0x0000000792000000, 0x0000000792000000|100%| E|CS|TAMS 0x0000000791e00000, 0x0000000791e00000| Complete 
| 644|0x0000000792000000, 0x0000000792200000, 0x0000000792200000|100%| E|CS|TAMS 0x0000000792000000, 0x0000000792000000| Complete 
| 645|0x0000000792200000, 0x0000000792400000, 0x0000000792400000|100%| E|CS|TAMS 0x0000000792200000, 0x0000000792200000| Complete 
| 646|0x0000000792400000, 0x0000000792600000, 0x0000000792600000|100%| E|CS|TAMS 0x0000000792400000, 0x0000000792400000| Complete 
| 647|0x0000000792600000, 0x0000000792800000, 0x0000000792800000|100%| E|CS|TAMS 0x0000000792600000, 0x0000000792600000| Complete 
| 648|0x0000000792800000, 0x0000000792a00000, 0x0000000792a00000|100%| E|CS|TAMS 0x0000000792800000, 0x0000000792800000| Complete 
| 649|0x0000000792a00000, 0x0000000792c00000, 0x0000000792c00000|100%| E|CS|TAMS 0x0000000792a00000, 0x0000000792a00000| Complete 
| 650|0x0000000792c00000, 0x0000000792e00000, 0x0000000792e00000|100%| E|CS|TAMS 0x0000000792c00000, 0x0000000792c00000| Complete 
| 651|0x0000000792e00000, 0x0000000793000000, 0x0000000793000000|100%| E|CS|TAMS 0x0000000792e00000, 0x0000000792e00000| Complete 
| 652|0x0000000793000000, 0x0000000793200000, 0x0000000793200000|100%| E|CS|TAMS 0x0000000793000000, 0x0000000793000000| Complete 
| 653|0x0000000793200000, 0x0000000793400000, 0x0000000793400000|100%| E|CS|TAMS 0x0000000793200000, 0x0000000793200000| Complete 
| 654|0x0000000793400000, 0x0000000793600000, 0x0000000793600000|100%| E|CS|TAMS 0x0000000793400000, 0x0000000793400000| Complete 
| 655|0x0000000793600000, 0x0000000793800000, 0x0000000793800000|100%| E|CS|TAMS 0x0000000793600000, 0x0000000793600000| Complete 
| 656|0x0000000793800000, 0x0000000793a00000, 0x0000000793a00000|100%| E|CS|TAMS 0x0000000793800000, 0x0000000793800000| Complete 
| 657|0x0000000793a00000, 0x0000000793c00000, 0x0000000793c00000|100%| E|CS|TAMS 0x0000000793a00000, 0x0000000793a00000| Complete 
| 658|0x0000000793c00000, 0x0000000793e00000, 0x0000000793e00000|100%| E|CS|TAMS 0x0000000793c00000, 0x0000000793c00000| Complete 
| 659|0x0000000793e00000, 0x0000000794000000, 0x0000000794000000|100%| E|CS|TAMS 0x0000000793e00000, 0x0000000793e00000| Complete 
| 660|0x0000000794000000, 0x0000000794200000, 0x0000000794200000|100%| E|CS|TAMS 0x0000000794000000, 0x0000000794000000| Complete 
| 661|0x0000000794200000, 0x0000000794400000, 0x0000000794400000|100%| E|CS|TAMS 0x0000000794200000, 0x0000000794200000| Complete 
| 662|0x0000000794400000, 0x0000000794600000, 0x0000000794600000|100%| E|CS|TAMS 0x0000000794400000, 0x0000000794400000| Complete 
| 663|0x0000000794600000, 0x0000000794800000, 0x0000000794800000|100%| E|CS|TAMS 0x0000000794600000, 0x0000000794600000| Complete 
| 664|0x0000000794800000, 0x0000000794a00000, 0x0000000794a00000|100%| E|CS|TAMS 0x0000000794800000, 0x0000000794800000| Complete 
| 665|0x0000000794a00000, 0x0000000794c00000, 0x0000000794c00000|100%| E|CS|TAMS 0x0000000794a00000, 0x0000000794a00000| Complete 
| 666|0x0000000794c00000, 0x0000000794e00000, 0x0000000794e00000|100%| E|CS|TAMS 0x0000000794c00000, 0x0000000794c00000| Complete 
| 667|0x0000000794e00000, 0x0000000795000000, 0x0000000795000000|100%| E|CS|TAMS 0x0000000794e00000, 0x0000000794e00000| Complete 
| 668|0x0000000795000000, 0x0000000795200000, 0x0000000795200000|100%| E|CS|TAMS 0x0000000795000000, 0x0000000795000000| Complete 
| 669|0x0000000795200000, 0x0000000795400000, 0x0000000795400000|100%| E|CS|TAMS 0x0000000795200000, 0x0000000795200000| Complete 
| 670|0x0000000795400000, 0x0000000795600000, 0x0000000795600000|100%| E|CS|TAMS 0x0000000795400000, 0x0000000795400000| Complete 
| 671|0x0000000795600000, 0x0000000795800000, 0x0000000795800000|100%| E|CS|TAMS 0x0000000795600000, 0x0000000795600000| Complete 
| 672|0x0000000795800000, 0x0000000795a00000, 0x0000000795a00000|100%| E|CS|TAMS 0x0000000795800000, 0x0000000795800000| Complete 
| 673|0x0000000795a00000, 0x0000000795c00000, 0x0000000795c00000|100%| E|CS|TAMS 0x0000000795a00000, 0x0000000795a00000| Complete 
| 674|0x0000000795c00000, 0x0000000795e00000, 0x0000000795e00000|100%| E|CS|TAMS 0x0000000795c00000, 0x0000000795c00000| Complete 
| 675|0x0000000795e00000, 0x0000000796000000, 0x0000000796000000|100%| E|CS|TAMS 0x0000000795e00000, 0x0000000795e00000| Complete 
| 676|0x0000000796000000, 0x0000000796200000, 0x0000000796200000|100%| E|CS|TAMS 0x0000000796000000, 0x0000000796000000| Complete 
| 677|0x0000000796200000, 0x0000000796400000, 0x0000000796400000|100%| E|CS|TAMS 0x0000000796200000, 0x0000000796200000| Complete 
| 678|0x0000000796400000, 0x0000000796600000, 0x0000000796600000|100%| E|CS|TAMS 0x0000000796400000, 0x0000000796400000| Complete 
| 679|0x0000000796600000, 0x0000000796800000, 0x0000000796800000|100%| E|CS|TAMS 0x0000000796600000, 0x0000000796600000| Complete 
| 680|0x0000000796800000, 0x0000000796a00000, 0x0000000796a00000|100%| E|CS|TAMS 0x0000000796800000, 0x0000000796800000| Complete 
| 681|0x0000000796a00000, 0x0000000796c00000, 0x0000000796c00000|100%| E|CS|TAMS 0x0000000796a00000, 0x0000000796a00000| Complete 
| 682|0x0000000796c00000, 0x0000000796e00000, 0x0000000796e00000|100%| E|CS|TAMS 0x0000000796c00000, 0x0000000796c00000| Complete 
| 683|0x0000000796e00000, 0x0000000797000000, 0x0000000797000000|100%| E|CS|TAMS 0x0000000796e00000, 0x0000000796e00000| Complete 
| 684|0x0000000797000000, 0x0000000797200000, 0x0000000797200000|100%| E|CS|TAMS 0x0000000797000000, 0x0000000797000000| Complete 
| 685|0x0000000797200000, 0x0000000797400000, 0x0000000797400000|100%| E|CS|TAMS 0x0000000797200000, 0x0000000797200000| Complete 
| 686|0x0000000797400000, 0x0000000797600000, 0x0000000797600000|100%| E|CS|TAMS 0x0000000797400000, 0x0000000797400000| Complete 
| 687|0x0000000797600000, 0x0000000797800000, 0x0000000797800000|100%| E|CS|TAMS 0x0000000797600000, 0x0000000797600000| Complete 
| 688|0x0000000797800000, 0x0000000797a00000, 0x0000000797a00000|100%| E|CS|TAMS 0x0000000797800000, 0x0000000797800000| Complete 
| 689|0x0000000797a00000, 0x0000000797c00000, 0x0000000797c00000|100%| E|CS|TAMS 0x0000000797a00000, 0x0000000797a00000| Complete 
| 690|0x0000000797c00000, 0x0000000797e00000, 0x0000000797e00000|100%| E|CS|TAMS 0x0000000797c00000, 0x0000000797c00000| Complete 
| 691|0x0000000797e00000, 0x0000000798000000, 0x0000000798000000|100%| E|CS|TAMS 0x0000000797e00000, 0x0000000797e00000| Complete 
| 692|0x0000000798000000, 0x0000000798200000, 0x0000000798200000|100%| E|CS|TAMS 0x0000000798000000, 0x0000000798000000| Complete 
| 693|0x0000000798200000, 0x0000000798400000, 0x0000000798400000|100%| E|CS|TAMS 0x0000000798200000, 0x0000000798200000| Complete 
| 694|0x0000000798400000, 0x0000000798600000, 0x0000000798600000|100%| E|CS|TAMS 0x0000000798400000, 0x0000000798400000| Complete 
| 695|0x0000000798600000, 0x0000000798800000, 0x0000000798800000|100%| E|CS|TAMS 0x0000000798600000, 0x0000000798600000| Complete 
| 696|0x0000000798800000, 0x0000000798a00000, 0x0000000798a00000|100%| E|CS|TAMS 0x0000000798800000, 0x0000000798800000| Complete 
| 697|0x0000000798a00000, 0x0000000798c00000, 0x0000000798c00000|100%| E|CS|TAMS 0x0000000798a00000, 0x0000000798a00000| Complete 
| 698|0x0000000798c00000, 0x0000000798e00000, 0x0000000798e00000|100%| E|CS|TAMS 0x0000000798c00000, 0x0000000798c00000| Complete 
| 699|0x0000000798e00000, 0x0000000799000000, 0x0000000799000000|100%| E|CS|TAMS 0x0000000798e00000, 0x0000000798e00000| Complete 
| 700|0x0000000799000000, 0x0000000799200000, 0x0000000799200000|100%| E|CS|TAMS 0x0000000799000000, 0x0000000799000000| Complete 
| 701|0x0000000799200000, 0x0000000799400000, 0x0000000799400000|100%| E|CS|TAMS 0x0000000799200000, 0x0000000799200000| Complete 
| 702|0x0000000799400000, 0x0000000799600000, 0x0000000799600000|100%| E|CS|TAMS 0x0000000799400000, 0x0000000799400000| Complete 
| 703|0x0000000799600000, 0x0000000799800000, 0x0000000799800000|100%| E|CS|TAMS 0x0000000799600000, 0x0000000799600000| Complete 
| 704|0x0000000799800000, 0x0000000799a00000, 0x0000000799a00000|100%| E|CS|TAMS 0x0000000799800000, 0x0000000799800000| Complete 
| 705|0x0000000799a00000, 0x0000000799c00000, 0x0000000799c00000|100%| E|CS|TAMS 0x0000000799a00000, 0x0000000799a00000| Complete 
| 706|0x0000000799c00000, 0x0000000799e00000, 0x0000000799e00000|100%| E|CS|TAMS 0x0000000799c00000, 0x0000000799c00000| Complete 
| 707|0x0000000799e00000, 0x000000079a000000, 0x000000079a000000|100%| E|CS|TAMS 0x0000000799e00000, 0x0000000799e00000| Complete 
| 708|0x000000079a000000, 0x000000079a200000, 0x000000079a200000|100%| E|CS|TAMS 0x000000079a000000, 0x000000079a000000| Complete 
| 709|0x000000079a200000, 0x000000079a400000, 0x000000079a400000|100%| E|CS|TAMS 0x000000079a200000, 0x000000079a200000| Complete 
| 710|0x000000079a400000, 0x000000079a600000, 0x000000079a600000|100%| E|CS|TAMS 0x000000079a400000, 0x000000079a400000| Complete 
| 711|0x000000079a600000, 0x000000079a800000, 0x000000079a800000|100%| E|CS|TAMS 0x000000079a600000, 0x000000079a600000| Complete 
| 712|0x000000079a800000, 0x000000079aa00000, 0x000000079aa00000|100%| E|CS|TAMS 0x000000079a800000, 0x000000079a800000| Complete 
| 713|0x000000079aa00000, 0x000000079ac00000, 0x000000079ac00000|100%| E|CS|TAMS 0x000000079aa00000, 0x000000079aa00000| Complete 
| 714|0x000000079ac00000, 0x000000079ae00000, 0x000000079ae00000|100%| E|CS|TAMS 0x000000079ac00000, 0x000000079ac00000| Complete 
| 715|0x000000079ae00000, 0x000000079b000000, 0x000000079b000000|100%| E|CS|TAMS 0x000000079ae00000, 0x000000079ae00000| Complete 
| 716|0x000000079b000000, 0x000000079b200000, 0x000000079b200000|100%| E|CS|TAMS 0x000000079b000000, 0x000000079b000000| Complete 
| 717|0x000000079b200000, 0x000000079b400000, 0x000000079b400000|100%| E|CS|TAMS 0x000000079b200000, 0x000000079b200000| Complete 
| 718|0x000000079b400000, 0x000000079b600000, 0x000000079b600000|100%| E|CS|TAMS 0x000000079b400000, 0x000000079b400000| Complete 
| 719|0x000000079b600000, 0x000000079b800000, 0x000000079b800000|100%| E|CS|TAMS 0x000000079b600000, 0x000000079b600000| Complete 
| 720|0x000000079b800000, 0x000000079ba00000, 0x000000079ba00000|100%| E|CS|TAMS 0x000000079b800000, 0x000000079b800000| Complete 
| 721|0x000000079ba00000, 0x000000079bc00000, 0x000000079bc00000|100%| E|CS|TAMS 0x000000079ba00000, 0x000000079ba00000| Complete 
| 722|0x000000079bc00000, 0x000000079be00000, 0x000000079be00000|100%| E|CS|TAMS 0x000000079bc00000, 0x000000079bc00000| Complete 
| 723|0x000000079be00000, 0x000000079c000000, 0x000000079c000000|100%| E|CS|TAMS 0x000000079be00000, 0x000000079be00000| Complete 
| 724|0x000000079c000000, 0x000000079c200000, 0x000000079c200000|100%| E|CS|TAMS 0x000000079c000000, 0x000000079c000000| Complete 
| 725|0x000000079c200000, 0x000000079c400000, 0x000000079c400000|100%| E|CS|TAMS 0x000000079c200000, 0x000000079c200000| Complete 
| 726|0x000000079c400000, 0x000000079c600000, 0x000000079c600000|100%| E|CS|TAMS 0x000000079c400000, 0x000000079c400000| Complete 
| 727|0x000000079c600000, 0x000000079c800000, 0x000000079c800000|100%| E|CS|TAMS 0x000000079c600000, 0x000000079c600000| Complete 
| 728|0x000000079c800000, 0x000000079ca00000, 0x000000079ca00000|100%| E|CS|TAMS 0x000000079c800000, 0x000000079c800000| Complete 
| 729|0x000000079ca00000, 0x000000079cc00000, 0x000000079cc00000|100%| E|CS|TAMS 0x000000079ca00000, 0x000000079ca00000| Complete 
| 730|0x000000079cc00000, 0x000000079ce00000, 0x000000079ce00000|100%| E|CS|TAMS 0x000000079cc00000, 0x000000079cc00000| Complete 
| 731|0x000000079ce00000, 0x000000079d000000, 0x000000079d000000|100%| E|CS|TAMS 0x000000079ce00000, 0x000000079ce00000| Complete 
| 732|0x000000079d000000, 0x000000079d200000, 0x000000079d200000|100%| E|CS|TAMS 0x000000079d000000, 0x000000079d000000| Complete 
| 733|0x000000079d200000, 0x000000079d400000, 0x000000079d400000|100%| E|CS|TAMS 0x000000079d200000, 0x000000079d200000| Complete 
| 734|0x000000079d400000, 0x000000079d600000, 0x000000079d600000|100%| E|CS|TAMS 0x000000079d400000, 0x000000079d400000| Complete 
| 735|0x000000079d600000, 0x000000079d800000, 0x000000079d800000|100%| E|CS|TAMS 0x000000079d600000, 0x000000079d600000| Complete 
| 736|0x000000079d800000, 0x000000079da00000, 0x000000079da00000|100%| E|CS|TAMS 0x000000079d800000, 0x000000079d800000| Complete 
| 737|0x000000079da00000, 0x000000079dc00000, 0x000000079dc00000|100%| E|CS|TAMS 0x000000079da00000, 0x000000079da00000| Complete 
| 738|0x000000079dc00000, 0x000000079de00000, 0x000000079de00000|100%| E|CS|TAMS 0x000000079dc00000, 0x000000079dc00000| Complete 
| 739|0x000000079de00000, 0x000000079e000000, 0x000000079e000000|100%| E|CS|TAMS 0x000000079de00000, 0x000000079de00000| Complete 
| 740|0x000000079e000000, 0x000000079e200000, 0x000000079e200000|100%| E|CS|TAMS 0x000000079e000000, 0x000000079e000000| Complete 
| 741|0x000000079e200000, 0x000000079e400000, 0x000000079e400000|100%| E|CS|TAMS 0x000000079e200000, 0x000000079e200000| Complete 
| 742|0x000000079e400000, 0x000000079e600000, 0x000000079e600000|100%| E|CS|TAMS 0x000000079e400000, 0x000000079e400000| Complete 
| 743|0x000000079e600000, 0x000000079e800000, 0x000000079e800000|100%| E|CS|TAMS 0x000000079e600000, 0x000000079e600000| Complete 
| 744|0x000000079e800000, 0x000000079ea00000, 0x000000079ea00000|100%| E|CS|TAMS 0x000000079e800000, 0x000000079e800000| Complete 
| 745|0x000000079ea00000, 0x000000079ec00000, 0x000000079ec00000|100%| E|CS|TAMS 0x000000079ea00000, 0x000000079ea00000| Complete 
| 746|0x000000079ec00000, 0x000000079ee00000, 0x000000079ee00000|100%| E|CS|TAMS 0x000000079ec00000, 0x000000079ec00000| Complete 
| 747|0x000000079ee00000, 0x000000079f000000, 0x000000079f000000|100%| E|CS|TAMS 0x000000079ee00000, 0x000000079ee00000| Complete 
| 748|0x000000079f000000, 0x000000079f200000, 0x000000079f200000|100%| E|CS|TAMS 0x000000079f000000, 0x000000079f000000| Complete 
| 749|0x000000079f200000, 0x000000079f400000, 0x000000079f400000|100%| E|CS|TAMS 0x000000079f200000, 0x000000079f200000| Complete 
| 750|0x000000079f400000, 0x000000079f600000, 0x000000079f600000|100%| E|CS|TAMS 0x000000079f400000, 0x000000079f400000| Complete 
| 751|0x000000079f600000, 0x000000079f800000, 0x000000079f800000|100%| E|CS|TAMS 0x000000079f600000, 0x000000079f600000| Complete 
| 752|0x000000079f800000, 0x000000079fa00000, 0x000000079fa00000|100%| E|CS|TAMS 0x000000079f800000, 0x000000079f800000| Complete 
| 753|0x000000079fa00000, 0x000000079fc00000, 0x000000079fc00000|100%| E|CS|TAMS 0x000000079fa00000, 0x000000079fa00000| Complete 
| 754|0x000000079fc00000, 0x000000079fe00000, 0x000000079fe00000|100%| E|CS|TAMS 0x000000079fc00000, 0x000000079fc00000| Complete 
| 755|0x000000079fe00000, 0x00000007a0000000, 0x00000007a0000000|100%| E|CS|TAMS 0x000000079fe00000, 0x000000079fe00000| Complete 
| 756|0x00000007a0000000, 0x00000007a0200000, 0x00000007a0200000|100%| E|CS|TAMS 0x00000007a0000000, 0x00000007a0000000| Complete 
| 757|0x00000007a0200000, 0x00000007a0400000, 0x00000007a0400000|100%| E|CS|TAMS 0x00000007a0200000, 0x00000007a0200000| Complete 
| 758|0x00000007a0400000, 0x00000007a0600000, 0x00000007a0600000|100%| E|CS|TAMS 0x00000007a0400000, 0x00000007a0400000| Complete 
| 759|0x00000007a0600000, 0x00000007a0800000, 0x00000007a0800000|100%| E|CS|TAMS 0x00000007a0600000, 0x00000007a0600000| Complete 
| 760|0x00000007a0800000, 0x00000007a0a00000, 0x00000007a0a00000|100%| E|CS|TAMS 0x00000007a0800000, 0x00000007a0800000| Complete 
| 761|0x00000007a0a00000, 0x00000007a0c00000, 0x00000007a0c00000|100%| E|CS|TAMS 0x00000007a0a00000, 0x00000007a0a00000| Complete 
| 762|0x00000007a0c00000, 0x00000007a0e00000, 0x00000007a0e00000|100%| E|CS|TAMS 0x00000007a0c00000, 0x00000007a0c00000| Complete 
| 763|0x00000007a0e00000, 0x00000007a1000000, 0x00000007a1000000|100%| E|CS|TAMS 0x00000007a0e00000, 0x00000007a0e00000| Complete 
| 764|0x00000007a1000000, 0x00000007a1200000, 0x00000007a1200000|100%| E|CS|TAMS 0x00000007a1000000, 0x00000007a1000000| Complete 
| 765|0x00000007a1200000, 0x00000007a12b8898, 0x00000007a1400000| 36%| S|CS|TAMS 0x00000007a1200000, 0x00000007a1200000| Complete 
| 766|0x00000007a1400000, 0x00000007a1600000, 0x00000007a1600000|100%| S|CS|TAMS 0x00000007a1400000, 0x00000007a1400000| Complete 
| 767|0x00000007a1600000, 0x00000007a1800000, 0x00000007a1800000|100%| E|CS|TAMS 0x00000007a1600000, 0x00000007a1600000| Complete 
| 768|0x00000007a1800000, 0x00000007a1a00000, 0x00000007a1a00000|100%| E|CS|TAMS 0x00000007a1800000, 0x00000007a1800000| Complete 
| 769|0x00000007a1a00000, 0x00000007a1c00000, 0x00000007a1c00000|100%| E|CS|TAMS 0x00000007a1a00000, 0x00000007a1a00000| Complete 
| 770|0x00000007a1c00000, 0x00000007a1e00000, 0x00000007a1e00000|100%| E|CS|TAMS 0x00000007a1c00000, 0x00000007a1c00000| Complete 
| 771|0x00000007a1e00000, 0x00000007a2000000, 0x00000007a2000000|100%| E|CS|TAMS 0x00000007a1e00000, 0x00000007a1e00000| Complete 
| 772|0x00000007a2000000, 0x00000007a2200000, 0x00000007a2200000|100%| E|CS|TAMS 0x00000007a2000000, 0x00000007a2000000| Complete 
| 773|0x00000007a2200000, 0x00000007a2400000, 0x00000007a2400000|100%| E|CS|TAMS 0x00000007a2200000, 0x00000007a2200000| Complete 
| 774|0x00000007a2400000, 0x00000007a2600000, 0x00000007a2600000|100%| E|CS|TAMS 0x00000007a2400000, 0x00000007a2400000| Complete 
| 775|0x00000007a2600000, 0x00000007a2800000, 0x00000007a2800000|100%| E|CS|TAMS 0x00000007a2600000, 0x00000007a2600000| Complete 
| 776|0x00000007a2800000, 0x00000007a2a00000, 0x00000007a2a00000|100%| E|CS|TAMS 0x00000007a2800000, 0x00000007a2800000| Complete 
| 777|0x00000007a2a00000, 0x00000007a2c00000, 0x00000007a2c00000|100%| E|CS|TAMS 0x00000007a2a00000, 0x00000007a2a00000| Complete 
|1470|0x00000007f9400000, 0x00000007f9600000, 0x00000007f9600000|100%| O|  |TAMS 0x00000007f9600000, 0x00000007f9400000| Untracked 
|1471|0x00000007f9600000, 0x00000007f9800000, 0x00000007f9800000|100%| O|  |TAMS 0x00000007f9800000, 0x00000007f9600000| Untracked 
|1472|0x00000007f9800000, 0x00000007f9a00000, 0x00000007f9a00000|100%| O|  |TAMS 0x00000007f9a00000, 0x00000007f9800000| Untracked 
|1473|0x00000007f9a00000, 0x00000007f9c00000, 0x00000007f9c00000|100%| O|  |TAMS 0x00000007f9c00000, 0x00000007f9a00000| Untracked 
|1474|0x00000007f9c00000, 0x00000007f9e00000, 0x00000007f9e00000|100%| E|CS|TAMS 0x00000007f9c00000, 0x00000007f9c00000| Complete 
|1497|0x00000007fca00000, 0x00000007fcc00000, 0x00000007fcc00000|100%| E|CS|TAMS 0x00000007fca00000, 0x00000007fca00000| Complete 
|1498|0x00000007fcc00000, 0x00000007fce00000, 0x00000007fce00000|100%| E|CS|TAMS 0x00000007fcc00000, 0x00000007fcc00000| Complete 
|1499|0x00000007fce00000, 0x00000007fd000000, 0x00000007fd000000|100%| E|CS|TAMS 0x00000007fce00000, 0x00000007fce00000| Complete 
|1500|0x00000007fd000000, 0x00000007fd200000, 0x00000007fd200000|100%| E|CS|TAMS 0x00000007fd000000, 0x00000007fd000000| Complete 
|1501|0x00000007fd200000, 0x00000007fd400000, 0x00000007fd400000|100%| E|CS|TAMS 0x00000007fd200000, 0x00000007fd200000| Complete 
|1502|0x00000007fd400000, 0x00000007fd600000, 0x00000007fd600000|100%| E|CS|TAMS 0x00000007fd400000, 0x00000007fd400000| Complete 
|1503|0x00000007fd600000, 0x00000007fd800000, 0x00000007fd800000|100%| E|CS|TAMS 0x00000007fd600000, 0x00000007fd600000| Complete 
|1504|0x00000007fd800000, 0x00000007fda00000, 0x00000007fda00000|100%| E|CS|TAMS 0x00000007fd800000, 0x00000007fd800000| Complete 
|1505|0x00000007fda00000, 0x00000007fdc00000, 0x00000007fdc00000|100%| E|CS|TAMS 0x00000007fda00000, 0x00000007fda00000| Complete 
|1506|0x00000007fdc00000, 0x00000007fde00000, 0x00000007fde00000|100%| E|CS|TAMS 0x00000007fdc00000, 0x00000007fdc00000| Complete 
|1507|0x00000007fde00000, 0x00000007fe000000, 0x00000007fe000000|100%| E|CS|TAMS 0x00000007fde00000, 0x00000007fde00000| Complete 
|1508|0x00000007fe000000, 0x00000007fe200000, 0x00000007fe200000|100%| E|CS|TAMS 0x00000007fe000000, 0x00000007fe000000| Complete 
|1509|0x00000007fe200000, 0x00000007fe400000, 0x00000007fe400000|100%| E|CS|TAMS 0x00000007fe200000, 0x00000007fe200000| Complete 
|1510|0x00000007fe400000, 0x00000007fe600000, 0x00000007fe600000|100%| E|CS|TAMS 0x00000007fe400000, 0x00000007fe400000| Complete 
|1511|0x00000007fe600000, 0x00000007fe800000, 0x00000007fe800000|100%| E|CS|TAMS 0x00000007fe600000, 0x00000007fe600000| Complete 
|1512|0x00000007fe800000, 0x00000007fea00000, 0x00000007fea00000|100%| E|CS|TAMS 0x00000007fe800000, 0x00000007fe800000| Complete 
|1513|0x00000007fea00000, 0x00000007fec00000, 0x00000007fec00000|100%| E|CS|TAMS 0x00000007fea00000, 0x00000007fea00000| Complete 
|1514|0x00000007fec00000, 0x00000007fee00000, 0x00000007fee00000|100%| E|CS|TAMS 0x00000007fec00000, 0x00000007fec00000| Complete 
|1515|0x00000007fee00000, 0x00000007ff000000, 0x00000007ff000000|100%| E|CS|TAMS 0x00000007fee00000, 0x00000007fee00000| Complete 
|1516|0x00000007ff000000, 0x00000007ff200000, 0x00000007ff200000|100%| E|CS|TAMS 0x00000007ff000000, 0x00000007ff000000| Complete 
|1517|0x00000007ff200000, 0x00000007ff400000, 0x00000007ff400000|100%| E|CS|TAMS 0x00000007ff200000, 0x00000007ff200000| Complete 
|1518|0x00000007ff400000, 0x00000007ff600000, 0x00000007ff600000|100%| E|CS|TAMS 0x00000007ff400000, 0x00000007ff400000| Complete 
|1519|0x00000007ff600000, 0x00000007ff800000, 0x00000007ff800000|100%| E|CS|TAMS 0x00000007ff600000, 0x00000007ff600000| Complete 
|1520|0x00000007ff800000, 0x00000007ffa00000, 0x00000007ffa00000|100%| E|CS|TAMS 0x00000007ff800000, 0x00000007ff800000| Complete 
|1521|0x00000007ffa00000, 0x00000007ffc00000, 0x00000007ffc00000|100%| E|CS|TAMS 0x00000007ffa00000, 0x00000007ffa00000| Complete 
|1522|0x00000007ffc00000, 0x00000007ffe00000, 0x00000007ffe00000|100%| E|CS|TAMS 0x00000007ffc00000, 0x00000007ffc00000| Complete 
|1523|0x00000007ffe00000, 0x0000000800000000, 0x0000000800000000|100%| O|  |TAMS 0x0000000800000000, 0x00000007ffe00000| Untracked 

Card table byte_map: [0x0000026166930000,0x0000026166f30000] _byte_map_base: 0x0000026162f24000

Marking Bits (Prev, Next): (CMBitMap*) 0x000002614da7bf50, (CMBitMap*) 0x000002614da7bf10
 Prev Bits: [0x000002616a4d0000, 0x000002616d470000)
 Next Bits: [0x0000026167530000, 0x000002616a4d0000)

Polling page: 0x0000026156ce0000

Metaspace:

Usage:
  Non-class:    102.10 MB used.
      Class:     17.08 MB used.
       Both:    119.18 MB used.

Virtual space:
  Non-class space:      128.00 MB reserved,     103.06 MB ( 81%) committed,  2 nodes.
      Class space:        1.00 GB reserved,      17.88 MB (  2%) committed,  1 nodes.
             Both:        1.12 GB reserved,     120.94 MB ( 10%) committed. 

Chunk freelists:
   Non-Class:  8.60 MB
       Class:  14.14 MB
        Both:  22.73 MB

MaxMetaspaceSize: unlimited
CompressedClassSpaceSize: 1.00 GB
Initial GC threshold: 21.00 MB
Current GC threshold: 201.56 MB
CDS: on
MetaspaceReclaimPolicy: balanced
 - commit_granule_bytes: 65536.
 - commit_granule_words: 8192.
 - virtual_space_node_default_size: 8388608.
 - enlarge_chunks_in_place: 1.
 - new_chunks_are_fully_committed: 0.
 - uncommit_free_chunks: 1.
 - use_allocation_guard: 0.
 - handle_deallocations: 1.


Internal statistics:

num_allocs_failed_limit: 18.
num_arena_births: 2802.
num_arena_deaths: 2.
num_vsnodes_births: 3.
num_vsnodes_deaths: 0.
num_space_committed: 1930.
num_space_uncommitted: 0.
num_chunks_returned_to_freelist: 21.
num_chunks_taken_from_freelist: 8074.
num_chunk_merges: 15.
num_chunk_splits: 5120.
num_chunks_enlarged: 3223.
num_inconsistent_stats: 0.

CodeHeap 'non-profiled nmethods': size=120000Kb used=22397Kb max_used=22397Kb free=97603Kb
 bounds [0x000002615e7d0000, 0x000002615fdc0000, 0x0000026165d00000]
CodeHeap 'profiled nmethods': size=120000Kb used=30835Kb max_used=32810Kb free=89164Kb
 bounds [0x0000026156d00000, 0x0000026158d40000, 0x000002615e230000]
CodeHeap 'non-nmethods': size=5760Kb used=2432Kb max_used=2508Kb free=3327Kb
 bounds [0x000002615e230000, 0x000002615e4b0000, 0x000002615e7d0000]
 total_blobs=21799 nmethods=19705 adapters=2005
 compilation: enabled
              stopped_count=0, restarted_count=0
 full_count=0

Compilation events (20 events):
Event: 317.832 Thread 0x000002616fadf580 30717       1       net.minecraftforge.common.extensions.IForgeBlockEntity::hasCustomOutlineRendering (2 bytes)
Event: 317.833 Thread 0x000002616fadf580 nmethod 30717 0x000002615fc14210 code [0x000002615fc143a0, 0x000002615fc14478]
Event: 317.833 Thread 0x000002616fadf580 30718       3       net.minecraft.client.renderer.blockentity.BlockEntityRenderer::shouldRender (19 bytes)
Event: 317.833 Thread 0x000002616fadf580 nmethod 30718 0x0000026158b2b410 code [0x0000026158b2b5e0, 0x0000026158b2b8e8]
Event: 317.833 Thread 0x000002616fadf580 30719       3       net.minecraft.client.renderer.blockentity.BlockEntityRenderDispatcher$$Lambda$9331/0x00000261021d6c58::<init> (32 bytes)
Event: 317.833 Thread 0x000002616fadf580 nmethod 30719 0x000002615856da10 code [0x000002615856dbc0, 0x000002615856deb8]
Event: 317.833 Thread 0x000002616fadf580 30720       3       net.minecraft.client.renderer.blockentity.BlockEntityRenderDispatcher::setupAndRender (46 bytes)
Event: 317.833 Thread 0x000002616fadf580 nmethod 30720 0x00000261584a8e10 code [0x00000261584a8fe0, 0x00000261584a94e8]
Event: 317.833 Thread 0x000002616fadf580 30721       3       mcscjunjie.junzulaki.trafficmod.Inter1kmChange$SignLineRenderer::render (116 bytes)
Event: 317.835 Thread 0x000002616fadf580 nmethod 30721 0x000002615878eb90 code [0x000002615878ef60, 0x0000026158790488]
Event: 318.135 Thread 0x000002616fadc410 nmethod 30712 0x000002615fabab10 code [0x000002615fabb100, 0x000002615fabf608]
Event: 318.135 Thread 0x000002616fadc410 30714       4       net.minecraft.client.sounds.ChannelAccess::scheduleTick (16 bytes)
Event: 318.376 Thread 0x000002616fadf580 30722       3       com.mojang.blaze3d.audio.OggAudioStream$OutputConcat::get (69 bytes)
Event: 318.378 Thread 0x000002616fadf580 nmethod 30722 0x0000026158780710 code [0x00000261587809c0, 0x00000261587817a8]
Event: 318.416 Thread 0x000002616fadc410 nmethod 30714 0x000002615f579390 code [0x000002615f579860, 0x000002615f57d368]
Event: 318.656 Thread 0x000002616fadf580 30723       3       mcscjunjie.junzulaki.trafficmod.block.Interchange1kmBlock::getShape (510 bytes)
Event: 318.659 Thread 0x000002616fadf580 nmethod 30723 0x0000026158502c90 code [0x0000026158503820, 0x0000026158507688]
Event: 318.667 Thread 0x000002616fadc410 30724       4       net.minecraft.client.sounds.MusicManager::tick (174 bytes)
Event: 318.687 Thread 0x000002616fadc410 nmethod 30724 0x000002615f577810 code [0x000002615f577a80, 0x000002615f578910]
Event: 318.687 Thread 0x000002616fadc410 30725   !   4       net.minecraft.client.renderer.LevelRenderer::renderLevel (3061 bytes)

GC Heap History (20 events):
Event: 248.321 GC heap before
{Heap before GC invocations=79 (full 0):
 garbage-first heap   total 1658880K, used 1407424K [0x0000000741800000, 0x0000000800000000)
  region size 2048K, 486 young (995328K), 2 survivors (4096K)
 Metaspace       used 121931K, committed 123712K, reserved 1179648K
  class space    used 17483K, committed 18304K, reserved 1048576K
}
Event: 248.328 GC heap after
{Heap after GC invocations=80 (full 0):
 garbage-first heap   total 1658880K, used 415808K [0x0000000741800000, 0x0000000800000000)
  region size 2048K, 2 young (4096K), 2 survivors (4096K)
 Metaspace       used 121931K, committed 123712K, reserved 1179648K
  class space    used 17483K, committed 18304K, reserved 1048576K
}
Event: 255.461 GC heap before
{Heap before GC invocations=80 (full 0):
 garbage-first heap   total 1658880K, used 1407040K [0x0000000741800000, 0x0000000800000000)
  region size 2048K, 486 young (995328K), 2 survivors (4096K)
 Metaspace       used 121942K, committed 123712K, reserved 1179648K
  class space    used 17484K, committed 18304K, reserved 1048576K
}
Event: 255.467 GC heap after
{Heap after GC invocations=81 (full 0):
 garbage-first heap   total 1658880K, used 416531K [0x0000000741800000, 0x0000000800000000)
  region size 2048K, 2 young (4096K), 2 survivors (4096K)
 Metaspace       used 121942K, committed 123712K, reserved 1179648K
  class space    used 17484K, committed 18304K, reserved 1048576K
}
Event: 265.632 GC heap before
{Heap before GC invocations=81 (full 0):
 garbage-first heap   total 1658880K, used 1407763K [0x0000000741800000, 0x0000000800000000)
  region size 2048K, 486 young (995328K), 2 survivors (4096K)
 Metaspace       used 121996K, committed 123776K, reserved 1179648K
  class space    used 17493K, committed 18304K, reserved 1048576K
}
Event: 265.638 GC heap after
{Heap after GC invocations=82 (full 0):
 garbage-first heap   total 1658880K, used 416244K [0x0000000741800000, 0x0000000800000000)
  region size 2048K, 2 young (4096K), 2 survivors (4096K)
 Metaspace       used 121996K, committed 123776K, reserved 1179648K
  class space    used 17493K, committed 18304K, reserved 1048576K
}
Event: 268.909 GC heap before
{Heap before GC invocations=83 (full 0):
 garbage-first heap   total 1658880K, used 1407476K [0x0000000741800000, 0x0000000800000000)
  region size 2048K, 486 young (995328K), 2 survivors (4096K)
 Metaspace       used 122002K, committed 123776K, reserved 1179648K
  class space    used 17493K, committed 18304K, reserved 1048576K
}
Event: 268.918 GC heap after
{Heap after GC invocations=84 (full 0):
 garbage-first heap   total 1658880K, used 416378K [0x0000000741800000, 0x0000000800000000)
  region size 2048K, 2 young (4096K), 2 survivors (4096K)
 Metaspace       used 122002K, committed 123776K, reserved 1179648K
  class space    used 17493K, committed 18304K, reserved 1048576K
}
Event: 269.365 GC heap before
{Heap before GC invocations=84 (full 0):
 garbage-first heap   total 1658880K, used 494202K [0x0000000741800000, 0x0000000800000000)
  region size 2048K, 40 young (81920K), 2 survivors (4096K)
 Metaspace       used 122002K, committed 123776K, reserved 1179648K
  class space    used 17493K, committed 18304K, reserved 1048576K
}
Event: 269.378 GC heap after
{Heap after GC invocations=85 (full 0):
 garbage-first heap   total 1658880K, used 405756K [0x0000000741800000, 0x0000000800000000)
  region size 2048K, 2 young (4096K), 2 survivors (4096K)
 Metaspace       used 122002K, committed 123776K, reserved 1179648K
  class space    used 17493K, committed 18304K, reserved 1048576K
}
Event: 277.418 GC heap before
{Heap before GC invocations=85 (full 0):
 garbage-first heap   total 1658880K, used 1396988K [0x0000000741800000, 0x0000000800000000)
  region size 2048K, 486 young (995328K), 2 survivors (4096K)
 Metaspace       used 122019K, committed 123776K, reserved 1179648K
  class space    used 17493K, committed 18304K, reserved 1048576K
}
Event: 277.423 GC heap after
{Heap after GC invocations=86 (full 0):
 garbage-first heap   total 1658880K, used 405951K [0x0000000741800000, 0x0000000800000000)
  region size 2048K, 2 young (4096K), 2 survivors (4096K)
 Metaspace       used 122019K, committed 123776K, reserved 1179648K
  class space    used 17493K, committed 18304K, reserved 1048576K
}
Event: 288.407 GC heap before
{Heap before GC invocations=86 (full 0):
 garbage-first heap   total 1658880K, used 1397183K [0x0000000741800000, 0x0000000800000000)
  region size 2048K, 486 young (995328K), 2 survivors (4096K)
 Metaspace       used 122023K, committed 123776K, reserved 1179648K
  class space    used 17493K, committed 18304K, reserved 1048576K
}
Event: 288.412 GC heap after
{Heap after GC invocations=87 (full 0):
 garbage-first heap   total 1658880K, used 406036K [0x0000000741800000, 0x0000000800000000)
  region size 2048K, 2 young (4096K), 2 survivors (4096K)
 Metaspace       used 122023K, committed 123776K, reserved 1179648K
  class space    used 17493K, committed 18304K, reserved 1048576K
}
Event: 298.018 GC heap before
{Heap before GC invocations=87 (full 0):
 garbage-first heap   total 1658880K, used 1395220K [0x0000000741800000, 0x0000000800000000)
  region size 2048K, 486 young (995328K), 2 survivors (4096K)
 Metaspace       used 122025K, committed 123840K, reserved 1179648K
  class space    used 17493K, committed 18304K, reserved 1048576K
}
Event: 298.023 GC heap after
{Heap after GC invocations=88 (full 0):
 garbage-first heap   total 1658880K, used 406994K [0x0000000741800000, 0x0000000800000000)
  region size 2048K, 2 young (4096K), 2 survivors (4096K)
 Metaspace       used 122025K, committed 123840K, reserved 1179648K
  class space    used 17493K, committed 18304K, reserved 1048576K
}
Event: 308.279 GC heap before
{Heap before GC invocations=89 (full 0):
 garbage-first heap   total 1658880K, used 1398226K [0x0000000741800000, 0x0000000800000000)
  region size 2048K, 486 young (995328K), 2 survivors (4096K)
 Metaspace       used 122030K, committed 123840K, reserved 1179648K
  class space    used 17492K, committed 18304K, reserved 1048576K
}
Event: 308.286 GC heap after
{Heap after GC invocations=90 (full 0):
 garbage-first heap   total 1658880K, used 406190K [0x0000000741800000, 0x0000000800000000)
  region size 2048K, 2 young (4096K), 2 survivors (4096K)
 Metaspace       used 122030K, committed 123840K, reserved 1179648K
  class space    used 17492K, committed 18304K, reserved 1048576K
}
Event: 309.116 GC heap before
{Heap before GC invocations=90 (full 0):
 garbage-first heap   total 1658880K, used 484014K [0x0000000741800000, 0x0000000800000000)
  region size 2048K, 40 young (81920K), 2 survivors (4096K)
 Metaspace       used 122030K, committed 123840K, reserved 1179648K
  class space    used 17492K, committed 18304K, reserved 1048576K
}
Event: 309.125 GC heap after
{Heap after GC invocations=91 (full 0):
 garbage-first heap   total 1658880K, used 399531K [0x0000000741800000, 0x0000000800000000)
  region size 2048K, 2 young (4096K), 2 survivors (4096K)
 Metaspace       used 122030K, committed 123840K, reserved 1179648K
  class space    used 17492K, committed 18304K, reserved 1048576K
}

Dll operation events (16 events):
Event: 0.012 Loaded shared library F:\MCreator20241\jdk\bin\java.dll
Event: 0.038 Loaded shared library F:\MCreator20241\jdk\bin\jsvml.dll
Event: 0.276 Loaded shared library F:\MCreator20241\jdk\bin\net.dll
Event: 0.278 Loaded shared library F:\MCreator20241\jdk\bin\nio.dll
Event: 0.281 Loaded shared library F:\MCreator20241\jdk\bin\zip.dll
Event: 0.375 Loaded shared library F:\MCreator20241\jdk\bin\jimage.dll
Event: 0.979 Loaded shared library F:\MCreator20241\jdk\bin\verify.dll
Event: 4.364 Loaded shared library F:\MCreator20241\jdk\bin\management.dll
Event: 4.368 Loaded shared library F:\MCreator20241\jdk\bin\management_ext.dll
Event: 5.519 Loaded shared library C:\Users\JunZulaki\AppData\Local\Temp\lwjglJunZulaki\3.3.1-build-7\lwjgl.dll
Event: 6.701 Loaded shared library C:\Users\JunZulaki\AppData\Local\Temp\lwjglJunZulaki\3.3.1-build-7\lwjgl_stb.dll
Event: 6.921 Loaded shared library C:\Users\JunZulaki\AppData\Local\Temp\lwjglJunZulaki\3.3.1-build-7\lwjgl_opengl.dll
Event: 12.896 Loaded shared library C:\Users\JunZulaki\AppData\Local\Temp\jna--1328118383\jna16094871488558573928.dll
Event: 24.289 Loaded shared library F:\MCreator20241\jdk\bin\sunmscapi.dll
Event: 24.515 Loaded shared library F:\MCreator20241\jdk\bin\extnet.dll
Event: 75.684 Loaded shared library F:\MCreator20241\jdk\bin\awt.dll

Deoptimization events (20 events):
Event: 318.626 Thread 0x000002614da25530 Uncommon trap: trap_request=0xffffffde fr.pc=0x000002615fbf1000 relative=0x0000000000005dc0
Event: 318.626 Thread 0x000002614da25530 Uncommon trap: reason=class_check action=maybe_recompile pc=0x000002615fbf1000 method=net.minecraft.client.renderer.LevelRenderer.renderLevel(Lcom/mojang/blaze3d/vertex/PoseStack;FJZLnet/minecraft/client/Camera;Lnet/minecraft/client/renderer/GameRenderer;
Event: 318.626 Thread 0x000002614da25530 DEOPT PACKING pc=0x000002615fbf1000 sp=0x000000a1ec7fdbd0
Event: 318.626 Thread 0x000002614da25530 DEOPT UNPACKING pc=0x000002615e2869a3 sp=0x000000a1ec7fdad8 mode 2
Event: 318.629 Thread 0x000002614da25530 Uncommon trap: trap_request=0xffffffde fr.pc=0x000002615fbf1000 relative=0x0000000000005dc0
Event: 318.629 Thread 0x000002614da25530 Uncommon trap: reason=class_check action=maybe_recompile pc=0x000002615fbf1000 method=net.minecraft.client.renderer.LevelRenderer.renderLevel(Lcom/mojang/blaze3d/vertex/PoseStack;FJZLnet/minecraft/client/Camera;Lnet/minecraft/client/renderer/GameRenderer;
Event: 318.629 Thread 0x000002614da25530 DEOPT PACKING pc=0x000002615fbf1000 sp=0x000000a1ec7fdbd0
Event: 318.629 Thread 0x000002614da25530 DEOPT UNPACKING pc=0x000002615e2869a3 sp=0x000000a1ec7fdad8 mode 2
Event: 318.634 Thread 0x000002614da25530 Uncommon trap: trap_request=0xffffffde fr.pc=0x000002615fbf1000 relative=0x0000000000005dc0
Event: 318.634 Thread 0x000002614da25530 Uncommon trap: reason=class_check action=maybe_recompile pc=0x000002615fbf1000 method=net.minecraft.client.renderer.LevelRenderer.renderLevel(Lcom/mojang/blaze3d/vertex/PoseStack;FJZLnet/minecraft/client/Camera;Lnet/minecraft/client/renderer/GameRenderer;
Event: 318.635 Thread 0x000002614da25530 DEOPT PACKING pc=0x000002615fbf1000 sp=0x000000a1ec7fdbd0
Event: 318.635 Thread 0x000002614da25530 DEOPT UNPACKING pc=0x000002615e2869a3 sp=0x000000a1ec7fdad8 mode 2
Event: 318.639 Thread 0x000002614da25530 Uncommon trap: trap_request=0xffffffde fr.pc=0x000002615fbf1000 relative=0x0000000000005dc0
Event: 318.639 Thread 0x000002614da25530 Uncommon trap: reason=class_check action=maybe_recompile pc=0x000002615fbf1000 method=net.minecraft.client.renderer.LevelRenderer.renderLevel(Lcom/mojang/blaze3d/vertex/PoseStack;FJZLnet/minecraft/client/Camera;Lnet/minecraft/client/renderer/GameRenderer;
Event: 318.639 Thread 0x000002614da25530 DEOPT PACKING pc=0x000002615fbf1000 sp=0x000000a1ec7fdbd0
Event: 318.639 Thread 0x000002614da25530 DEOPT UNPACKING pc=0x000002615e2869a3 sp=0x000000a1ec7fdad8 mode 2
Event: 318.678 Thread 0x000002614da25530 Uncommon trap: trap_request=0xffffffde fr.pc=0x000002615f5e82e0 relative=0x0000000000005c80
Event: 318.678 Thread 0x000002614da25530 Uncommon trap: reason=class_check action=maybe_recompile pc=0x000002615f5e82e0 method=net.minecraft.client.renderer.LevelRenderer.renderLevel(Lcom/mojang/blaze3d/vertex/PoseStack;FJZLnet/minecraft/client/Camera;Lnet/minecraft/client/renderer/GameRenderer;
Event: 318.678 Thread 0x000002614da25530 DEOPT PACKING pc=0x000002615f5e82e0 sp=0x000000a1ec7fdb70
Event: 318.678 Thread 0x000002614da25530 DEOPT UNPACKING pc=0x000002615e2869a3 sp=0x000000a1ec7fdad8 mode 2

Classes unloaded (1 events):
Event: 299.240 Thread 0x000002616faad0f0 Unloading class 0x00000261021d5400 'java/lang/invoke/LambdaForm$DMH+0x00000261021d5400'

Classes redefined (0 events):
No events

Internal exceptions (20 events):
Event: 291.632 Thread 0x00000261744a9a10 Exception <a 'sun/nio/fs/WindowsException'{0x0000000797e059f8}> (0x0000000797e059f8) 
thrown [s\src\hotspot\share\prims\jni.cpp, line 516]
Event: 298.076 Thread 0x00000261744a9a10 Exception <a 'sun/nio/fs/WindowsException'{0x00000007fd404f60}> (0x00000007fd404f60) 
thrown [s\src\hotspot\share\prims\jni.cpp, line 516]
Event: 301.675 Thread 0x00000261744a9a10 Exception <a 'sun/nio/fs/WindowsException'{0x0000000781304f70}> (0x0000000781304f70) 
thrown [s\src\hotspot\share\prims\jni.cpp, line 516]
Event: 309.473 Thread 0x00000261744a9a10 Exception <a 'sun/nio/fs/WindowsException'{0x00000007fdb0f6d0}> (0x00000007fdb0f6d0) 
thrown [s\src\hotspot\share\prims\jni.cpp, line 516]
Event: 311.674 Thread 0x00000261744a9a10 Exception <a 'sun/nio/fs/WindowsException'{0x000000079b1058f0}> (0x000000079b1058f0) 
thrown [s\src\hotspot\share\prims\jni.cpp, line 516]
Event: 311.774 Thread 0x00000261744a9a10 Exception <a 'sun/nio/fs/WindowsException'{0x0000000799a001a0}> (0x0000000799a001a0) 
thrown [s\src\hotspot\share\prims\jni.cpp, line 516]
Event: 311.776 Thread 0x00000261a8854510 Exception <a 'sun/nio/fs/WindowsException'{0x00000007fdb065b8}> (0x00000007fdb065b8) 
thrown [s\src\hotspot\share\prims\jni.cpp, line 516]
Event: 311.777 Thread 0x00000261a8854510 Exception <a 'sun/nio/fs/WindowsException'{0x00000007fdb09490}> (0x00000007fdb09490) 
thrown [s\src\hotspot\share\prims\jni.cpp, line 516]
Event: 311.779 Thread 0x00000261a8854510 Exception <a 'sun/nio/fs/WindowsException'{0x00000007fdb0a348}> (0x00000007fdb0a348) 
thrown [s\src\hotspot\share\prims\jni.cpp, line 516]
Event: 311.781 Thread 0x00000261744a9a10 Exception <a 'sun/nio/fs/WindowsException'{0x0000000799604f48}> (0x0000000799604f48) 
thrown [s\src\hotspot\share\prims\jni.cpp, line 516]
Event: 311.783 Thread 0x00000261a8854510 Exception <a 'sun/nio/fs/WindowsException'{0x000000079970a6d8}> (0x000000079970a6d8) 
thrown [s\src\hotspot\share\prims\jni.cpp, line 516]
Event: 311.784 Thread 0x00000261a8854510 Exception <a 'sun/nio/fs/WindowsException'{0x000000079970f538}> (0x000000079970f538) 
thrown [s\src\hotspot\share\prims\jni.cpp, line 516]
Event: 311.786 Thread 0x00000261744a9a10 Exception <a 'sun/nio/fs/WindowsException'{0x00000007992001c8}> (0x00000007992001c8) 
thrown [s\src\hotspot\share\prims\jni.cpp, line 516]
Event: 311.788 Thread 0x00000261a8854510 Exception <a 'sun/nio/fs/WindowsException'{0x0000000799712620}> (0x0000000799712620) 
thrown [s\src\hotspot\share\prims\jni.cpp, line 516]
Event: 311.789 Thread 0x00000261a8854510 Exception <a 'sun/nio/fs/WindowsException'{0x00000007997134d8}> (0x00000007997134d8) 
thrown [s\src\hotspot\share\prims\jni.cpp, line 516]
Event: 311.792 Thread 0x00000261744a9a10 Exception <a 'sun/nio/fs/WindowsException'{0x000000079920b738}> (0x000000079920b738) 
thrown [s\src\hotspot\share\prims\jni.cpp, line 516]
Event: 311.793 Thread 0x00000261a8854510 Exception <a 'sun/nio/fs/WindowsException'{0x00000007992109c0}> (0x00000007992109c0) 
thrown [s\src\hotspot\share\prims\jni.cpp, line 516]
Event: 311.794 Thread 0x00000261744a9a10 Exception <a 'sun/nio/fs/WindowsException'{0x000000079921c888}> (0x000000079921c888) 
thrown [s\src\hotspot\share\prims\jni.cpp, line 516]
Event: 311.795 Thread 0x00000261a8854510 Exception <a 'sun/nio/fs/WindowsException'{0x0000000799215820}> (0x0000000799215820) 
thrown [s\src\hotspot\share\prims\jni.cpp, line 516]
Event: 311.796 Thread 0x00000261744a9a10 Exception <a 'sun/nio/fs/WindowsException'{0x0000000799221888}> (0x0000000799221888) 
thrown [s\src\hotspot\share\prims\jni.cpp, line 516]

VM Operations (20 events):
Event: 300.692 Executing VM operation: HandshakeAllThreads
Event: 300.692 Executing VM operation: HandshakeAllThreads done
Event: 301.693 Executing VM operation: Cleanup
Event: 301.693 Executing VM operation: Cleanup done
Event: 308.279 Executing VM operation: G1CollectForAllocation
Event: 308.286 Executing VM operation: G1CollectForAllocation done
Event: 309.116 Executing VM operation: G1CollectForAllocation
Event: 309.125 Executing VM operation: G1CollectForAllocation done
Event: 311.126 Executing VM operation: Cleanup
Event: 311.126 Executing VM operation: Cleanup done
Event: 312.126 Executing VM operation: Cleanup
Event: 312.126 Executing VM operation: Cleanup done
Event: 314.127 Executing VM operation: Cleanup
Event: 314.127 Executing VM operation: Cleanup done
Event: 315.128 Executing VM operation: Cleanup
Event: 315.128 Executing VM operation: Cleanup done
Event: 317.128 Executing VM operation: Cleanup
Event: 317.128 Executing VM operation: Cleanup done
Event: 318.129 Executing VM operation: Cleanup
Event: 318.129 Executing VM operation: Cleanup done

Events (20 events):
Event: 263.342 Thread 0x000002616fae0e10 flushing nmethod 0x0000026158809310
Event: 263.343 Thread 0x000002616fae0e10 flushing nmethod 0x00000261588c5b10
Event: 263.343 Thread 0x000002616fae0e10 flushing nmethod 0x00000261588d1790
Event: 263.343 Thread 0x000002616fae0e10 flushing nmethod 0x00000261588dd590
Event: 263.344 Thread 0x000002616fae0e10 flushing nmethod 0x0000026158978c90
Event: 263.344 Thread 0x000002616fae0e10 flushing nmethod 0x00000261589b8c90
Event: 263.344 Thread 0x000002616fae0e10 flushing nmethod 0x0000026158a2a910
Event: 263.344 Thread 0x000002616fae0e10 flushing nmethod 0x0000026158a48410
Event: 263.344 Thread 0x000002616fae0e10 flushing nmethod 0x0000026158a54890
Event: 263.344 Thread 0x000002616fae0e10 flushing nmethod 0x0000026158ad1b90
Event: 263.345 Thread 0x000002616fae0e10 flushing nmethod 0x0000026158b32790
Event: 263.345 Thread 0x000002616fae0e10 flushing nmethod 0x0000026158b41710
Event: 263.345 Thread 0x000002616fae0e10 flushing nmethod 0x0000026158c40e90
Event: 263.345 Thread 0x000002616fae0e10 flushing nmethod 0x0000026158c6f190
Event: 263.346 Thread 0x00000261a8854510 Thread added: 0x00000261a8854510
Event: 263.370 Thread 0x00000261a068d200 Thread added: 0x00000261a068d200
Event: 263.535 Thread 0x00000261a068d200 Thread exited: 0x00000261a068d200
Event: 276.477 Thread 0x00000261480a3920 Thread exited: 0x00000261480a3920
Event: 299.354 Thread 0x0000026184ba5c30 Thread added: 0x0000026184ba5c30
Event: 302.959 Thread 0x0000026184ba5c30 Thread exited: 0x0000026184ba5c30


Dynamic libraries:
0x00007ff70b0d0000 - 0x00007ff70b0de000 	F:\MCreator20241\jdk\bin\java.exe
0x00007ffb94990000 - 0x00007ffb94b89000 	C:\Windows\SYSTEM32\ntdll.dll
0x00007ffb94880000 - 0x00007ffb94942000 	C:\Windows\System32\KERNEL32.DLL
0x00007ffb921e0000 - 0x00007ffb924d7000 	C:\Windows\System32\KERNELBASE.dll
0x00007ffb92600000 - 0x00007ffb92700000 	C:\Windows\System32\ucrtbase.dll
0x00007ffb70560000 - 0x00007ffb7057b000 	F:\MCreator20241\jdk\bin\VCRUNTIME140.dll
0x00007ffb74750000 - 0x00007ffb74767000 	F:\MCreator20241\jdk\bin\jli.dll
0x00007ffb92c60000 - 0x00007ffb92dfd000 	C:\Windows\System32\USER32.dll
0x00007ffb92810000 - 0x00007ffb92832000 	C:\Windows\System32\win32u.dll
0x00007ffb93b10000 - 0x00007ffb93b3b000 	C:\Windows\System32\GDI32.dll
0x00007ffb7edd0000 - 0x00007ffb7f06b000 	C:\Windows\WinSxS\amd64_microsoft.windows.common-controls_6595b64144ccf1df_6.0.19041.7663_none_60b9ed0b71f50c93\COMCTL32.dll
0x00007ffb93b40000 - 0x00007ffb93bde000 	C:\Windows\System32\msvcrt.dll
0x00007ffb924e0000 - 0x00007ffb925fa000 	C:\Windows\System32\gdi32full.dll
0x00007ffb92840000 - 0x00007ffb928dd000 	C:\Windows\System32\msvcp_win.dll
0x00007ffb93be0000 - 0x00007ffb93c0f000 	C:\Windows\System32\IMM32.DLL
0x00007ffb705d0000 - 0x00007ffb705dc000 	F:\MCreator20241\jdk\bin\vcruntime140_1.dll
0x00007ffb57b60000 - 0x00007ffb57bed000 	F:\MCreator20241\jdk\bin\msvcp140.dll
0x00007ffb56300000 - 0x00007ffb56f62000 	F:\MCreator20241\jdk\bin\server\jvm.dll
0x00007ffb92ef0000 - 0x00007ffb92fa2000 	C:\Windows\System32\ADVAPI32.dll
0x00007ffb93c10000 - 0x00007ffb93cb0000 	C:\Windows\System32\sechost.dll
0x00007ffb93d30000 - 0x00007ffb93e56000 	C:\Windows\System32\RPCRT4.dll
0x00007ffb921b0000 - 0x00007ffb921d7000 	C:\Windows\System32\bcrypt.dll
0x00007ffb91a70000 - 0x00007ffb91abb000 	C:\Windows\SYSTEM32\POWRPROF.dll
0x00007ffb704b0000 - 0x00007ffb704b9000 	C:\Windows\SYSTEM32\WSOCK32.dll
0x00007ffb81c50000 - 0x00007ffb81c77000 	C:\Windows\SYSTEM32\WINMM.dll
0x00007ffb93cb0000 - 0x00007ffb93d1b000 	C:\Windows\System32\WS2_32.dll
0x00007ffb8afc0000 - 0x00007ffb8afca000 	C:\Windows\SYSTEM32\VERSION.dll
0x00007ffb91a50000 - 0x00007ffb91a62000 	C:\Windows\SYSTEM32\UMPDC.dll
0x00007ffb90810000 - 0x00007ffb90822000 	C:\Windows\SYSTEM32\kernel.appcore.dll
0x00007ffb6fc70000 - 0x00007ffb6fc7a000 	F:\MCreator20241\jdk\bin\jimage.dll
0x00007ffb8fb90000 - 0x00007ffb8fd91000 	C:\Windows\SYSTEM32\DBGHELP.DLL
0x00007ffb6af30000 - 0x00007ffb6af64000 	C:\Windows\SYSTEM32\dbgcore.DLL
0x00007ffb92700000 - 0x00007ffb92782000 	C:\Windows\System32\bcryptPrimitives.dll
0x00007ffb5c4e0000 - 0x00007ffb5c505000 	F:\MCreator20241\jdk\bin\java.dll
0x00007ffb57a80000 - 0x00007ffb57b57000 	F:\MCreator20241\jdk\bin\jsvml.dll
0x00007ffb92fb0000 - 0x00007ffb93721000 	C:\Windows\System32\SHELL32.dll
0x00007ffb90050000 - 0x00007ffb907fc000 	C:\Windows\SYSTEM32\windows.storage.dll
0x00007ffb93730000 - 0x00007ffb93a83000 	C:\Windows\System32\combase.dll
0x00007ffb91950000 - 0x00007ffb9197b000 	C:\Windows\SYSTEM32\Wldp.dll
0x00007ffb92e00000 - 0x00007ffb92ed6000 	C:\Windows\System32\OLEAUT32.dll
0x00007ffb92990000 - 0x00007ffb92a3d000 	C:\Windows\System32\SHCORE.dll
0x00007ffb94650000 - 0x00007ffb946ab000 	C:\Windows\System32\shlwapi.dll
0x00007ffb91f20000 - 0x00007ffb91f45000 	C:\Windows\SYSTEM32\profapi.dll
0x00007ffb6fc50000 - 0x00007ffb6fc69000 	F:\MCreator20241\jdk\bin\net.dll
0x00007ffb8aa40000 - 0x00007ffb8ab4d000 	C:\Windows\SYSTEM32\WINHTTP.dll
0x00007ffb91680000 - 0x00007ffb916ea000 	C:\Windows\system32\mswsock.dll
0x00007ffb57a60000 - 0x00007ffb57a76000 	F:\MCreator20241\jdk\bin\nio.dll
0x00007ffb57a40000 - 0x00007ffb57a58000 	F:\MCreator20241\jdk\bin\zip.dll
0x00007ffb538d0000 - 0x00007ffb538e0000 	F:\MCreator20241\jdk\bin\verify.dll
0x00007ffb6dec0000 - 0x00007ffb6dec9000 	F:\MCreator20241\jdk\bin\management.dll
0x00007ffb5d740000 - 0x00007ffb5d74b000 	F:\MCreator20241\jdk\bin\management_ext.dll
0x00007ffb94870000 - 0x00007ffb94878000 	C:\Windows\System32\PSAPI.DLL
0x00007ffb765e0000 - 0x00007ffb765f7000 	C:\Windows\system32\napinsp.dll
0x00007ffb736d0000 - 0x00007ffb736eb000 	C:\Windows\system32\pnrpnsp.dll
0x00007ffb8e040000 - 0x00007ffb8e05d000 	C:\Windows\system32\wshbth.dll
0x00007ffb8c4d0000 - 0x00007ffb8c4ed000 	C:\Windows\system32\NLAapi.dll
0x00007ffb91360000 - 0x00007ffb9139b000 	C:\Windows\SYSTEM32\IPHLPAPI.DLL
0x00007ffb913a0000 - 0x00007ffb9146c000 	C:\Windows\SYSTEM32\DNSAPI.dll
0x00007ffb93d20000 - 0x00007ffb93d28000 	C:\Windows\System32\NSI.dll
0x00007ffb736b0000 - 0x00007ffb736c2000 	C:\Windows\System32\winrnr.dll
0x00007ffb87da0000 - 0x00007ffb87daa000 	C:\Windows\System32\rasadhlp.dll
0x00007ffb81a90000 - 0x00007ffb81b10000 	C:\Windows\System32\fwpuclnt.dll
0x00007ffb7a460000 - 0x00007ffb7a4d5000 	C:\Users\JunZulaki\AppData\Local\Temp\lwjglJunZulaki\3.3.1-build-7\lwjgl.dll
0x00007ffb749c0000 - 0x00007ffb74a21000 	C:\Users\JUNZUL~1\AppData\Local\Temp\lwjglJunZulaki\3.3.1-build-7\glfw.dll
0x00007ffb73570000 - 0x00007ffb735b5000 	C:\Windows\SYSTEM32\dinput8.dll
0x00007ffb7c6c0000 - 0x00007ffb7c6d1000 	C:\Windows\SYSTEM32\xinput1_4.dll
0x00007ffb92000000 - 0x00007ffb9204e000 	C:\Windows\System32\cfgmgr32.dll
0x00007ffb91d80000 - 0x00007ffb91db3000 	C:\Windows\SYSTEM32\DEVOBJ.dll
0x00007ffb8ed40000 - 0x00007ffb8ed6e000 	C:\Windows\SYSTEM32\dwmapi.dll
0x00007ffb86ae0000 - 0x00007ffb86c32000 	C:\Windows\SYSTEM32\inputhost.dll
0x00007ffb8e2e0000 - 0x00007ffb8e3da000 	C:\Windows\SYSTEM32\PROPSYS.dll
0x00007ffb8d4e0000 - 0x00007ffb8d5d2000 	C:\Windows\SYSTEM32\CoreMessaging.dll
0x00007ffb8db30000 - 0x00007ffb8dc87000 	C:\Windows\SYSTEM32\wintypes.dll
0x00007ffb8cdf0000 - 0x00007ffb8d14b000 	C:\Windows\SYSTEM32\CoreUIComponents.dll
0x00007ffb911f0000 - 0x00007ffb91223000 	C:\Windows\SYSTEM32\ntmarta.dll
0x00007ffb8eb50000 - 0x00007ffb8ebee000 	C:\Windows\system32\uxtheme.dll
0x00007ffb92b20000 - 0x00007ffb92c36000 	C:\Windows\System32\MSCTF.dll
0x00007ffb5d190000 - 0x00007ffb5d2b9000 	C:\Windows\SYSTEM32\opengl32.dll
0x00007ffb5d120000 - 0x00007ffb5d14c000 	C:\Windows\SYSTEM32\GLU32.dll
0x00007ffb940d0000 - 0x00007ffb94179000 	C:\Windows\System32\clbcatq.dll
0x00007ffb0e680000 - 0x00007ffb10fd4000 	C:\Windows\System32\DriverStore\FileRepository\nvami.inf_amd64_5157a9d8cfc51046\nvoglv64.dll
0x00007ffb94180000 - 0x00007ffb945f0000 	C:\Windows\System32\SETUPAPI.dll
0x00007ffb946b0000 - 0x00007ffb947db000 	C:\Windows\System32\ole32.dll
0x00007ffb8c4b0000 - 0x00007ffb8c4c4000 	C:\Windows\SYSTEM32\WTSAPI32.dll
0x00007ffb91bb0000 - 0x00007ffb91bc2000 	C:\Windows\SYSTEM32\msasn1.dll
0x00007ffb89800000 - 0x00007ffb89831000 	C:\Windows\SYSTEM32\cryptnet.dll
0x00007ffb92050000 - 0x00007ffb921ad000 	C:\Windows\System32\CRYPT32.dll
0x00007ffb918a0000 - 0x00007ffb918ac000 	C:\Windows\SYSTEM32\cryptbase.dll
0x00007ffb89620000 - 0x00007ffb89768000 	C:\Windows\SYSTEM32\drvstore.dll
0x00007ffb92790000 - 0x00007ffb92804000 	C:\Windows\System32\WINTRUST.dll
0x00007ffb92c40000 - 0x00007ffb92c5d000 	C:\Windows\System32\imagehlp.dll
0x00007ffb918b0000 - 0x00007ffb918c8000 	C:\Windows\SYSTEM32\CRYPTSP.dll
0x00007ffb90fa0000 - 0x00007ffb90fd8000 	C:\Windows\system32\rsaenh.dll
0x00007ffb66340000 - 0x00007ffb6a0d4000 	C:\Windows\System32\DriverStore\FileRepository\nvami.inf_amd64_5157a9d8cfc51046\nvgpucomp64.dll
0x00007ffb88e50000 - 0x00007ffb88e8b000 	C:\Windows\SYSTEM32\dxcore.dll
0x00007ffb919c0000 - 0x00007ffb91a1b000 	C:\Windows\SYSTEM32\WINSTA.dll
0x00007ffb90850000 - 0x00007ffb90946000 	C:\Windows\system32\dxgi.dll
0x00007ffb8fda0000 - 0x00007ffb90004000 	C:\Windows\system32\d3d11.dll
0x00007ffb6fb80000 - 0x00007ffb6fc44000 	C:\Windows\System32\DriverStore\FileRepository\nvami.inf_amd64_5157a9d8cfc51046\nvldumdx.dll
0x00007ffb6faa0000 - 0x00007ffb6fb7e000 	C:\Windows\System32\DriverStore\FileRepository\nvami.inf_amd64_5157a9d8cfc51046\NvMemMapStoragex.dll
0x00007ffb60b00000 - 0x00007ffb66336000 	C:\Windows\System32\DriverStore\FileRepository\nvami.inf_amd64_5157a9d8cfc51046\nvwgf2umx.dll
0x00007ffb6a4d0000 - 0x00007ffb6a687000 	C:\Windows\System32\DriverStore\FileRepository\nvami.inf_amd64_5157a9d8cfc51046\nvppex.dll
0x00007ffb81500000 - 0x00007ffb81a86000 	C:\Windows\SYSTEM32\nvapi64.dll
0x00007ffb87ef0000 - 0x00007ffb88e4d000 	C:\Windows\SYSTEM32\igd10iumd64.dll
0x00007ffb91a20000 - 0x00007ffb91a47000 	C:\Windows\SYSTEM32\ncrypt.dll
0x00007ffb8d870000 - 0x00007ffb8d904000 	C:\Windows\SYSTEM32\apphelp.dll
0x00007ffb91980000 - 0x00007ffb919bb000 	C:\Windows\SYSTEM32\NTASN1.dll
0x00007ffb86f90000 - 0x00007ffb879cf000 	C:\Windows\SYSTEM32\igdusc64.dll
0x00007ffb8cc00000 - 0x00007ffb8cde5000 	C:\Windows\SYSTEM32\dcomp.dll
0x00007ffb58710000 - 0x00007ffb58969000 	C:\Users\JUNZUL~1\AppData\Local\Temp\lwjglJunZulaki\3.3.1-build-7\jemalloc.dll
0x00007ffb73420000 - 0x00007ffb734a1000 	C:\Users\JunZulaki\AppData\Local\Temp\lwjglJunZulaki\3.3.1-build-7\lwjgl_stb.dll
0x00007ffb86c60000 - 0x00007ffb86d59000 	C:\Windows\SYSTEM32\textinputframework.dll
0x00007ffb7ed00000 - 0x00007ffb7ed66000 	C:\Windows\system32\Oleacc.dll
0x00007ffb73510000 - 0x00007ffb7356d000 	C:\Users\JunZulaki\AppData\Local\Temp\lwjglJunZulaki\3.3.1-build-7\lwjgl_opengl.dll
0x00007ffb5a170000 - 0x00007ffb5a1c1000 	C:\Windows\SYSTEM32\pdh.dll
0x00007ffb809d0000 - 0x00007ffb809df000 	C:\Windows\System32\perfproc.dll
0x00007ffb7c750000 - 0x00007ffb7c75f000 	C:\Windows\System32\perfos.dll
0x00007ffb91ee0000 - 0x00007ffb91f0e000 	C:\Windows\SYSTEM32\USERENV.dll
0x00007ffb8b930000 - 0x00007ffb8b947000 	C:\Windows\SYSTEM32\dhcpcsvc6.DLL
0x00007ffb8be30000 - 0x00007ffb8be4e000 	C:\Windows\SYSTEM32\dhcpcsvc.DLL
0x00007ffb7b3d0000 - 0x00007ffb7b410000 	C:\Users\JunZulaki\AppData\Local\Temp\jna--1328118383\jna16094871488558573928.dll
0x00007ffb7e960000 - 0x00007ffb7e97f000 	C:\Windows\SYSTEM32\amsi.dll
0x00007ffb538c0000 - 0x00007ffb538ce000 	F:\MCreator20241\jdk\bin\sunmscapi.dll
0x00007ffb538b0000 - 0x00007ffb538b9000 	F:\MCreator20241\jdk\bin\extnet.dll
0x00007ffb8a320000 - 0x00007ffb8a3ce000 	C:\Windows\SYSTEM32\mscms.dll
0x00007ffb8a300000 - 0x00007ffb8a311000 	C:\Windows\SYSTEM32\ColorAdapterClient.dll
0x00007ffb733d0000 - 0x00007ffb73416000 	C:\Windows\SYSTEM32\icm32.dll
0x00007ffb58080000 - 0x00007ffb58217000 	C:\Users\JUNZUL~1\AppData\Local\Temp\lwjglJunZulaki\3.3.1-build-7\OpenAL.dll

dbghelp: loaded successfully - version: 4.0.5 - missing functions: none
symbol engine: initialized successfully - sym options: 0x614 - pdb path: .;F:\MCreator20241\jdk\bin;C:\Windows\SYSTEM32;C:\Windows\WinSxS\amd64_microsoft.windows.common-controls_6595b64144ccf1df_6.0.19041.7663_none_60b9ed0b71f50c93;F:\MCreator20241\jdk\bin\server;C:\Users\JunZulaki\AppData\Local\Temp\lwjglJunZulaki\3.3.1-build-7;C:\Users\JUNZUL~1\AppData\Local\Temp\lwjglJunZulaki\3.3.1-build-7;C:\Windows\System32\DriverStore\FileRepository\nvami.inf_amd64_5157a9d8cfc51046;C:\Users\JunZulaki\AppData\Local\Temp\jna--1328118383;C:\Windows\System32\Speech\Common

VM Arguments:
jvm_args: -Dforge.enableGameTest=true -Dforge.logging.console.level=debug -Dforge.logging.markers=REGISTRIES -DignoreList=bootstraplauncher,securejarhandler,asm-commons,asm-util,asm-analysis,asm-tree,asm,JarJarFileSystems,client-extra,fmlcore,javafmllanguage,lowcodelanguage,mclanguage,forge- -Djava.net.preferIPv6Addresses=system -DlegacyClassPath.file=F:\MCreatorWorkspace\JunjieTrafficMod\build\classpath\runClient_minecraftClasspath.txt -DmergeModules=jna-5.10.0.jar,jna-platform-5.10.0.jar --module-path=C:\Users\JunZulaki\.mcreator\gradle\caches\modules-2\files-2.1\cpw.mods\bootstraplauncher\1.1.2\c546e00443d8432cda6baa1c860346980742628\bootstraplauncher-1.1.2.jar;C:\Users\JunZulaki\.mcreator\gradle\caches\modules-2\files-2.1\cpw.mods\securejarhandler\2.1.10\51e6a22c6c716beb11e244bf5b8be480f51dd6b5\securejarhandler-2.1.10.jar;C:\Users\JunZulaki\.mcreator\gradle\caches\modules-2\files-2.1\org.ow2.asm\asm-commons\9.5\19ab5b5800a3910d30d3a3e64fdb00fd0cb42de0\asm-commons-9.5.jar;C:\Users\JunZulaki\.mcreator\gradle\caches\modules-2\files-2.1\org.ow2.asm\asm-util\9.5\64b5a1fc8c1b15ed2efd6a063e976bc8d3dc5ffe\asm-util-9.5.jar;C:\Users\JunZulaki\.mcreator\gradle\caches\modules-2\files-2.1\org.ow2.asm\asm-analysis\9.5\490bacc77de7cbc0be1a30bb3471072d705be4a4\asm-analysis-9.5.jar;C:\Users\JunZulaki\.mcreator\gradle\caches\modules-2\files-2.1\org.ow2.asm\asm-tree\9.5\fd33c8b6373abaa675be407082fdfda35021254a\asm-tree-9.5.jar;C:\Users\JunZulaki\.mcreator\gradle\caches\modules-2\files-2.1\org.ow2.asm\asm\9.5\dc6ea1875f4d64fbc85e1691c95b96a3d8569c90\asm-9.5.jar;C:\Users\JunZulaki\.mcreator\gradle\caches\modules-2\files-2.1\net.minecraftforge\JarJarFileSystems\0.3.19\2464eb7d6b9ddb9db36a82cf8a95193e5c6fe020\JarJarFileSystems-0.3.19.jar --add-modules=ALL-MODULE-PATH --add-opens=java.base/java.util.jar=cpw.mods.securejarhandler --add-opens=java.base/java.lang.invoke=cpw.mods.securejarhandler --add-exports=java.base/sun.security.util=cpw.mods.securejarhandler --add-exports=jdk.naming.dns/com.sun.jndi.dns=java.naming -XX:HeapDumpPath=MojangTricksIntelDriversForPerformance_javaw.exe_minecraft.exe.heapdump -Dfile.encoding=UTF-8 -Duser.country=CN -Duser.language=zh -Duser.variant 
java_command: cpw.mods.bootstraplauncher.BootstrapLauncher --launchTarget forgeclientuserdev --version MOD_DEV --assetIndex 5 --assetsDir C:\Users\JunZulaki\.mcreator\gradle\caches\forge_gradle\assets --gameDir . --fml.forgeVersion 47.2.0 --fml.mcVersion 1.20.1 --fml.forgeGroup net.minecraftforge --fml.mcpVersion 20230612.114412
java_class_path (initial): F:\MCreatorWorkspace\JunjieTrafficMod\build\classes\java\main;F:\MCreatorWorkspace\JunjieTrafficMod\build\resources\main;C:\Users\JunZulaki\.mcreator\gradle\caches\forge_gradle\minecraft_user_repo\net\minecraftforge\forge\1.20.1-47.2.0_mapped_official_1.20.1\forge-1.20.1-47.2.0_mapped_official_1.20.1-recomp.jar;C:\Users\JunZulaki\.mcreator\gradle\caches\forge_gradle\minecraft_repo\versions\1.20.1\client-extra.jar;C:\Users\JunZulaki\.mcreator\gradle\caches\modules-2\files-2.1\net.minecraftforge\fmlearlydisplay\1.20.1-47.2.0\4c56a03dcedcb909c7eaa8469dd5a36c493a0008\fmlearlydisplay-1.20.1-47.2.0.jar;C:\Users\JunZulaki\.mcreator\gradle\caches\modules-2\files-2.1\net.minecraftforge\javafmllanguage\1.20.1-47.2.0\7f9181f85acc66547685a72020713fc8cbde98\javafmllanguage-1.20.1-47.2.0.jar;C:\Users\JunZulaki\.mcreator\gradle\caches\modules-2\files-2.1\net.minecraftforge\lowcodelanguage\1.20.1-47.2.0\7872f5205685fdd26fae39b1be79b0e60ca5b7bd\lowcodelanguage-1.20.1-47.2.0.jar;C:\Users\JunZulaki\.mcreator\gradle\caches\modules-2\files-2.1\net.minecraftforge\mclanguage\1.20.1-47.2.0\d501d161cabed08b3c139a2c6217b02a39f3c3e9\mclanguage-1.20.1-47.2.0.jar;C:\Users\JunZulaki\.mcreator\gradle\caches\modules-2\files-2.1\net.minecraftforge\fmlcore\1.20.1-47.2.0\ffd3c6debac0a388c9e33ac43c9f5eafb91cb466\fmlcore-1.20.1-47.2.0.jar;C:\Users\JunZulaki\.mcreator\gradle\caches\modules-2\files-2.1\net.minecraftforge\fmlloader\1.20.1-47.2.0\7811231940c0a8b6008453bbc64fdf7fa1280fe9\fmlloader-1.20.1-47.2.0.jar;C:\Users\JunZulaki\.mcreator\gradle\caches\modules-2\files-2.1\net.minecraftforge\JarJarSelector\0.3.19\376cc9c8ea60720cf027c01fc033de915699801c\JarJarSelector-0.3.19.jar;C:\Users\JunZulaki\.mcreator\gradle\caches\modules-2\files-2.1\net.minecraftforge\JarJarMetadata\0.3.19\83feaa9b770e6ac0e96ee4fc23fa89325c5fe2\JarJarMetadata-0.3.19.jar;C:\Users\JunZulaki\.mcreator\gradle\caches\modules-2\files-2.1\com.google.guava\guava\31.1-jre\60458f877d055d0c9114d9e1a2efb737b4bc2
Launcher Type: SUN_STANDARD

[Global flags]
     intx CICompilerCount                          = 3                                         {product} {ergonomic}
     uint ConcGCThreads                            = 1                                         {product} {ergonomic}
     uint G1ConcRefinementThreads                  = 4                                         {product} {ergonomic}
   size_t G1HeapRegionSize                         = 2097152                                   {product} {ergonomic}
    uintx GCDrainStackTargetSize                   = 64                                        {product} {ergonomic}
    ccstr HeapDumpPath                             = MojangTricksIntelDriversForPerformance_javaw.exe_minecraft.exe.heapdump         {manageable} {command line}
   size_t InitialHeapSize                          = 201326592                                 {product} {ergonomic}
   size_t MarkStackSize                            = 4194304                                   {product} {ergonomic}
   size_t MaxHeapSize                              = 3196059648                                {product} {ergonomic}
   size_t MaxNewSize                               = 1916796928                                {product} {ergonomic}
   size_t MinHeapDeltaBytes                        = 2097152                                   {product} {ergonomic}
   size_t MinHeapSize                              = 8388608                                   {product} {ergonomic}
    uintx NonNMethodCodeHeapSize                   = 5832780                                {pd product} {ergonomic}
    uintx NonProfiledCodeHeapSize                  = 122912730                              {pd product} {ergonomic}
    uintx ProfiledCodeHeapSize                     = 122912730                              {pd product} {ergonomic}
    uintx ReservedCodeCacheSize                    = 251658240                              {pd product} {ergonomic}
     bool SegmentedCodeCache                       = true                                      {product} {ergonomic}
   size_t SoftMaxHeapSize                          = 3196059648                             {manageable} {ergonomic}
     bool UseCompressedClassPointers               = true                           {product lp64_product} {ergonomic}
     bool UseCompressedOops                        = true                           {product lp64_product} {ergonomic}
     bool UseG1GC                                  = true                                      {product} {ergonomic}
     bool UseLargePagesIndividualAllocation        = false                                  {pd product} {ergonomic}

Logging:
Log output configuration:
 #0: stdout all=warning uptime,level,tags
 #1: stderr all=off uptime,level,tags

Environment Variables:
JAVA_HOME=F:\MCreator20241\jdk
PATH=C:\Windows\system32;C:\Windows;C:\Windows\System32\Wbem;C:\Windows\System32\WindowsPowerShell\v1.0\;C:\Windows\System32\OpenSSH\;C:\Program Files\dotnet\;C:\Program Files (x86)\NVIDIA Corporation\PhysX\Common;C:\Program Files\nodejs\;C:\Program Files (x86)\Microsoft SDKs\TypeScript\1.0\;C:\Users\JunZulaki\AppData\Local\Microsoft\WindowsApps;C:\Users\JunZulaki\AppData\Local\Programs\Microsoft VS Code\bin;C:\Users\JunZulaki\AppData\Roaming\npm;F:\MCreator20241\jdk\bin
USERNAME=JunZulaki
OS=Windows_NT
PROCESSOR_IDENTIFIER=Intel64 Family 6 Model 61 Stepping 4, GenuineIntel
TMP=C:\Users\JUNZUL~1\AppData\Local\Temp
TEMP=C:\Users\JUNZUL~1\AppData\Local\Temp



Periodic native trim disabled


---------------  S Y S T E M  ---------------

OS:
 Windows 10 , 64 bit Build 19041 (10.0.19041.7663)
OS uptime: 0 days 1:01 hours

CPU: total 4 (initial active 4) (2 cores per cpu, 2 threads per core) family 6 model 61 stepping 4 microcode 0x2d, cx8, cmov, fxsr, ht, mmx, 3dnowpref, sse, sse2, sse3, ssse3, sse4.1, sse4.2, popcnt, lzcnt, tsc, tscinvbit, avx, avx2, aes, erms, clmul, bmi1, bmi2, adx, fma, vzeroupper, clflush
Processor Information for all 4 processors :
  Max Mhz: 2397, Current Mhz: 2397, Mhz Limit: 2397

Memory: 4k page, system-wide physical 12190M (3103M free)
TotalPageFile size 18078M (AvailPageFile size 7555M)
current process WorkingSet (physical memory assigned to process): 2261M, peak: 2544M
current process commit charge ("private bytes"): 2726M, peak: 3016M

vm_info: OpenJDK 64-Bit Server VM (17.0.10+7) for windows-amd64 JRE (17.0.10+7), built on Jan 16 2024 23:25:11 by "admin" with MS VC++ 16.10 / 16.11 (VS2019)

END.
