#
# A fatal error has been detected by the Java Runtime Environment:
#
#  EXCEPTION_ACCESS_VIOLATION (0xc0000005) at pc=0x00007ffebb51c852, pid=11260, tid=12096
#
# JRE version: OpenJDK Runtime Environment Temurin-17.0.10+7 (17.0.10+7) (build 17.0.10+7)
# Java VM: OpenJDK 64-Bit Server VM Temurin-17.0.10+7 (17.0.10+7, mixed mode, sharing, tiered, compressed oops, compressed class ptrs, g1 gc, windows-amd64)
# Problematic frame:
# V  [jvm.dll+0x59c852]
#
# No core dump will be written. Minidumps are not enabled by default on client versions of Windows
#
# If you would like to submit a bug report, please visit:
#   https://github.com/adoptium/adoptium-support/issues
#

---------------  S U M M A R Y ------------

Command Line: -Dforge.enableGameTest=true -Dforge.logging.console.level=debug -Dforge.logging.markers=REGISTRIES -DignoreList=bootstraplauncher,securejarhandler,asm-commons,asm-util,asm-analysis,asm-tree,asm,JarJarFileSystems,client-extra,fmlcore,javafmllanguage,lowcodelanguage,mclanguage,forge- -Djava.net.preferIPv6Addresses=system -DlegacyClassPath.file=F:\MCreatorWorkspace\JunjieTrafficMod\build\classpath\runClient_minecraftClasspath.txt -DmergeModules=jna-5.10.0.jar,jna-platform-5.10.0.jar --module-path=C:\Users\JunZulaki\.mcreator\gradle\caches\modules-2\files-2.1\cpw.mods\bootstraplauncher\1.1.2\c546e00443d8432cda6baa1c860346980742628\bootstraplauncher-1.1.2.jar;C:\Users\JunZulaki\.mcreator\gradle\caches\modules-2\files-2.1\cpw.mods\securejarhandler\2.1.10\51e6a22c6c716beb11e244bf5b8be480f51dd6b5\securejarhandler-2.1.10.jar;C:\Users\JunZulaki\.mcreator\gradle\caches\modules-2\files-2.1\org.ow2.asm\asm-commons\9.5\19ab5b5800a3910d30d3a3e64fdb00fd0cb42de0\asm-commons-9.5.jar;C:\Users\JunZulaki\.mcreator\gradle\caches\modules-2\files-2.1\org.ow2.asm\asm-util\9.5\64b5a1fc8c1b15ed2efd6a063e976bc8d3dc5ffe\asm-util-9.5.jar;C:\Users\JunZulaki\.mcreator\gradle\caches\modules-2\files-2.1\org.ow2.asm\asm-analysis\9.5\490bacc77de7cbc0be1a30bb3471072d705be4a4\asm-analysis-9.5.jar;C:\Users\JunZulaki\.mcreator\gradle\caches\modules-2\files-2.1\org.ow2.asm\asm-tree\9.5\fd33c8b6373abaa675be407082fdfda35021254a\asm-tree-9.5.jar;C:\Users\JunZulaki\.mcreator\gradle\caches\modules-2\files-2.1\org.ow2.asm\asm\9.5\dc6ea1875f4d64fbc85e1691c95b96a3d8569c90\asm-9.5.jar;C:\Users\JunZulaki\.mcreator\gradle\caches\modules-2\files-2.1\net.minecraftforge\JarJarFileSystems\0.3.19\2464eb7d6b9ddb9db36a82cf8a95193e5c6fe020\JarJarFileSystems-0.3.19.jar --add-modules=ALL-MODULE-PATH --add-opens=java.base/java.util.jar=cpw.mods.securejarhandler --add-opens=java.base/java.lang.invoke=cpw.mods.securejarhandler --add-exports=java.base/sun.security.util=cpw.mods.securejarhandler --add-exports=jdk.naming.dns/com.sun.jndi.dns=java.naming -XX:HeapDumpPath=MojangTricksIntelDriversForPerformance_javaw.exe_minecraft.exe.heapdump -Dfile.encoding=UTF-8 -Duser.country=CN -Duser.language=zh -Duser.variant cpw.mods.bootstraplauncher.BootstrapLauncher --launchTarget forgeclientuserdev --version MOD_DEV --assetIndex 5 --assetsDir C:\Users\JunZulaki\.mcreator\gradle\caches\forge_gradle\assets --gameDir . --fml.forgeVersion 47.2.0 --fml.mcVersion 1.20.1 --fml.forgeGroup net.minecraftforge --fml.mcpVersion 20230612.114412

Host: Intel(R) Core(TM) i7-5500U CPU @ 2.40GHz, 4 cores, 11G,  Windows 10 , 64 bit Build 19041 (10.0.19041.7663)
Time: Sat Sep 12 09:40:51 2026  Windows 10 , 64 bit Build 19041 (10.0.19041.7663) elapsed time: 1008.686126 seconds (0d 0h 16m 48s)

---------------  T H R E A D  ---------------

Current thread (0x0000023eddb05fd0):  JavaThread "C2 CompilerThread0" daemon [_thread_in_native, id=12096, stack(0x00000049f0600000,0x00000049f0700000)]


Current CompileTask:
C2:1008686 31171       4       net.minecraft.client.resources.sounds.BiomeAmbientSoundsHandler::tick (142 bytes)

Stack: [0x00000049f0600000,0x00000049f0700000],  sp=0x00000049f06fb998,  free space=1006k
Native frames: (J=compiled Java code, j=interpreted, Vv=VM code, C=native code)
V  [jvm.dll+0x59c852]
C  0x0000000000000160


siginfo: EXCEPTION_ACCESS_VIOLATION (0xc0000005), reading address 0x0000000000000004


Registers:
RAX=0x00007ffebb8b0b28, RBX=0x0000000000000002, RCX=0x0000023f23f38f28, RDX=0x00000049f06fc000
RSP=0x00000049f06fb998, RBP=0x0000023f2469e8a0, RSI=0x0000000000000004, RDI=0x0000000000000010
R8 =0x0000000000000004, R9 =0x00000049f06fc000, R10=0x0000000000000000, R11=0x0000000000000008
R12=0x00000049f06fc000, R13=0x00000049f06fcec8, R14=0x00000049f06fbbe8, R15=0x0000000000000009
RIP=0x00007ffebb51c852, EFLAGS=0x0000000000010283


Register to memory mapping:

RIP=0x00007ffebb51c852 jvm.dll
RAX=0x00007ffebb8b0b28 jvm.dll
RBX=0x0000000000000002 is an unknown value
RCX=0x0000023f23f38f28 points into unknown readable memory: 0x00007ffebb8b0b28 | 28 0b 8b bb fe 7f 00 00
RDX=0x00000049f06fc000 is pointing into the stack for thread: 0x0000023eddb05fd0
RSP=0x00000049f06fb998 is pointing into the stack for thread: 0x0000023eddb05fd0
RBP=0x0000023f2469e8a0 points into unknown readable memory: 0x00007ffebb89c530 | 30 c5 89 bb fe 7f 00 00
RSI=0x0000000000000004 is an unknown value
RDI=0x0000000000000010 is an unknown value
R8 =0x0000000000000004 is an unknown value
R9 =0x00000049f06fc000 is pointing into the stack for thread: 0x0000023eddb05fd0
R10=0x0 is NULL
R11=0x0000000000000008 is an unknown value
R12=0x00000049f06fc000 is pointing into the stack for thread: 0x0000023eddb05fd0
R13=0x00000049f06fcec8 is pointing into the stack for thread: 0x0000023eddb05fd0
R14=0x00000049f06fbbe8 is pointing into the stack for thread: 0x0000023eddb05fd0
R15=0x0000000000000009 is an unknown value


Top of Stack: (sp=0x00000049f06fb998)
0x00000049f06fb998:   00007ffebb0a0018 0000000000000080
0x00000049f06fb9a8:   0000023f26126c20 0000000000000004
0x00000049f06fb9b8:   00007ffebb02c6e1 0000000000000160
0x00000049f06fb9c8:   0000000000000000 00000049f06fceb0
0x00000049f06fb9d8:   00007ffebb603c89 00000049f06fcec8
0x00000049f06fb9e8:   00000049f06fbae0 0000000000000074
0x00000049f06fb9f8:   0000023f2469e8a0 00000049f06fc000
0x00000049f06fba08:   ffffffffffffffff 00000000ffffffff
0x00000049f06fba18:   0000023f2807e6c0 0000000000000003
0x00000049f06fba28:   0000023f34ee4dd0 0000023f277d2648
0x00000049f06fba38:   00007ffebb0a5761 0000023f2807e6c0
0x00000049f06fba48:   0000023f00000018 0000000000000267
0x00000049f06fba58:   00000049f06fc000 0000023f38c1bdf0
0x00000049f06fba68:   00007ffebb0a6122 00000049f06fceb0
0x00000049f06fba78:   0000000000000000 0000023f2807c3a0
0x00000049f06fba88:   0000023f2382f3c0 0000023f2382b2d0
0x00000049f06fba98:   0000023f2807e6c0 0000000000000000
0x00000049f06fbaa8:   00007ffebb0a524b 0000000000000000
0x00000049f06fbab8:   0000000000000001 0000023f00000267
0x00000049f06fbac8:   0000023f34ee4dd0 0000023eddaf99b0
0x00000049f06fbad8:   0000023f34ee4dd0 0000000000000080
0x00000049f06fbae8:   0000023eddaf99b0 0000023f38c1c070
0x00000049f06fbaf8:   0000023f00000000 0000023eddaf99b0
0x00000049f06fbb08:   00000000000004ce 0000000000001338
0x00000049f06fbb18:   0000000000000584 0000000000000000
0x00000049f06fbb28:   0000000000000000 0000023eddb05fd0
0x00000049f06fbb38:   00007ffebb17f300 0000023eddb05fd0
0x00000049f06fbb48:   00007ffebb92c098 0000000000000000
0x00000049f06fbb58:   0000000000000000 0000000000000000
0x00000049f06fbb68:   00007ffebb92c098 0000023f34ee1a00
0x00000049f06fbb78:   00007ffebb603b0f 0000023eddaf99b0
0x00000049f06fbb88:   00007ffebb8bfd6c 0000000000000020 

Instructions: (pc=0x00007ffebb51c852)
0x00007ffebb51c752:   5c 24 18 48 89 74 24 20 57 48 83 ec 20 8b 41 60
0x00007ffebb51c762:   48 8b d9 83 f8 ff 0f 85 c2 00 00 00 8b 15 84 67
0x00007ffebb51c772:   62 00 65 48 8b 04 25 58 00 00 00 48 89 6c 24 30
0x00007ffebb51c782:   bd 50 00 00 00 4c 89 74 24 38 48 8b 3c d0 48 03
0x00007ffebb51c792:   ef 80 7d 00 00 75 05 e8 2a 3a 2f 00 41 be 20 00
0x00007ffebb51c7a2:   00 00 48 8d 53 50 4c 03 f7 49 8b 06 48 8b 88 e0
0x00007ffebb51c7b2:   04 00 00 48 8b 81 80 00 00 00 48 8b b8 e0 08 00
0x00007ffebb51c7c2:   00 48 8d 8f 50 02 00 00 e8 11 66 ca ff 80 7d 00
0x00007ffebb51c7d2:   00 8b f0 48 8b 6c 24 30 75 05 e8 e7 39 2f 00 49
0x00007ffebb51c7e2:   8b 06 4c 8b 74 24 38 48 8b 90 e0 04 00 00 48 8b
0x00007ffebb51c7f2:   82 80 00 00 00 48 8b 90 e0 08 00 00 80 ba 14 02
0x00007ffebb51c802:   00 00 00 74 1e 48 8d 8f 50 02 00 00 e8 dd 26 a7
0x00007ffebb51c812:   ff 03 c6 48 8b 5c 24 40 48 8b 74 24 48 48 83 c4
0x00007ffebb51c822:   20 5f c3 8b 87 6c 02 00 00 03 c6 89 43 60 48 8b
0x00007ffebb51c832:   5c 24 40 48 8b 74 24 48 48 83 c4 20 5f c3 48 83
0x00007ffebb51c842:   ec 28 ba 8a 00 00 00 48 8d 0d 20 b6 3f 00 e8 bb
0x00007ffebb51c852:   ad ca ff 48 83 c4 28 e9 72 05 0e 00 cc cc 48 8b
0x00007ffebb51c862:   c1 48 8b 4a 10 48 8b d0 48 8b 89 e0 08 00 00 e9
0x00007ffebb51c872:   fa 8d 0e 00 cc cc cc cc cc cc cc cc cc cc 48 89
0x00007ffebb51c882:   5c 24 08 48 89 6c 24 10 48 89 74 24 20 4c 89 44
0x00007ffebb51c892:   24 18 57 41 54 41 55 41 56 41 57 48 83 ec 20 48
0x00007ffebb51c8a2:   8b 01 4c 8b fa 4c 8b f1 ff 90 38 01 00 00 48 8b
0x00007ffebb51c8b2:   f0 48 83 f8 ff 75 0f 4c 8b e8 49 c7 07 ff 6b ca
0x00007ffebb51c8c2:   88 e9 47 02 00 00 33 ff 44 8b ef 44 8b e7 48 85
0x00007ffebb51c8d2:   f6 0f 84 33 02 00 00 41 8b 5e 3c 83 eb 01 78 1f
0x00007ffebb51c8e2:   49 8b 46 40 48 63 cb 48 8d 14 c8 0f 1f 00 48 39
0x00007ffebb51c8f2:   32 74 0c ff cb 48 83 ea 08 48 83 e9 01 79 ef 83
0x00007ffebb51c902:   fb 01 73 09 48 c7 c3 ff ff ff ff eb 61 49 8b 46
0x00007ffebb51c912:   40 48 8b 0c d8 48 8b 01 ff 50 08 85 c0 75 09 48
0x00007ffebb51c922:   c7 c3 ff ff ff ff eb 46 49 8b 06 49 8b ce ff 90
0x00007ffebb51c932:   c8 00 00 00 8b e8 83 fb 01 76 31 41 bc 08 00 00
0x00007ffebb51c942:   00 ff cb 66 66 66 0f 1f 84 00 00 00 00 00 49 8b 


Stack slot to memory mapping:
stack at sp + 0 slots: 0x00007ffebb0a0018 jvm.dll
stack at sp + 1 slots: 0x0000000000000080 is an unknown value
stack at sp + 2 slots: 0x0000023f26126c20 points into unknown readable memory: 0x0000000000000000 | 00 00 00 00 00 00 00 00
stack at sp + 3 slots: 0x0000000000000004 is an unknown value
stack at sp + 4 slots: 0x00007ffebb02c6e1 jvm.dll
stack at sp + 5 slots: 0x0000000000000160 is an unknown value
stack at sp + 6 slots: 0x0 is NULL
stack at sp + 7 slots: 0x00000049f06fceb0 is pointing into the stack for thread: 0x0000023eddb05fd0


---------------  P R O C E S S  ---------------

Threads class SMR info:
_java_thread_list=0x0000023f396ddad0, length=31, elements={
0x0000023ebd963b80, 0x0000023edd9be8e0, 0x0000023edd9c23d0, 0x0000023eddafc440,
0x0000023eddafed20, 0x0000023eddaff5f0, 0x0000023eddaffec0, 0x0000023eddb05fd0,
0x0000023eddb0e9a0, 0x0000023eddb0fa90, 0x0000023eddc11760, 0x0000023eddc943f0,
0x0000023f27a82a30, 0x0000023f349bd0a0, 0x0000023f349b98f0, 0x0000023f27a83e70,
0x0000023f27a861e0, 0x0000023f349bd5b0, 0x0000023f349b7fa0, 0x0000023f349b9e00,
0x0000023f349b7580, 0x0000023f349ba310, 0x0000023f27a88550, 0x0000023f234147d0,
0x0000023f349b7070, 0x0000023f3668dc30, 0x0000023f3668f070, 0x0000023f3668e650,
0x0000023f366904b0, 0x0000023f36689040, 0x0000023f3668aea0
}

Java Threads: ( => current thread )
  0x0000023ebd963b80 JavaThread "Render thread" [_thread_in_Java, id=5336, stack(0x00000049ef900000,0x00000049efa00000)]
  0x0000023edd9be8e0 JavaThread "Reference Handler" daemon [_thread_blocked, id=7588, stack(0x00000049f0000000,0x00000049f0100000)]
  0x0000023edd9c23d0 JavaThread "Finalizer" daemon [_thread_blocked, id=5908, stack(0x00000049f0100000,0x00000049f0200000)]
  0x0000023eddafc440 JavaThread "Signal Dispatcher" daemon [_thread_blocked, id=12848, stack(0x00000049f0200000,0x00000049f0300000)]
  0x0000023eddafed20 JavaThread "Attach Listener" daemon [_thread_blocked, id=6856, stack(0x00000049f0300000,0x00000049f0400000)]
  0x0000023eddaff5f0 JavaThread "Service Thread" daemon [_thread_blocked, id=9480, stack(0x00000049f0400000,0x00000049f0500000)]
  0x0000023eddaffec0 JavaThread "Monitor Deflation Thread" daemon [_thread_blocked, id=12400, stack(0x00000049f0500000,0x00000049f0600000)]
=>0x0000023eddb05fd0 JavaThread "C2 CompilerThread0" daemon [_thread_in_native, id=12096, stack(0x00000049f0600000,0x00000049f0700000)]
  0x0000023eddb0e9a0 JavaThread "C1 CompilerThread0" daemon [_thread_blocked, id=7500, stack(0x00000049f0700000,0x00000049f0800000)]
  0x0000023eddb0fa90 JavaThread "Sweeper thread" daemon [_thread_blocked, id=6312, stack(0x00000049f0800000,0x00000049f0900000)]
  0x0000023eddc11760 JavaThread "Common-Cleaner" daemon [_thread_blocked, id=7604, stack(0x00000049f0900000,0x00000049f0a00000)]
  0x0000023eddc943f0 JavaThread "Notification Thread" daemon [_thread_blocked, id=1296, stack(0x00000049f0a00000,0x00000049f0b00000)]
  0x0000023f27a82a30 JavaThread "JNA Cleaner" daemon [_thread_blocked, id=8060, stack(0x00000049f1e00000,0x00000049f1f00000)]
  0x0000023f349bd0a0 JavaThread "Timer hack thread" daemon [_thread_blocked, id=8704, stack(0x00000049f2000000,0x00000049f2100000)]
  0x0000023f349b98f0 JavaThread "Yggdrasil Key Fetcher" daemon [_thread_blocked, id=7716, stack(0x00000049f2200000,0x00000049f2300000)]
  0x0000023f27a83e70 JavaThread "Thread-3" daemon [_thread_blocked, id=12104, stack(0x00000049f2c00000,0x00000049f2d00000)]
  0x0000023f27a861e0 JavaThread "FileSystemWatchService" daemon [_thread_in_native, id=10876, stack(0x00000049f2d00000,0x00000049f2e00000)]
  0x0000023f349bd5b0 JavaThread "Worker-Main-6" daemon [_thread_blocked, id=6264, stack(0x00000049ef700000,0x00000049ef800000)]
  0x0000023f349b7fa0 JavaThread "Worker-Main-8" daemon [_thread_blocked, id=9448, stack(0x00000049f1000000,0x00000049f1100000)]
  0x0000023f349b9e00 JavaThread "Server thread" [_thread_in_vm, id=11204, stack(0x00000049f1300000,0x00000049f1400000)]
  0x0000023f349b7580 JavaThread "FileSystemWatchService" daemon [_thread_in_native, id=400, stack(0x00000049f1c00000,0x00000049f1d00000)]
  0x0000023f349ba310 JavaThread "IO-Worker-9" [_thread_blocked, id=4452, stack(0x00000049f1d00000,0x00000049f1e00000)]
  0x0000023f27a88550 JavaThread "Java2D Disposer" daemon [_thread_blocked, id=7272, stack(0x00000049f2400000,0x00000049f2500000)]
  0x0000023f234147d0 JavaThread "Netty Server IO #0" daemon [_thread_in_native, id=5728, stack(0x00000049f2600000,0x00000049f2700000)]
  0x0000023f349b7070 JavaThread "Netty Local Client IO #0" daemon [_thread_blocked, id=5696, stack(0x00000049f2700000,0x00000049f2800000)]
  0x0000023f3668dc30 JavaThread "Netty Server IO #1" daemon [_thread_in_native, id=9220, stack(0x00000049f2800000,0x00000049f2900000)]
  0x0000023f3668f070 JavaThread "Sound engine" daemon [_thread_blocked, id=12808, stack(0x00000049ef800000,0x00000049ef900000)]
  0x0000023f3668e650 JavaThread "Worker-Main-11" daemon [_thread_blocked, id=7872, stack(0x00000049f0c00000,0x00000049f0d00000)]
  0x0000023f366904b0 JavaThread "Worker-Main-14" daemon [_thread_blocked, id=4900, stack(0x00000049f2b00000,0x00000049f2c00000)]
  0x0000023f36689040 JavaThread "Worker-Main-15" daemon [_thread_blocked, id=10004, stack(0x00000049f2e00000,0x00000049f2f00000)]
  0x0000023f3668aea0 JavaThread "IO-Worker-16" [_thread_blocked, id=12480, stack(0x00000049ef600000,0x00000049ef700000)]

Other Threads:
  0x0000023edd9b80e0 VMThread "VM Thread" [stack: 0x00000049eff00000,0x00000049f0000000] [id=10596]
  0x0000023ebd9647f0 WatcherThread [stack: 0x00000049f0b00000,0x00000049f0c00000] [id=1264]
  0x0000023ebd9bcdf0 GCTaskThread "GC Thread#0" [stack: 0x00000049efa00000,0x00000049efb00000] [id=12880]
  0x0000023edde57740 GCTaskThread "GC Thread#1" [stack: 0x00000049f0d00000,0x00000049f0e00000] [id=6404]
  0x0000023edde5bea0 GCTaskThread "GC Thread#2" [stack: 0x00000049f0e00000,0x00000049f0f00000] [id=12296]
  0x0000023edde5c160 GCTaskThread "GC Thread#3" [stack: 0x00000049f0f00000,0x00000049f1000000] [id=10108]
  0x0000023ebd9caae0 ConcurrentGCThread "G1 Main Marker" [stack: 0x00000049efb00000,0x00000049efc00000] [id=5896]
  0x0000023ebd9cbbb0 ConcurrentGCThread "G1 Conc#0" [stack: 0x00000049efc00000,0x00000049efd00000] [id=3956]
  0x0000023edd8756f0 ConcurrentGCThread "G1 Refine#0" [stack: 0x00000049efd00000,0x00000049efe00000] [id=244]
  0x0000023f26185fb0 ConcurrentGCThread "G1 Refine#1" [stack: 0x00000049f2100000,0x00000049f2200000] [id=9544]
  0x0000023f26186e60 ConcurrentGCThread "G1 Refine#2" [stack: 0x00000049f2300000,0x00000049f2400000] [id=12600]
  0x0000023f360744f0 ConcurrentGCThread "G1 Refine#3" [stack: 0x00000049f1500000,0x00000049f1600000] [id=11072]
  0x0000023edd875f30 ConcurrentGCThread "G1 Service" [stack: 0x00000049efe00000,0x00000049eff00000] [id=1804]

Threads with active compile tasks:
C2 CompilerThread0  1008967 31171       4       net.minecraft.client.resources.sounds.BiomeAmbientSoundsHandler::tick (142 bytes)

VM state: not at safepoint (normal execution)

VM Mutex/Monitor currently owned by a thread: None

Heap address: 0x0000000741800000, size: 3048 MB, Compressed Oops mode: Zero based, Oop shift amount: 3

CDS archive(s) mapped at: [0x0000023ede000000-0x0000023edebb0000-0x0000023edebb0000), size 12255232, SharedBaseAddress: 0x0000023ede000000, ArchiveRelocationMode: 1.
Compressed class space mapped at: 0x0000023edf000000-0x0000023f1f000000, reserved size: 1073741824
Narrow klass base: 0x0000023ede000000, Narrow klass shift: 0, Narrow klass range: 0x100000000

GC Precious Log:
 CPUs: 4 total, 4 available
 Memory: 12190M
 Large Page Support: Disabled
 NUMA Support: Disabled
 Compressed Oops: Enabled (Zero based)
 Heap Region Size: 2M
 Heap Min Capacity: 8M
 Heap Initial Capacity: 192M
 Heap Max Capacity: 3048M
 Pre-touch: Disabled
 Parallel Workers: 4
 Concurrent Workers: 1
 Concurrent Refinement Workers: 4
 Periodic GC: Disabled

Heap:
 garbage-first heap   total 1529856K, used 871225K [0x0000000741800000, 0x0000000800000000)
  region size 2048K, 230 young (471040K), 3 survivors (6144K)
 Metaspace       used 122105K, committed 123904K, reserved 1179648K
  class space    used 17517K, committed 18304K, reserved 1048576K

Heap Regions: E=young(eden), S=young(survivor), O=old, HS=humongous(starts), HC=humongous(continues), CS=collection set, F=free, OA=open archive, CA=closed archive, TAMS=top-at-mark-start (previous, next)
|   0|0x0000000741800000, 0x0000000741a00000, 0x0000000741a00000|100%|HS|  |TAMS 0x0000000741a00000, 0x0000000741800000| Complete 
|   1|0x0000000741a00000, 0x0000000741c00000, 0x0000000741c00000|100%|HS|  |TAMS 0x0000000741c00000, 0x0000000741a00000| Complete 
|   2|0x0000000741c00000, 0x0000000741e00000, 0x0000000741e00000|100%|HS|  |TAMS 0x0000000741e00000, 0x0000000741c00000| Complete 
|   3|0x0000000741e00000, 0x0000000742000000, 0x0000000742000000|100%|HS|  |TAMS 0x0000000742000000, 0x0000000741e00000| Complete 
|   4|0x0000000742000000, 0x0000000742200000, 0x0000000742200000|100%| O|  |TAMS 0x0000000742200000, 0x0000000742000000| Untracked 
|   5|0x0000000742200000, 0x0000000742400000, 0x0000000742400000|100%| O|  |TAMS 0x0000000742400000, 0x0000000742200000| Untracked 
|   6|0x0000000742400000, 0x0000000742600000, 0x0000000742600000|100%| O|  |TAMS 0x0000000742600000, 0x0000000742400000| Untracked 
|   7|0x0000000742600000, 0x0000000742800000, 0x0000000742800000|100%| O|  |TAMS 0x0000000742800000, 0x0000000742600000| Untracked 
|   8|0x0000000742800000, 0x0000000742a00000, 0x0000000742a00000|100%| O|  |TAMS 0x0000000742a00000, 0x0000000742800000| Untracked 
|   9|0x0000000742a00000, 0x0000000742c00000, 0x0000000742c00000|100%| O|  |TAMS 0x0000000742c00000, 0x0000000742a00000| Untracked 
|  10|0x0000000742c00000, 0x0000000742e00000, 0x0000000742e00000|100%| O|  |TAMS 0x0000000742e00000, 0x0000000742c00000| Untracked 
|  11|0x0000000742e00000, 0x0000000743000000, 0x0000000743000000|100%| O|  |TAMS 0x0000000743000000, 0x0000000742e00000| Untracked 
|  12|0x0000000743000000, 0x0000000743200000, 0x0000000743200000|100%| O|  |TAMS 0x0000000743200000, 0x0000000743000000| Untracked 
|  13|0x0000000743200000, 0x0000000743400000, 0x0000000743400000|100%| O|  |TAMS 0x0000000743400000, 0x0000000743200000| Untracked 
|  14|0x0000000743400000, 0x0000000743600000, 0x0000000743600000|100%| O|  |TAMS 0x0000000743600000, 0x0000000743400000| Untracked 
|  15|0x0000000743600000, 0x0000000743800000, 0x0000000743800000|100%| O|  |TAMS 0x0000000743800000, 0x0000000743600000| Untracked 
|  16|0x0000000743800000, 0x0000000743a00000, 0x0000000743a00000|100%|HS|  |TAMS 0x0000000743a00000, 0x0000000743800000| Complete 
|  17|0x0000000743a00000, 0x0000000743c00000, 0x0000000743c00000|100%| O|  |TAMS 0x0000000743c00000, 0x0000000743a00000| Untracked 
|  18|0x0000000743c00000, 0x0000000743e00000, 0x0000000743e00000|100%| O|  |TAMS 0x0000000743e00000, 0x0000000743c00000| Untracked 
|  19|0x0000000743e00000, 0x0000000744000000, 0x0000000744000000|100%| O|  |TAMS 0x0000000744000000, 0x0000000743e00000| Untracked 
|  20|0x0000000744000000, 0x0000000744200000, 0x0000000744200000|100%| O|  |TAMS 0x0000000744200000, 0x0000000744000000| Untracked 
|  21|0x0000000744200000, 0x0000000744400000, 0x0000000744400000|100%| O|  |TAMS 0x0000000744400000, 0x0000000744200000| Untracked 
|  22|0x0000000744400000, 0x0000000744600000, 0x0000000744600000|100%| O|  |TAMS 0x0000000744600000, 0x0000000744400000| Untracked 
|  23|0x0000000744600000, 0x0000000744800000, 0x0000000744800000|100%| O|  |TAMS 0x0000000744800000, 0x0000000744600000| Untracked 
|  24|0x0000000744800000, 0x0000000744a00000, 0x0000000744a00000|100%| O|  |TAMS 0x0000000744a00000, 0x0000000744800000| Untracked 
|  25|0x0000000744a00000, 0x0000000744c00000, 0x0000000744c00000|100%| O|  |TAMS 0x0000000744c00000, 0x0000000744a00000| Untracked 
|  26|0x0000000744c00000, 0x0000000744e00000, 0x0000000744e00000|100%| O|  |TAMS 0x0000000744e00000, 0x0000000744c00000| Untracked 
|  27|0x0000000744e00000, 0x0000000745000000, 0x0000000745000000|100%| O|  |TAMS 0x0000000745000000, 0x0000000744e00000| Untracked 
|  28|0x0000000745000000, 0x0000000745200000, 0x0000000745200000|100%| O|  |TAMS 0x0000000745200000, 0x0000000745000000| Untracked 
|  29|0x0000000745200000, 0x0000000745400000, 0x0000000745400000|100%| O|  |TAMS 0x0000000745400000, 0x0000000745200000| Untracked 
|  30|0x0000000745400000, 0x0000000745600000, 0x0000000745600000|100%| O|  |TAMS 0x0000000745600000, 0x0000000745400000| Untracked 
|  31|0x0000000745600000, 0x0000000745800000, 0x0000000745800000|100%| O|  |TAMS 0x0000000745800000, 0x0000000745600000| Untracked 
|  32|0x0000000745800000, 0x0000000745a00000, 0x0000000745a00000|100%| O|  |TAMS 0x0000000745a00000, 0x0000000745800000| Untracked 
|  33|0x0000000745a00000, 0x0000000745c00000, 0x0000000745c00000|100%| O|  |TAMS 0x0000000745c00000, 0x0000000745a00000| Untracked 
|  34|0x0000000745c00000, 0x0000000745e00000, 0x0000000745e00000|100%| O|  |TAMS 0x0000000745e00000, 0x0000000745c00000| Untracked 
|  35|0x0000000745e00000, 0x0000000746000000, 0x0000000746000000|100%|HS|  |TAMS 0x0000000746000000, 0x0000000745e00000| Complete 
|  36|0x0000000746000000, 0x0000000746200000, 0x0000000746200000|100%|HC|  |TAMS 0x0000000746200000, 0x0000000746000000| Complete 
|  37|0x0000000746200000, 0x0000000746400000, 0x0000000746400000|100%|HC|  |TAMS 0x0000000746400000, 0x0000000746200000| Complete 
|  38|0x0000000746400000, 0x0000000746600000, 0x0000000746600000|100%|HC|  |TAMS 0x0000000746600000, 0x0000000746400000| Complete 
|  39|0x0000000746600000, 0x0000000746800000, 0x0000000746800000|100%|HC|  |TAMS 0x0000000746800000, 0x0000000746600000| Complete 
|  40|0x0000000746800000, 0x0000000746a00000, 0x0000000746a00000|100%|HC|  |TAMS 0x0000000746a00000, 0x0000000746800000| Complete 
|  41|0x0000000746a00000, 0x0000000746c00000, 0x0000000746c00000|100%| O|  |TAMS 0x0000000746c00000, 0x0000000746a00000| Untracked 
|  42|0x0000000746c00000, 0x0000000746e00000, 0x0000000746e00000|100%| O|  |TAMS 0x0000000746e00000, 0x0000000746c00000| Untracked 
|  43|0x0000000746e00000, 0x0000000747000000, 0x0000000747000000|100%| O|  |TAMS 0x0000000747000000, 0x0000000746e00000| Untracked 
|  44|0x0000000747000000, 0x0000000747200000, 0x0000000747200000|100%| O|  |TAMS 0x0000000747200000, 0x0000000747000000| Untracked 
|  45|0x0000000747200000, 0x0000000747400000, 0x0000000747400000|100%| O|  |TAMS 0x0000000747400000, 0x0000000747200000| Untracked 
|  46|0x0000000747400000, 0x0000000747600000, 0x0000000747600000|100%| O|  |TAMS 0x0000000747600000, 0x0000000747400000| Untracked 
|  47|0x0000000747600000, 0x0000000747800000, 0x0000000747800000|100%| O|  |TAMS 0x0000000747800000, 0x0000000747600000| Untracked 
|  48|0x0000000747800000, 0x0000000747a00000, 0x0000000747a00000|100%| O|  |TAMS 0x0000000747a00000, 0x0000000747800000| Untracked 
|  49|0x0000000747a00000, 0x0000000747c00000, 0x0000000747c00000|100%| O|  |TAMS 0x0000000747c00000, 0x0000000747a00000| Untracked 
|  50|0x0000000747c00000, 0x0000000747e00000, 0x0000000747e00000|100%| O|  |TAMS 0x0000000747e00000, 0x0000000747c00000| Untracked 
|  51|0x0000000747e00000, 0x0000000748000000, 0x0000000748000000|100%| O|  |TAMS 0x0000000748000000, 0x0000000747e00000| Untracked 
|  52|0x0000000748000000, 0x0000000748200000, 0x0000000748200000|100%| O|  |TAMS 0x0000000748200000, 0x0000000748000000| Untracked 
|  53|0x0000000748200000, 0x0000000748400000, 0x0000000748400000|100%| O|  |TAMS 0x0000000748400000, 0x0000000748200000| Untracked 
|  54|0x0000000748400000, 0x0000000748600000, 0x0000000748600000|100%| O|  |TAMS 0x0000000748600000, 0x0000000748400000| Untracked 
|  55|0x0000000748600000, 0x0000000748800000, 0x0000000748800000|100%| O|  |TAMS 0x0000000748800000, 0x0000000748600000| Untracked 
|  56|0x0000000748800000, 0x0000000748a00000, 0x0000000748a00000|100%| O|  |TAMS 0x0000000748a00000, 0x0000000748800000| Untracked 
|  57|0x0000000748a00000, 0x0000000748c00000, 0x0000000748c00000|100%| O|  |TAMS 0x0000000748c00000, 0x0000000748a00000| Untracked 
|  58|0x0000000748c00000, 0x0000000748e00000, 0x0000000748e00000|100%| O|  |TAMS 0x0000000748e00000, 0x0000000748c00000| Untracked 
|  59|0x0000000748e00000, 0x0000000749000000, 0x0000000749000000|100%| O|  |TAMS 0x0000000749000000, 0x0000000748e00000| Untracked 
|  60|0x0000000749000000, 0x0000000749200000, 0x0000000749200000|100%| O|  |TAMS 0x0000000749200000, 0x0000000749000000| Untracked 
|  61|0x0000000749200000, 0x0000000749400000, 0x0000000749400000|100%| O|  |TAMS 0x0000000749400000, 0x0000000749200000| Untracked 
|  62|0x0000000749400000, 0x0000000749600000, 0x0000000749600000|100%| O|  |TAMS 0x0000000749600000, 0x0000000749400000| Untracked 
|  63|0x0000000749600000, 0x0000000749800000, 0x0000000749800000|100%| O|  |TAMS 0x0000000749800000, 0x0000000749600000| Untracked 
|  64|0x0000000749800000, 0x0000000749a00000, 0x0000000749a00000|100%| O|  |TAMS 0x0000000749a00000, 0x0000000749800000| Untracked 
|  65|0x0000000749a00000, 0x0000000749c00000, 0x0000000749c00000|100%| O|  |TAMS 0x0000000749c00000, 0x0000000749a00000| Untracked 
|  66|0x0000000749c00000, 0x0000000749e00000, 0x0000000749e00000|100%| O|  |TAMS 0x0000000749e00000, 0x0000000749c00000| Untracked 
|  67|0x0000000749e00000, 0x000000074a000000, 0x000000074a000000|100%| O|  |TAMS 0x000000074a000000, 0x0000000749e00000| Untracked 
|  68|0x000000074a000000, 0x000000074a200000, 0x000000074a200000|100%| O|  |TAMS 0x000000074a200000, 0x000000074a000000| Untracked 
|  69|0x000000074a200000, 0x000000074a400000, 0x000000074a400000|100%| O|  |TAMS 0x000000074a400000, 0x000000074a200000| Untracked 
|  70|0x000000074a400000, 0x000000074a600000, 0x000000074a600000|100%| O|  |TAMS 0x000000074a600000, 0x000000074a400000| Untracked 
|  71|0x000000074a600000, 0x000000074a800000, 0x000000074a800000|100%| O|  |TAMS 0x000000074a800000, 0x000000074a600000| Untracked 
|  72|0x000000074a800000, 0x000000074aa00000, 0x000000074aa00000|100%| O|  |TAMS 0x000000074aa00000, 0x000000074a800000| Untracked 
|  73|0x000000074aa00000, 0x000000074ac00000, 0x000000074ac00000|100%| O|  |TAMS 0x000000074ac00000, 0x000000074aa00000| Untracked 
|  74|0x000000074ac00000, 0x000000074ae00000, 0x000000074ae00000|100%| O|  |TAMS 0x000000074ae00000, 0x000000074ac00000| Untracked 
|  75|0x000000074ae00000, 0x000000074b000000, 0x000000074b000000|100%| O|  |TAMS 0x000000074b000000, 0x000000074ae00000| Untracked 
|  76|0x000000074b000000, 0x000000074b200000, 0x000000074b200000|100%| O|  |TAMS 0x000000074b200000, 0x000000074b000000| Untracked 
|  77|0x000000074b200000, 0x000000074b400000, 0x000000074b400000|100%| O|  |TAMS 0x000000074b400000, 0x000000074b200000| Untracked 
|  78|0x000000074b400000, 0x000000074b600000, 0x000000074b600000|100%| O|  |TAMS 0x000000074b600000, 0x000000074b400000| Untracked 
|  79|0x000000074b600000, 0x000000074b800000, 0x000000074b800000|100%| O|  |TAMS 0x000000074b800000, 0x000000074b600000| Untracked 
|  80|0x000000074b800000, 0x000000074ba00000, 0x000000074ba00000|100%| O|  |TAMS 0x000000074ba00000, 0x000000074b800000| Untracked 
|  81|0x000000074ba00000, 0x000000074bc00000, 0x000000074bc00000|100%| O|  |TAMS 0x000000074bc00000, 0x000000074ba00000| Untracked 
|  82|0x000000074bc00000, 0x000000074be00000, 0x000000074be00000|100%| O|  |TAMS 0x000000074be00000, 0x000000074bc00000| Untracked 
|  83|0x000000074be00000, 0x000000074c000000, 0x000000074c000000|100%| O|  |TAMS 0x000000074c000000, 0x000000074be00000| Untracked 
|  84|0x000000074c000000, 0x000000074c200000, 0x000000074c200000|100%| O|  |TAMS 0x000000074c200000, 0x000000074c000000| Untracked 
|  85|0x000000074c200000, 0x000000074c400000, 0x000000074c400000|100%| O|  |TAMS 0x000000074c400000, 0x000000074c200000| Untracked 
|  86|0x000000074c400000, 0x000000074c600000, 0x000000074c600000|100%| O|  |TAMS 0x000000074c600000, 0x000000074c400000| Untracked 
|  87|0x000000074c600000, 0x000000074c800000, 0x000000074c800000|100%| O|  |TAMS 0x000000074c800000, 0x000000074c600000| Untracked 
|  88|0x000000074c800000, 0x000000074ca00000, 0x000000074ca00000|100%| O|  |TAMS 0x000000074ca00000, 0x000000074c800000| Untracked 
|  89|0x000000074ca00000, 0x000000074cc00000, 0x000000074cc00000|100%| O|  |TAMS 0x000000074cc00000, 0x000000074ca00000| Untracked 
|  90|0x000000074cc00000, 0x000000074ce00000, 0x000000074ce00000|100%| O|  |TAMS 0x000000074ce00000, 0x000000074cc00000| Untracked 
|  91|0x000000074ce00000, 0x000000074d000000, 0x000000074d000000|100%| O|  |TAMS 0x000000074d000000, 0x000000074ce00000| Untracked 
|  92|0x000000074d000000, 0x000000074d200000, 0x000000074d200000|100%| O|  |TAMS 0x000000074d200000, 0x000000074d000000| Untracked 
|  93|0x000000074d200000, 0x000000074d400000, 0x000000074d400000|100%| O|  |TAMS 0x000000074d400000, 0x000000074d200000| Untracked 
|  94|0x000000074d400000, 0x000000074d600000, 0x000000074d600000|100%| O|  |TAMS 0x000000074d600000, 0x000000074d400000| Untracked 
|  95|0x000000074d600000, 0x000000074d800000, 0x000000074d800000|100%| O|  |TAMS 0x000000074d800000, 0x000000074d600000| Untracked 
|  96|0x000000074d800000, 0x000000074da00000, 0x000000074da00000|100%| O|  |TAMS 0x000000074da00000, 0x000000074d800000| Untracked 
|  97|0x000000074da00000, 0x000000074dc00000, 0x000000074dc00000|100%| O|  |TAMS 0x000000074dc00000, 0x000000074da00000| Untracked 
|  98|0x000000074dc00000, 0x000000074de00000, 0x000000074de00000|100%| O|  |TAMS 0x000000074de00000, 0x000000074dc00000| Untracked 
|  99|0x000000074de00000, 0x000000074e000000, 0x000000074e000000|100%| O|  |TAMS 0x000000074e000000, 0x000000074de00000| Untracked 
| 100|0x000000074e000000, 0x000000074e200000, 0x000000074e200000|100%| O|  |TAMS 0x000000074e200000, 0x000000074e000000| Untracked 
| 101|0x000000074e200000, 0x000000074e400000, 0x000000074e400000|100%| O|  |TAMS 0x000000074e400000, 0x000000074e200000| Untracked 
| 102|0x000000074e400000, 0x000000074e600000, 0x000000074e600000|100%| O|  |TAMS 0x000000074e600000, 0x000000074e400000| Untracked 
| 103|0x000000074e600000, 0x000000074e800000, 0x000000074e800000|100%| O|  |TAMS 0x000000074e800000, 0x000000074e600000| Untracked 
| 104|0x000000074e800000, 0x000000074ea00000, 0x000000074ea00000|100%| O|  |TAMS 0x000000074ea00000, 0x000000074e800000| Untracked 
| 105|0x000000074ea00000, 0x000000074ec00000, 0x000000074ec00000|100%| O|  |TAMS 0x000000074ec00000, 0x000000074ea00000| Untracked 
| 106|0x000000074ec00000, 0x000000074ee00000, 0x000000074ee00000|100%| O|  |TAMS 0x000000074ee00000, 0x000000074ec00000| Untracked 
| 107|0x000000074ee00000, 0x000000074f000000, 0x000000074f000000|100%| O|  |TAMS 0x000000074f000000, 0x000000074ee00000| Untracked 
| 108|0x000000074f000000, 0x000000074f200000, 0x000000074f200000|100%| O|  |TAMS 0x000000074f200000, 0x000000074f000000| Untracked 
| 109|0x000000074f200000, 0x000000074f400000, 0x000000074f400000|100%| O|  |TAMS 0x000000074f400000, 0x000000074f200000| Untracked 
| 110|0x000000074f400000, 0x000000074f600000, 0x000000074f600000|100%| O|  |TAMS 0x000000074f600000, 0x000000074f400000| Untracked 
| 111|0x000000074f600000, 0x000000074f800000, 0x000000074f800000|100%| O|  |TAMS 0x000000074f800000, 0x000000074f600000| Untracked 
| 112|0x000000074f800000, 0x000000074fa00000, 0x000000074fa00000|100%| O|  |TAMS 0x000000074fa00000, 0x000000074f800000| Untracked 
| 113|0x000000074fa00000, 0x000000074fc00000, 0x000000074fc00000|100%| O|  |TAMS 0x000000074fc00000, 0x000000074fa00000| Untracked 
| 114|0x000000074fc00000, 0x000000074fe00000, 0x000000074fe00000|100%| O|  |TAMS 0x000000074fe00000, 0x000000074fc00000| Untracked 
| 115|0x000000074fe00000, 0x000000074fe00000, 0x0000000750000000|  0%| F|  |TAMS 0x000000074fe00000, 0x000000074fe00000| Untracked 
| 116|0x0000000750000000, 0x0000000750200000, 0x0000000750200000|100%| O|  |TAMS 0x0000000750200000, 0x0000000750000000| Untracked 
| 117|0x0000000750200000, 0x0000000750400000, 0x0000000750400000|100%| O|  |TAMS 0x0000000750400000, 0x0000000750200000| Untracked 
| 118|0x0000000750400000, 0x0000000750600000, 0x0000000750600000|100%| O|  |TAMS 0x0000000750600000, 0x0000000750400000| Untracked 
| 119|0x0000000750600000, 0x0000000750800000, 0x0000000750800000|100%| O|  |TAMS 0x0000000750800000, 0x0000000750600000| Untracked 
| 120|0x0000000750800000, 0x0000000750a00000, 0x0000000750a00000|100%| O|  |TAMS 0x0000000750a00000, 0x0000000750800000| Untracked 
| 121|0x0000000750a00000, 0x0000000750c00000, 0x0000000750c00000|100%| O|  |TAMS 0x0000000750c00000, 0x0000000750a00000| Untracked 
| 122|0x0000000750c00000, 0x0000000750e00000, 0x0000000750e00000|100%| O|  |TAMS 0x0000000750e00000, 0x0000000750c00000| Untracked 
| 123|0x0000000750e00000, 0x0000000751000000, 0x0000000751000000|100%| O|  |TAMS 0x0000000751000000, 0x0000000750e00000| Untracked 
| 124|0x0000000751000000, 0x0000000751200000, 0x0000000751200000|100%| O|  |TAMS 0x0000000751200000, 0x0000000751000000| Untracked 
| 125|0x0000000751200000, 0x0000000751400000, 0x0000000751400000|100%| O|  |TAMS 0x0000000751400000, 0x0000000751200000| Untracked 
| 126|0x0000000751400000, 0x0000000751600000, 0x0000000751600000|100%| O|  |TAMS 0x0000000751600000, 0x0000000751400000| Untracked 
| 127|0x0000000751600000, 0x0000000751800000, 0x0000000751800000|100%| O|  |TAMS 0x0000000751800000, 0x0000000751600000| Untracked 
| 128|0x0000000751800000, 0x0000000751a00000, 0x0000000751a00000|100%| O|  |TAMS 0x0000000751a00000, 0x0000000751800000| Untracked 
| 129|0x0000000751a00000, 0x0000000751c00000, 0x0000000751c00000|100%| O|  |TAMS 0x0000000751c00000, 0x0000000751a00000| Untracked 
| 130|0x0000000751c00000, 0x0000000751e00000, 0x0000000751e00000|100%| O|  |TAMS 0x0000000751e00000, 0x0000000751c00000| Untracked 
| 131|0x0000000751e00000, 0x0000000752000000, 0x0000000752000000|100%| O|  |TAMS 0x0000000752000000, 0x0000000751e00000| Untracked 
| 132|0x0000000752000000, 0x0000000752200000, 0x0000000752200000|100%| O|  |TAMS 0x0000000752200000, 0x0000000752000000| Untracked 
| 133|0x0000000752200000, 0x0000000752400000, 0x0000000752400000|100%| O|  |TAMS 0x0000000752400000, 0x0000000752200000| Untracked 
| 134|0x0000000752400000, 0x0000000752600000, 0x0000000752600000|100%| O|  |TAMS 0x0000000752600000, 0x0000000752400000| Untracked 
| 135|0x0000000752600000, 0x0000000752800000, 0x0000000752800000|100%| O|  |TAMS 0x0000000752800000, 0x0000000752600000| Untracked 
| 136|0x0000000752800000, 0x0000000752a00000, 0x0000000752a00000|100%| O|  |TAMS 0x0000000752a00000, 0x0000000752800000| Untracked 
| 137|0x0000000752a00000, 0x0000000752c00000, 0x0000000752c00000|100%| O|  |TAMS 0x0000000752c00000, 0x0000000752a00000| Untracked 
| 138|0x0000000752c00000, 0x0000000752e00000, 0x0000000752e00000|100%| O|  |TAMS 0x0000000752e00000, 0x0000000752c00000| Untracked 
| 139|0x0000000752e00000, 0x0000000753000000, 0x0000000753000000|100%| O|  |TAMS 0x0000000753000000, 0x0000000752e00000| Untracked 
| 140|0x0000000753000000, 0x0000000753200000, 0x0000000753200000|100%| O|  |TAMS 0x0000000753200000, 0x0000000753000000| Untracked 
| 141|0x0000000753200000, 0x0000000753400000, 0x0000000753400000|100%| O|  |TAMS 0x0000000753400000, 0x0000000753200000| Untracked 
| 142|0x0000000753400000, 0x0000000753600000, 0x0000000753600000|100%| O|  |TAMS 0x0000000753600000, 0x0000000753400000| Untracked 
| 143|0x0000000753600000, 0x0000000753800000, 0x0000000753800000|100%| O|  |TAMS 0x0000000753800000, 0x0000000753600000| Untracked 
| 144|0x0000000753800000, 0x00000007539f2600, 0x0000000753a00000| 97%| O|  |TAMS 0x00000007539f2600, 0x0000000753800000| Untracked 
| 145|0x0000000753a00000, 0x0000000753c00000, 0x0000000753c00000|100%| O|  |TAMS 0x0000000753c00000, 0x0000000753a00000| Untracked 
| 146|0x0000000753c00000, 0x0000000753e00000, 0x0000000753e00000|100%| O|  |TAMS 0x0000000753e00000, 0x0000000753c00000| Untracked 
| 147|0x0000000753e00000, 0x0000000754000000, 0x0000000754000000|100%| O|  |TAMS 0x0000000754000000, 0x0000000753e00000| Untracked 
| 148|0x0000000754000000, 0x0000000754200000, 0x0000000754200000|100%| O|  |TAMS 0x0000000754200000, 0x0000000754000000| Untracked 
| 149|0x0000000754200000, 0x0000000754400000, 0x0000000754400000|100%| O|  |TAMS 0x0000000754400000, 0x0000000754200000| Untracked 
| 150|0x0000000754400000, 0x0000000754600000, 0x0000000754600000|100%|HS|  |TAMS 0x0000000754600000, 0x0000000754400000| Complete 
| 151|0x0000000754600000, 0x0000000754800000, 0x0000000754800000|100%| O|  |TAMS 0x0000000754800000, 0x0000000754600000| Untracked 
| 152|0x0000000754800000, 0x0000000754a00000, 0x0000000754a00000|100%| O|  |TAMS 0x0000000754a00000, 0x0000000754800000| Untracked 
| 153|0x0000000754a00000, 0x0000000754c00000, 0x0000000754c00000|100%| O|  |TAMS 0x0000000754c00000, 0x0000000754a00000| Untracked 
| 154|0x0000000754c00000, 0x0000000754e00000, 0x0000000754e00000|100%| O|  |TAMS 0x0000000754e00000, 0x0000000754c00000| Untracked 
| 155|0x0000000754e00000, 0x0000000755000000, 0x0000000755000000|100%| O|  |TAMS 0x0000000755000000, 0x0000000754e00000| Untracked 
| 156|0x0000000755000000, 0x0000000755200000, 0x0000000755200000|100%| O|  |TAMS 0x0000000755200000, 0x0000000755000000| Untracked 
| 157|0x0000000755200000, 0x0000000755400000, 0x0000000755400000|100%| O|  |TAMS 0x0000000755400000, 0x0000000755200000| Untracked 
| 158|0x0000000755400000, 0x0000000755600000, 0x0000000755600000|100%| O|  |TAMS 0x0000000755600000, 0x0000000755400000| Untracked 
| 159|0x0000000755600000, 0x0000000755800000, 0x0000000755800000|100%| O|  |TAMS 0x0000000755800000, 0x0000000755600000| Untracked 
| 160|0x0000000755800000, 0x0000000755a00000, 0x0000000755a00000|100%| O|  |TAMS 0x0000000755a00000, 0x0000000755800000| Untracked 
| 161|0x0000000755a00000, 0x0000000755c00000, 0x0000000755c00000|100%| O|  |TAMS 0x0000000755c00000, 0x0000000755a00000| Untracked 
| 162|0x0000000755c00000, 0x0000000755e00000, 0x0000000755e00000|100%| O|  |TAMS 0x0000000755e00000, 0x0000000755c00000| Untracked 
| 163|0x0000000755e00000, 0x0000000756000000, 0x0000000756000000|100%| O|  |TAMS 0x0000000756000000, 0x0000000755e00000| Complete 
| 164|0x0000000756000000, 0x0000000756171800, 0x0000000756200000| 72%| O|  |TAMS 0x0000000756164800, 0x0000000756000000| Untracked 
| 165|0x0000000756200000, 0x0000000756400000, 0x0000000756400000|100%| O|  |TAMS 0x0000000756400000, 0x0000000756200000| Complete 
| 166|0x0000000756400000, 0x0000000756600000, 0x0000000756600000|100%| O|  |TAMS 0x0000000756600000, 0x0000000756400000| Complete 
| 167|0x0000000756600000, 0x0000000756600000, 0x0000000756800000|  0%| F|  |TAMS 0x0000000756600000, 0x0000000756600000| Untracked 
| 168|0x0000000756800000, 0x0000000756800000, 0x0000000756a00000|  0%| F|  |TAMS 0x0000000756800000, 0x0000000756800000| Untracked 
| 169|0x0000000756a00000, 0x0000000756a00000, 0x0000000756c00000|  0%| F|  |TAMS 0x0000000756a00000, 0x0000000756a00000| Untracked 
| 170|0x0000000756c00000, 0x0000000756e00000, 0x0000000756e00000|100%| O|  |TAMS 0x0000000756e00000, 0x0000000756c00000| Untracked 
| 171|0x0000000756e00000, 0x0000000756e00000, 0x0000000757000000|  0%| F|  |TAMS 0x0000000756e00000, 0x0000000756e00000| Untracked 
| 172|0x0000000757000000, 0x0000000757000000, 0x0000000757200000|  0%| F|  |TAMS 0x0000000757000000, 0x0000000757000000| Untracked 
| 173|0x0000000757200000, 0x0000000757200000, 0x0000000757400000|  0%| F|  |TAMS 0x0000000757200000, 0x0000000757200000| Untracked 
| 174|0x0000000757400000, 0x0000000757400000, 0x0000000757600000|  0%| F|  |TAMS 0x0000000757400000, 0x0000000757400000| Untracked 
| 175|0x0000000757600000, 0x0000000757600000, 0x0000000757800000|  0%| F|  |TAMS 0x0000000757600000, 0x0000000757600000| Untracked 
| 176|0x0000000757800000, 0x0000000757800000, 0x0000000757a00000|  0%| F|  |TAMS 0x0000000757800000, 0x0000000757800000| Untracked 
| 177|0x0000000757a00000, 0x0000000757a00000, 0x0000000757c00000|  0%| F|  |TAMS 0x0000000757a00000, 0x0000000757a00000| Untracked 
| 178|0x0000000757c00000, 0x0000000757c00000, 0x0000000757e00000|  0%| F|  |TAMS 0x0000000757c00000, 0x0000000757c00000| Untracked 
| 179|0x0000000757e00000, 0x0000000757e00000, 0x0000000758000000|  0%| F|  |TAMS 0x0000000757e00000, 0x0000000757e00000| Untracked 
| 180|0x0000000758000000, 0x0000000758000000, 0x0000000758200000|  0%| F|  |TAMS 0x0000000758000000, 0x0000000758000000| Untracked 
| 181|0x0000000758200000, 0x0000000758200000, 0x0000000758400000|  0%| F|  |TAMS 0x0000000758200000, 0x0000000758200000| Untracked 
| 182|0x0000000758400000, 0x0000000758400000, 0x0000000758600000|  0%| F|  |TAMS 0x0000000758400000, 0x0000000758400000| Untracked 
| 183|0x0000000758600000, 0x0000000758600000, 0x0000000758800000|  0%| F|  |TAMS 0x0000000758600000, 0x0000000758600000| Untracked 
| 184|0x0000000758800000, 0x0000000758800000, 0x0000000758a00000|  0%| F|  |TAMS 0x0000000758800000, 0x0000000758800000| Untracked 
| 185|0x0000000758a00000, 0x0000000758a00000, 0x0000000758c00000|  0%| F|  |TAMS 0x0000000758a00000, 0x0000000758a00000| Untracked 
| 186|0x0000000758c00000, 0x0000000758c00000, 0x0000000758e00000|  0%| F|  |TAMS 0x0000000758c00000, 0x0000000758c00000| Untracked 
| 187|0x0000000758e00000, 0x0000000758e00000, 0x0000000759000000|  0%| F|  |TAMS 0x0000000758e00000, 0x0000000758e00000| Untracked 
| 188|0x0000000759000000, 0x0000000759000000, 0x0000000759200000|  0%| F|  |TAMS 0x0000000759000000, 0x0000000759000000| Untracked 
| 189|0x0000000759200000, 0x0000000759200000, 0x0000000759400000|  0%| F|  |TAMS 0x0000000759200000, 0x0000000759200000| Untracked 
| 190|0x0000000759400000, 0x0000000759400000, 0x0000000759600000|  0%| F|  |TAMS 0x0000000759400000, 0x0000000759400000| Untracked 
| 191|0x0000000759600000, 0x0000000759600000, 0x0000000759800000|  0%| F|  |TAMS 0x0000000759600000, 0x0000000759600000| Untracked 
| 192|0x0000000759800000, 0x0000000759800000, 0x0000000759a00000|  0%| F|  |TAMS 0x0000000759800000, 0x0000000759800000| Untracked 
| 193|0x0000000759a00000, 0x0000000759a00000, 0x0000000759c00000|  0%| F|  |TAMS 0x0000000759a00000, 0x0000000759a00000| Untracked 
| 194|0x0000000759c00000, 0x0000000759c00000, 0x0000000759e00000|  0%| F|  |TAMS 0x0000000759c00000, 0x0000000759c00000| Untracked 
| 195|0x0000000759e00000, 0x0000000759e00000, 0x000000075a000000|  0%| F|  |TAMS 0x0000000759e00000, 0x0000000759e00000| Untracked 
| 196|0x000000075a000000, 0x000000075a000000, 0x000000075a200000|  0%| F|  |TAMS 0x000000075a000000, 0x000000075a000000| Untracked 
| 197|0x000000075a200000, 0x000000075a200000, 0x000000075a400000|  0%| F|  |TAMS 0x000000075a200000, 0x000000075a200000| Untracked 
| 198|0x000000075a400000, 0x000000075a400000, 0x000000075a600000|  0%| F|  |TAMS 0x000000075a400000, 0x000000075a400000| Untracked 
| 199|0x000000075a600000, 0x000000075a600000, 0x000000075a800000|  0%| F|  |TAMS 0x000000075a600000, 0x000000075a600000| Untracked 
| 200|0x000000075a800000, 0x000000075a800000, 0x000000075aa00000|  0%| F|  |TAMS 0x000000075a800000, 0x000000075a800000| Untracked 
| 201|0x000000075aa00000, 0x000000075aa00000, 0x000000075ac00000|  0%| F|  |TAMS 0x000000075aa00000, 0x000000075aa00000| Untracked 
| 202|0x000000075ac00000, 0x000000075ac00000, 0x000000075ae00000|  0%| F|  |TAMS 0x000000075ac00000, 0x000000075ac00000| Untracked 
| 203|0x000000075ae00000, 0x000000075ae00000, 0x000000075b000000|  0%| F|  |TAMS 0x000000075ae00000, 0x000000075ae00000| Untracked 
| 204|0x000000075b000000, 0x000000075b000000, 0x000000075b200000|  0%| F|  |TAMS 0x000000075b000000, 0x000000075b000000| Untracked 
| 205|0x000000075b200000, 0x000000075b200000, 0x000000075b400000|  0%| F|  |TAMS 0x000000075b200000, 0x000000075b200000| Untracked 
| 206|0x000000075b400000, 0x000000075b400000, 0x000000075b600000|  0%| F|  |TAMS 0x000000075b400000, 0x000000075b400000| Untracked 
| 207|0x000000075b600000, 0x000000075b600000, 0x000000075b800000|  0%| F|  |TAMS 0x000000075b600000, 0x000000075b600000| Untracked 
| 208|0x000000075b800000, 0x000000075b800000, 0x000000075ba00000|  0%| F|  |TAMS 0x000000075b800000, 0x000000075b800000| Untracked 
| 209|0x000000075ba00000, 0x000000075ba00000, 0x000000075bc00000|  0%| F|  |TAMS 0x000000075ba00000, 0x000000075ba00000| Untracked 
| 210|0x000000075bc00000, 0x000000075bc00000, 0x000000075be00000|  0%| F|  |TAMS 0x000000075bc00000, 0x000000075bc00000| Untracked 
| 211|0x000000075be00000, 0x000000075be00000, 0x000000075c000000|  0%| F|  |TAMS 0x000000075be00000, 0x000000075be00000| Untracked 
| 212|0x000000075c000000, 0x000000075c000000, 0x000000075c200000|  0%| F|  |TAMS 0x000000075c000000, 0x000000075c000000| Untracked 
| 213|0x000000075c200000, 0x000000075c200000, 0x000000075c400000|  0%| F|  |TAMS 0x000000075c200000, 0x000000075c200000| Untracked 
| 214|0x000000075c400000, 0x000000075c400000, 0x000000075c600000|  0%| F|  |TAMS 0x000000075c400000, 0x000000075c400000| Untracked 
| 215|0x000000075c600000, 0x000000075c600000, 0x000000075c800000|  0%| F|  |TAMS 0x000000075c600000, 0x000000075c600000| Untracked 
| 216|0x000000075c800000, 0x000000075c800000, 0x000000075ca00000|  0%| F|  |TAMS 0x000000075c800000, 0x000000075c800000| Untracked 
| 217|0x000000075ca00000, 0x000000075ca00000, 0x000000075cc00000|  0%| F|  |TAMS 0x000000075ca00000, 0x000000075ca00000| Untracked 
| 218|0x000000075cc00000, 0x000000075cc00000, 0x000000075ce00000|  0%| F|  |TAMS 0x000000075cc00000, 0x000000075cc00000| Untracked 
| 219|0x000000075ce00000, 0x000000075ce00000, 0x000000075d000000|  0%| F|  |TAMS 0x000000075ce00000, 0x000000075ce00000| Untracked 
| 220|0x000000075d000000, 0x000000075d000000, 0x000000075d200000|  0%| F|  |TAMS 0x000000075d000000, 0x000000075d000000| Untracked 
| 221|0x000000075d200000, 0x000000075d200000, 0x000000075d400000|  0%| F|  |TAMS 0x000000075d200000, 0x000000075d200000| Untracked 
| 222|0x000000075d400000, 0x000000075d400000, 0x000000075d600000|  0%| F|  |TAMS 0x000000075d400000, 0x000000075d400000| Untracked 
| 223|0x000000075d600000, 0x000000075d600000, 0x000000075d800000|  0%| F|  |TAMS 0x000000075d600000, 0x000000075d600000| Untracked 
| 224|0x000000075d800000, 0x000000075d800000, 0x000000075da00000|  0%| F|  |TAMS 0x000000075d800000, 0x000000075d800000| Untracked 
| 225|0x000000075da00000, 0x000000075da00000, 0x000000075dc00000|  0%| F|  |TAMS 0x000000075da00000, 0x000000075da00000| Untracked 
| 226|0x000000075dc00000, 0x000000075dc00000, 0x000000075de00000|  0%| F|  |TAMS 0x000000075dc00000, 0x000000075dc00000| Untracked 
| 227|0x000000075de00000, 0x000000075de00000, 0x000000075e000000|  0%| F|  |TAMS 0x000000075de00000, 0x000000075de00000| Untracked 
| 228|0x000000075e000000, 0x000000075e000000, 0x000000075e200000|  0%| F|  |TAMS 0x000000075e000000, 0x000000075e000000| Untracked 
| 229|0x000000075e200000, 0x000000075e200000, 0x000000075e400000|  0%| F|  |TAMS 0x000000075e200000, 0x000000075e200000| Untracked 
| 230|0x000000075e400000, 0x000000075e400000, 0x000000075e600000|  0%| F|  |TAMS 0x000000075e400000, 0x000000075e400000| Untracked 
| 231|0x000000075e600000, 0x000000075e600000, 0x000000075e800000|  0%| F|  |TAMS 0x000000075e600000, 0x000000075e600000| Untracked 
| 232|0x000000075e800000, 0x000000075e800000, 0x000000075ea00000|  0%| F|  |TAMS 0x000000075e800000, 0x000000075e800000| Untracked 
| 233|0x000000075ea00000, 0x000000075ea00000, 0x000000075ec00000|  0%| F|  |TAMS 0x000000075ea00000, 0x000000075ea00000| Untracked 
| 234|0x000000075ec00000, 0x000000075ec00000, 0x000000075ee00000|  0%| F|  |TAMS 0x000000075ec00000, 0x000000075ec00000| Untracked 
| 235|0x000000075ee00000, 0x000000075ee00000, 0x000000075f000000|  0%| F|  |TAMS 0x000000075ee00000, 0x000000075ee00000| Untracked 
| 236|0x000000075f000000, 0x000000075f000000, 0x000000075f200000|  0%| F|  |TAMS 0x000000075f000000, 0x000000075f000000| Untracked 
| 237|0x000000075f200000, 0x000000075f200000, 0x000000075f400000|  0%| F|  |TAMS 0x000000075f200000, 0x000000075f200000| Untracked 
| 238|0x000000075f400000, 0x000000075f400000, 0x000000075f600000|  0%| F|  |TAMS 0x000000075f400000, 0x000000075f400000| Untracked 
| 239|0x000000075f600000, 0x000000075f600000, 0x000000075f800000|  0%| F|  |TAMS 0x000000075f600000, 0x000000075f600000| Untracked 
| 240|0x000000075f800000, 0x000000075f800000, 0x000000075fa00000|  0%| F|  |TAMS 0x000000075f800000, 0x000000075f800000| Untracked 
| 241|0x000000075fa00000, 0x000000075fa00000, 0x000000075fc00000|  0%| F|  |TAMS 0x000000075fa00000, 0x000000075fa00000| Untracked 
| 242|0x000000075fc00000, 0x000000075fc00000, 0x000000075fe00000|  0%| F|  |TAMS 0x000000075fc00000, 0x000000075fc00000| Untracked 
| 243|0x000000075fe00000, 0x000000075fe00000, 0x0000000760000000|  0%| F|  |TAMS 0x000000075fe00000, 0x000000075fe00000| Untracked 
| 244|0x0000000760000000, 0x0000000760000000, 0x0000000760200000|  0%| F|  |TAMS 0x0000000760000000, 0x0000000760000000| Untracked 
| 245|0x0000000760200000, 0x0000000760200000, 0x0000000760400000|  0%| F|  |TAMS 0x0000000760200000, 0x0000000760200000| Untracked 
| 246|0x0000000760400000, 0x0000000760400000, 0x0000000760600000|  0%| F|  |TAMS 0x0000000760400000, 0x0000000760400000| Untracked 
| 247|0x0000000760600000, 0x0000000760600000, 0x0000000760800000|  0%| F|  |TAMS 0x0000000760600000, 0x0000000760600000| Untracked 
| 248|0x0000000760800000, 0x0000000760800000, 0x0000000760a00000|  0%| F|  |TAMS 0x0000000760800000, 0x0000000760800000| Untracked 
| 249|0x0000000760a00000, 0x0000000760a00000, 0x0000000760c00000|  0%| F|  |TAMS 0x0000000760a00000, 0x0000000760a00000| Untracked 
| 250|0x0000000760c00000, 0x0000000760c00000, 0x0000000760e00000|  0%| F|  |TAMS 0x0000000760c00000, 0x0000000760c00000| Untracked 
| 251|0x0000000760e00000, 0x0000000760e00000, 0x0000000761000000|  0%| F|  |TAMS 0x0000000760e00000, 0x0000000760e00000| Untracked 
| 252|0x0000000761000000, 0x0000000761000000, 0x0000000761200000|  0%| F|  |TAMS 0x0000000761000000, 0x0000000761000000| Untracked 
| 253|0x0000000761200000, 0x0000000761200000, 0x0000000761400000|  0%| F|  |TAMS 0x0000000761200000, 0x0000000761200000| Untracked 
| 254|0x0000000761400000, 0x0000000761400000, 0x0000000761600000|  0%| F|  |TAMS 0x0000000761400000, 0x0000000761400000| Untracked 
| 255|0x0000000761600000, 0x0000000761600000, 0x0000000761800000|  0%| F|  |TAMS 0x0000000761600000, 0x0000000761600000| Untracked 
| 256|0x0000000761800000, 0x0000000761800000, 0x0000000761a00000|  0%| F|  |TAMS 0x0000000761800000, 0x0000000761800000| Untracked 
| 257|0x0000000761a00000, 0x0000000761a00000, 0x0000000761c00000|  0%| F|  |TAMS 0x0000000761a00000, 0x0000000761a00000| Untracked 
| 258|0x0000000761c00000, 0x0000000761c00000, 0x0000000761e00000|  0%| F|  |TAMS 0x0000000761c00000, 0x0000000761c00000| Untracked 
| 259|0x0000000761e00000, 0x0000000761e00000, 0x0000000762000000|  0%| F|  |TAMS 0x0000000761e00000, 0x0000000761e00000| Untracked 
| 260|0x0000000762000000, 0x0000000762000000, 0x0000000762200000|  0%| F|  |TAMS 0x0000000762000000, 0x0000000762000000| Untracked 
| 261|0x0000000762200000, 0x0000000762200000, 0x0000000762400000|  0%| F|  |TAMS 0x0000000762200000, 0x0000000762200000| Untracked 
| 262|0x0000000762400000, 0x0000000762400000, 0x0000000762600000|  0%| F|  |TAMS 0x0000000762400000, 0x0000000762400000| Untracked 
| 263|0x0000000762600000, 0x0000000762600000, 0x0000000762800000|  0%| F|  |TAMS 0x0000000762600000, 0x0000000762600000| Untracked 
| 264|0x0000000762800000, 0x0000000762800000, 0x0000000762a00000|  0%| F|  |TAMS 0x0000000762800000, 0x0000000762800000| Untracked 
| 265|0x0000000762a00000, 0x0000000762a00000, 0x0000000762c00000|  0%| F|  |TAMS 0x0000000762a00000, 0x0000000762a00000| Untracked 
| 266|0x0000000762c00000, 0x0000000762d6a988, 0x0000000762e00000| 70%| S|CS|TAMS 0x0000000762c00000, 0x0000000762c00000| Complete 
| 267|0x0000000762e00000, 0x0000000763000000, 0x0000000763000000|100%| S|CS|TAMS 0x0000000762e00000, 0x0000000762e00000| Complete 
| 268|0x0000000763000000, 0x0000000763200000, 0x0000000763200000|100%| S|CS|TAMS 0x0000000763000000, 0x0000000763000000| Complete 
| 269|0x0000000763200000, 0x0000000763200000, 0x0000000763400000|  0%| F|  |TAMS 0x0000000763200000, 0x0000000763200000| Untracked 
| 270|0x0000000763400000, 0x0000000763400000, 0x0000000763600000|  0%| F|  |TAMS 0x0000000763400000, 0x0000000763400000| Untracked 
| 271|0x0000000763600000, 0x0000000763600000, 0x0000000763800000|  0%| F|  |TAMS 0x0000000763600000, 0x0000000763600000| Untracked 
| 272|0x0000000763800000, 0x0000000763800000, 0x0000000763a00000|  0%| F|  |TAMS 0x0000000763800000, 0x0000000763800000| Untracked 
| 273|0x0000000763a00000, 0x0000000763a00000, 0x0000000763c00000|  0%| F|  |TAMS 0x0000000763a00000, 0x0000000763a00000| Untracked 
| 274|0x0000000763c00000, 0x0000000763c00000, 0x0000000763e00000|  0%| F|  |TAMS 0x0000000763c00000, 0x0000000763c00000| Untracked 
| 275|0x0000000763e00000, 0x0000000763e00000, 0x0000000764000000|  0%| F|  |TAMS 0x0000000763e00000, 0x0000000763e00000| Untracked 
| 276|0x0000000764000000, 0x0000000764000000, 0x0000000764200000|  0%| F|  |TAMS 0x0000000764000000, 0x0000000764000000| Untracked 
| 277|0x0000000764200000, 0x0000000764200000, 0x0000000764400000|  0%| F|  |TAMS 0x0000000764200000, 0x0000000764200000| Untracked 
| 278|0x0000000764400000, 0x0000000764400000, 0x0000000764600000|  0%| F|  |TAMS 0x0000000764400000, 0x0000000764400000| Untracked 
| 279|0x0000000764600000, 0x0000000764600000, 0x0000000764800000|  0%| F|  |TAMS 0x0000000764600000, 0x0000000764600000| Untracked 
| 280|0x0000000764800000, 0x0000000764800000, 0x0000000764a00000|  0%| F|  |TAMS 0x0000000764800000, 0x0000000764800000| Untracked 
| 281|0x0000000764a00000, 0x0000000764a00000, 0x0000000764c00000|  0%| F|  |TAMS 0x0000000764a00000, 0x0000000764a00000| Untracked 
| 282|0x0000000764c00000, 0x0000000764c00000, 0x0000000764e00000|  0%| F|  |TAMS 0x0000000764c00000, 0x0000000764c00000| Untracked 
| 283|0x0000000764e00000, 0x0000000764e00000, 0x0000000765000000|  0%| F|  |TAMS 0x0000000764e00000, 0x0000000764e00000| Untracked 
| 284|0x0000000765000000, 0x0000000765000000, 0x0000000765200000|  0%| F|  |TAMS 0x0000000765000000, 0x0000000765000000| Untracked 
| 285|0x0000000765200000, 0x0000000765200000, 0x0000000765400000|  0%| F|  |TAMS 0x0000000765200000, 0x0000000765200000| Untracked 
| 286|0x0000000765400000, 0x0000000765400000, 0x0000000765600000|  0%| F|  |TAMS 0x0000000765400000, 0x0000000765400000| Untracked 
| 287|0x0000000765600000, 0x0000000765600000, 0x0000000765800000|  0%| F|  |TAMS 0x0000000765600000, 0x0000000765600000| Untracked 
| 288|0x0000000765800000, 0x0000000765800000, 0x0000000765a00000|  0%| F|  |TAMS 0x0000000765800000, 0x0000000765800000| Untracked 
| 289|0x0000000765a00000, 0x0000000765a00000, 0x0000000765c00000|  0%| F|  |TAMS 0x0000000765a00000, 0x0000000765a00000| Untracked 
| 290|0x0000000765c00000, 0x0000000765c00000, 0x0000000765e00000|  0%| F|  |TAMS 0x0000000765c00000, 0x0000000765c00000| Untracked 
| 291|0x0000000765e00000, 0x0000000765e00000, 0x0000000766000000|  0%| F|  |TAMS 0x0000000765e00000, 0x0000000765e00000| Untracked 
| 292|0x0000000766000000, 0x0000000766000000, 0x0000000766200000|  0%| F|  |TAMS 0x0000000766000000, 0x0000000766000000| Untracked 
| 293|0x0000000766200000, 0x0000000766400000, 0x0000000766400000|100%| O|  |TAMS 0x0000000766400000, 0x0000000766200000| Untracked 
| 294|0x0000000766400000, 0x0000000766600000, 0x0000000766600000|100%| O|  |TAMS 0x0000000766600000, 0x0000000766400000| Untracked 
| 295|0x0000000766600000, 0x0000000766600000, 0x0000000766800000|  0%| F|  |TAMS 0x0000000766600000, 0x0000000766600000| Untracked 
| 296|0x0000000766800000, 0x0000000766a00000, 0x0000000766a00000|100%| O|  |TAMS 0x0000000766a00000, 0x0000000766800000| Untracked 
| 297|0x0000000766a00000, 0x0000000766c00000, 0x0000000766c00000|100%| O|  |TAMS 0x0000000766c00000, 0x0000000766a00000| Untracked 
| 298|0x0000000766c00000, 0x0000000766e00000, 0x0000000766e00000|100%| O|  |TAMS 0x0000000766e00000, 0x0000000766c00000| Untracked 
| 299|0x0000000766e00000, 0x0000000766e00000, 0x0000000767000000|  0%| F|  |TAMS 0x0000000766e00000, 0x0000000766e00000| Untracked 
| 300|0x0000000767000000, 0x0000000767200000, 0x0000000767200000|100%| O|  |TAMS 0x0000000767200000, 0x0000000767000000| Untracked 
| 301|0x0000000767200000, 0x0000000767400000, 0x0000000767400000|100%| O|  |TAMS 0x0000000767400000, 0x0000000767200000| Untracked 
| 302|0x0000000767400000, 0x0000000767600000, 0x0000000767600000|100%| O|  |TAMS 0x0000000767600000, 0x0000000767400000| Untracked 
| 303|0x0000000767600000, 0x0000000767800000, 0x0000000767800000|100%| O|  |TAMS 0x0000000767800000, 0x0000000767600000| Complete 
| 304|0x0000000767800000, 0x0000000767a00000, 0x0000000767a00000|100%| O|  |TAMS 0x0000000767a00000, 0x0000000767800000| Untracked 
| 305|0x0000000767a00000, 0x0000000767a00000, 0x0000000767c00000|  0%| F|  |TAMS 0x0000000767a00000, 0x0000000767a00000| Untracked 
| 306|0x0000000767c00000, 0x0000000767e00000, 0x0000000767e00000|100%| O|  |TAMS 0x0000000767e00000, 0x0000000767c00000| Untracked 
| 307|0x0000000767e00000, 0x0000000767e00000, 0x0000000768000000|  0%| F|  |TAMS 0x0000000767e00000, 0x0000000767e00000| Untracked 
| 308|0x0000000768000000, 0x0000000768000000, 0x0000000768200000|  0%| F|  |TAMS 0x0000000768000000, 0x0000000768000000| Untracked 
| 309|0x0000000768200000, 0x0000000768200000, 0x0000000768400000|  0%| F|  |TAMS 0x0000000768200000, 0x0000000768200000| Untracked 
| 310|0x0000000768400000, 0x0000000768400000, 0x0000000768600000|  0%| F|  |TAMS 0x0000000768400000, 0x0000000768400000| Untracked 
| 311|0x0000000768600000, 0x0000000768600000, 0x0000000768800000|  0%| F|  |TAMS 0x0000000768600000, 0x0000000768600000| Untracked 
| 312|0x0000000768800000, 0x0000000768800000, 0x0000000768a00000|  0%| F|  |TAMS 0x0000000768800000, 0x0000000768800000| Untracked 
| 313|0x0000000768a00000, 0x0000000768a00000, 0x0000000768c00000|  0%| F|  |TAMS 0x0000000768a00000, 0x0000000768a00000| Untracked 
| 314|0x0000000768c00000, 0x0000000768c00000, 0x0000000768e00000|  0%| F|  |TAMS 0x0000000768c00000, 0x0000000768c00000| Untracked 
| 315|0x0000000768e00000, 0x0000000768e00000, 0x0000000769000000|  0%| F|  |TAMS 0x0000000768e00000, 0x0000000768e00000| Untracked 
| 316|0x0000000769000000, 0x0000000769000000, 0x0000000769200000|  0%| F|  |TAMS 0x0000000769000000, 0x0000000769000000| Untracked 
| 317|0x0000000769200000, 0x0000000769200000, 0x0000000769400000|  0%| F|  |TAMS 0x0000000769200000, 0x0000000769200000| Untracked 
| 318|0x0000000769400000, 0x0000000769600000, 0x0000000769600000|100%| O|  |TAMS 0x0000000769600000, 0x0000000769400000| Untracked 
| 319|0x0000000769600000, 0x0000000769800000, 0x0000000769800000|100%| O|  |TAMS 0x0000000769800000, 0x0000000769600000| Untracked 
| 320|0x0000000769800000, 0x0000000769a00000, 0x0000000769a00000|100%| O|  |TAMS 0x0000000769a00000, 0x0000000769800000| Untracked 
| 321|0x0000000769a00000, 0x0000000769c00000, 0x0000000769c00000|100%| O|  |TAMS 0x0000000769c00000, 0x0000000769a00000| Untracked 
| 322|0x0000000769c00000, 0x0000000769e00000, 0x0000000769e00000|100%| O|  |TAMS 0x0000000769e00000, 0x0000000769c00000| Untracked 
| 323|0x0000000769e00000, 0x000000076a000000, 0x000000076a000000|100%| O|  |TAMS 0x000000076a000000, 0x0000000769e00000| Untracked 
| 324|0x000000076a000000, 0x000000076a200000, 0x000000076a200000|100%| O|  |TAMS 0x000000076a200000, 0x000000076a000000| Untracked 
| 325|0x000000076a200000, 0x000000076a200000, 0x000000076a400000|  0%| F|  |TAMS 0x000000076a200000, 0x000000076a200000| Untracked 
| 326|0x000000076a400000, 0x000000076a600000, 0x000000076a600000|100%| O|  |TAMS 0x000000076a600000, 0x000000076a400000| Complete 
| 327|0x000000076a600000, 0x000000076a800000, 0x000000076a800000|100%| O|  |TAMS 0x000000076a800000, 0x000000076a600000| Untracked 
| 328|0x000000076a800000, 0x000000076aa00000, 0x000000076aa00000|100%| O|  |TAMS 0x000000076aa00000, 0x000000076a800000| Untracked 
| 329|0x000000076aa00000, 0x000000076ac00000, 0x000000076ac00000|100%| O|  |TAMS 0x000000076ac00000, 0x000000076aa00000| Untracked 
| 330|0x000000076ac00000, 0x000000076ae00000, 0x000000076ae00000|100%| O|  |TAMS 0x000000076ae00000, 0x000000076ac00000| Untracked 
| 331|0x000000076ae00000, 0x000000076b000000, 0x000000076b000000|100%| O|  |TAMS 0x000000076b000000, 0x000000076ae00000| Untracked 
| 332|0x000000076b000000, 0x000000076b000000, 0x000000076b200000|  0%| F|  |TAMS 0x000000076b000000, 0x000000076b000000| Untracked 
| 333|0x000000076b200000, 0x000000076b200000, 0x000000076b400000|  0%| F|  |TAMS 0x000000076b200000, 0x000000076b200000| Untracked 
| 334|0x000000076b400000, 0x000000076b400000, 0x000000076b600000|  0%| F|  |TAMS 0x000000076b400000, 0x000000076b400000| Untracked 
| 335|0x000000076b600000, 0x000000076b600000, 0x000000076b800000|  0%| F|  |TAMS 0x000000076b600000, 0x000000076b600000| Untracked 
| 336|0x000000076b800000, 0x000000076ba00000, 0x000000076ba00000|100%| O|  |TAMS 0x000000076ba00000, 0x000000076b800000| Untracked 
| 337|0x000000076ba00000, 0x000000076bc00000, 0x000000076bc00000|100%| O|  |TAMS 0x000000076bc00000, 0x000000076ba00000| Untracked 
| 338|0x000000076bc00000, 0x000000076bc00000, 0x000000076be00000|  0%| F|  |TAMS 0x000000076bc00000, 0x000000076bc00000| Untracked 
| 339|0x000000076be00000, 0x000000076be00000, 0x000000076c000000|  0%| F|  |TAMS 0x000000076be00000, 0x000000076be00000| Untracked 
| 340|0x000000076c000000, 0x000000076c000000, 0x000000076c200000|  0%| F|  |TAMS 0x000000076c000000, 0x000000076c000000| Untracked 
| 341|0x000000076c200000, 0x000000076c400000, 0x000000076c400000|100%| O|  |TAMS 0x000000076c400000, 0x000000076c200000| Untracked 
| 342|0x000000076c400000, 0x000000076c400000, 0x000000076c600000|  0%| F|  |TAMS 0x000000076c400000, 0x000000076c400000| Untracked 
| 343|0x000000076c600000, 0x000000076c600000, 0x000000076c800000|  0%| F|  |TAMS 0x000000076c600000, 0x000000076c600000| Untracked 
| 344|0x000000076c800000, 0x000000076c800000, 0x000000076ca00000|  0%| F|  |TAMS 0x000000076c800000, 0x000000076c800000| Untracked 
| 345|0x000000076ca00000, 0x000000076ca00000, 0x000000076cc00000|  0%| F|  |TAMS 0x000000076ca00000, 0x000000076ca00000| Untracked 
| 346|0x000000076cc00000, 0x000000076cc00000, 0x000000076ce00000|  0%| F|  |TAMS 0x000000076cc00000, 0x000000076cc00000| Untracked 
| 347|0x000000076ce00000, 0x000000076ce00000, 0x000000076d000000|  0%| F|  |TAMS 0x000000076ce00000, 0x000000076ce00000| Untracked 
| 348|0x000000076d000000, 0x000000076d000000, 0x000000076d200000|  0%| F|  |TAMS 0x000000076d000000, 0x000000076d000000| Untracked 
| 349|0x000000076d200000, 0x000000076d200000, 0x000000076d400000|  0%| F|  |TAMS 0x000000076d200000, 0x000000076d200000| Untracked 
| 350|0x000000076d400000, 0x000000076d400000, 0x000000076d600000|  0%| F|  |TAMS 0x000000076d400000, 0x000000076d400000| Untracked 
| 351|0x000000076d600000, 0x000000076d600000, 0x000000076d800000|  0%| F|  |TAMS 0x000000076d600000, 0x000000076d600000| Untracked 
| 352|0x000000076d800000, 0x000000076d800000, 0x000000076da00000|  0%| F|  |TAMS 0x000000076d800000, 0x000000076d800000| Untracked 
| 353|0x000000076da00000, 0x000000076da00000, 0x000000076dc00000|  0%| F|  |TAMS 0x000000076da00000, 0x000000076da00000| Untracked 
| 354|0x000000076dc00000, 0x000000076dc00000, 0x000000076de00000|  0%| F|  |TAMS 0x000000076dc00000, 0x000000076dc00000| Untracked 
| 355|0x000000076de00000, 0x000000076de00000, 0x000000076e000000|  0%| F|  |TAMS 0x000000076de00000, 0x000000076de00000| Untracked 
| 356|0x000000076e000000, 0x000000076e000000, 0x000000076e200000|  0%| F|  |TAMS 0x000000076e000000, 0x000000076e000000| Untracked 
| 357|0x000000076e200000, 0x000000076e200000, 0x000000076e400000|  0%| F|  |TAMS 0x000000076e200000, 0x000000076e200000| Untracked 
| 358|0x000000076e400000, 0x000000076e400000, 0x000000076e600000|  0%| F|  |TAMS 0x000000076e400000, 0x000000076e400000| Untracked 
| 359|0x000000076e600000, 0x000000076e600000, 0x000000076e800000|  0%| F|  |TAMS 0x000000076e600000, 0x000000076e600000| Untracked 
| 360|0x000000076e800000, 0x000000076e800000, 0x000000076ea00000|  0%| F|  |TAMS 0x000000076e800000, 0x000000076e800000| Untracked 
| 361|0x000000076ea00000, 0x000000076ea00000, 0x000000076ec00000|  0%| F|  |TAMS 0x000000076ea00000, 0x000000076ea00000| Untracked 
| 362|0x000000076ec00000, 0x000000076ec00000, 0x000000076ee00000|  0%| F|  |TAMS 0x000000076ec00000, 0x000000076ec00000| Untracked 
| 363|0x000000076ee00000, 0x000000076ee00000, 0x000000076f000000|  0%| F|  |TAMS 0x000000076ee00000, 0x000000076ee00000| Untracked 
| 364|0x000000076f000000, 0x000000076f000000, 0x000000076f200000|  0%| F|  |TAMS 0x000000076f000000, 0x000000076f000000| Untracked 
| 365|0x000000076f200000, 0x000000076f200000, 0x000000076f400000|  0%| F|  |TAMS 0x000000076f200000, 0x000000076f200000| Untracked 
| 366|0x000000076f400000, 0x000000076f400000, 0x000000076f600000|  0%| F|  |TAMS 0x000000076f400000, 0x000000076f400000| Untracked 
| 367|0x000000076f600000, 0x000000076f600000, 0x000000076f800000|  0%| F|  |TAMS 0x000000076f600000, 0x000000076f600000| Untracked 
| 368|0x000000076f800000, 0x000000076f800000, 0x000000076fa00000|  0%| F|  |TAMS 0x000000076f800000, 0x000000076f800000| Untracked 
| 369|0x000000076fa00000, 0x000000076fa00000, 0x000000076fc00000|  0%| F|  |TAMS 0x000000076fa00000, 0x000000076fa00000| Untracked 
| 370|0x000000076fc00000, 0x000000076fc00000, 0x000000076fe00000|  0%| F|  |TAMS 0x000000076fc00000, 0x000000076fc00000| Untracked 
| 371|0x000000076fe00000, 0x000000076fe00000, 0x0000000770000000|  0%| F|  |TAMS 0x000000076fe00000, 0x000000076fe00000| Untracked 
| 372|0x0000000770000000, 0x0000000770000000, 0x0000000770200000|  0%| F|  |TAMS 0x0000000770000000, 0x0000000770000000| Untracked 
| 373|0x0000000770200000, 0x0000000770200000, 0x0000000770400000|  0%| F|  |TAMS 0x0000000770200000, 0x0000000770200000| Untracked 
| 374|0x0000000770400000, 0x0000000770400000, 0x0000000770600000|  0%| F|  |TAMS 0x0000000770400000, 0x0000000770400000| Untracked 
| 375|0x0000000770600000, 0x0000000770600000, 0x0000000770800000|  0%| F|  |TAMS 0x0000000770600000, 0x0000000770600000| Untracked 
| 376|0x0000000770800000, 0x0000000770800000, 0x0000000770a00000|  0%| F|  |TAMS 0x0000000770800000, 0x0000000770800000| Untracked 
| 377|0x0000000770a00000, 0x0000000770a00000, 0x0000000770c00000|  0%| F|  |TAMS 0x0000000770a00000, 0x0000000770a00000| Untracked 
| 378|0x0000000770c00000, 0x0000000770c00000, 0x0000000770e00000|  0%| F|  |TAMS 0x0000000770c00000, 0x0000000770c00000| Untracked 
| 379|0x0000000770e00000, 0x0000000770e00000, 0x0000000771000000|  0%| F|  |TAMS 0x0000000770e00000, 0x0000000770e00000| Untracked 
| 380|0x0000000771000000, 0x0000000771000000, 0x0000000771200000|  0%| F|  |TAMS 0x0000000771000000, 0x0000000771000000| Untracked 
| 381|0x0000000771200000, 0x0000000771200000, 0x0000000771400000|  0%| F|  |TAMS 0x0000000771200000, 0x0000000771200000| Untracked 
| 382|0x0000000771400000, 0x0000000771400000, 0x0000000771600000|  0%| F|  |TAMS 0x0000000771400000, 0x0000000771400000| Untracked 
| 383|0x0000000771600000, 0x0000000771600000, 0x0000000771800000|  0%| F|  |TAMS 0x0000000771600000, 0x0000000771600000| Untracked 
| 384|0x0000000771800000, 0x0000000771800000, 0x0000000771a00000|  0%| F|  |TAMS 0x0000000771800000, 0x0000000771800000| Untracked 
| 385|0x0000000771a00000, 0x0000000771a00000, 0x0000000771c00000|  0%| F|  |TAMS 0x0000000771a00000, 0x0000000771a00000| Untracked 
| 386|0x0000000771c00000, 0x0000000771c00000, 0x0000000771e00000|  0%| F|  |TAMS 0x0000000771c00000, 0x0000000771c00000| Untracked 
| 387|0x0000000771e00000, 0x0000000771e00000, 0x0000000772000000|  0%| F|  |TAMS 0x0000000771e00000, 0x0000000771e00000| Untracked 
| 388|0x0000000772000000, 0x0000000772000000, 0x0000000772200000|  0%| F|  |TAMS 0x0000000772000000, 0x0000000772000000| Untracked 
| 389|0x0000000772200000, 0x0000000772200000, 0x0000000772400000|  0%| F|  |TAMS 0x0000000772200000, 0x0000000772200000| Untracked 
| 390|0x0000000772400000, 0x0000000772400000, 0x0000000772600000|  0%| F|  |TAMS 0x0000000772400000, 0x0000000772400000| Untracked 
| 391|0x0000000772600000, 0x0000000772600000, 0x0000000772800000|  0%| F|  |TAMS 0x0000000772600000, 0x0000000772600000| Untracked 
| 392|0x0000000772800000, 0x0000000772800000, 0x0000000772a00000|  0%| F|  |TAMS 0x0000000772800000, 0x0000000772800000| Untracked 
| 393|0x0000000772a00000, 0x0000000772a00000, 0x0000000772c00000|  0%| F|  |TAMS 0x0000000772a00000, 0x0000000772a00000| Untracked 
| 394|0x0000000772c00000, 0x0000000772c00000, 0x0000000772e00000|  0%| F|  |TAMS 0x0000000772c00000, 0x0000000772c00000| Untracked 
| 395|0x0000000772e00000, 0x0000000772e00000, 0x0000000773000000|  0%| F|  |TAMS 0x0000000772e00000, 0x0000000772e00000| Untracked 
| 396|0x0000000773000000, 0x0000000773000000, 0x0000000773200000|  0%| F|  |TAMS 0x0000000773000000, 0x0000000773000000| Untracked 
| 397|0x0000000773200000, 0x0000000773200000, 0x0000000773400000|  0%| F|  |TAMS 0x0000000773200000, 0x0000000773200000| Untracked 
| 398|0x0000000773400000, 0x0000000773400000, 0x0000000773600000|  0%| F|  |TAMS 0x0000000773400000, 0x0000000773400000| Untracked 
| 399|0x0000000773600000, 0x0000000773600000, 0x0000000773800000|  0%| F|  |TAMS 0x0000000773600000, 0x0000000773600000| Untracked 
| 400|0x0000000773800000, 0x0000000773800000, 0x0000000773a00000|  0%| F|  |TAMS 0x0000000773800000, 0x0000000773800000| Untracked 
| 401|0x0000000773a00000, 0x0000000773a00000, 0x0000000773c00000|  0%| F|  |TAMS 0x0000000773a00000, 0x0000000773a00000| Untracked 
| 402|0x0000000773c00000, 0x0000000773c00000, 0x0000000773e00000|  0%| F|  |TAMS 0x0000000773c00000, 0x0000000773c00000| Untracked 
| 403|0x0000000773e00000, 0x0000000773e00000, 0x0000000774000000|  0%| F|  |TAMS 0x0000000773e00000, 0x0000000773e00000| Untracked 
| 404|0x0000000774000000, 0x0000000774000000, 0x0000000774200000|  0%| F|  |TAMS 0x0000000774000000, 0x0000000774000000| Untracked 
| 405|0x0000000774200000, 0x0000000774200000, 0x0000000774400000|  0%| F|  |TAMS 0x0000000774200000, 0x0000000774200000| Untracked 
| 406|0x0000000774400000, 0x0000000774400000, 0x0000000774600000|  0%| F|  |TAMS 0x0000000774400000, 0x0000000774400000| Untracked 
| 407|0x0000000774600000, 0x0000000774600000, 0x0000000774800000|  0%| F|  |TAMS 0x0000000774600000, 0x0000000774600000| Untracked 
| 408|0x0000000774800000, 0x0000000774800000, 0x0000000774a00000|  0%| F|  |TAMS 0x0000000774800000, 0x0000000774800000| Untracked 
| 409|0x0000000774a00000, 0x0000000774a00000, 0x0000000774c00000|  0%| F|  |TAMS 0x0000000774a00000, 0x0000000774a00000| Untracked 
| 410|0x0000000774c00000, 0x0000000774c00000, 0x0000000774e00000|  0%| F|  |TAMS 0x0000000774c00000, 0x0000000774c00000| Untracked 
| 411|0x0000000774e00000, 0x0000000774e00000, 0x0000000775000000|  0%| F|  |TAMS 0x0000000774e00000, 0x0000000774e00000| Untracked 
| 412|0x0000000775000000, 0x0000000775000000, 0x0000000775200000|  0%| F|  |TAMS 0x0000000775000000, 0x0000000775000000| Untracked 
| 413|0x0000000775200000, 0x0000000775200000, 0x0000000775400000|  0%| F|  |TAMS 0x0000000775200000, 0x0000000775200000| Untracked 
| 414|0x0000000775400000, 0x0000000775400000, 0x0000000775600000|  0%| F|  |TAMS 0x0000000775400000, 0x0000000775400000| Untracked 
| 415|0x0000000775600000, 0x0000000775600000, 0x0000000775800000|  0%| F|  |TAMS 0x0000000775600000, 0x0000000775600000| Untracked 
| 416|0x0000000775800000, 0x0000000775800000, 0x0000000775a00000|  0%| F|  |TAMS 0x0000000775800000, 0x0000000775800000| Untracked 
| 417|0x0000000775a00000, 0x0000000775a00000, 0x0000000775c00000|  0%| F|  |TAMS 0x0000000775a00000, 0x0000000775a00000| Untracked 
| 418|0x0000000775c00000, 0x0000000775c00000, 0x0000000775e00000|  0%| F|  |TAMS 0x0000000775c00000, 0x0000000775c00000| Untracked 
| 419|0x0000000775e00000, 0x0000000775e00000, 0x0000000776000000|  0%| F|  |TAMS 0x0000000775e00000, 0x0000000775e00000| Untracked 
| 420|0x0000000776000000, 0x0000000776000000, 0x0000000776200000|  0%| F|  |TAMS 0x0000000776000000, 0x0000000776000000| Untracked 
| 421|0x0000000776200000, 0x0000000776200000, 0x0000000776400000|  0%| F|  |TAMS 0x0000000776200000, 0x0000000776200000| Untracked 
| 422|0x0000000776400000, 0x0000000776400000, 0x0000000776600000|  0%| F|  |TAMS 0x0000000776400000, 0x0000000776400000| Untracked 
| 423|0x0000000776600000, 0x0000000776600000, 0x0000000776800000|  0%| F|  |TAMS 0x0000000776600000, 0x0000000776600000| Untracked 
| 424|0x0000000776800000, 0x0000000776800000, 0x0000000776a00000|  0%| F|  |TAMS 0x0000000776800000, 0x0000000776800000| Untracked 
| 425|0x0000000776a00000, 0x0000000776a00000, 0x0000000776c00000|  0%| F|  |TAMS 0x0000000776a00000, 0x0000000776a00000| Untracked 
| 426|0x0000000776c00000, 0x0000000776c00000, 0x0000000776e00000|  0%| F|  |TAMS 0x0000000776c00000, 0x0000000776c00000| Untracked 
| 427|0x0000000776e00000, 0x0000000776e00000, 0x0000000777000000|  0%| F|  |TAMS 0x0000000776e00000, 0x0000000776e00000| Untracked 
| 428|0x0000000777000000, 0x0000000777000000, 0x0000000777200000|  0%| F|  |TAMS 0x0000000777000000, 0x0000000777000000| Untracked 
| 429|0x0000000777200000, 0x0000000777200000, 0x0000000777400000|  0%| F|  |TAMS 0x0000000777200000, 0x0000000777200000| Untracked 
| 430|0x0000000777400000, 0x0000000777400000, 0x0000000777600000|  0%| F|  |TAMS 0x0000000777400000, 0x0000000777400000| Untracked 
| 431|0x0000000777600000, 0x0000000777600000, 0x0000000777800000|  0%| F|  |TAMS 0x0000000777600000, 0x0000000777600000| Untracked 
| 432|0x0000000777800000, 0x0000000777800000, 0x0000000777a00000|  0%| F|  |TAMS 0x0000000777800000, 0x0000000777800000| Untracked 
| 433|0x0000000777a00000, 0x0000000777a00000, 0x0000000777c00000|  0%| F|  |TAMS 0x0000000777a00000, 0x0000000777a00000| Untracked 
| 434|0x0000000777c00000, 0x0000000777c00000, 0x0000000777e00000|  0%| F|  |TAMS 0x0000000777c00000, 0x0000000777c00000| Untracked 
| 435|0x0000000777e00000, 0x0000000777e00000, 0x0000000778000000|  0%| F|  |TAMS 0x0000000777e00000, 0x0000000777e00000| Untracked 
| 436|0x0000000778000000, 0x0000000778000000, 0x0000000778200000|  0%| F|  |TAMS 0x0000000778000000, 0x0000000778000000| Untracked 
| 437|0x0000000778200000, 0x0000000778200000, 0x0000000778400000|  0%| F|  |TAMS 0x0000000778200000, 0x0000000778200000| Untracked 
| 438|0x0000000778400000, 0x0000000778400000, 0x0000000778600000|  0%| F|  |TAMS 0x0000000778400000, 0x0000000778400000| Untracked 
| 439|0x0000000778600000, 0x0000000778600000, 0x0000000778800000|  0%| F|  |TAMS 0x0000000778600000, 0x0000000778600000| Untracked 
| 440|0x0000000778800000, 0x0000000778800000, 0x0000000778a00000|  0%| F|  |TAMS 0x0000000778800000, 0x0000000778800000| Untracked 
| 441|0x0000000778a00000, 0x0000000778a00000, 0x0000000778c00000|  0%| F|  |TAMS 0x0000000778a00000, 0x0000000778a00000| Untracked 
| 442|0x0000000778c00000, 0x0000000778c00000, 0x0000000778e00000|  0%| F|  |TAMS 0x0000000778c00000, 0x0000000778c00000| Untracked 
| 443|0x0000000778e00000, 0x0000000778e00000, 0x0000000779000000|  0%| F|  |TAMS 0x0000000778e00000, 0x0000000778e00000| Untracked 
| 444|0x0000000779000000, 0x0000000779000000, 0x0000000779200000|  0%| F|  |TAMS 0x0000000779000000, 0x0000000779000000| Untracked 
| 445|0x0000000779200000, 0x0000000779200000, 0x0000000779400000|  0%| F|  |TAMS 0x0000000779200000, 0x0000000779200000| Untracked 
| 446|0x0000000779400000, 0x0000000779400000, 0x0000000779600000|  0%| F|  |TAMS 0x0000000779400000, 0x0000000779400000| Untracked 
| 447|0x0000000779600000, 0x0000000779600000, 0x0000000779800000|  0%| F|  |TAMS 0x0000000779600000, 0x0000000779600000| Untracked 
| 448|0x0000000779800000, 0x0000000779800000, 0x0000000779a00000|  0%| F|  |TAMS 0x0000000779800000, 0x0000000779800000| Untracked 
| 449|0x0000000779a00000, 0x0000000779a00000, 0x0000000779c00000|  0%| F|  |TAMS 0x0000000779a00000, 0x0000000779a00000| Untracked 
| 450|0x0000000779c00000, 0x0000000779c00000, 0x0000000779e00000|  0%| F|  |TAMS 0x0000000779c00000, 0x0000000779c00000| Untracked 
| 451|0x0000000779e00000, 0x0000000779e00000, 0x000000077a000000|  0%| F|  |TAMS 0x0000000779e00000, 0x0000000779e00000| Untracked 
| 452|0x000000077a000000, 0x000000077a000000, 0x000000077a200000|  0%| F|  |TAMS 0x000000077a000000, 0x000000077a000000| Untracked 
| 453|0x000000077a200000, 0x000000077a200000, 0x000000077a400000|  0%| F|  |TAMS 0x000000077a200000, 0x000000077a200000| Untracked 
| 454|0x000000077a400000, 0x000000077a400000, 0x000000077a600000|  0%| F|  |TAMS 0x000000077a400000, 0x000000077a400000| Untracked 
| 455|0x000000077a600000, 0x000000077a600000, 0x000000077a800000|  0%| F|  |TAMS 0x000000077a600000, 0x000000077a600000| Untracked 
| 456|0x000000077a800000, 0x000000077a800000, 0x000000077aa00000|  0%| F|  |TAMS 0x000000077a800000, 0x000000077a800000| Untracked 
| 457|0x000000077aa00000, 0x000000077aa00000, 0x000000077ac00000|  0%| F|  |TAMS 0x000000077aa00000, 0x000000077aa00000| Untracked 
| 458|0x000000077ac00000, 0x000000077ac00000, 0x000000077ae00000|  0%| F|  |TAMS 0x000000077ac00000, 0x000000077ac00000| Untracked 
| 459|0x000000077ae00000, 0x000000077ae00000, 0x000000077b000000|  0%| F|  |TAMS 0x000000077ae00000, 0x000000077ae00000| Untracked 
| 460|0x000000077b000000, 0x000000077b000000, 0x000000077b200000|  0%| F|  |TAMS 0x000000077b000000, 0x000000077b000000| Untracked 
| 461|0x000000077b200000, 0x000000077b200000, 0x000000077b400000|  0%| F|  |TAMS 0x000000077b200000, 0x000000077b200000| Untracked 
| 462|0x000000077b400000, 0x000000077b400000, 0x000000077b600000|  0%| F|  |TAMS 0x000000077b400000, 0x000000077b400000| Untracked 
| 463|0x000000077b600000, 0x000000077b600000, 0x000000077b800000|  0%| F|  |TAMS 0x000000077b600000, 0x000000077b600000| Untracked 
| 464|0x000000077b800000, 0x000000077b800000, 0x000000077ba00000|  0%| F|  |TAMS 0x000000077b800000, 0x000000077b800000| Untracked 
| 465|0x000000077ba00000, 0x000000077ba00000, 0x000000077bc00000|  0%| F|  |TAMS 0x000000077ba00000, 0x000000077ba00000| Untracked 
| 466|0x000000077bc00000, 0x000000077bc00000, 0x000000077be00000|  0%| F|  |TAMS 0x000000077bc00000, 0x000000077bc00000| Untracked 
| 467|0x000000077be00000, 0x000000077be00000, 0x000000077c000000|  0%| F|  |TAMS 0x000000077be00000, 0x000000077be00000| Untracked 
| 468|0x000000077c000000, 0x000000077c000000, 0x000000077c200000|  0%| F|  |TAMS 0x000000077c000000, 0x000000077c000000| Untracked 
| 469|0x000000077c200000, 0x000000077c200000, 0x000000077c400000|  0%| F|  |TAMS 0x000000077c200000, 0x000000077c200000| Untracked 
| 470|0x000000077c400000, 0x000000077c400000, 0x000000077c600000|  0%| F|  |TAMS 0x000000077c400000, 0x000000077c400000| Untracked 
| 471|0x000000077c600000, 0x000000077c600000, 0x000000077c800000|  0%| F|  |TAMS 0x000000077c600000, 0x000000077c600000| Untracked 
| 472|0x000000077c800000, 0x000000077c800000, 0x000000077ca00000|  0%| F|  |TAMS 0x000000077c800000, 0x000000077c800000| Untracked 
| 473|0x000000077ca00000, 0x000000077ca00000, 0x000000077cc00000|  0%| F|  |TAMS 0x000000077ca00000, 0x000000077ca00000| Untracked 
| 474|0x000000077cc00000, 0x000000077cc00000, 0x000000077ce00000|  0%| F|  |TAMS 0x000000077cc00000, 0x000000077cc00000| Untracked 
| 475|0x000000077ce00000, 0x000000077ce00000, 0x000000077d000000|  0%| F|  |TAMS 0x000000077ce00000, 0x000000077ce00000| Untracked 
| 476|0x000000077d000000, 0x000000077d000000, 0x000000077d200000|  0%| F|  |TAMS 0x000000077d000000, 0x000000077d000000| Untracked 
| 477|0x000000077d200000, 0x000000077d200000, 0x000000077d400000|  0%| F|  |TAMS 0x000000077d200000, 0x000000077d200000| Untracked 
| 478|0x000000077d400000, 0x000000077d400000, 0x000000077d600000|  0%| F|  |TAMS 0x000000077d400000, 0x000000077d400000| Untracked 
| 479|0x000000077d600000, 0x000000077d600000, 0x000000077d800000|  0%| F|  |TAMS 0x000000077d600000, 0x000000077d600000| Untracked 
| 480|0x000000077d800000, 0x000000077d800000, 0x000000077da00000|  0%| F|  |TAMS 0x000000077d800000, 0x000000077d800000| Untracked 
| 481|0x000000077da00000, 0x000000077da00000, 0x000000077dc00000|  0%| F|  |TAMS 0x000000077da00000, 0x000000077da00000| Untracked 
| 482|0x000000077dc00000, 0x000000077dc00000, 0x000000077de00000|  0%| F|  |TAMS 0x000000077dc00000, 0x000000077dc00000| Untracked 
| 483|0x000000077de00000, 0x000000077de00000, 0x000000077e000000|  0%| F|  |TAMS 0x000000077de00000, 0x000000077de00000| Untracked 
| 484|0x000000077e000000, 0x000000077e000000, 0x000000077e200000|  0%| F|  |TAMS 0x000000077e000000, 0x000000077e000000| Untracked 
| 485|0x000000077e200000, 0x000000077e200000, 0x000000077e400000|  0%| F|  |TAMS 0x000000077e200000, 0x000000077e200000| Untracked 
| 486|0x000000077e400000, 0x000000077e400000, 0x000000077e600000|  0%| F|  |TAMS 0x000000077e400000, 0x000000077e400000| Untracked 
| 487|0x000000077e600000, 0x000000077e600000, 0x000000077e800000|  0%| F|  |TAMS 0x000000077e600000, 0x000000077e600000| Untracked 
| 488|0x000000077e800000, 0x000000077e800000, 0x000000077ea00000|  0%| F|  |TAMS 0x000000077e800000, 0x000000077e800000| Untracked 
| 489|0x000000077ea00000, 0x000000077ea00000, 0x000000077ec00000|  0%| F|  |TAMS 0x000000077ea00000, 0x000000077ea00000| Untracked 
| 490|0x000000077ec00000, 0x000000077ec00000, 0x000000077ee00000|  0%| F|  |TAMS 0x000000077ec00000, 0x000000077ec00000| Untracked 
| 491|0x000000077ee00000, 0x000000077ee00000, 0x000000077f000000|  0%| F|  |TAMS 0x000000077ee00000, 0x000000077ee00000| Untracked 
| 492|0x000000077f000000, 0x000000077f000000, 0x000000077f200000|  0%| F|  |TAMS 0x000000077f000000, 0x000000077f000000| Untracked 
| 493|0x000000077f200000, 0x000000077f200000, 0x000000077f400000|  0%| F|  |TAMS 0x000000077f200000, 0x000000077f200000| Untracked 
| 494|0x000000077f400000, 0x000000077f400000, 0x000000077f600000|  0%| F|  |TAMS 0x000000077f400000, 0x000000077f400000| Untracked 
| 495|0x000000077f600000, 0x000000077f600000, 0x000000077f800000|  0%| F|  |TAMS 0x000000077f600000, 0x000000077f600000| Untracked 
| 496|0x000000077f800000, 0x000000077f800000, 0x000000077fa00000|  0%| F|  |TAMS 0x000000077f800000, 0x000000077f800000| Untracked 
| 497|0x000000077fa00000, 0x000000077fa00000, 0x000000077fc00000|  0%| F|  |TAMS 0x000000077fa00000, 0x000000077fa00000| Untracked 
| 498|0x000000077fc00000, 0x000000077fc00000, 0x000000077fe00000|  0%| F|  |TAMS 0x000000077fc00000, 0x000000077fc00000| Untracked 
| 499|0x000000077fe00000, 0x000000077fe00000, 0x0000000780000000|  0%| F|  |TAMS 0x000000077fe00000, 0x000000077fe00000| Untracked 
| 500|0x0000000780000000, 0x0000000780000000, 0x0000000780200000|  0%| F|  |TAMS 0x0000000780000000, 0x0000000780000000| Untracked 
| 501|0x0000000780200000, 0x0000000780200000, 0x0000000780400000|  0%| F|  |TAMS 0x0000000780200000, 0x0000000780200000| Untracked 
| 502|0x0000000780400000, 0x0000000780400000, 0x0000000780600000|  0%| F|  |TAMS 0x0000000780400000, 0x0000000780400000| Untracked 
| 503|0x0000000780600000, 0x0000000780600000, 0x0000000780800000|  0%| F|  |TAMS 0x0000000780600000, 0x0000000780600000| Untracked 
| 504|0x0000000780800000, 0x0000000780800000, 0x0000000780a00000|  0%| F|  |TAMS 0x0000000780800000, 0x0000000780800000| Untracked 
| 505|0x0000000780a00000, 0x0000000780a00000, 0x0000000780c00000|  0%| F|  |TAMS 0x0000000780a00000, 0x0000000780a00000| Untracked 
| 506|0x0000000780c00000, 0x0000000780c00000, 0x0000000780e00000|  0%| F|  |TAMS 0x0000000780c00000, 0x0000000780c00000| Untracked 
| 507|0x0000000780e00000, 0x0000000780e00000, 0x0000000781000000|  0%| F|  |TAMS 0x0000000780e00000, 0x0000000780e00000| Untracked 
| 508|0x0000000781000000, 0x0000000781000000, 0x0000000781200000|  0%| F|  |TAMS 0x0000000781000000, 0x0000000781000000| Untracked 
| 509|0x0000000781200000, 0x0000000781200000, 0x0000000781400000|  0%| F|  |TAMS 0x0000000781200000, 0x0000000781200000| Untracked 
| 510|0x0000000781400000, 0x0000000781400000, 0x0000000781600000|  0%| F|  |TAMS 0x0000000781400000, 0x0000000781400000| Untracked 
| 511|0x0000000781600000, 0x0000000781600000, 0x0000000781800000|  0%| F|  |TAMS 0x0000000781600000, 0x0000000781600000| Untracked 
| 512|0x0000000781800000, 0x0000000781800000, 0x0000000781a00000|  0%| F|  |TAMS 0x0000000781800000, 0x0000000781800000| Untracked 
| 513|0x0000000781a00000, 0x0000000781a00000, 0x0000000781c00000|  0%| F|  |TAMS 0x0000000781a00000, 0x0000000781a00000| Untracked 
| 514|0x0000000781c00000, 0x0000000781c00000, 0x0000000781e00000|  0%| F|  |TAMS 0x0000000781c00000, 0x0000000781c00000| Untracked 
| 515|0x0000000781e00000, 0x0000000781e00000, 0x0000000782000000|  0%| F|  |TAMS 0x0000000781e00000, 0x0000000781e00000| Untracked 
| 516|0x0000000782000000, 0x0000000782000000, 0x0000000782200000|  0%| F|  |TAMS 0x0000000782000000, 0x0000000782000000| Untracked 
| 517|0x0000000782200000, 0x0000000782400000, 0x0000000782400000|100%| E|  |TAMS 0x0000000782200000, 0x0000000782200000| Complete 
| 518|0x0000000782400000, 0x0000000782600000, 0x0000000782600000|100%| E|CS|TAMS 0x0000000782400000, 0x0000000782400000| Complete 
| 519|0x0000000782600000, 0x0000000782800000, 0x0000000782800000|100%| E|CS|TAMS 0x0000000782600000, 0x0000000782600000| Complete 
| 520|0x0000000782800000, 0x0000000782a00000, 0x0000000782a00000|100%| E|CS|TAMS 0x0000000782800000, 0x0000000782800000| Complete 
| 521|0x0000000782a00000, 0x0000000782c00000, 0x0000000782c00000|100%| E|CS|TAMS 0x0000000782a00000, 0x0000000782a00000| Complete 
| 522|0x0000000782c00000, 0x0000000782e00000, 0x0000000782e00000|100%| E|CS|TAMS 0x0000000782c00000, 0x0000000782c00000| Complete 
| 523|0x0000000782e00000, 0x0000000783000000, 0x0000000783000000|100%| E|CS|TAMS 0x0000000782e00000, 0x0000000782e00000| Complete 
| 524|0x0000000783000000, 0x0000000783200000, 0x0000000783200000|100%| E|CS|TAMS 0x0000000783000000, 0x0000000783000000| Complete 
| 525|0x0000000783200000, 0x0000000783400000, 0x0000000783400000|100%| E|CS|TAMS 0x0000000783200000, 0x0000000783200000| Complete 
| 526|0x0000000783400000, 0x0000000783600000, 0x0000000783600000|100%| E|CS|TAMS 0x0000000783400000, 0x0000000783400000| Complete 
| 527|0x0000000783600000, 0x0000000783800000, 0x0000000783800000|100%| E|CS|TAMS 0x0000000783600000, 0x0000000783600000| Complete 
| 528|0x0000000783800000, 0x0000000783a00000, 0x0000000783a00000|100%| E|CS|TAMS 0x0000000783800000, 0x0000000783800000| Complete 
| 529|0x0000000783a00000, 0x0000000783c00000, 0x0000000783c00000|100%| E|CS|TAMS 0x0000000783a00000, 0x0000000783a00000| Complete 
| 530|0x0000000783c00000, 0x0000000783e00000, 0x0000000783e00000|100%| E|CS|TAMS 0x0000000783c00000, 0x0000000783c00000| Complete 
| 531|0x0000000783e00000, 0x0000000784000000, 0x0000000784000000|100%| E|CS|TAMS 0x0000000783e00000, 0x0000000783e00000| Complete 
| 532|0x0000000784000000, 0x0000000784200000, 0x0000000784200000|100%| E|CS|TAMS 0x0000000784000000, 0x0000000784000000| Complete 
| 533|0x0000000784200000, 0x0000000784400000, 0x0000000784400000|100%| E|CS|TAMS 0x0000000784200000, 0x0000000784200000| Complete 
| 534|0x0000000784400000, 0x0000000784600000, 0x0000000784600000|100%| E|CS|TAMS 0x0000000784400000, 0x0000000784400000| Complete 
| 535|0x0000000784600000, 0x0000000784800000, 0x0000000784800000|100%| E|CS|TAMS 0x0000000784600000, 0x0000000784600000| Complete 
| 536|0x0000000784800000, 0x0000000784a00000, 0x0000000784a00000|100%| E|CS|TAMS 0x0000000784800000, 0x0000000784800000| Complete 
| 537|0x0000000784a00000, 0x0000000784c00000, 0x0000000784c00000|100%| E|CS|TAMS 0x0000000784a00000, 0x0000000784a00000| Complete 
| 538|0x0000000784c00000, 0x0000000784e00000, 0x0000000784e00000|100%| E|CS|TAMS 0x0000000784c00000, 0x0000000784c00000| Complete 
| 539|0x0000000784e00000, 0x0000000785000000, 0x0000000785000000|100%| E|CS|TAMS 0x0000000784e00000, 0x0000000784e00000| Complete 
| 540|0x0000000785000000, 0x0000000785200000, 0x0000000785200000|100%| E|CS|TAMS 0x0000000785000000, 0x0000000785000000| Complete 
| 541|0x0000000785200000, 0x0000000785400000, 0x0000000785400000|100%| E|CS|TAMS 0x0000000785200000, 0x0000000785200000| Complete 
| 542|0x0000000785400000, 0x0000000785600000, 0x0000000785600000|100%| E|CS|TAMS 0x0000000785400000, 0x0000000785400000| Complete 
| 543|0x0000000785600000, 0x0000000785800000, 0x0000000785800000|100%| E|CS|TAMS 0x0000000785600000, 0x0000000785600000| Complete 
| 544|0x0000000785800000, 0x0000000785a00000, 0x0000000785a00000|100%| E|CS|TAMS 0x0000000785800000, 0x0000000785800000| Complete 
| 545|0x0000000785a00000, 0x0000000785c00000, 0x0000000785c00000|100%| E|CS|TAMS 0x0000000785a00000, 0x0000000785a00000| Complete 
| 546|0x0000000785c00000, 0x0000000785e00000, 0x0000000785e00000|100%| E|CS|TAMS 0x0000000785c00000, 0x0000000785c00000| Complete 
| 547|0x0000000785e00000, 0x0000000786000000, 0x0000000786000000|100%| E|CS|TAMS 0x0000000785e00000, 0x0000000785e00000| Complete 
| 548|0x0000000786000000, 0x0000000786200000, 0x0000000786200000|100%| E|CS|TAMS 0x0000000786000000, 0x0000000786000000| Complete 
| 549|0x0000000786200000, 0x0000000786400000, 0x0000000786400000|100%| E|CS|TAMS 0x0000000786200000, 0x0000000786200000| Complete 
| 550|0x0000000786400000, 0x0000000786600000, 0x0000000786600000|100%| E|CS|TAMS 0x0000000786400000, 0x0000000786400000| Complete 
| 551|0x0000000786600000, 0x0000000786800000, 0x0000000786800000|100%| E|CS|TAMS 0x0000000786600000, 0x0000000786600000| Complete 
| 552|0x0000000786800000, 0x0000000786a00000, 0x0000000786a00000|100%| E|CS|TAMS 0x0000000786800000, 0x0000000786800000| Complete 
| 553|0x0000000786a00000, 0x0000000786c00000, 0x0000000786c00000|100%| E|CS|TAMS 0x0000000786a00000, 0x0000000786a00000| Complete 
| 554|0x0000000786c00000, 0x0000000786e00000, 0x0000000786e00000|100%| E|CS|TAMS 0x0000000786c00000, 0x0000000786c00000| Complete 
| 555|0x0000000786e00000, 0x0000000787000000, 0x0000000787000000|100%| E|CS|TAMS 0x0000000786e00000, 0x0000000786e00000| Complete 
| 556|0x0000000787000000, 0x0000000787200000, 0x0000000787200000|100%| E|CS|TAMS 0x0000000787000000, 0x0000000787000000| Complete 
| 557|0x0000000787200000, 0x0000000787400000, 0x0000000787400000|100%| E|CS|TAMS 0x0000000787200000, 0x0000000787200000| Complete 
| 558|0x0000000787400000, 0x0000000787600000, 0x0000000787600000|100%| E|CS|TAMS 0x0000000787400000, 0x0000000787400000| Complete 
| 559|0x0000000787600000, 0x0000000787800000, 0x0000000787800000|100%| E|CS|TAMS 0x0000000787600000, 0x0000000787600000| Complete 
| 560|0x0000000787800000, 0x0000000787a00000, 0x0000000787a00000|100%| E|CS|TAMS 0x0000000787800000, 0x0000000787800000| Complete 
| 561|0x0000000787a00000, 0x0000000787c00000, 0x0000000787c00000|100%| E|CS|TAMS 0x0000000787a00000, 0x0000000787a00000| Complete 
| 562|0x0000000787c00000, 0x0000000787e00000, 0x0000000787e00000|100%| E|CS|TAMS 0x0000000787c00000, 0x0000000787c00000| Complete 
| 563|0x0000000787e00000, 0x0000000788000000, 0x0000000788000000|100%| E|CS|TAMS 0x0000000787e00000, 0x0000000787e00000| Complete 
| 564|0x0000000788000000, 0x0000000788200000, 0x0000000788200000|100%| E|CS|TAMS 0x0000000788000000, 0x0000000788000000| Complete 
| 565|0x0000000788200000, 0x0000000788400000, 0x0000000788400000|100%| E|CS|TAMS 0x0000000788200000, 0x0000000788200000| Complete 
| 566|0x0000000788400000, 0x0000000788600000, 0x0000000788600000|100%| E|CS|TAMS 0x0000000788400000, 0x0000000788400000| Complete 
| 567|0x0000000788600000, 0x0000000788800000, 0x0000000788800000|100%| E|CS|TAMS 0x0000000788600000, 0x0000000788600000| Complete 
| 568|0x0000000788800000, 0x0000000788a00000, 0x0000000788a00000|100%| E|CS|TAMS 0x0000000788800000, 0x0000000788800000| Complete 
| 569|0x0000000788a00000, 0x0000000788c00000, 0x0000000788c00000|100%| E|CS|TAMS 0x0000000788a00000, 0x0000000788a00000| Complete 
| 570|0x0000000788c00000, 0x0000000788e00000, 0x0000000788e00000|100%| E|CS|TAMS 0x0000000788c00000, 0x0000000788c00000| Complete 
| 571|0x0000000788e00000, 0x0000000789000000, 0x0000000789000000|100%| E|CS|TAMS 0x0000000788e00000, 0x0000000788e00000| Complete 
| 572|0x0000000789000000, 0x0000000789200000, 0x0000000789200000|100%| E|CS|TAMS 0x0000000789000000, 0x0000000789000000| Complete 
| 573|0x0000000789200000, 0x0000000789400000, 0x0000000789400000|100%| E|CS|TAMS 0x0000000789200000, 0x0000000789200000| Complete 
| 574|0x0000000789400000, 0x0000000789600000, 0x0000000789600000|100%| E|CS|TAMS 0x0000000789400000, 0x0000000789400000| Complete 
| 575|0x0000000789600000, 0x0000000789800000, 0x0000000789800000|100%| E|CS|TAMS 0x0000000789600000, 0x0000000789600000| Complete 
| 576|0x0000000789800000, 0x0000000789a00000, 0x0000000789a00000|100%| E|CS|TAMS 0x0000000789800000, 0x0000000789800000| Complete 
| 577|0x0000000789a00000, 0x0000000789c00000, 0x0000000789c00000|100%| E|CS|TAMS 0x0000000789a00000, 0x0000000789a00000| Complete 
| 578|0x0000000789c00000, 0x0000000789e00000, 0x0000000789e00000|100%| E|CS|TAMS 0x0000000789c00000, 0x0000000789c00000| Complete 
| 579|0x0000000789e00000, 0x000000078a000000, 0x000000078a000000|100%| E|CS|TAMS 0x0000000789e00000, 0x0000000789e00000| Complete 
| 580|0x000000078a000000, 0x000000078a200000, 0x000000078a200000|100%| E|CS|TAMS 0x000000078a000000, 0x000000078a000000| Complete 
| 581|0x000000078a200000, 0x000000078a400000, 0x000000078a400000|100%| E|CS|TAMS 0x000000078a200000, 0x000000078a200000| Complete 
| 582|0x000000078a400000, 0x000000078a600000, 0x000000078a600000|100%| E|CS|TAMS 0x000000078a400000, 0x000000078a400000| Complete 
| 583|0x000000078a600000, 0x000000078a800000, 0x000000078a800000|100%| E|CS|TAMS 0x000000078a600000, 0x000000078a600000| Complete 
| 584|0x000000078a800000, 0x000000078aa00000, 0x000000078aa00000|100%| E|CS|TAMS 0x000000078a800000, 0x000000078a800000| Complete 
| 585|0x000000078aa00000, 0x000000078ac00000, 0x000000078ac00000|100%| E|CS|TAMS 0x000000078aa00000, 0x000000078aa00000| Complete 
| 586|0x000000078ac00000, 0x000000078ae00000, 0x000000078ae00000|100%| E|CS|TAMS 0x000000078ac00000, 0x000000078ac00000| Complete 
| 587|0x000000078ae00000, 0x000000078b000000, 0x000000078b000000|100%| E|CS|TAMS 0x000000078ae00000, 0x000000078ae00000| Complete 
| 588|0x000000078b000000, 0x000000078b200000, 0x000000078b200000|100%| E|CS|TAMS 0x000000078b000000, 0x000000078b000000| Complete 
| 589|0x000000078b200000, 0x000000078b400000, 0x000000078b400000|100%| E|CS|TAMS 0x000000078b200000, 0x000000078b200000| Complete 
| 590|0x000000078b400000, 0x000000078b600000, 0x000000078b600000|100%| E|CS|TAMS 0x000000078b400000, 0x000000078b400000| Complete 
| 591|0x000000078b600000, 0x000000078b800000, 0x000000078b800000|100%| E|CS|TAMS 0x000000078b600000, 0x000000078b600000| Complete 
| 592|0x000000078b800000, 0x000000078ba00000, 0x000000078ba00000|100%| E|CS|TAMS 0x000000078b800000, 0x000000078b800000| Complete 
| 593|0x000000078ba00000, 0x000000078bc00000, 0x000000078bc00000|100%| E|CS|TAMS 0x000000078ba00000, 0x000000078ba00000| Complete 
| 594|0x000000078bc00000, 0x000000078be00000, 0x000000078be00000|100%| E|CS|TAMS 0x000000078bc00000, 0x000000078bc00000| Complete 
| 595|0x000000078be00000, 0x000000078c000000, 0x000000078c000000|100%| E|CS|TAMS 0x000000078be00000, 0x000000078be00000| Complete 
| 596|0x000000078c000000, 0x000000078c200000, 0x000000078c200000|100%| E|CS|TAMS 0x000000078c000000, 0x000000078c000000| Complete 
| 597|0x000000078c200000, 0x000000078c400000, 0x000000078c400000|100%| E|CS|TAMS 0x000000078c200000, 0x000000078c200000| Complete 
| 598|0x000000078c400000, 0x000000078c600000, 0x000000078c600000|100%| E|CS|TAMS 0x000000078c400000, 0x000000078c400000| Complete 
| 599|0x000000078c600000, 0x000000078c800000, 0x000000078c800000|100%| E|CS|TAMS 0x000000078c600000, 0x000000078c600000| Complete 
| 600|0x000000078c800000, 0x000000078ca00000, 0x000000078ca00000|100%| E|CS|TAMS 0x000000078c800000, 0x000000078c800000| Complete 
| 601|0x000000078ca00000, 0x000000078cc00000, 0x000000078cc00000|100%| E|CS|TAMS 0x000000078ca00000, 0x000000078ca00000| Complete 
| 602|0x000000078cc00000, 0x000000078ce00000, 0x000000078ce00000|100%| E|CS|TAMS 0x000000078cc00000, 0x000000078cc00000| Complete 
| 603|0x000000078ce00000, 0x000000078d000000, 0x000000078d000000|100%| E|CS|TAMS 0x000000078ce00000, 0x000000078ce00000| Complete 
| 604|0x000000078d000000, 0x000000078d200000, 0x000000078d200000|100%| E|CS|TAMS 0x000000078d000000, 0x000000078d000000| Complete 
| 605|0x000000078d200000, 0x000000078d400000, 0x000000078d400000|100%| E|CS|TAMS 0x000000078d200000, 0x000000078d200000| Complete 
| 606|0x000000078d400000, 0x000000078d600000, 0x000000078d600000|100%| E|CS|TAMS 0x000000078d400000, 0x000000078d400000| Complete 
| 607|0x000000078d600000, 0x000000078d800000, 0x000000078d800000|100%| E|CS|TAMS 0x000000078d600000, 0x000000078d600000| Complete 
| 608|0x000000078d800000, 0x000000078da00000, 0x000000078da00000|100%| E|CS|TAMS 0x000000078d800000, 0x000000078d800000| Complete 
| 609|0x000000078da00000, 0x000000078dc00000, 0x000000078dc00000|100%| E|CS|TAMS 0x000000078da00000, 0x000000078da00000| Complete 
| 610|0x000000078dc00000, 0x000000078de00000, 0x000000078de00000|100%| E|CS|TAMS 0x000000078dc00000, 0x000000078dc00000| Complete 
| 611|0x000000078de00000, 0x000000078e000000, 0x000000078e000000|100%| E|CS|TAMS 0x000000078de00000, 0x000000078de00000| Complete 
| 612|0x000000078e000000, 0x000000078e200000, 0x000000078e200000|100%| E|CS|TAMS 0x000000078e000000, 0x000000078e000000| Complete 
| 613|0x000000078e200000, 0x000000078e400000, 0x000000078e400000|100%| E|CS|TAMS 0x000000078e200000, 0x000000078e200000| Complete 
| 614|0x000000078e400000, 0x000000078e600000, 0x000000078e600000|100%| E|CS|TAMS 0x000000078e400000, 0x000000078e400000| Complete 
| 615|0x000000078e600000, 0x000000078e800000, 0x000000078e800000|100%| E|CS|TAMS 0x000000078e600000, 0x000000078e600000| Complete 
| 616|0x000000078e800000, 0x000000078ea00000, 0x000000078ea00000|100%| E|CS|TAMS 0x000000078e800000, 0x000000078e800000| Complete 
| 617|0x000000078ea00000, 0x000000078ec00000, 0x000000078ec00000|100%| E|CS|TAMS 0x000000078ea00000, 0x000000078ea00000| Complete 
| 618|0x000000078ec00000, 0x000000078ee00000, 0x000000078ee00000|100%| E|CS|TAMS 0x000000078ec00000, 0x000000078ec00000| Complete 
| 619|0x000000078ee00000, 0x000000078f000000, 0x000000078f000000|100%| E|CS|TAMS 0x000000078ee00000, 0x000000078ee00000| Complete 
| 620|0x000000078f000000, 0x000000078f200000, 0x000000078f200000|100%| E|CS|TAMS 0x000000078f000000, 0x000000078f000000| Complete 
| 621|0x000000078f200000, 0x000000078f400000, 0x000000078f400000|100%| E|CS|TAMS 0x000000078f200000, 0x000000078f200000| Complete 
| 622|0x000000078f400000, 0x000000078f600000, 0x000000078f600000|100%| E|CS|TAMS 0x000000078f400000, 0x000000078f400000| Complete 
| 623|0x000000078f600000, 0x000000078f800000, 0x000000078f800000|100%| E|CS|TAMS 0x000000078f600000, 0x000000078f600000| Complete 
| 624|0x000000078f800000, 0x000000078fa00000, 0x000000078fa00000|100%| E|CS|TAMS 0x000000078f800000, 0x000000078f800000| Complete 
| 625|0x000000078fa00000, 0x000000078fc00000, 0x000000078fc00000|100%| E|CS|TAMS 0x000000078fa00000, 0x000000078fa00000| Complete 
| 626|0x000000078fc00000, 0x000000078fe00000, 0x000000078fe00000|100%| E|CS|TAMS 0x000000078fc00000, 0x000000078fc00000| Complete 
| 627|0x000000078fe00000, 0x0000000790000000, 0x0000000790000000|100%| E|CS|TAMS 0x000000078fe00000, 0x000000078fe00000| Complete 
| 628|0x0000000790000000, 0x0000000790200000, 0x0000000790200000|100%| E|CS|TAMS 0x0000000790000000, 0x0000000790000000| Complete 
| 629|0x0000000790200000, 0x0000000790400000, 0x0000000790400000|100%| E|CS|TAMS 0x0000000790200000, 0x0000000790200000| Complete 
| 630|0x0000000790400000, 0x0000000790600000, 0x0000000790600000|100%| E|CS|TAMS 0x0000000790400000, 0x0000000790400000| Complete 
| 631|0x0000000790600000, 0x0000000790800000, 0x0000000790800000|100%| E|CS|TAMS 0x0000000790600000, 0x0000000790600000| Complete 
| 632|0x0000000790800000, 0x0000000790a00000, 0x0000000790a00000|100%| E|CS|TAMS 0x0000000790800000, 0x0000000790800000| Complete 
| 633|0x0000000790a00000, 0x0000000790c00000, 0x0000000790c00000|100%| E|CS|TAMS 0x0000000790a00000, 0x0000000790a00000| Complete 
| 634|0x0000000790c00000, 0x0000000790e00000, 0x0000000790e00000|100%| E|CS|TAMS 0x0000000790c00000, 0x0000000790c00000| Complete 
| 635|0x0000000790e00000, 0x0000000791000000, 0x0000000791000000|100%| E|CS|TAMS 0x0000000790e00000, 0x0000000790e00000| Complete 
| 636|0x0000000791000000, 0x0000000791200000, 0x0000000791200000|100%| E|CS|TAMS 0x0000000791000000, 0x0000000791000000| Complete 
| 637|0x0000000791200000, 0x0000000791400000, 0x0000000791400000|100%| E|CS|TAMS 0x0000000791200000, 0x0000000791200000| Complete 
| 638|0x0000000791400000, 0x0000000791600000, 0x0000000791600000|100%| E|CS|TAMS 0x0000000791400000, 0x0000000791400000| Complete 
| 639|0x0000000791600000, 0x0000000791800000, 0x0000000791800000|100%| E|CS|TAMS 0x0000000791600000, 0x0000000791600000| Complete 
| 640|0x0000000791800000, 0x0000000791a00000, 0x0000000791a00000|100%| E|CS|TAMS 0x0000000791800000, 0x0000000791800000| Complete 
| 641|0x0000000791a00000, 0x0000000791c00000, 0x0000000791c00000|100%| E|CS|TAMS 0x0000000791a00000, 0x0000000791a00000| Complete 
| 642|0x0000000791c00000, 0x0000000791e00000, 0x0000000791e00000|100%| E|CS|TAMS 0x0000000791c00000, 0x0000000791c00000| Complete 
| 643|0x0000000791e00000, 0x0000000792000000, 0x0000000792000000|100%| E|CS|TAMS 0x0000000791e00000, 0x0000000791e00000| Complete 
| 644|0x0000000792000000, 0x0000000792200000, 0x0000000792200000|100%| E|CS|TAMS 0x0000000792000000, 0x0000000792000000| Complete 
| 645|0x0000000792200000, 0x0000000792400000, 0x0000000792400000|100%| E|CS|TAMS 0x0000000792200000, 0x0000000792200000| Complete 
| 646|0x0000000792400000, 0x0000000792600000, 0x0000000792600000|100%| E|CS|TAMS 0x0000000792400000, 0x0000000792400000| Complete 
| 647|0x0000000792600000, 0x0000000792800000, 0x0000000792800000|100%| E|CS|TAMS 0x0000000792600000, 0x0000000792600000| Complete 
| 648|0x0000000792800000, 0x0000000792a00000, 0x0000000792a00000|100%| E|CS|TAMS 0x0000000792800000, 0x0000000792800000| Complete 
| 649|0x0000000792a00000, 0x0000000792c00000, 0x0000000792c00000|100%| E|CS|TAMS 0x0000000792a00000, 0x0000000792a00000| Complete 
| 650|0x0000000792c00000, 0x0000000792e00000, 0x0000000792e00000|100%| E|CS|TAMS 0x0000000792c00000, 0x0000000792c00000| Complete 
| 651|0x0000000792e00000, 0x0000000793000000, 0x0000000793000000|100%| E|CS|TAMS 0x0000000792e00000, 0x0000000792e00000| Complete 
| 652|0x0000000793000000, 0x0000000793200000, 0x0000000793200000|100%| E|CS|TAMS 0x0000000793000000, 0x0000000793000000| Complete 
| 653|0x0000000793200000, 0x0000000793400000, 0x0000000793400000|100%| E|CS|TAMS 0x0000000793200000, 0x0000000793200000| Complete 
| 654|0x0000000793400000, 0x0000000793600000, 0x0000000793600000|100%| E|CS|TAMS 0x0000000793400000, 0x0000000793400000| Complete 
| 655|0x0000000793600000, 0x0000000793800000, 0x0000000793800000|100%| E|CS|TAMS 0x0000000793600000, 0x0000000793600000| Complete 
| 656|0x0000000793800000, 0x0000000793a00000, 0x0000000793a00000|100%| E|CS|TAMS 0x0000000793800000, 0x0000000793800000| Complete 
| 657|0x0000000793a00000, 0x0000000793c00000, 0x0000000793c00000|100%| E|CS|TAMS 0x0000000793a00000, 0x0000000793a00000| Complete 
| 658|0x0000000793c00000, 0x0000000793e00000, 0x0000000793e00000|100%| E|CS|TAMS 0x0000000793c00000, 0x0000000793c00000| Complete 
| 659|0x0000000793e00000, 0x0000000794000000, 0x0000000794000000|100%| E|CS|TAMS 0x0000000793e00000, 0x0000000793e00000| Complete 
| 660|0x0000000794000000, 0x0000000794200000, 0x0000000794200000|100%| E|CS|TAMS 0x0000000794000000, 0x0000000794000000| Complete 
| 661|0x0000000794200000, 0x0000000794400000, 0x0000000794400000|100%| E|CS|TAMS 0x0000000794200000, 0x0000000794200000| Complete 
| 662|0x0000000794400000, 0x0000000794600000, 0x0000000794600000|100%| E|CS|TAMS 0x0000000794400000, 0x0000000794400000| Complete 
| 663|0x0000000794600000, 0x0000000794800000, 0x0000000794800000|100%| E|CS|TAMS 0x0000000794600000, 0x0000000794600000| Complete 
| 664|0x0000000794800000, 0x0000000794a00000, 0x0000000794a00000|100%| E|CS|TAMS 0x0000000794800000, 0x0000000794800000| Complete 
| 665|0x0000000794a00000, 0x0000000794c00000, 0x0000000794c00000|100%| E|CS|TAMS 0x0000000794a00000, 0x0000000794a00000| Complete 
| 666|0x0000000794c00000, 0x0000000794e00000, 0x0000000794e00000|100%| E|CS|TAMS 0x0000000794c00000, 0x0000000794c00000| Complete 
| 667|0x0000000794e00000, 0x0000000795000000, 0x0000000795000000|100%| E|CS|TAMS 0x0000000794e00000, 0x0000000794e00000| Complete 
| 668|0x0000000795000000, 0x0000000795200000, 0x0000000795200000|100%| E|CS|TAMS 0x0000000795000000, 0x0000000795000000| Complete 
| 669|0x0000000795200000, 0x0000000795400000, 0x0000000795400000|100%| E|CS|TAMS 0x0000000795200000, 0x0000000795200000| Complete 
| 670|0x0000000795400000, 0x0000000795600000, 0x0000000795600000|100%| E|CS|TAMS 0x0000000795400000, 0x0000000795400000| Complete 
| 671|0x0000000795600000, 0x0000000795800000, 0x0000000795800000|100%| E|CS|TAMS 0x0000000795600000, 0x0000000795600000| Complete 
| 672|0x0000000795800000, 0x0000000795a00000, 0x0000000795a00000|100%| E|CS|TAMS 0x0000000795800000, 0x0000000795800000| Complete 
| 673|0x0000000795a00000, 0x0000000795c00000, 0x0000000795c00000|100%| E|CS|TAMS 0x0000000795a00000, 0x0000000795a00000| Complete 
| 674|0x0000000795c00000, 0x0000000795e00000, 0x0000000795e00000|100%| E|CS|TAMS 0x0000000795c00000, 0x0000000795c00000| Complete 
| 675|0x0000000795e00000, 0x0000000796000000, 0x0000000796000000|100%| E|CS|TAMS 0x0000000795e00000, 0x0000000795e00000| Complete 
| 676|0x0000000796000000, 0x0000000796200000, 0x0000000796200000|100%| E|CS|TAMS 0x0000000796000000, 0x0000000796000000| Complete 
| 677|0x0000000796200000, 0x0000000796400000, 0x0000000796400000|100%| E|CS|TAMS 0x0000000796200000, 0x0000000796200000| Complete 
| 678|0x0000000796400000, 0x0000000796600000, 0x0000000796600000|100%| E|CS|TAMS 0x0000000796400000, 0x0000000796400000| Complete 
| 679|0x0000000796600000, 0x0000000796800000, 0x0000000796800000|100%| E|CS|TAMS 0x0000000796600000, 0x0000000796600000| Complete 
| 680|0x0000000796800000, 0x0000000796a00000, 0x0000000796a00000|100%| E|CS|TAMS 0x0000000796800000, 0x0000000796800000| Complete 
| 681|0x0000000796a00000, 0x0000000796c00000, 0x0000000796c00000|100%| E|CS|TAMS 0x0000000796a00000, 0x0000000796a00000| Complete 
| 682|0x0000000796c00000, 0x0000000796e00000, 0x0000000796e00000|100%| E|CS|TAMS 0x0000000796c00000, 0x0000000796c00000| Complete 
| 683|0x0000000796e00000, 0x0000000797000000, 0x0000000797000000|100%| E|CS|TAMS 0x0000000796e00000, 0x0000000796e00000| Complete 
| 684|0x0000000797000000, 0x0000000797200000, 0x0000000797200000|100%| E|CS|TAMS 0x0000000797000000, 0x0000000797000000| Complete 
| 685|0x0000000797200000, 0x0000000797400000, 0x0000000797400000|100%| E|CS|TAMS 0x0000000797200000, 0x0000000797200000| Complete 
| 686|0x0000000797400000, 0x0000000797600000, 0x0000000797600000|100%| E|CS|TAMS 0x0000000797400000, 0x0000000797400000| Complete 
| 687|0x0000000797600000, 0x0000000797800000, 0x0000000797800000|100%| E|CS|TAMS 0x0000000797600000, 0x0000000797600000| Complete 
| 688|0x0000000797800000, 0x0000000797a00000, 0x0000000797a00000|100%| E|CS|TAMS 0x0000000797800000, 0x0000000797800000| Complete 
| 689|0x0000000797a00000, 0x0000000797c00000, 0x0000000797c00000|100%| E|CS|TAMS 0x0000000797a00000, 0x0000000797a00000| Complete 
| 690|0x0000000797c00000, 0x0000000797e00000, 0x0000000797e00000|100%| E|CS|TAMS 0x0000000797c00000, 0x0000000797c00000| Complete 
| 691|0x0000000797e00000, 0x0000000798000000, 0x0000000798000000|100%| E|CS|TAMS 0x0000000797e00000, 0x0000000797e00000| Complete 
| 692|0x0000000798000000, 0x0000000798200000, 0x0000000798200000|100%| E|CS|TAMS 0x0000000798000000, 0x0000000798000000| Complete 
| 693|0x0000000798200000, 0x0000000798400000, 0x0000000798400000|100%| E|CS|TAMS 0x0000000798200000, 0x0000000798200000| Complete 
| 694|0x0000000798400000, 0x0000000798600000, 0x0000000798600000|100%| E|CS|TAMS 0x0000000798400000, 0x0000000798400000| Complete 
| 695|0x0000000798600000, 0x0000000798800000, 0x0000000798800000|100%| E|CS|TAMS 0x0000000798600000, 0x0000000798600000| Complete 
| 696|0x0000000798800000, 0x0000000798a00000, 0x0000000798a00000|100%| E|CS|TAMS 0x0000000798800000, 0x0000000798800000| Complete 
| 697|0x0000000798a00000, 0x0000000798c00000, 0x0000000798c00000|100%| E|CS|TAMS 0x0000000798a00000, 0x0000000798a00000| Complete 
| 698|0x0000000798c00000, 0x0000000798e00000, 0x0000000798e00000|100%| E|CS|TAMS 0x0000000798c00000, 0x0000000798c00000| Complete 
| 699|0x0000000798e00000, 0x0000000799000000, 0x0000000799000000|100%| E|CS|TAMS 0x0000000798e00000, 0x0000000798e00000| Complete 
| 700|0x0000000799000000, 0x0000000799200000, 0x0000000799200000|100%| E|CS|TAMS 0x0000000799000000, 0x0000000799000000| Complete 
| 701|0x0000000799200000, 0x0000000799400000, 0x0000000799400000|100%| E|CS|TAMS 0x0000000799200000, 0x0000000799200000| Complete 
| 702|0x0000000799400000, 0x0000000799600000, 0x0000000799600000|100%| E|CS|TAMS 0x0000000799400000, 0x0000000799400000| Complete 
| 703|0x0000000799600000, 0x0000000799800000, 0x0000000799800000|100%| E|CS|TAMS 0x0000000799600000, 0x0000000799600000| Complete 
| 704|0x0000000799800000, 0x0000000799a00000, 0x0000000799a00000|100%| E|CS|TAMS 0x0000000799800000, 0x0000000799800000| Complete 
| 705|0x0000000799a00000, 0x0000000799c00000, 0x0000000799c00000|100%| E|CS|TAMS 0x0000000799a00000, 0x0000000799a00000| Complete 
| 706|0x0000000799c00000, 0x0000000799e00000, 0x0000000799e00000|100%| E|CS|TAMS 0x0000000799c00000, 0x0000000799c00000| Complete 
| 707|0x0000000799e00000, 0x000000079a000000, 0x000000079a000000|100%| E|CS|TAMS 0x0000000799e00000, 0x0000000799e00000| Complete 
| 708|0x000000079a000000, 0x000000079a200000, 0x000000079a200000|100%| E|CS|TAMS 0x000000079a000000, 0x000000079a000000| Complete 
| 709|0x000000079a200000, 0x000000079a400000, 0x000000079a400000|100%| E|CS|TAMS 0x000000079a200000, 0x000000079a200000| Complete 
| 710|0x000000079a400000, 0x000000079a600000, 0x000000079a600000|100%| E|CS|TAMS 0x000000079a400000, 0x000000079a400000| Complete 
| 711|0x000000079a600000, 0x000000079a800000, 0x000000079a800000|100%| E|CS|TAMS 0x000000079a600000, 0x000000079a600000| Complete 
| 712|0x000000079a800000, 0x000000079aa00000, 0x000000079aa00000|100%| E|CS|TAMS 0x000000079a800000, 0x000000079a800000| Complete 
| 713|0x000000079aa00000, 0x000000079ac00000, 0x000000079ac00000|100%| E|CS|TAMS 0x000000079aa00000, 0x000000079aa00000| Complete 
| 714|0x000000079ac00000, 0x000000079ae00000, 0x000000079ae00000|100%| E|CS|TAMS 0x000000079ac00000, 0x000000079ac00000| Complete 
| 715|0x000000079ae00000, 0x000000079b000000, 0x000000079b000000|100%| E|CS|TAMS 0x000000079ae00000, 0x000000079ae00000| Complete 
| 716|0x000000079b000000, 0x000000079b200000, 0x000000079b200000|100%| E|CS|TAMS 0x000000079b000000, 0x000000079b000000| Complete 
| 717|0x000000079b200000, 0x000000079b400000, 0x000000079b400000|100%| E|CS|TAMS 0x000000079b200000, 0x000000079b200000| Complete 
| 718|0x000000079b400000, 0x000000079b600000, 0x000000079b600000|100%| E|CS|TAMS 0x000000079b400000, 0x000000079b400000| Complete 
| 719|0x000000079b600000, 0x000000079b800000, 0x000000079b800000|100%| E|CS|TAMS 0x000000079b600000, 0x000000079b600000| Complete 
| 720|0x000000079b800000, 0x000000079ba00000, 0x000000079ba00000|100%| E|CS|TAMS 0x000000079b800000, 0x000000079b800000| Complete 
| 721|0x000000079ba00000, 0x000000079bc00000, 0x000000079bc00000|100%| E|CS|TAMS 0x000000079ba00000, 0x000000079ba00000| Complete 
| 722|0x000000079bc00000, 0x000000079be00000, 0x000000079be00000|100%| E|CS|TAMS 0x000000079bc00000, 0x000000079bc00000| Complete 
| 723|0x000000079be00000, 0x000000079c000000, 0x000000079c000000|100%| E|CS|TAMS 0x000000079be00000, 0x000000079be00000| Complete 
| 724|0x000000079c000000, 0x000000079c200000, 0x000000079c200000|100%| E|CS|TAMS 0x000000079c000000, 0x000000079c000000| Complete 
| 772|0x00000007a2000000, 0x00000007a2200000, 0x00000007a2200000|100%| E|CS|TAMS 0x00000007a2000000, 0x00000007a2000000| Complete 
|1503|0x00000007fd600000, 0x00000007fd800000, 0x00000007fd800000|100%| E|CS|TAMS 0x00000007fd600000, 0x00000007fd600000| Complete 
|1504|0x00000007fd800000, 0x00000007fda00000, 0x00000007fda00000|100%| E|CS|TAMS 0x00000007fd800000, 0x00000007fd800000| Complete 
|1505|0x00000007fda00000, 0x00000007fdc00000, 0x00000007fdc00000|100%| E|CS|TAMS 0x00000007fda00000, 0x00000007fda00000| Complete 
|1506|0x00000007fdc00000, 0x00000007fde00000, 0x00000007fde00000|100%| E|CS|TAMS 0x00000007fdc00000, 0x00000007fdc00000| Complete 
|1507|0x00000007fde00000, 0x00000007fe000000, 0x00000007fe000000|100%| E|CS|TAMS 0x00000007fde00000, 0x00000007fde00000| Complete 
|1508|0x00000007fe000000, 0x00000007fe200000, 0x00000007fe200000|100%| E|CS|TAMS 0x00000007fe000000, 0x00000007fe000000| Complete 
|1509|0x00000007fe200000, 0x00000007fe400000, 0x00000007fe400000|100%| E|CS|TAMS 0x00000007fe200000, 0x00000007fe200000| Complete 
|1510|0x00000007fe400000, 0x00000007fe600000, 0x00000007fe600000|100%| E|CS|TAMS 0x00000007fe400000, 0x00000007fe400000| Complete 
|1511|0x00000007fe600000, 0x00000007fe800000, 0x00000007fe800000|100%| E|CS|TAMS 0x00000007fe600000, 0x00000007fe600000| Complete 
|1512|0x00000007fe800000, 0x00000007fea00000, 0x00000007fea00000|100%| E|CS|TAMS 0x00000007fe800000, 0x00000007fe800000| Complete 
|1513|0x00000007fea00000, 0x00000007fec00000, 0x00000007fec00000|100%| E|CS|TAMS 0x00000007fea00000, 0x00000007fea00000| Complete 
|1514|0x00000007fec00000, 0x00000007fee00000, 0x00000007fee00000|100%| O|  |TAMS 0x00000007fee00000, 0x00000007fec00000| Complete 
|1515|0x00000007fee00000, 0x00000007ff000000, 0x00000007ff000000|100%| O|  |TAMS 0x00000007ff000000, 0x00000007fee00000| Untracked 
|1516|0x00000007ff000000, 0x00000007ff200000, 0x00000007ff200000|100%| E|CS|TAMS 0x00000007ff000000, 0x00000007ff000000| Complete 
|1517|0x00000007ff200000, 0x00000007ff400000, 0x00000007ff400000|100%| O|  |TAMS 0x00000007ff400000, 0x00000007ff200000| Untracked 
|1518|0x00000007ff400000, 0x00000007ff600000, 0x00000007ff600000|100%| E|CS|TAMS 0x00000007ff400000, 0x00000007ff400000| Complete 
|1519|0x00000007ff600000, 0x00000007ff800000, 0x00000007ff800000|100%| E|CS|TAMS 0x00000007ff600000, 0x00000007ff600000| Complete 
|1520|0x00000007ff800000, 0x00000007ffa00000, 0x00000007ffa00000|100%| E|CS|TAMS 0x00000007ff800000, 0x00000007ff800000| Complete 
|1521|0x00000007ffa00000, 0x00000007ffc00000, 0x00000007ffc00000|100%| E|CS|TAMS 0x00000007ffa00000, 0x00000007ffa00000| Complete 
|1522|0x00000007ffc00000, 0x00000007ffe00000, 0x00000007ffe00000|100%| E|CS|TAMS 0x00000007ffc00000, 0x00000007ffc00000| Complete 
|1523|0x00000007ffe00000, 0x0000000800000000, 0x0000000800000000|100%| E|CS|TAMS 0x00000007ffe00000, 0x00000007ffe00000| Complete 

Card table byte_map: [0x0000023ed4a70000,0x0000023ed5070000] _byte_map_base: 0x0000023ed1064000

Marking Bits (Prev, Next): (CMBitMap*) 0x0000023ebd9bd320, (CMBitMap*) 0x0000023ebd9bd360
 Prev Bits: [0x0000023ed5670000, 0x0000023ed8610000)
 Next Bits: [0x0000023ed8610000, 0x0000023edb5b0000)

Polling page: 0x0000023ebd100000

Metaspace:

Usage:
  Non-class:    102.14 MB used.
      Class:     17.11 MB used.
       Both:    119.24 MB used.

Virtual space:
  Non-class space:      128.00 MB reserved,     103.12 MB ( 81%) committed,  2 nodes.
      Class space:        1.00 GB reserved,      17.88 MB (  2%) committed,  1 nodes.
             Both:        1.12 GB reserved,     121.00 MB ( 11%) committed. 

Chunk freelists:
   Non-Class:  8.05 MB
       Class:  14.17 MB
        Both:  22.22 MB

MaxMetaspaceSize: unlimited
CompressedClassSpaceSize: 1.00 GB
Initial GC threshold: 21.00 MB
Current GC threshold: 201.50 MB
CDS: on
MetaspaceReclaimPolicy: balanced
 - commit_granule_bytes: 65536.
 - commit_granule_words: 8192.
 - virtual_space_node_default_size: 8388608.
 - enlarge_chunks_in_place: 1.
 - new_chunks_are_fully_committed: 0.
 - uncommit_free_chunks: 1.
 - use_allocation_guard: 0.
 - handle_deallocations: 1.


Internal statistics:

num_allocs_failed_limit: 9.
num_arena_births: 2796.
num_arena_deaths: 0.
num_vsnodes_births: 3.
num_vsnodes_deaths: 0.
num_space_committed: 1931.
num_space_uncommitted: 0.
num_chunks_returned_to_freelist: 9.
num_chunks_taken_from_freelist: 8054.
num_chunk_merges: 3.
num_chunk_splits: 5102.
num_chunks_enlarged: 3216.
num_inconsistent_stats: 0.

CodeHeap 'non-profiled nmethods': size=120000Kb used=22732Kb max_used=22732Kb free=97267Kb
 bounds [0x0000023eccf40000, 0x0000023ece580000, 0x0000023ed4470000]
CodeHeap 'profiled nmethods': size=120000Kb used=29616Kb max_used=31859Kb free=90383Kb
 bounds [0x0000023ec5470000, 0x0000023ec73f0000, 0x0000023ecc9a0000]
CodeHeap 'non-nmethods': size=5760Kb used=2461Kb max_used=2514Kb free=3299Kb
 bounds [0x0000023ecc9a0000, 0x0000023eccc30000, 0x0000023eccf40000]
 total_blobs=21810 nmethods=19713 adapters=2006
 compilation: enabled
              stopped_count=0, restarted_count=0
 full_count=0

Compilation events (20 events):
Event: 996.166 Thread 0x0000023eddb0e9a0 nmethod 31161 0x0000023ec661bf90 code [0x0000023ec661c140, 0x0000023ec661c498]
Event: 997.358 Thread 0x0000023eddb05fd0 31162       4       java.lang.String::decodeUTF8_UTF16 (624 bytes)
Event: 997.367 Thread 0x0000023eddb05fd0 nmethod 31162 0x0000023ece570290 code [0x0000023ece570440, 0x0000023ece570a30]
Event: 997.796 Thread 0x0000023eddb0e9a0 31163       3       com.mojang.blaze3d.vertex.VertexFormatElement::setupBufferState (27 bytes)
Event: 997.796 Thread 0x0000023eddb0e9a0 nmethod 31163 0x0000023ec6f1dd90 code [0x0000023ec6f1df40, 0x0000023ec6f1e0c8]
Event: 999.439 Thread 0x0000023eddb05fd0 31164       4       net.minecraft.client.multiplayer.ClientPacketListener::handleRotateMob (43 bytes)
Event: 999.462 Thread 0x0000023eddb05fd0 nmethod 31164 0x0000023ece570e90 code [0x0000023ece5710a0, 0x0000023ece5718b8]
Event: 999.533 Thread 0x0000023eddb05fd0 31165       4       net.minecraftforge.client.event.ContainerScreenEvent$Render$Background::<init> (10 bytes)
Event: 999.539 Thread 0x0000023eddb05fd0 nmethod 31165 0x0000023ece572090 code [0x0000023ece572200, 0x0000023ece5725b8]
Event: 999.539 Thread 0x0000023eddb05fd0 31166       4       net.minecraftforge.client.event.ContainerScreenEvent$Render$Foreground::<init> (10 bytes)
Event: 999.543 Thread 0x0000023eddb05fd0 nmethod 31166 0x0000023ece572610 code [0x0000023ece572780, 0x0000023ece572b38]
Event: 999.772 Thread 0x0000023eddb0e9a0 31167       3       java.lang.StringUTF16::newString (58 bytes)
Event: 999.773 Thread 0x0000023eddb0e9a0 nmethod 31167 0x0000023ec661b690 code [0x0000023ec661b880, 0x0000023ec661bdf8]
Event: 1003.308 Thread 0x0000023eddb0e9a0 31168       3       net.minecraft.client.gui.components.AbstractWidget::render (72 bytes)
Event: 1003.309 Thread 0x0000023eddb0e9a0 nmethod 31168 0x0000023ec661ae10 code [0x0000023ec661afe0, 0x0000023ec661b598]
Event: 1003.421 Thread 0x0000023eddb05fd0 31169       4       java.lang.StringUTF16::compress (20 bytes)
Event: 1003.423 Thread 0x0000023eddb05fd0 nmethod 31169 0x0000023ece572b90 code [0x0000023ece572d20, 0x0000023ece572f78]
Event: 1007.155 Thread 0x0000023eddb0e9a0 31170       1       net.minecraft.client.gui.components.AbstractWidget::setFocused (6 bytes)
Event: 1007.155 Thread 0x0000023eddb0e9a0 nmethod 31170 0x0000023ece573090 code [0x0000023ece573220, 0x0000023ece5732f8]
Event: 1008.554 Thread 0x0000023eddb05fd0 31171       4       net.minecraft.client.resources.sounds.BiomeAmbientSoundsHandler::tick (142 bytes)

GC Heap History (20 events):
Event: 895.491 GC heap before
{Heap before GC invocations=83 (full 0):
 garbage-first heap   total 1529856K, used 1370422K [0x0000000741800000, 0x0000000800000000)
  region size 2048K, 466 young (954368K), 2 survivors (4096K)
 Metaspace       used 121794K, committed 123456K, reserved 1179648K
  class space    used 17491K, committed 18240K, reserved 1048576K
}
Event: 895.499 GC heap after
{Heap after GC invocations=84 (full 0):
 garbage-first heap   total 1529856K, used 420230K [0x0000000741800000, 0x0000000800000000)
  region size 2048K, 2 young (4096K), 2 survivors (4096K)
 Metaspace       used 121794K, committed 123456K, reserved 1179648K
  class space    used 17491K, committed 18240K, reserved 1048576K
}
Event: 897.789 GC heap before
{Heap before GC invocations=84 (full 0):
 garbage-first heap   total 1529856K, used 491910K [0x0000000741800000, 0x0000000800000000)
  region size 2048K, 37 young (75776K), 2 survivors (4096K)
 Metaspace       used 121794K, committed 123456K, reserved 1179648K
  class space    used 17491K, committed 18240K, reserved 1048576K
}
Event: 897.804 GC heap after
{Heap after GC invocations=85 (full 0):
 garbage-first heap   total 1529856K, used 409428K [0x0000000741800000, 0x0000000800000000)
  region size 2048K, 2 young (4096K), 2 survivors (4096K)
 Metaspace       used 121794K, committed 123456K, reserved 1179648K
  class space    used 17491K, committed 18240K, reserved 1048576K
}
Event: 908.824 GC heap before
{Heap before GC invocations=85 (full 0):
 garbage-first heap   total 1529856K, used 1322836K [0x0000000741800000, 0x0000000800000000)
  region size 2048K, 448 young (917504K), 2 survivors (4096K)
 Metaspace       used 121814K, committed 123520K, reserved 1179648K
  class space    used 17491K, committed 18240K, reserved 1048576K
}
Event: 908.836 GC heap after
{Heap after GC invocations=86 (full 0):
 garbage-first heap   total 1529856K, used 410221K [0x0000000741800000, 0x0000000800000000)
  region size 2048K, 2 young (4096K), 2 survivors (4096K)
 Metaspace       used 121814K, committed 123520K, reserved 1179648K
  class space    used 17491K, committed 18240K, reserved 1048576K
}
Event: 925.884 GC heap before
{Heap before GC invocations=86 (full 0):
 garbage-first heap   total 1529856K, used 1323629K [0x0000000741800000, 0x0000000800000000)
  region size 2048K, 448 young (917504K), 2 survivors (4096K)
 Metaspace       used 121821K, committed 123520K, reserved 1179648K
  class space    used 17491K, committed 18240K, reserved 1048576K
}
Event: 925.893 GC heap after
{Heap after GC invocations=87 (full 0):
 garbage-first heap   total 1529856K, used 411912K [0x0000000741800000, 0x0000000800000000)
  region size 2048K, 3 young (6144K), 3 survivors (6144K)
 Metaspace       used 121821K, committed 123520K, reserved 1179648K
  class space    used 17491K, committed 18240K, reserved 1048576K
}
Event: 926.122 GC heap before
{Heap before GC invocations=87 (full 0):
 garbage-first heap   total 1529856K, used 526600K [0x0000000741800000, 0x0000000800000000)
  region size 2048K, 60 young (122880K), 3 survivors (6144K)
 Metaspace       used 121926K, committed 123648K, reserved 1179648K
  class space    used 17506K, committed 18240K, reserved 1048576K
}
Event: 926.129 GC heap after
{Heap after GC invocations=88 (full 0):
 garbage-first heap   total 1529856K, used 412340K [0x0000000741800000, 0x0000000800000000)
  region size 2048K, 3 young (6144K), 3 survivors (6144K)
 Metaspace       used 121926K, committed 123648K, reserved 1179648K
  class space    used 17506K, committed 18240K, reserved 1048576K
}
Event: 940.058 GC heap before
{Heap before GC invocations=89 (full 0):
 garbage-first heap   total 1529856K, used 1325748K [0x0000000741800000, 0x0000000800000000)
  region size 2048K, 448 young (917504K), 3 survivors (6144K)
 Metaspace       used 122065K, committed 123840K, reserved 1179648K
  class space    used 17517K, committed 18304K, reserved 1048576K
}
Event: 940.068 GC heap after
{Heap after GC invocations=90 (full 0):
 garbage-first heap   total 1529856K, used 414333K [0x0000000741800000, 0x0000000800000000)
  region size 2048K, 3 young (6144K), 3 survivors (6144K)
 Metaspace       used 122065K, committed 123840K, reserved 1179648K
  class space    used 17517K, committed 18304K, reserved 1048576K
}
Event: 941.639 GC heap before
{Heap before GC invocations=90 (full 0):
 garbage-first heap   total 1529856K, used 483965K [0x0000000741800000, 0x0000000800000000)
  region size 2048K, 37 young (75776K), 3 survivors (6144K)
 Metaspace       used 122069K, committed 123840K, reserved 1179648K
  class space    used 17517K, committed 18304K, reserved 1048576K
}
Event: 941.653 GC heap after
{Heap after GC invocations=91 (full 0):
 garbage-first heap   total 1529856K, used 406988K [0x0000000741800000, 0x0000000800000000)
  region size 2048K, 3 young (6144K), 3 survivors (6144K)
 Metaspace       used 122069K, committed 123840K, reserved 1179648K
  class space    used 17517K, committed 18304K, reserved 1048576K
}
Event: 965.170 GC heap before
{Heap before GC invocations=91 (full 0):
 garbage-first heap   total 1529856K, used 1318348K [0x0000000741800000, 0x0000000800000000)
  region size 2048K, 448 young (917504K), 3 survivors (6144K)
 Metaspace       used 122092K, committed 123840K, reserved 1179648K
  class space    used 17517K, committed 18304K, reserved 1048576K
}
Event: 965.178 GC heap after
{Heap after GC invocations=92 (full 0):
 garbage-first heap   total 1529856K, used 407209K [0x0000000741800000, 0x0000000800000000)
  region size 2048K, 3 young (6144K), 3 survivors (6144K)
 Metaspace       used 122092K, committed 123840K, reserved 1179648K
  class space    used 17517K, committed 18304K, reserved 1048576K
}
Event: 983.671 GC heap before
{Heap before GC invocations=92 (full 0):
 garbage-first heap   total 1529856K, used 1318569K [0x0000000741800000, 0x0000000800000000)
  region size 2048K, 448 young (917504K), 3 survivors (6144K)
 Metaspace       used 122100K, committed 123904K, reserved 1179648K
  class space    used 17517K, committed 18304K, reserved 1048576K
}
Event: 983.678 GC heap after
{Heap after GC invocations=93 (full 0):
 garbage-first heap   total 1529856K, used 407817K [0x0000000741800000, 0x0000000800000000)
  region size 2048K, 3 young (6144K), 3 survivors (6144K)
 Metaspace       used 122100K, committed 123904K, reserved 1179648K
  class space    used 17517K, committed 18304K, reserved 1048576K
}
Event: 996.215 GC heap before
{Heap before GC invocations=93 (full 0):
 garbage-first heap   total 1529856K, used 1319177K [0x0000000741800000, 0x0000000800000000)
  region size 2048K, 448 young (917504K), 3 survivors (6144K)
 Metaspace       used 122105K, committed 123904K, reserved 1179648K
  class space    used 17517K, committed 18304K, reserved 1048576K
}
Event: 996.223 GC heap after
{Heap after GC invocations=94 (full 0):
 garbage-first heap   total 1529856K, used 408377K [0x0000000741800000, 0x0000000800000000)
  region size 2048K, 3 young (6144K), 3 survivors (6144K)
 Metaspace       used 122105K, committed 123904K, reserved 1179648K
  class space    used 17517K, committed 18304K, reserved 1048576K
}

Dll operation events (16 events):
Event: 0.013 Loaded shared library F:\MCreator20241\jdk\bin\java.dll
Event: 0.039 Loaded shared library F:\MCreator20241\jdk\bin\jsvml.dll
Event: 0.281 Loaded shared library F:\MCreator20241\jdk\bin\net.dll
Event: 0.283 Loaded shared library F:\MCreator20241\jdk\bin\nio.dll
Event: 0.286 Loaded shared library F:\MCreator20241\jdk\bin\zip.dll
Event: 0.376 Loaded shared library F:\MCreator20241\jdk\bin\jimage.dll
Event: 0.997 Loaded shared library F:\MCreator20241\jdk\bin\verify.dll
Event: 5.323 Loaded shared library F:\MCreator20241\jdk\bin\management.dll
Event: 5.325 Loaded shared library F:\MCreator20241\jdk\bin\management_ext.dll
Event: 6.467 Loaded shared library C:\Users\JunZulaki\AppData\Local\Temp\lwjglJunZulaki\3.3.1-build-7\lwjgl.dll
Event: 7.711 Loaded shared library C:\Users\JunZulaki\AppData\Local\Temp\lwjglJunZulaki\3.3.1-build-7\lwjgl_stb.dll
Event: 7.842 Loaded shared library C:\Users\JunZulaki\AppData\Local\Temp\lwjglJunZulaki\3.3.1-build-7\lwjgl_opengl.dll
Event: 14.080 Loaded shared library C:\Users\JunZulaki\AppData\Local\Temp\jna--1328118383\jna5460073422371261202.dll
Event: 26.894 Loaded shared library F:\MCreator20241\jdk\bin\sunmscapi.dll
Event: 27.392 Loaded shared library F:\MCreator20241\jdk\bin\extnet.dll
Event: 570.453 Loaded shared library F:\MCreator20241\jdk\bin\awt.dll

Deoptimization events (20 events):
Event: 970.092 Thread 0x0000023f349b9e00 DEOPT PACKING pc=0x0000023ec6f8f7bd sp=0x00000049f13fe9e0
Event: 970.092 Thread 0x0000023f349b9e00 DEOPT UNPACKING pc=0x0000023ecc9f7143 sp=0x00000049f13fde78 mode 0
Event: 995.209 Thread 0x0000023ebd963b80 Uncommon trap: trap_request=0xffffff45 fr.pc=0x0000023ecdbeddbc relative=0x0000000000000b9c
Event: 995.209 Thread 0x0000023ebd963b80 Uncommon trap: reason=unstable_if action=reinterpret pc=0x0000023ecdbeddbc method=java.util.concurrent.ConcurrentLinkedQueue.first()Ljava/util/concurrent/ConcurrentLinkedQueue$Node; @ 54 c2
Event: 995.209 Thread 0x0000023ebd963b80 DEOPT PACKING pc=0x0000023ecdbeddbc sp=0x00000049ef9fdb30
Event: 995.209 Thread 0x0000023ebd963b80 DEOPT UNPACKING pc=0x0000023ecc9f69a3 sp=0x00000049ef9fd8e8 mode 2
Event: 995.315 Thread 0x0000023ebd963b80 DEOPT PACKING pc=0x0000023ec6a6534c sp=0x00000049ef9fda40
Event: 995.315 Thread 0x0000023ebd963b80 DEOPT UNPACKING pc=0x0000023ecc9f7143 sp=0x00000049ef9fcf18 mode 0
Event: 999.542 Thread 0x0000023ebd963b80 Uncommon trap: trap_request=0xffffff45 fr.pc=0x0000023ecdf2fa14 relative=0x00000000000005f4
Event: 999.542 Thread 0x0000023ebd963b80 Uncommon trap: reason=unstable_if action=reinterpret pc=0x0000023ecdf2fa14 method=java.lang.StringUTF16.newString([BII)Ljava/lang/String; @ 1 c2
Event: 999.542 Thread 0x0000023ebd963b80 DEOPT PACKING pc=0x0000023ecdf2fa14 sp=0x00000049ef9fdb00
Event: 999.542 Thread 0x0000023ebd963b80 DEOPT UNPACKING pc=0x0000023ecc9f69a3 sp=0x00000049ef9fdad0 mode 2
Event: 999.990 Thread 0x0000023ebd963b80 Uncommon trap: trap_request=0xffffff45 fr.pc=0x0000023eccfc4bf4 relative=0x00000000000007b4
Event: 999.990 Thread 0x0000023ebd963b80 Uncommon trap: reason=unstable_if action=reinterpret pc=0x0000023eccfc4bf4 method=java.lang.StringUTF16.newString([BII)Ljava/lang/String; @ 1 c2
Event: 999.990 Thread 0x0000023ebd963b80 DEOPT PACKING pc=0x0000023eccfc4bf4 sp=0x00000049ef9fc690
Event: 999.990 Thread 0x0000023ebd963b80 DEOPT UNPACKING pc=0x0000023ecc9f69a3 sp=0x00000049ef9fc5f8 mode 2
Event: 1001.808 Thread 0x0000023ebd963b80 Uncommon trap: trap_request=0xffffff45 fr.pc=0x0000023ecdcc8090 relative=0x00000000000000f0
Event: 1001.808 Thread 0x0000023ebd963b80 Uncommon trap: reason=unstable_if action=reinterpret pc=0x0000023ecdcc8090 method=net.minecraft.client.gui.components.AbstractWidget.render(Lnet/minecraft/client/gui/GuiGraphics;IIF)V @ 34 c2
Event: 1001.808 Thread 0x0000023ebd963b80 DEOPT PACKING pc=0x0000023ecdcc8090 sp=0x00000049ef9fdc00
Event: 1001.808 Thread 0x0000023ebd963b80 DEOPT UNPACKING pc=0x0000023ecc9f69a3 sp=0x00000049ef9fdb88 mode 2

Classes unloaded (0 events):
No events

Classes redefined (0 events):
No events

Internal exceptions (20 events):
Event: 905.917 Thread 0x0000023f3668ffa0 Exception <a 'sun/nio/fs/WindowsException'{0x000000078bb1a418}> (0x000000078bb1a418) 
thrown [s\src\hotspot\share\prims\jni.cpp, line 516]
Event: 905.919 Thread 0x0000023f3668e140 Exception <a 'sun/nio/fs/WindowsException'{0x00000007883092c8}> (0x00000007883092c8) 
thrown [s\src\hotspot\share\prims\jni.cpp, line 516]
Event: 905.921 Thread 0x0000023f3668ffa0 Exception <a 'sun/nio/fs/WindowsException'{0x000000078bb1f580}> (0x000000078bb1f580) 
thrown [s\src\hotspot\share\prims\jni.cpp, line 516]
Event: 905.923 Thread 0x0000023f3668ffa0 Exception <a 'sun/nio/fs/WindowsException'{0x000000078bb24468}> (0x000000078bb24468) 
thrown [s\src\hotspot\share\prims\jni.cpp, line 516]
Event: 905.925 Thread 0x0000023f3668e140 Exception <a 'sun/nio/fs/WindowsException'{0x0000000787e00c48}> (0x0000000787e00c48) 
thrown [s\src\hotspot\share\prims\jni.cpp, line 516]
Event: 905.926 Thread 0x0000023f3668ffa0 Exception <a 'sun/nio/fs/WindowsException'{0x000000078bb29350}> (0x000000078bb29350) 
thrown [s\src\hotspot\share\prims\jni.cpp, line 516]
Event: 905.928 Thread 0x0000023f3668e140 Exception <a 'sun/nio/fs/WindowsException'{0x0000000787e05b30}> (0x0000000787e05b30) 
thrown [s\src\hotspot\share\prims\jni.cpp, line 516]
Event: 905.929 Thread 0x0000023f3668ffa0 Exception <a 'sun/nio/fs/WindowsException'{0x000000078bb2e238}> (0x000000078bb2e238) 
thrown [s\src\hotspot\share\prims\jni.cpp, line 516]
Event: 905.931 Thread 0x0000023f3668e140 Exception <a 'sun/nio/fs/WindowsException'{0x0000000787e0ac58}> (0x0000000787e0ac58) 
thrown [s\src\hotspot\share\prims\jni.cpp, line 516]
Event: 905.932 Thread 0x0000023f3668ffa0 Exception <a 'sun/nio/fs/WindowsException'{0x000000078bb33120}> (0x000000078bb33120) 
thrown [s\src\hotspot\share\prims\jni.cpp, line 516]
Event: 905.934 Thread 0x0000023f3668e140 Exception <a 'sun/nio/fs/WindowsException'{0x0000000787e0fb40}> (0x0000000787e0fb40) 
thrown [s\src\hotspot\share\prims\jni.cpp, line 516]
Event: 905.957 Thread 0x0000023f3668ffa0 Exception <a 'sun/nio/fs/WindowsException'{0x000000078bb38288}> (0x000000078bb38288) 
thrown [s\src\hotspot\share\prims\jni.cpp, line 516]
Event: 917.142 Thread 0x0000023f3668ffa0 Exception <a 'sun/nio/fs/WindowsException'{0x000000078c705638}> (0x000000078c705638) 
thrown [s\src\hotspot\share\prims\jni.cpp, line 516]
Event: 919.643 Thread 0x0000023f3668ffa0 Exception <a 'sun/nio/fs/WindowsException'{0x000000078c70a7d8}> (0x000000078c70a7d8) 
thrown [s\src\hotspot\share\prims\jni.cpp, line 516]
Event: 926.452 Thread 0x0000023f36689040 Exception <a 'java/lang/NoSuchMethodError'{0x00000007ffb47708}: 'int java.lang.invoke.DirectMethodHandle$Holder.invokeInterface(java.lang.Object, java.lang.Object, int)'> (0x00000007ffb47708) 
thrown [s\src\hotspot\share\interpreter\linkResolver.cpp, line 759]
Event: 926.641 Thread 0x0000023f349ba310 Exception <a 'sun/nio/fs/WindowsException'{0x00000007fde04dc0}> (0x00000007fde04dc0) 
thrown [s\src\hotspot\share\prims\jni.cpp, line 516]
Event: 926.645 Thread 0x0000023f3668e140 Exception <a 'sun/nio/fs/WindowsException'{0x00000007fde059b8}> (0x00000007fde059b8) 
thrown [s\src\hotspot\share\prims\jni.cpp, line 516]
Event: 929.343 Thread 0x0000023f3668e140 Exception <a 'sun/nio/fs/WindowsException'{0x0000000796103a90}> (0x0000000796103a90) 
thrown [s\src\hotspot\share\prims\jni.cpp, line 516]
Event: 991.542 Thread 0x0000023f3668aea0 Exception <a 'sun/nio/fs/WindowsException'{0x000000078a8058f8}> (0x000000078a8058f8) 
thrown [s\src\hotspot\share\prims\jni.cpp, line 516]
Event: 1005.493 Thread 0x0000023f3668aea0 Exception <a 'sun/nio/fs/WindowsException'{0x0000000787c05910}> (0x0000000787c05910) 
thrown [s\src\hotspot\share\prims\jni.cpp, line 516]

VM Operations (20 events):
Event: 985.679 Executing VM operation: Cleanup
Event: 985.680 Executing VM operation: Cleanup done
Event: 995.683 Executing VM operation: Cleanup
Event: 995.683 Executing VM operation: Cleanup done
Event: 996.215 Executing VM operation: G1CollectForAllocation
Event: 996.223 Executing VM operation: G1CollectForAllocation done
Event: 997.370 Executing VM operation: G1PauseRemark
Event: 997.384 Executing VM operation: G1PauseRemark done
Event: 997.881 Executing VM operation: G1PauseCleanup
Event: 997.881 Executing VM operation: G1PauseCleanup done
Event: 999.881 Executing VM operation: Cleanup
Event: 999.881 Executing VM operation: Cleanup done
Event: 1000.882 Executing VM operation: Cleanup
Event: 1000.882 Executing VM operation: Cleanup done
Event: 1001.882 Executing VM operation: Cleanup
Event: 1001.882 Executing VM operation: Cleanup done
Event: 1003.884 Executing VM operation: Cleanup
Event: 1003.884 Executing VM operation: Cleanup done
Event: 1005.885 Executing VM operation: Cleanup
Event: 1005.886 Executing VM operation: Cleanup done

Events (20 events):
Event: 837.584 Thread 0x0000023eddb0fa90 flushing nmethod 0x0000023ec721fe10
Event: 837.584 Thread 0x0000023eddb0fa90 flushing nmethod 0x0000023ec72d3590
Event: 837.584 Thread 0x0000023eddb0fa90 flushing nmethod 0x0000023ec7304c90
Event: 837.584 Thread 0x0000023eddb0fa90 flushing nmethod 0x0000023ec7307990
Event: 837.584 Thread 0x0000023eddb0fa90 flushing nmethod 0x0000023ec7337c10
Event: 837.585 Thread 0x0000023eddb0fa90 flushing nmethod 0x0000023ec7365890
Event: 844.678 Thread 0x0000023f256487c0 Thread exited: 0x0000023f256487c0
Event: 871.576 Thread 0x0000023f23da0310 Thread added: 0x0000023f23da0310
Event: 871.615 Thread 0x0000023f3668ffa0 Thread added: 0x0000023f3668ffa0
Event: 872.394 Thread 0x0000023f23da0310 Thread exited: 0x0000023f23da0310
Event: 905.770 Thread 0x0000023f23da3830 Thread added: 0x0000023f23da3830
Event: 907.150 Thread 0x0000023f23da3830 Thread exited: 0x0000023f23da3830
Event: 925.715 Thread 0x0000023f23da0310 Thread added: 0x0000023f23da0310
Event: 925.986 Thread 0x0000023f366904b0 Thread added: 0x0000023f366904b0
Event: 926.021 Thread 0x0000023f36689040 Thread added: 0x0000023f36689040
Event: 926.752 Thread 0x0000023eddb0fa90 flushing nmethod 0x0000023ec719f290
Event: 927.052 Thread 0x0000023f23da0310 Thread exited: 0x0000023f23da0310
Event: 986.779 Thread 0x0000023f3668ffa0 Thread exited: 0x0000023f3668ffa0
Event: 989.345 Thread 0x0000023f3668e140 Thread exited: 0x0000023f3668e140
Event: 991.540 Thread 0x0000023f3668aea0 Thread added: 0x0000023f3668aea0


Dynamic libraries:
0x00007ff65f910000 - 0x00007ff65f91e000 	F:\MCreator20241\jdk\bin\java.exe
0x00007fff0c0b0000 - 0x00007fff0c2a9000 	C:\Windows\SYSTEM32\ntdll.dll
0x00007fff0bde0000 - 0x00007fff0bea2000 	C:\Windows\System32\KERNEL32.DLL
0x00007fff09bd0000 - 0x00007fff09ec7000 	C:\Windows\System32\KERNELBASE.dll
0x00007fff099a0000 - 0x00007fff09aa0000 	C:\Windows\System32\ucrtbase.dll
0x00007ffecb8b0000 - 0x00007ffecb8c7000 	F:\MCreator20241\jdk\bin\jli.dll
0x00007ffec3660000 - 0x00007ffec367b000 	F:\MCreator20241\jdk\bin\VCRUNTIME140.dll
0x00007fff0a230000 - 0x00007fff0a3cd000 	C:\Windows\System32\USER32.dll
0x00007fff09f20000 - 0x00007fff09f42000 	C:\Windows\System32\win32u.dll
0x00007fff0b540000 - 0x00007fff0b56b000 	C:\Windows\System32\GDI32.dll
0x00007fff097d0000 - 0x00007fff098ea000 	C:\Windows\System32\gdi32full.dll
0x00007fff09b30000 - 0x00007fff09bcd000 	C:\Windows\System32\msvcp_win.dll
0x00007ffef43e0000 - 0x00007ffef467b000 	C:\Windows\WinSxS\amd64_microsoft.windows.common-controls_6595b64144ccf1df_6.0.19041.7663_none_60b9ed0b71f50c93\COMCTL32.dll
0x00007fff0b4a0000 - 0x00007fff0b53e000 	C:\Windows\System32\msvcrt.dll
0x00007fff0b610000 - 0x00007fff0b63f000 	C:\Windows\System32\IMM32.DLL
0x00007ffee6240000 - 0x00007ffee624c000 	F:\MCreator20241\jdk\bin\vcruntime140_1.dll
0x00007ffec35a0000 - 0x00007ffec362d000 	F:\MCreator20241\jdk\bin\msvcp140.dll
0x00007ffebaf80000 - 0x00007ffebbbe2000 	F:\MCreator20241\jdk\bin\server\jvm.dll
0x00007fff0a170000 - 0x00007fff0a222000 	C:\Windows\System32\ADVAPI32.dll
0x00007fff0b570000 - 0x00007fff0b610000 	C:\Windows\System32\sechost.dll
0x00007fff0b640000 - 0x00007fff0b766000 	C:\Windows\System32\RPCRT4.dll
0x00007fff09970000 - 0x00007fff09997000 	C:\Windows\System32\bcrypt.dll
0x00007fff09570000 - 0x00007fff095bb000 	C:\Windows\SYSTEM32\POWRPROF.dll
0x00007ffecd2d0000 - 0x00007ffecd2d9000 	C:\Windows\SYSTEM32\WSOCK32.dll
0x00007fff0b430000 - 0x00007fff0b49b000 	C:\Windows\System32\WS2_32.dll
0x00007ffeffb10000 - 0x00007ffeffb37000 	C:\Windows\SYSTEM32\WINMM.dll
0x00007fff02af0000 - 0x00007fff02afa000 	C:\Windows\SYSTEM32\VERSION.dll
0x00007fff09550000 - 0x00007fff09562000 	C:\Windows\SYSTEM32\UMPDC.dll
0x00007fff07f50000 - 0x00007fff07f62000 	C:\Windows\SYSTEM32\kernel.appcore.dll
0x00007ffeccfd0000 - 0x00007ffeccfda000 	F:\MCreator20241\jdk\bin\jimage.dll
0x00007fff07a70000 - 0x00007fff07c71000 	C:\Windows\SYSTEM32\DBGHELP.DLL
0x00007fff01640000 - 0x00007fff01674000 	C:\Windows\SYSTEM32\dbgcore.DLL
0x00007fff09aa0000 - 0x00007fff09b22000 	C:\Windows\System32\bcryptPrimitives.dll
0x00007ffec3530000 - 0x00007ffec3555000 	F:\MCreator20241\jdk\bin\java.dll
0x00007ffec1cf0000 - 0x00007ffec1dc7000 	F:\MCreator20241\jdk\bin\jsvml.dll
0x00007fff0abd0000 - 0x00007fff0b341000 	C:\Windows\System32\SHELL32.dll
0x00007fff071a0000 - 0x00007fff0794c000 	C:\Windows\SYSTEM32\windows.storage.dll
0x00007fff0ba80000 - 0x00007fff0bdd3000 	C:\Windows\System32\combase.dll
0x00007fff09070000 - 0x00007fff0909b000 	C:\Windows\SYSTEM32\Wldp.dll
0x00007fff0b880000 - 0x00007fff0b956000 	C:\Windows\System32\OLEAUT32.dll
0x00007fff0ab20000 - 0x00007fff0abcd000 	C:\Windows\System32\SHCORE.dll
0x00007fff0b3d0000 - 0x00007fff0b42b000 	C:\Windows\System32\shlwapi.dll
0x00007fff09640000 - 0x00007fff09665000 	C:\Windows\SYSTEM32\profapi.dll
0x00007ffec2fb0000 - 0x00007ffec2fc9000 	F:\MCreator20241\jdk\bin\net.dll
0x00007fff021c0000 - 0x00007fff022cd000 	C:\Windows\SYSTEM32\WINHTTP.dll
0x00007fff08da0000 - 0x00007fff08e0a000 	C:\Windows\system32\mswsock.dll
0x00007ffec2e10000 - 0x00007ffec2e26000 	F:\MCreator20241\jdk\bin\nio.dll
0x00007ffec1cd0000 - 0x00007ffec1ce8000 	F:\MCreator20241\jdk\bin\zip.dll
0x00007ffeef170000 - 0x00007ffeef180000 	F:\MCreator20241\jdk\bin\verify.dll
0x00007ffecc650000 - 0x00007ffecc659000 	F:\MCreator20241\jdk\bin\management.dll
0x00007ffecbe10000 - 0x00007ffecbe1b000 	F:\MCreator20241\jdk\bin\management_ext.dll
0x00007fff0ab10000 - 0x00007fff0ab18000 	C:\Windows\System32\PSAPI.DLL
0x00007ffef2090000 - 0x00007ffef20a7000 	C:\Windows\system32\napinsp.dll
0x00007ffef1f60000 - 0x00007ffef1f7b000 	C:\Windows\system32\pnrpnsp.dll
0x00007fff056f0000 - 0x00007fff0570d000 	C:\Windows\system32\wshbth.dll
0x00007fff04c40000 - 0x00007fff04c5d000 	C:\Windows\system32\NLAapi.dll
0x00007fff08a80000 - 0x00007fff08abb000 	C:\Windows\SYSTEM32\IPHLPAPI.DLL
0x00007fff08ac0000 - 0x00007fff08b8c000 	C:\Windows\SYSTEM32\DNSAPI.dll
0x00007fff0a0d0000 - 0x00007fff0a0d8000 	C:\Windows\System32\NSI.dll
0x00007ffef1ea0000 - 0x00007ffef1eb2000 	C:\Windows\System32\winrnr.dll
0x00007ffefd680000 - 0x00007ffefd68a000 	C:\Windows\System32\rasadhlp.dll
0x00007ffefed90000 - 0x00007ffefee10000 	C:\Windows\System32\fwpuclnt.dll
0x00007ffef86c0000 - 0x00007ffef8735000 	C:\Users\JunZulaki\AppData\Local\Temp\lwjglJunZulaki\3.3.1-build-7\lwjgl.dll
0x00007ffef8650000 - 0x00007ffef86b1000 	C:\Users\JUNZUL~1\AppData\Local\Temp\lwjglJunZulaki\3.3.1-build-7\glfw.dll
0x00007ffef8600000 - 0x00007ffef8645000 	C:\Windows\SYSTEM32\dinput8.dll
0x00007ffefe1a0000 - 0x00007ffefe1b1000 	C:\Windows\SYSTEM32\xinput1_4.dll
0x00007fff09ed0000 - 0x00007fff09f1e000 	C:\Windows\System32\cfgmgr32.dll
0x00007fff093d0000 - 0x00007fff09403000 	C:\Windows\SYSTEM32\DEVOBJ.dll
0x00007fff06490000 - 0x00007fff064be000 	C:\Windows\SYSTEM32\dwmapi.dll
0x00007ffee62d0000 - 0x00007ffee6422000 	C:\Windows\SYSTEM32\inputhost.dll
0x00007fff04b00000 - 0x00007fff04bf2000 	C:\Windows\SYSTEM32\CoreMessaging.dll
0x00007fff05b70000 - 0x00007fff05c6a000 	C:\Windows\SYSTEM32\PROPSYS.dll
0x00007fff04db0000 - 0x00007fff04f07000 	C:\Windows\SYSTEM32\wintypes.dll
0x00007fff04680000 - 0x00007fff049db000 	C:\Windows\SYSTEM32\CoreUIComponents.dll
0x00007fff08910000 - 0x00007fff08943000 	C:\Windows\SYSTEM32\ntmarta.dll
0x00007fff06180000 - 0x00007fff0621e000 	C:\Windows\system32\uxtheme.dll
0x00007fff0b960000 - 0x00007fff0ba76000 	C:\Windows\System32\MSCTF.dll
0x00007ffecd8d0000 - 0x00007ffecd9f9000 	C:\Windows\SYSTEM32\opengl32.dll
0x00007ffecd860000 - 0x00007ffecd88c000 	C:\Windows\SYSTEM32\GLU32.dll
0x00007fff0b7d0000 - 0x00007fff0b879000 	C:\Windows\System32\clbcatq.dll
0x00007ffe5aaf0000 - 0x00007ffe5d444000 	C:\Windows\System32\DriverStore\FileRepository\nvami.inf_amd64_5157a9d8cfc51046\nvoglv64.dll
0x00007fff0a3d0000 - 0x00007fff0a840000 	C:\Windows\System32\SETUPAPI.dll
0x00007fff0a900000 - 0x00007fff0aa2b000 	C:\Windows\System32\ole32.dll
0x00007fff04ae0000 - 0x00007fff04af4000 	C:\Windows\SYSTEM32\WTSAPI32.dll
0x00007fff09200000 - 0x00007fff09212000 	C:\Windows\SYSTEM32\msasn1.dll
0x00007fff02050000 - 0x00007fff02081000 	C:\Windows\SYSTEM32\cryptnet.dll
0x00007fff09f50000 - 0x00007fff0a0ad000 	C:\Windows\System32\CRYPT32.dll
0x00007fff08fe0000 - 0x00007fff08fec000 	C:\Windows\SYSTEM32\cryptbase.dll
0x00007fff01790000 - 0x00007fff018d8000 	C:\Windows\SYSTEM32\drvstore.dll
0x00007fff098f0000 - 0x00007fff09964000 	C:\Windows\System32\WINTRUST.dll
0x00007fff0a0b0000 - 0x00007fff0a0cd000 	C:\Windows\System32\imagehlp.dll
0x00007fff08fc0000 - 0x00007fff08fd8000 	C:\Windows\SYSTEM32\CRYPTSP.dll
0x00007fff086c0000 - 0x00007fff086f8000 	C:\Windows\system32\rsaenh.dll
0x00007ffedcbf0000 - 0x00007ffee0984000 	C:\Windows\System32\DriverStore\FileRepository\nvami.inf_amd64_5157a9d8cfc51046\nvgpucomp64.dll
0x00007ffefc3d0000 - 0x00007ffefc40b000 	C:\Windows\SYSTEM32\dxcore.dll
0x00007fff09440000 - 0x00007fff0949b000 	C:\Windows\SYSTEM32\WINSTA.dll
0x00007fff07f70000 - 0x00007fff08066000 	C:\Windows\system32\dxgi.dll
0x00007fff07c80000 - 0x00007fff07ee4000 	C:\Windows\system32\d3d11.dll
0x00007ffee3490000 - 0x00007ffee3554000 	C:\Windows\System32\DriverStore\FileRepository\nvami.inf_amd64_5157a9d8cfc51046\nvldumdx.dll
0x00007ffedcb10000 - 0x00007ffedcbee000 	C:\Windows\System32\DriverStore\FileRepository\nvami.inf_amd64_5157a9d8cfc51046\NvMemMapStoragex.dll
0x00007ffed71d0000 - 0x00007ffedca06000 	C:\Windows\System32\DriverStore\FileRepository\nvami.inf_amd64_5157a9d8cfc51046\nvwgf2umx.dll
0x00007ffee32d0000 - 0x00007ffee3487000 	C:\Windows\System32\DriverStore\FileRepository\nvami.inf_amd64_5157a9d8cfc51046\nvppex.dll
0x00007ffefc7f0000 - 0x00007ffefcd76000 	C:\Windows\SYSTEM32\nvapi64.dll
0x00007ffef97b0000 - 0x00007ffefa70d000 	C:\Windows\SYSTEM32\igd10iumd64.dll
0x00007fff090e0000 - 0x00007fff09107000 	C:\Windows\SYSTEM32\ncrypt.dll
0x00007fff05280000 - 0x00007fff05314000 	C:\Windows\SYSTEM32\apphelp.dll
0x00007fff090a0000 - 0x00007fff090db000 	C:\Windows\SYSTEM32\NTASN1.dll
0x00007ffef3100000 - 0x00007ffef3b3f000 	C:\Windows\SYSTEM32\igdusc64.dll
0x00007fff04100000 - 0x00007fff042e5000 	C:\Windows\SYSTEM32\dcomp.dll
0x00007ffee3070000 - 0x00007ffee32c9000 	C:\Users\JUNZUL~1\AppData\Local\Temp\lwjglJunZulaki\3.3.1-build-7\jemalloc.dll
0x00007ffeeefd0000 - 0x00007ffeef051000 	C:\Users\JunZulaki\AppData\Local\Temp\lwjglJunZulaki\3.3.1-build-7\lwjgl_stb.dll
0x00007ffee6930000 - 0x00007ffee6a29000 	C:\Windows\SYSTEM32\textinputframework.dll
0x00007ffef27c0000 - 0x00007ffef2826000 	C:\Windows\system32\Oleacc.dll
0x00007ffeedcd0000 - 0x00007ffeedd2d000 	C:\Users\JunZulaki\AppData\Local\Temp\lwjglJunZulaki\3.3.1-build-7\lwjgl_opengl.dll
0x00007ffeca0b0000 - 0x00007ffeca101000 	C:\Windows\SYSTEM32\pdh.dll
0x00007fff05e50000 - 0x00007fff05e5f000 	C:\Windows\System32\perfproc.dll
0x00007ffee9790000 - 0x00007ffee979f000 	C:\Windows\System32\perfos.dll
0x00007fff09600000 - 0x00007fff0962e000 	C:\Windows\SYSTEM32\USERENV.dll
0x00007fff02720000 - 0x00007fff02737000 	C:\Windows\SYSTEM32\dhcpcsvc6.DLL
0x00007fff02b60000 - 0x00007fff02b7e000 	C:\Windows\SYSTEM32\dhcpcsvc.DLL
0x00007ffeef980000 - 0x00007ffeef9c0000 	C:\Users\JunZulaki\AppData\Local\Temp\jna--1328118383\jna5460073422371261202.dll
0x00007ffefb6b0000 - 0x00007ffefb6cf000 	C:\Windows\SYSTEM32\amsi.dll
0x00007ffeef870000 - 0x00007ffeef87e000 	F:\MCreator20241\jdk\bin\sunmscapi.dll
0x00007ffee6250000 - 0x00007ffee6259000 	F:\MCreator20241\jdk\bin\extnet.dll
0x00007fff003e0000 - 0x00007fff0048e000 	C:\Windows\SYSTEM32\mscms.dll
0x00007fff00250000 - 0x00007fff00261000 	C:\Windows\SYSTEM32\ColorAdapterClient.dll
0x00007ffed4af0000 - 0x00007ffed4b36000 	C:\Windows\SYSTEM32\icm32.dll
0x00007ffe53c90000 - 0x00007ffe53e27000 	C:\Users\JUNZUL~1\AppData\Local\Temp\lwjglJunZulaki\3.3.1-build-7\OpenAL.dll

dbghelp: loaded successfully - version: 4.0.5 - missing functions: none
symbol engine: initialized successfully - sym options: 0x614 - pdb path: .;F:\MCreator20241\jdk\bin;C:\Windows\SYSTEM32;C:\Windows\WinSxS\amd64_microsoft.windows.common-controls_6595b64144ccf1df_6.0.19041.7663_none_60b9ed0b71f50c93;F:\MCreator20241\jdk\bin\server;C:\Users\JunZulaki\AppData\Local\Temp\lwjglJunZulaki\3.3.1-build-7;C:\Users\JUNZUL~1\AppData\Local\Temp\lwjglJunZulaki\3.3.1-build-7;C:\Windows\System32\DriverStore\FileRepository\nvami.inf_amd64_5157a9d8cfc51046;C:\Users\JunZulaki\AppData\Local\Temp\jna--1328118383;C:\Windows\System32\Speech\Common

VM Arguments:
jvm_args: -Dforge.enableGameTest=true -Dforge.logging.console.level=debug -Dforge.logging.markers=REGISTRIES -DignoreList=bootstraplauncher,securejarhandler,asm-commons,asm-util,asm-analysis,asm-tree,asm,JarJarFileSystems,client-extra,fmlcore,javafmllanguage,lowcodelanguage,mclanguage,forge- -Djava.net.preferIPv6Addresses=system -DlegacyClassPath.file=F:\MCreatorWorkspace\JunjieTrafficMod\build\classpath\runClient_minecraftClasspath.txt -DmergeModules=jna-5.10.0.jar,jna-platform-5.10.0.jar --module-path=C:\Users\JunZulaki\.mcreator\gradle\caches\modules-2\files-2.1\cpw.mods\bootstraplauncher\1.1.2\c546e00443d8432cda6baa1c860346980742628\bootstraplauncher-1.1.2.jar;C:\Users\JunZulaki\.mcreator\gradle\caches\modules-2\files-2.1\cpw.mods\securejarhandler\2.1.10\51e6a22c6c716beb11e244bf5b8be480f51dd6b5\securejarhandler-2.1.10.jar;C:\Users\JunZulaki\.mcreator\gradle\caches\modules-2\files-2.1\org.ow2.asm\asm-commons\9.5\19ab5b5800a3910d30d3a3e64fdb00fd0cb42de0\asm-commons-9.5.jar;C:\Users\JunZulaki\.mcreator\gradle\caches\modules-2\files-2.1\org.ow2.asm\asm-util\9.5\64b5a1fc8c1b15ed2efd6a063e976bc8d3dc5ffe\asm-util-9.5.jar;C:\Users\JunZulaki\.mcreator\gradle\caches\modules-2\files-2.1\org.ow2.asm\asm-analysis\9.5\490bacc77de7cbc0be1a30bb3471072d705be4a4\asm-analysis-9.5.jar;C:\Users\JunZulaki\.mcreator\gradle\caches\modules-2\files-2.1\org.ow2.asm\asm-tree\9.5\fd33c8b6373abaa675be407082fdfda35021254a\asm-tree-9.5.jar;C:\Users\JunZulaki\.mcreator\gradle\caches\modules-2\files-2.1\org.ow2.asm\asm\9.5\dc6ea1875f4d64fbc85e1691c95b96a3d8569c90\asm-9.5.jar;C:\Users\JunZulaki\.mcreator\gradle\caches\modules-2\files-2.1\net.minecraftforge\JarJarFileSystems\0.3.19\2464eb7d6b9ddb9db36a82cf8a95193e5c6fe020\JarJarFileSystems-0.3.19.jar --add-modules=ALL-MODULE-PATH --add-opens=java.base/java.util.jar=cpw.mods.securejarhandler --add-opens=java.base/java.lang.invoke=cpw.mods.securejarhandler --add-exports=java.base/sun.security.util=cpw.mods.securejarhandler --add-exports=jdk.naming.dns/com.sun.jndi.dns=java.naming -XX:HeapDumpPath=MojangTricksIntelDriversForPerformance_javaw.exe_minecraft.exe.heapdump -Dfile.encoding=UTF-8 -Duser.country=CN -Duser.language=zh -Duser.variant 
java_command: cpw.mods.bootstraplauncher.BootstrapLauncher --launchTarget forgeclientuserdev --version MOD_DEV --assetIndex 5 --assetsDir C:\Users\JunZulaki\.mcreator\gradle\caches\forge_gradle\assets --gameDir . --fml.forgeVersion 47.2.0 --fml.mcVersion 1.20.1 --fml.forgeGroup net.minecraftforge --fml.mcpVersion 20230612.114412
java_class_path (initial): F:\MCreatorWorkspace\JunjieTrafficMod\build\classes\java\main;F:\MCreatorWorkspace\JunjieTrafficMod\build\resources\main;C:\Users\JunZulaki\.mcreator\gradle\caches\forge_gradle\minecraft_user_repo\net\minecraftforge\forge\1.20.1-47.2.0_mapped_official_1.20.1\forge-1.20.1-47.2.0_mapped_official_1.20.1-recomp.jar;C:\Users\JunZulaki\.mcreator\gradle\caches\forge_gradle\minecraft_repo\versions\1.20.1\client-extra.jar;C:\Users\JunZulaki\.mcreator\gradle\caches\modules-2\files-2.1\net.minecraftforge\fmlearlydisplay\1.20.1-47.2.0\4c56a03dcedcb909c7eaa8469dd5a36c493a0008\fmlearlydisplay-1.20.1-47.2.0.jar;C:\Users\JunZulaki\.mcreator\gradle\caches\modules-2\files-2.1\net.minecraftforge\javafmllanguage\1.20.1-47.2.0\7f9181f85acc66547685a72020713fc8cbde98\javafmllanguage-1.20.1-47.2.0.jar;C:\Users\JunZulaki\.mcreator\gradle\caches\modules-2\files-2.1\net.minecraftforge\lowcodelanguage\1.20.1-47.2.0\7872f5205685fdd26fae39b1be79b0e60ca5b7bd\lowcodelanguage-1.20.1-47.2.0.jar;C:\Users\JunZulaki\.mcreator\gradle\caches\modules-2\files-2.1\net.minecraftforge\mclanguage\1.20.1-47.2.0\d501d161cabed08b3c139a2c6217b02a39f3c3e9\mclanguage-1.20.1-47.2.0.jar;C:\Users\JunZulaki\.mcreator\gradle\caches\modules-2\files-2.1\net.minecraftforge\fmlcore\1.20.1-47.2.0\ffd3c6debac0a388c9e33ac43c9f5eafb91cb466\fmlcore-1.20.1-47.2.0.jar;C:\Users\JunZulaki\.mcreator\gradle\caches\modules-2\files-2.1\net.minecraftforge\fmlloader\1.20.1-47.2.0\7811231940c0a8b6008453bbc64fdf7fa1280fe9\fmlloader-1.20.1-47.2.0.jar;C:\Users\JunZulaki\.mcreator\gradle\caches\modules-2\files-2.1\net.minecraftforge\JarJarSelector\0.3.19\376cc9c8ea60720cf027c01fc033de915699801c\JarJarSelector-0.3.19.jar;C:\Users\JunZulaki\.mcreator\gradle\caches\modules-2\files-2.1\net.minecraftforge\JarJarMetadata\0.3.19\83feaa9b770e6ac0e96ee4fc23fa89325c5fe2\JarJarMetadata-0.3.19.jar;C:\Users\JunZulaki\.mcreator\gradle\caches\modules-2\files-2.1\com.google.guava\guava\31.1-jre\60458f877d055d0c9114d9e1a2efb737b4bc2
Launcher Type: SUN_STANDARD

[Global flags]
     intx CICompilerCount                          = 3                                         {product} {ergonomic}
     uint ConcGCThreads                            = 1                                         {product} {ergonomic}
     uint G1ConcRefinementThreads                  = 4                                         {product} {ergonomic}
   size_t G1HeapRegionSize                         = 2097152                                   {product} {ergonomic}
    uintx GCDrainStackTargetSize                   = 64                                        {product} {ergonomic}
    ccstr HeapDumpPath                             = MojangTricksIntelDriversForPerformance_javaw.exe_minecraft.exe.heapdump         {manageable} {command line}
   size_t InitialHeapSize                          = 201326592                                 {product} {ergonomic}
   size_t MarkStackSize                            = 4194304                                   {product} {ergonomic}
   size_t MaxHeapSize                              = 3196059648                                {product} {ergonomic}
   size_t MaxNewSize                               = 1916796928                                {product} {ergonomic}
   size_t MinHeapDeltaBytes                        = 2097152                                   {product} {ergonomic}
   size_t MinHeapSize                              = 8388608                                   {product} {ergonomic}
    uintx NonNMethodCodeHeapSize                   = 5832780                                {pd product} {ergonomic}
    uintx NonProfiledCodeHeapSize                  = 122912730                              {pd product} {ergonomic}
    uintx ProfiledCodeHeapSize                     = 122912730                              {pd product} {ergonomic}
    uintx ReservedCodeCacheSize                    = 251658240                              {pd product} {ergonomic}
     bool SegmentedCodeCache                       = true                                      {product} {ergonomic}
   size_t SoftMaxHeapSize                          = 3196059648                             {manageable} {ergonomic}
     bool UseCompressedClassPointers               = true                           {product lp64_product} {ergonomic}
     bool UseCompressedOops                        = true                           {product lp64_product} {ergonomic}
     bool UseG1GC                                  = true                                      {product} {ergonomic}
     bool UseLargePagesIndividualAllocation        = false                                  {pd product} {ergonomic}

Logging:
Log output configuration:
 #0: stdout all=warning uptime,level,tags
 #1: stderr all=off uptime,level,tags

Environment Variables:
JAVA_HOME=F:\MCreator20241\jdk
PATH=C:\Windows\system32;C:\Windows;C:\Windows\System32\Wbem;C:\Windows\System32\WindowsPowerShell\v1.0\;C:\Windows\System32\OpenSSH\;C:\Program Files\dotnet\;C:\Program Files (x86)\NVIDIA Corporation\PhysX\Common;C:\Program Files\nodejs\;C:\Program Files (x86)\Microsoft SDKs\TypeScript\1.0\;C:\Users\JunZulaki\AppData\Local\Microsoft\WindowsApps;C:\Users\JunZulaki\AppData\Local\Programs\Microsoft VS Code\bin;C:\Users\JunZulaki\AppData\Roaming\npm;F:\MCreator20241\jdk\bin
USERNAME=JunZulaki
OS=Windows_NT
PROCESSOR_IDENTIFIER=Intel64 Family 6 Model 61 Stepping 4, GenuineIntel
TMP=C:\Users\JUNZUL~1\AppData\Local\Temp
TEMP=C:\Users\JUNZUL~1\AppData\Local\Temp



Periodic native trim disabled


---------------  S Y S T E M  ---------------

OS:
 Windows 10 , 64 bit Build 19041 (10.0.19041.7663)
OS uptime: 0 days 1:15 hours

CPU: total 4 (initial active 4) (2 cores per cpu, 2 threads per core) family 6 model 61 stepping 4 microcode 0x2d, cx8, cmov, fxsr, ht, mmx, 3dnowpref, sse, sse2, sse3, ssse3, sse4.1, sse4.2, popcnt, lzcnt, tsc, tscinvbit, avx, avx2, aes, erms, clmul, bmi1, bmi2, adx, fma, vzeroupper, clflush
Processor Information for all 4 processors :
  Max Mhz: 2397, Current Mhz: 2397, Mhz Limit: 2397

Memory: 4k page, system-wide physical 12190M (1155M free)
TotalPageFile size 18078M (AvailPageFile size 5097M)
current process WorkingSet (physical memory assigned to process): 2118M, peak: 2342M
current process commit charge ("private bytes"): 2590M, peak: 2834M

vm_info: OpenJDK 64-Bit Server VM (17.0.10+7) for windows-amd64 JRE (17.0.10+7), built on Jan 16 2024 23:25:11 by "admin" with MS VC++ 16.10 / 16.11 (VS2019)

END.
