#
# A fatal error has been detected by the Java Runtime Environment:
#
#  EXCEPTION_ACCESS_VIOLATION (0xc0000005) at pc=0x0000000000000002, pid=5944, tid=8104
#
# JRE version: OpenJDK Runtime Environment Temurin-17.0.10+7 (17.0.10+7) (build 17.0.10+7)
# Java VM: OpenJDK 64-Bit Server VM Temurin-17.0.10+7 (17.0.10+7, mixed mode, sharing, tiered, compressed oops, compressed class ptrs, g1 gc, windows-amd64)
# Problematic frame:
# V  [jvm.dll+0x316cc8]
#
# No core dump will be written. Minidumps are not enabled by default on client versions of Windows
#
# If you would like to submit a bug report, please visit:
#   https://github.com/adoptium/adoptium-support/issues
#

---------------  S U M M A R Y ------------

Command Line: -Dforge.enableGameTest=true -Dforge.logging.console.level=debug -Dforge.logging.markers=REGISTRIES -DignoreList=bootstraplauncher,securejarhandler,asm-commons,asm-util,asm-analysis,asm-tree,asm,JarJarFileSystems,client-extra,fmlcore,javafmllanguage,lowcodelanguage,mclanguage,forge- -Djava.net.preferIPv6Addresses=system -DlegacyClassPath.file=F:\MCreatorWorkspace\JunjieTrafficMod\build\classpath\runClient_minecraftClasspath.txt -DmergeModules=jna-5.10.0.jar,jna-platform-5.10.0.jar --module-path=C:\Users\JunZulaki\.mcreator\gradle\caches\modules-2\files-2.1\cpw.mods\bootstraplauncher\1.1.2\c546e00443d8432cda6baa1c860346980742628\bootstraplauncher-1.1.2.jar;C:\Users\JunZulaki\.mcreator\gradle\caches\modules-2\files-2.1\cpw.mods\securejarhandler\2.1.10\51e6a22c6c716beb11e244bf5b8be480f51dd6b5\securejarhandler-2.1.10.jar;C:\Users\JunZulaki\.mcreator\gradle\caches\modules-2\files-2.1\org.ow2.asm\asm-commons\9.5\19ab5b5800a3910d30d3a3e64fdb00fd0cb42de0\asm-commons-9.5.jar;C:\Users\JunZulaki\.mcreator\gradle\caches\modules-2\files-2.1\org.ow2.asm\asm-util\9.5\64b5a1fc8c1b15ed2efd6a063e976bc8d3dc5ffe\asm-util-9.5.jar;C:\Users\JunZulaki\.mcreator\gradle\caches\modules-2\files-2.1\org.ow2.asm\asm-analysis\9.5\490bacc77de7cbc0be1a30bb3471072d705be4a4\asm-analysis-9.5.jar;C:\Users\JunZulaki\.mcreator\gradle\caches\modules-2\files-2.1\org.ow2.asm\asm-tree\9.5\fd33c8b6373abaa675be407082fdfda35021254a\asm-tree-9.5.jar;C:\Users\JunZulaki\.mcreator\gradle\caches\modules-2\files-2.1\org.ow2.asm\asm\9.5\dc6ea1875f4d64fbc85e1691c95b96a3d8569c90\asm-9.5.jar;C:\Users\JunZulaki\.mcreator\gradle\caches\modules-2\files-2.1\net.minecraftforge\JarJarFileSystems\0.3.19\2464eb7d6b9ddb9db36a82cf8a95193e5c6fe020\JarJarFileSystems-0.3.19.jar --add-modules=ALL-MODULE-PATH --add-opens=java.base/java.util.jar=cpw.mods.securejarhandler --add-opens=java.base/java.lang.invoke=cpw.mods.securejarhandler --add-exports=java.base/sun.security.util=cpw.mods.securejarhandler --add-exports=jdk.naming.dns/com.sun.jndi.dns=java.naming -XX:HeapDumpPath=MojangTricksIntelDriversForPerformance_javaw.exe_minecraft.exe.heapdump -Dfile.encoding=UTF-8 -Duser.country=CN -Duser.language=zh -Duser.variant cpw.mods.bootstraplauncher.BootstrapLauncher --launchTarget forgeclientuserdev --version MOD_DEV --assetIndex 5 --assetsDir C:\Users\JunZulaki\.mcreator\gradle\caches\forge_gradle\assets --gameDir . --fml.forgeVersion 47.2.0 --fml.mcVersion 1.20.1 --fml.forgeGroup net.minecraftforge --fml.mcpVersion 20230612.114412

Host: Intel(R) Core(TM) i7-5500U CPU @ 2.40GHz, 4 cores, 11G,  Windows 10 , 64 bit Build 19041 (10.0.19041.7663)
Time: Fri Sep 11 22:08:04 2026  Windows 10 , 64 bit Build 19041 (10.0.19041.7663) elapsed time: 832.858142 seconds (0d 0h 13m 52s)

---------------  T H R E A D  ---------------

Current thread (0x000001a3759dc7a0):  ConcurrentGCThread "G1 Conc#0" [stack: 0x00000027a1400000,0x00000027a1500000] [id=8104]

Stack: [0x00000027a1400000,0x00000027a1500000],  sp=0x00000027a14ff660,  free space=1021k
Native frames: (J=compiled Java code, j=interpreted, Vv=VM code, C=native code)
C  0x0000000000000002


siginfo: EXCEPTION_ACCESS_VIOLATION (0xc0000005), data execution prevention violation at address 0x0000000000000002


Registers:
RAX=0x00000000000001a3, RBX=0x00000007497be238, RCX=0x00000027a14ff8b8, RDX=0x00000007497be238
RSP=0x00000027a14ff658, RBP=0x0000000749800000, RSI=0x000000000b2275a7, RDI=0x0000000000007c37
R8 =0x000001a318270020, R9 =0x0000000001270020, R10=0x0000000000000001, R11=0x000001a317000000
R12=0x00007ffb56300000, R13=0x00000027a14ff8a0, R14=0x00000007497c0000, R15=0x000001a3759ccf40
RIP=0x0000000000000002, EFLAGS=0x0000000000010202


Register to memory mapping:

RIP=0x0000000000000002 is an unknown value
RAX=0x00000000000001a3 is an unknown value
RBX=0x00000007497be238 is an oop: com.google.common.collect.ImmutableMapEntry 
{0x00000007497be238} - klass: 'com/google/common/collect/ImmutableMapEntry'
 - ---- fields (total size 3 words):
 - final 'key' 'Ljava/lang/Object;' @12  a 'net/minecraft/world/level/block/state/properties/BooleanProperty'{0x00000007475bd678} (e8eb7acf)
 - final 'value' 'Ljava/lang/Object;' @16  a 'java/lang/Boolean'{0x00000007423840a0} = true (e8470814)
RCX=0x00000027a14ff8b8 points into unknown readable memory: 0x00007ffb56c5a800 | 00 a8 c5 56 fb 7f 00 00
RDX=0x00000007497be238 is an oop: com.google.common.collect.ImmutableMapEntry 
{0x00000007497be238} - klass: 'com/google/common/collect/ImmutableMapEntry'
 - ---- fields (total size 3 words):
 - final 'key' 'Ljava/lang/Object;' @12  a 'net/minecraft/world/level/block/state/properties/BooleanProperty'{0x00000007475bd678} (e8eb7acf)
 - final 'value' 'Ljava/lang/Object;' @16  a 'java/lang/Boolean'{0x00000007423840a0} = true (e8470814)
RSP=0x00000027a14ff658 points into unknown readable memory: 0x00007ffb56616cc8 | c8 6c 61 56 fb 7f 00 00
RBP=0x0000000749800000 is an oop: com.google.common.collect.ImmutableMapEntry$NonTerminalImmutableMapEntry 
{0x0000000749800000} - klass: 'com/google/common/collect/ImmutableMapEntry$NonTerminalImmutableMapEntry'
 - ---- fields (total size 3 words):
 - final 'key' 'Ljava/lang/Object;' @12  a 'net/minecraft/world/level/block/state/properties/EnumProperty'{0x0000000747a56b88} (e8f4ad71)
 - final 'value' 'Ljava/lang/Object;' @16  a 'java/lang/Integer'{0x0000000742367948} = 2 (e846cf29)
 - private final transient 'nextInKeyBucket' 'Lcom/google/common/collect/ImmutableMapEntry;' @20  a 'com/google/common/collect/ImmutableMapEntry'{0x00000007497e2250} (e92fc44a)
RSI=0x000000000b2275a7 is an unknown value
RDI=0x0000000000007c37 is an unknown value
R8 =0x000001a318270020 is pointing into metadata
R9 =0x0000000001270020 is an unknown value
R10=0x0000000000000001 is an unknown value
R11=0x000001a317000000 is pointing into metadata
R12=0x00007ffb56300000 jvm.dll
R13=0x00000027a14ff8a0 points into unknown readable memory: 0x00007ffb56c5ab38 | 38 ab c5 56 fb 7f 00 00
R14=0x00000007497c0000 is pointing into object: com.google.common.collect.ImmutableMapEntry$NonTerminalImmutableMapEntry 
{0x00000007497bfff0} - klass: 'com/google/common/collect/ImmutableMapEntry$NonTerminalImmutableMapEntry'
 - ---- fields (total size 3 words):
 - final 'key' 'Ljava/lang/Object;' @12  a 'net/minecraft/world/level/block/state/properties/WallSide'{0x0000000747a313d8} (e8f4627b)
 - final 'value' 'Ljava/lang/Object;' @16  a 'java/lang/Integer'{0x0000000742367948} = 2 (e846cf29)
 - private final transient 'nextInKeyBucket' 'Lcom/google/common/collect/ImmutableMapEntry;' @20  a 'com/google/common/collect/ImmutableMapEntry'{0x00000007497bffd8} (e92f7ffb)
R15=0x000001a3759ccf40 points into unknown readable memory: 0x00007ffb56c54b38 | 38 4b c5 56 fb 7f 00 00


Top of Stack: (sp=0x00000027a14ff658)
0x00000027a14ff658:   00007ffb56616cc8 00000007497be220
0x00000027a14ff668:   0000000000000003 0000000749800000
0x00000027a14ff678:   0000000749542590 000000074973fff8
0x00000027a14ff688:   0000000000000005 0000000749780000
0x00000027a14ff698:   0000000000008000 0000000749780000
0x00000027a14ff6a8:   0000000000008000 0000000749740000
0x00000027a14ff6b8:   0000000000000004 000001a375a088f0
0x00000027a14ff6c8:   00007ffb569767ef 0000000749780000
0x00000027a14ff6d8:   0000000000008000 0000000000000000
0x00000027a14ff6e8:   0000000000000000 00000001f066e1e2
0x00000027a14ff6f8:   000001d0b292184f 0000000000000000
0x00000027a14ff708:   0000000000008000 000000000000003f
0x00000027a14ff718:   0000000749800000 000001a375a088f0
0x00000027a14ff728:   00007ffb56615852 0000000749780000
0x00000027a14ff738:   00000027a14ff8a0 0000000749800000
0x00000027a14ff748:   00007ffb5697671c 000001a375a088f0
0x00000027a14ff758:   00000027a14ff7b0 0000000000000000
0x00000027a14ff768:   0000000000000001 0000000749780000
0x00000027a14ff778:   0000000000008000 0000000749600000
0x00000027a14ff788:   0000000000040000 0000000749780000
0x00000027a14ff798:   0000000000008000 0000000009c502ca
0x00000027a14ff7a8:   00007ffb92248505 0000000749780000
0x00000027a14ff7b8:   0000000000008000 00000001f066e1e2
0x00000027a14ff7c8:   000001d0b292184f 00000001f066e1d0
0x00000027a14ff7d8:   000001d0b2920850 0000000000000000
0x00000027a14ff7e8:   0000000000000000 0000000000000000
0x00000027a14ff7f8:   0000000000000000 0000000000000000
0x00000027a14ff808:   00000027a14ff8a0 0000000000000000
0x00000027a14ff818:   0000000000000001 00000000000002f8
0x00000027a14ff828:   00007ffb5665f2e6 0000000749800000
0x00000027a14ff838:   000000000000003f 000001a375987d40
0x00000027a14ff848:   00000027a13ff6f8 0000000000000000 

Instructions: (pc=0x00007ffb56616cc8)
0x00007ffb56616bc8:   15 8b 53 08 8b 0d 26 07 80 00 48 d3 e2 48 03 15
0x00007ffb56616bd8:   14 07 80 00 eb 04 48 8b 53 08 48 8b cb e8 76 5f
0x00007ffb56616be8:   cf ff 44 0f b6 15 90 c7 86 00 8b 0d 00 07 80 00
0x00007ffb56616bf8:   4c 8b 1d f1 06 80 00 48 63 f0 45 84 d2 74 0f 44
0x00007ffb56616c08:   8b 4b 08 41 8b c1 48 d3 e0 49 03 c3 eb 07 48 8b
0x00007ffb56616c18:   43 08 44 8b c8 81 78 08 00 00 00 c0 7d 7b 66 48
0x00007ffb56616c28:   0f 7e f2 48 3b d3 77 1b 66 0f 6f c6 4c 8d 04 f3
0x00007ffb56616c38:   66 0f 73 d8 08 66 48 0f 7e c0 48 8d 14 c2 49 3b
0x00007ffb56616c48:   d0 73 56 45 84 d2 74 0b 45 8b c1 49 d3 e0 4d 03
0x00007ffb56616c58:   c3 eb 04 4c 8b 43 08 49 63 40 0c 4c 8d 4c 24 30
0x00007ffb56616c68:   48 8b d3 66 0f 7f 74 24 30 49 8d 4d 18 41 ff 94
0x00007ffb56616c78:   c4 18 80 b1 00 4c 8d 44 24 20 48 89 5c 24 20 48
0x00007ffb56616c88:   8d 54 24 50 48 89 74 24 28 48 8d 4c 24 40 e8 15
0x00007ffb56616c98:   c4 2f 00 48 8b 70 08 eb 27 45 84 d2 74 0b 45 8b
0x00007ffb56616ca8:   c1 49 d3 e0 4d 03 c3 eb 04 4c 8b 43 08 49 63 40
0x00007ffb56616cb8:   0c 49 8d 4d 18 48 8b d3 41 ff 94 c4 e8 7f b1 00
0x00007ffb56616cc8:   48 3b dd 48 8d 04 3e 48 0f 43 c7 80 3d a8 c6 86
0x00007ffb56616cd8:   00 00 48 8b f8 74 15 8b 53 08 8b 0d 10 06 80 00
0x00007ffb56616ce8:   48 d3 e2 48 03 15 fe 05 80 00 eb 04 48 8b 53 08
0x00007ffb56616cf8:   48 8b cb e8 60 5e cf ff 48 63 c8 48 8d 1c cb 48
0x00007ffb56616d08:   3b dd 73 57 49 3b de 73 5b 41 8b 4f 18 b8 08 00
0x00007ffb56616d18:   00 00 d3 e0 4d 8b c6 ff c8 4c 63 c8 49 3b ee 4c
0x00007ffb56616d28:   0f 42 c5 4d 2b 47 08 4a 8d 14 0b 49 c1 e8 03 49
0x00007ffb56616d38:   f7 d1 49 d3 e8 49 23 d1 49 2b 57 08 48 c1 ea 03
0x00007ffb56616d48:   48 d3 ea 49 8d 4f 20 e8 fc 2b d9 ff 41 8b 4f 18
0x00007ffb56616d58:   48 d3 e0 49 8b 4f 08 48 8d 1c c1 49 3b de 0f 82
0x00007ffb56616d68:   44 fe ff ff 0f 28 b4 24 90 00 00 00 48 8d 04 fd
0x00007ffb56616d78:   00 00 00 00 4c 8d 9c 24 a0 00 00 00 49 8b 5b 30
0x00007ffb56616d88:   49 8b 6b 38 49 8b 73 40 49 8b e3 41 5f 41 5e 41
0x00007ffb56616d98:   5d 41 5c 5f c3 cc cc cc 48 89 5c 24 08 57 48 83
0x00007ffb56616da8:   ec 50 48 8b 41 30 45 8b d8 48 8b da 4c 8b d1 48
0x00007ffb56616db8:   8b fa 48 c1 e3 09 4c 8b 48 40 48 8b 41 28 49 c1 


Stack slot to memory mapping:
stack at sp + 0 slots: 0x00000007497be220 is an oop: com.google.common.collect.ImmutableMapEntry 
{0x00000007497be220} - klass: 'com/google/common/collect/ImmutableMapEntry'
 - ---- fields (total size 3 words):
 - final 'key' 'Ljava/lang/Object;' @12  a 'net/minecraft/world/level/block/state/properties/EnumProperty'{0x0000000747a31220} (e8f46244)
 - final 'value' 'Ljava/lang/Object;' @16  a 'net/minecraft/world/level/block/state/properties/WallSide'{0x0000000747a31360} (e8f4626c)
stack at sp + 1 slots: 0x0000000000000003 is an unknown value
stack at sp + 2 slots: 0x0000000749800000 is an oop: com.google.common.collect.ImmutableMapEntry$NonTerminalImmutableMapEntry 
{0x0000000749800000} - klass: 'com/google/common/collect/ImmutableMapEntry$NonTerminalImmutableMapEntry'
 - ---- fields (total size 3 words):
 - final 'key' 'Ljava/lang/Object;' @12  a 'net/minecraft/world/level/block/state/properties/EnumProperty'{0x0000000747a56b88} (e8f4ad71)
 - final 'value' 'Ljava/lang/Object;' @16  a 'java/lang/Integer'{0x0000000742367948} = 2 (e846cf29)
 - private final transient 'nextInKeyBucket' 'Lcom/google/common/collect/ImmutableMapEntry;' @20  a 'com/google/common/collect/ImmutableMapEntry'{0x00000007497e2250} (e92fc44a)
stack at sp + 3 slots: 0x0000000749542590 is an oop: java.lang.ref.SoftReference 
{0x0000000749542590} - klass: 'java/lang/ref/SoftReference'
 - ---- fields (total size 5 words):
 - private 'referent' 'Ljava/lang/Object;' @12  a 'java/lang/Class$ReflectionData'{0x00000007495425b8} (e92a84b7)
 - volatile 'queue' 'Ljava/lang/ref/ReferenceQueue;' @16  a 'java/lang/ref/ReferenceQueue$Null'{0x0000000742369038} (e846d207)
 - volatile 'next' 'Ljava/lang/ref/Reference;' @20  NULL (0)
 - private transient 'discovered' 'Ljava/lang/ref/Reference;' @24  NULL (0)
 - private 'timestamp' 'J' @32  2479251 (25d493 0)
stack at sp + 4 slots: 0x000000074973fff8 is an oop: [Lcom.google.common.collect.ImmutableMapEntry; 
{0x000000074973fff8} - klass: 'com/google/common/collect/ImmutableMapEntry'[]
 - length: 6
stack at sp + 5 slots: 0x0000000000000005 is an unknown value
stack at sp + 6 slots: 0x0000000749780000 is an oop: [D 
{0x0000000749780000} - klass: {type array double}
 - length: 6
stack at sp + 7 slots: 0x0000000000008000 is an unknown value


---------------  P R O C E S S  ---------------

Threads class SMR info:
_java_thread_list=0x000001a37eca7b10, length=30, elements={
0x000001a375974520, 0x000001a37eb63810, 0x000001a37eb67460, 0x000001a37eb81d70,
0x000001a37eb84650, 0x000001a37eb86f30, 0x000001a37eb8f810, 0x000001a37eb939c0,
0x000001a37eb96390, 0x000001a37eb9f470, 0x000001a37eb51170, 0x000001a35c1d1a10,
0x000001a360dc33e0, 0x000001a36cfce7f0, 0x000001a36cfcc480, 0x000001a360dc4310,
0x000001a360dc24b0, 0x000001a35e88d9b0, 0x000001a36cfccea0, 0x000001a36cfce2e0,
0x000001a36cfcf720, 0x000001a36cfc82b0, 0x000001a35cd53fe0, 0x000001a360c15490,
0x000001a360c14050, 0x000001a35cd544f0, 0x000001a35cd54a00, 0x000001a360c14560,
0x000001a36cfcab30, 0x000001a35e8939e0
}

Java Threads: ( => current thread )
  0x000001a375974520 JavaThread "Render thread" [_thread_in_native, id=5428, stack(0x00000027a1100000,0x00000027a1200000)]
  0x000001a37eb63810 JavaThread "Reference Handler" daemon [_thread_blocked, id=6868, stack(0x00000027a1800000,0x00000027a1900000)]
  0x000001a37eb67460 JavaThread "Finalizer" daemon [_thread_blocked, id=8220, stack(0x00000027a1900000,0x00000027a1a00000)]
  0x000001a37eb81d70 JavaThread "Signal Dispatcher" daemon [_thread_blocked, id=9248, stack(0x00000027a1a00000,0x00000027a1b00000)]
  0x000001a37eb84650 JavaThread "Attach Listener" daemon [_thread_blocked, id=5756, stack(0x00000027a1b00000,0x00000027a1c00000)]
  0x000001a37eb86f30 JavaThread "Service Thread" daemon [_thread_blocked, id=6620, stack(0x00000027a1c00000,0x00000027a1d00000)]
  0x000001a37eb8f810 JavaThread "Monitor Deflation Thread" daemon [_thread_blocked, id=7764, stack(0x00000027a1d00000,0x00000027a1e00000)]
  0x000001a37eb939c0 JavaThread "C2 CompilerThread0" daemon [_thread_blocked, id=3604, stack(0x00000027a1e00000,0x00000027a1f00000)]
  0x000001a37eb96390 JavaThread "C1 CompilerThread0" daemon [_thread_blocked, id=2856, stack(0x00000027a1f00000,0x00000027a2000000)]
  0x000001a37eb9f470 JavaThread "Sweeper thread" daemon [_thread_blocked, id=8720, stack(0x00000027a2000000,0x00000027a2100000)]
  0x000001a37eb51170 JavaThread "Common-Cleaner" daemon [_thread_blocked, id=5848, stack(0x00000027a2100000,0x00000027a2200000)]
  0x000001a35c1d1a10 JavaThread "Notification Thread" daemon [_thread_blocked, id=8876, stack(0x00000027a2300000,0x00000027a2400000)]
  0x000001a360dc33e0 JavaThread "JNA Cleaner" daemon [_thread_blocked, id=9504, stack(0x00000027a3600000,0x00000027a3700000)]
  0x000001a36cfce7f0 JavaThread "Timer hack thread" daemon [_thread_blocked, id=7048, stack(0x00000027a3800000,0x00000027a3900000)]
  0x000001a36cfcc480 JavaThread "Yggdrasil Key Fetcher" daemon [_thread_blocked, id=3484, stack(0x00000027a3900000,0x00000027a3a00000)]
  0x000001a360dc4310 JavaThread "Thread-3" daemon [_thread_blocked, id=584, stack(0x00000027a4200000,0x00000027a4300000)]
  0x000001a360dc24b0 JavaThread "FileSystemWatchService" daemon [_thread_in_native, id=2468, stack(0x00000027a4300000,0x00000027a4400000)]
  0x000001a35e88d9b0 JavaThread "IO-Worker-4" [_thread_blocked, id=8292, stack(0x00000027a4700000,0x00000027a4800000)]
  0x000001a36cfccea0 JavaThread "Worker-Main-6" daemon [_thread_blocked, id=9476, stack(0x00000027a0e00000,0x00000027a0f00000)]
  0x000001a36cfce2e0 JavaThread "Worker-Main-7" daemon [_thread_blocked, id=12272, stack(0x00000027a1000000,0x00000027a1100000)]
  0x000001a36cfcf720 JavaThread "Worker-Main-8" daemon [_thread_blocked, id=6688, stack(0x00000027a2200000,0x00000027a2300000)]
  0x000001a36cfc82b0 JavaThread "Server thread" [_thread_blocked, id=8472, stack(0x00000027a2b00000,0x00000027a2c00000)]
  0x000001a35cd53fe0 JavaThread "FileSystemWatchService" daemon [_thread_in_native, id=2484, stack(0x00000027a3400000,0x00000027a3500000)]
  0x000001a360c15490 JavaThread "IO-Worker-10" [_thread_blocked, id=8804, stack(0x00000027a3700000,0x00000027a3800000)]
  0x000001a360c14050 JavaThread "Java2D Disposer" daemon [_thread_blocked, id=2380, stack(0x00000027a3a00000,0x00000027a3b00000)]
  0x000001a35cd544f0 JavaThread "Netty Server IO #0" daemon [_thread_in_native, id=4808, stack(0x00000027a3b00000,0x00000027a3c00000)]
  0x000001a35cd54a00 JavaThread "Netty Local Client IO #0" daemon [_thread_blocked, id=4724, stack(0x00000027a3c00000,0x00000027a3d00000)]
  0x000001a360c14560 JavaThread "Netty Server IO #1" daemon [_thread_in_native, id=12160, stack(0x00000027a3d00000,0x00000027a3e00000)]
  0x000001a36cfcab30 JavaThread "Sound engine" daemon [_thread_blocked, id=3852, stack(0x00000027a4000000,0x00000027a4100000)]
  0x000001a35e8939e0 JavaThread "IO-Worker-11" [_thread_blocked, id=7188, stack(0x00000027a2800000,0x00000027a2900000)]

Other Threads:
  0x000001a37eb5e8e0 VMThread "VM Thread" [stack: 0x00000027a1700000,0x00000027a1800000] [id=10352]
  0x000001a35c188b90 WatcherThread [stack: 0x00000027a2400000,0x00000027a2500000] [id=1520]
  0x000001a3759cc9d0 GCTaskThread "GC Thread#0" [stack: 0x00000027a1200000,0x00000027a1300000] [id=2100]
  0x000001a35c5798f0 GCTaskThread "GC Thread#1" [stack: 0x00000027a2500000,0x00000027a2600000] [id=11848]
  0x000001a35c579bb0 GCTaskThread "GC Thread#2" [stack: 0x00000027a2600000,0x00000027a2700000] [id=7888]
  0x000001a35c57a280 GCTaskThread "GC Thread#3" [stack: 0x00000027a2700000,0x00000027a2800000] [id=7508]
  0x000001a3759da6c0 ConcurrentGCThread "G1 Main Marker" [stack: 0x00000027a1300000,0x00000027a1400000] [id=2576]
=>0x000001a3759dc7a0 ConcurrentGCThread "G1 Conc#0" [stack: 0x00000027a1400000,0x00000027a1500000] [id=8104]
  0x000001a375a0df40 ConcurrentGCThread "G1 Refine#0" [stack: 0x00000027a1500000,0x00000027a1600000] [id=11860]
  0x000001a36d5709c0 ConcurrentGCThread "G1 Refine#1" [stack: 0x00000027a2d00000,0x00000027a2e00000] [id=10376]
  0x000001a36d571290 ConcurrentGCThread "G1 Refine#2" [stack: 0x00000027a3e00000,0x00000027a3f00000] [id=7240]
  0x000001a36d56ec60 ConcurrentGCThread "G1 Refine#3" [stack: 0x00000027a4600000,0x00000027a4700000] [id=11736]
  0x000001a375a0e880 ConcurrentGCThread "G1 Service" [stack: 0x00000027a1600000,0x00000027a1700000] [id=7896]

Threads with active compile tasks:

VM state: not at safepoint (normal execution)

VM Mutex/Monitor currently owned by a thread: None

Heap address: 0x0000000741800000, size: 3048 MB, Compressed Oops mode: Zero based, Oop shift amount: 3

CDS archive(s) mapped at: [0x000001a317000000-0x000001a317bb0000-0x000001a317bb0000), size 12255232, SharedBaseAddress: 0x000001a317000000, ArchiveRelocationMode: 1.
Compressed class space mapped at: 0x000001a318000000-0x000001a358000000, reserved size: 1073741824
Narrow klass base: 0x000001a317000000, Narrow klass shift: 0, Narrow klass range: 0x100000000

GC Precious Log:
 CPUs: 4 total, 4 available
 Memory: 12190M
 Large Page Support: Disabled
 NUMA Support: Disabled
 Compressed Oops: Enabled (Zero based)
 Heap Region Size: 2M
 Heap Min Capacity: 8M
 Heap Initial Capacity: 192M
 Heap Max Capacity: 3048M
 Pre-touch: Disabled
 Parallel Workers: 4
 Concurrent Workers: 1
 Concurrent Refinement Workers: 4
 Periodic GC: Disabled

Heap:
 garbage-first heap   total 1556480K, used 500917K [0x0000000741800000, 0x0000000800000000)
  region size 2048K, 49 young (100352K), 2 survivors (4096K)
 Metaspace       used 122533K, committed 124288K, reserved 1179648K
  class space    used 17549K, committed 18368K, reserved 1048576K

Heap Regions: E=young(eden), S=young(survivor), O=old, HS=humongous(starts), HC=humongous(continues), CS=collection set, F=free, OA=open archive, CA=closed archive, TAMS=top-at-mark-start (previous, next)
|   0|0x0000000741800000, 0x0000000741a00000, 0x0000000741a00000|100%|HS|  |TAMS 0x0000000741a00000, 0x0000000741800000| Complete 
|   1|0x0000000741a00000, 0x0000000741c00000, 0x0000000741c00000|100%| O|  |TAMS 0x0000000741c00000, 0x0000000741a00000| Untracked 
|   2|0x0000000741c00000, 0x0000000741e00000, 0x0000000741e00000|100%|HS|  |TAMS 0x0000000741e00000, 0x0000000741c00000| Complete 
|   3|0x0000000741e00000, 0x0000000742000000, 0x0000000742000000|100%|HS|  |TAMS 0x0000000742000000, 0x0000000741e00000| Complete 
|   4|0x0000000742000000, 0x0000000742200000, 0x0000000742200000|100%| O|  |TAMS 0x0000000742200000, 0x0000000742000000| Untracked 
|   5|0x0000000742200000, 0x0000000742400000, 0x0000000742400000|100%| O|  |TAMS 0x0000000742400000, 0x0000000742200000| Untracked 
|   6|0x0000000742400000, 0x0000000742600000, 0x0000000742600000|100%|HS|  |TAMS 0x0000000742600000, 0x0000000742400000| Complete 
|   7|0x0000000742600000, 0x0000000742800000, 0x0000000742800000|100%| O|  |TAMS 0x0000000742800000, 0x0000000742600000| Untracked 
|   8|0x0000000742800000, 0x0000000742a00000, 0x0000000742a00000|100%| O|  |TAMS 0x0000000742a00000, 0x0000000742800000| Untracked 
|   9|0x0000000742a00000, 0x0000000742c00000, 0x0000000742c00000|100%| O|  |TAMS 0x0000000742c00000, 0x0000000742a00000| Untracked 
|  10|0x0000000742c00000, 0x0000000742e00000, 0x0000000742e00000|100%| O|  |TAMS 0x0000000742e00000, 0x0000000742c00000| Untracked 
|  11|0x0000000742e00000, 0x0000000743000000, 0x0000000743000000|100%| O|  |TAMS 0x0000000743000000, 0x0000000742e00000| Untracked 
|  12|0x0000000743000000, 0x0000000743200000, 0x0000000743200000|100%| O|  |TAMS 0x0000000743200000, 0x0000000743000000| Untracked 
|  13|0x0000000743200000, 0x0000000743400000, 0x0000000743400000|100%| O|  |TAMS 0x0000000743400000, 0x0000000743200000| Untracked 
|  14|0x0000000743400000, 0x0000000743600000, 0x0000000743600000|100%| O|  |TAMS 0x0000000743600000, 0x0000000743400000| Untracked 
|  15|0x0000000743600000, 0x0000000743800000, 0x0000000743800000|100%|HS|  |TAMS 0x0000000743800000, 0x0000000743600000| Complete 
|  16|0x0000000743800000, 0x0000000743a00000, 0x0000000743a00000|100%| O|  |TAMS 0x0000000743a00000, 0x0000000743800000| Untracked 
|  17|0x0000000743a00000, 0x0000000743c00000, 0x0000000743c00000|100%| O|  |TAMS 0x0000000743c00000, 0x0000000743a00000| Untracked 
|  18|0x0000000743c00000, 0x0000000743e00000, 0x0000000743e00000|100%| O|  |TAMS 0x0000000743e00000, 0x0000000743c00000| Updating 
|  19|0x0000000743e00000, 0x0000000744000000, 0x0000000744000000|100%| O|  |TAMS 0x0000000744000000, 0x0000000743e00000| Untracked 
|  20|0x0000000744000000, 0x0000000744200000, 0x0000000744200000|100%| O|  |TAMS 0x0000000744200000, 0x0000000744000000| Untracked 
|  21|0x0000000744200000, 0x0000000744400000, 0x0000000744400000|100%| O|  |TAMS 0x0000000744400000, 0x0000000744200000| Untracked 
|  22|0x0000000744400000, 0x0000000744600000, 0x0000000744600000|100%| O|  |TAMS 0x0000000744600000, 0x0000000744400000| Updating 
|  23|0x0000000744600000, 0x0000000744800000, 0x0000000744800000|100%| O|  |TAMS 0x0000000744800000, 0x0000000744600000| Untracked 
|  24|0x0000000744800000, 0x0000000744a00000, 0x0000000744a00000|100%| O|  |TAMS 0x0000000744a00000, 0x0000000744800000| Updating 
|  25|0x0000000744a00000, 0x0000000744c00000, 0x0000000744c00000|100%| O|  |TAMS 0x0000000744c00000, 0x0000000744a00000| Updating 
|  26|0x0000000744c00000, 0x0000000744e00000, 0x0000000744e00000|100%| O|  |TAMS 0x0000000744e00000, 0x0000000744c00000| Untracked 
|  27|0x0000000744e00000, 0x0000000745000000, 0x0000000745000000|100%| O|  |TAMS 0x0000000745000000, 0x0000000744e00000| Untracked 
|  28|0x0000000745000000, 0x0000000745200000, 0x0000000745200000|100%| O|  |TAMS 0x0000000745200000, 0x0000000745000000| Untracked 
|  29|0x0000000745200000, 0x0000000745400000, 0x0000000745400000|100%| O|  |TAMS 0x0000000745400000, 0x0000000745200000| Untracked 
|  30|0x0000000745400000, 0x0000000745600000, 0x0000000745600000|100%| O|  |TAMS 0x0000000745600000, 0x0000000745400000| Untracked 
|  31|0x0000000745600000, 0x0000000745800000, 0x0000000745800000|100%| O|  |TAMS 0x0000000745800000, 0x0000000745600000| Untracked 
|  32|0x0000000745800000, 0x0000000745a00000, 0x0000000745a00000|100%| O|  |TAMS 0x0000000745a00000, 0x0000000745800000| Untracked 
|  33|0x0000000745a00000, 0x0000000745c00000, 0x0000000745c00000|100%| O|  |TAMS 0x0000000745c00000, 0x0000000745a00000| Untracked 
|  34|0x0000000745c00000, 0x0000000745e00000, 0x0000000745e00000|100%| O|  |TAMS 0x0000000745e00000, 0x0000000745c00000| Untracked 
|  35|0x0000000745e00000, 0x0000000746000000, 0x0000000746000000|100%| O|  |TAMS 0x0000000746000000, 0x0000000745e00000| Untracked 
|  36|0x0000000746000000, 0x0000000746200000, 0x0000000746200000|100%| O|  |TAMS 0x0000000746200000, 0x0000000746000000| Untracked 
|  37|0x0000000746200000, 0x0000000746400000, 0x0000000746400000|100%| O|  |TAMS 0x0000000746400000, 0x0000000746200000| Untracked 
|  38|0x0000000746400000, 0x0000000746600000, 0x0000000746600000|100%|HS|  |TAMS 0x0000000746600000, 0x0000000746400000| Complete 
|  39|0x0000000746600000, 0x0000000746800000, 0x0000000746800000|100%|HC|  |TAMS 0x0000000746800000, 0x0000000746600000| Complete 
|  40|0x0000000746800000, 0x0000000746a00000, 0x0000000746a00000|100%|HC|  |TAMS 0x0000000746a00000, 0x0000000746800000| Complete 
|  41|0x0000000746a00000, 0x0000000746c00000, 0x0000000746c00000|100%|HC|  |TAMS 0x0000000746c00000, 0x0000000746a00000| Complete 
|  42|0x0000000746c00000, 0x0000000746e00000, 0x0000000746e00000|100%|HC|  |TAMS 0x0000000746e00000, 0x0000000746c00000| Complete 
|  43|0x0000000746e00000, 0x0000000747000000, 0x0000000747000000|100%|HC|  |TAMS 0x0000000747000000, 0x0000000746e00000| Complete 
|  44|0x0000000747000000, 0x0000000747200000, 0x0000000747200000|100%| O|  |TAMS 0x0000000747200000, 0x0000000747000000| Untracked 
|  45|0x0000000747200000, 0x0000000747400000, 0x0000000747400000|100%| O|  |TAMS 0x0000000747400000, 0x0000000747200000| Untracked 
|  46|0x0000000747400000, 0x0000000747600000, 0x0000000747600000|100%| O|  |TAMS 0x0000000747600000, 0x0000000747400000| Untracked 
|  47|0x0000000747600000, 0x0000000747800000, 0x0000000747800000|100%| O|  |TAMS 0x0000000747800000, 0x0000000747600000| Untracked 
|  48|0x0000000747800000, 0x0000000747a00000, 0x0000000747a00000|100%| O|  |TAMS 0x0000000747a00000, 0x0000000747800000| Untracked 
|  49|0x0000000747a00000, 0x0000000747c00000, 0x0000000747c00000|100%| O|  |TAMS 0x0000000747c00000, 0x0000000747a00000| Untracked 
|  50|0x0000000747c00000, 0x0000000747e00000, 0x0000000747e00000|100%| O|  |TAMS 0x0000000747e00000, 0x0000000747c00000| Untracked 
|  51|0x0000000747e00000, 0x0000000748000000, 0x0000000748000000|100%| O|  |TAMS 0x0000000748000000, 0x0000000747e00000| Untracked 
|  52|0x0000000748000000, 0x0000000748200000, 0x0000000748200000|100%| O|  |TAMS 0x0000000748200000, 0x0000000748000000| Untracked 
|  53|0x0000000748200000, 0x0000000748400000, 0x0000000748400000|100%| O|  |TAMS 0x0000000748400000, 0x0000000748200000| Untracked 
|  54|0x0000000748400000, 0x0000000748600000, 0x0000000748600000|100%| O|  |TAMS 0x0000000748600000, 0x0000000748400000| Untracked 
|  55|0x0000000748600000, 0x0000000748800000, 0x0000000748800000|100%| O|  |TAMS 0x0000000748800000, 0x0000000748600000| Untracked 
|  56|0x0000000748800000, 0x0000000748a00000, 0x0000000748a00000|100%| O|  |TAMS 0x0000000748a00000, 0x0000000748800000| Untracked 
|  57|0x0000000748a00000, 0x0000000748c00000, 0x0000000748c00000|100%| O|  |TAMS 0x0000000748c00000, 0x0000000748a00000| Untracked 
|  58|0x0000000748c00000, 0x0000000748e00000, 0x0000000748e00000|100%| O|  |TAMS 0x0000000748e00000, 0x0000000748c00000| Untracked 
|  59|0x0000000748e00000, 0x0000000749000000, 0x0000000749000000|100%| O|  |TAMS 0x0000000749000000, 0x0000000748e00000| Untracked 
|  60|0x0000000749000000, 0x0000000749200000, 0x0000000749200000|100%| O|  |TAMS 0x0000000749200000, 0x0000000749000000| Untracked 
|  61|0x0000000749200000, 0x0000000749400000, 0x0000000749400000|100%| O|  |TAMS 0x0000000749400000, 0x0000000749200000| Untracked 
|  62|0x0000000749400000, 0x0000000749600000, 0x0000000749600000|100%| O|  |TAMS 0x0000000749600000, 0x0000000749400000| Untracked 
|  63|0x0000000749600000, 0x0000000749800000, 0x0000000749800000|100%| O|  |TAMS 0x0000000749800000, 0x0000000749600000| Untracked 
|  64|0x0000000749800000, 0x0000000749a00000, 0x0000000749a00000|100%| O|  |TAMS 0x0000000749a00000, 0x0000000749800000| Untracked 
|  65|0x0000000749a00000, 0x0000000749c00000, 0x0000000749c00000|100%| O|  |TAMS 0x0000000749c00000, 0x0000000749a00000| Untracked 
|  66|0x0000000749c00000, 0x0000000749e00000, 0x0000000749e00000|100%| O|  |TAMS 0x0000000749e00000, 0x0000000749c00000| Untracked 
|  67|0x0000000749e00000, 0x000000074a000000, 0x000000074a000000|100%| O|  |TAMS 0x000000074a000000, 0x0000000749e00000| Untracked 
|  68|0x000000074a000000, 0x000000074a200000, 0x000000074a200000|100%| O|  |TAMS 0x000000074a200000, 0x000000074a000000| Untracked 
|  69|0x000000074a200000, 0x000000074a400000, 0x000000074a400000|100%| O|  |TAMS 0x000000074a400000, 0x000000074a200000| Untracked 
|  70|0x000000074a400000, 0x000000074a600000, 0x000000074a600000|100%| O|  |TAMS 0x000000074a600000, 0x000000074a400000| Untracked 
|  71|0x000000074a600000, 0x000000074a800000, 0x000000074a800000|100%| O|  |TAMS 0x000000074a800000, 0x000000074a600000| Untracked 
|  72|0x000000074a800000, 0x000000074aa00000, 0x000000074aa00000|100%| O|  |TAMS 0x000000074aa00000, 0x000000074a800000| Untracked 
|  73|0x000000074aa00000, 0x000000074ac00000, 0x000000074ac00000|100%| O|  |TAMS 0x000000074ac00000, 0x000000074aa00000| Untracked 
|  74|0x000000074ac00000, 0x000000074ae00000, 0x000000074ae00000|100%| O|  |TAMS 0x000000074ae00000, 0x000000074ac00000| Untracked 
|  75|0x000000074ae00000, 0x000000074b000000, 0x000000074b000000|100%| O|  |TAMS 0x000000074b000000, 0x000000074ae00000| Untracked 
|  76|0x000000074b000000, 0x000000074b200000, 0x000000074b200000|100%| O|  |TAMS 0x000000074b200000, 0x000000074b000000| Untracked 
|  77|0x000000074b200000, 0x000000074b400000, 0x000000074b400000|100%| O|  |TAMS 0x000000074b400000, 0x000000074b200000| Updating 
|  78|0x000000074b400000, 0x000000074b600000, 0x000000074b600000|100%| O|  |TAMS 0x000000074b600000, 0x000000074b400000| Updating 
|  79|0x000000074b600000, 0x000000074b800000, 0x000000074b800000|100%| O|  |TAMS 0x000000074b800000, 0x000000074b600000| Untracked 
|  80|0x000000074b800000, 0x000000074ba00000, 0x000000074ba00000|100%| O|  |TAMS 0x000000074ba00000, 0x000000074b800000| Untracked 
|  81|0x000000074ba00000, 0x000000074bc00000, 0x000000074bc00000|100%| O|  |TAMS 0x000000074bc00000, 0x000000074ba00000| Updating 
|  82|0x000000074bc00000, 0x000000074be00000, 0x000000074be00000|100%| O|  |TAMS 0x000000074be00000, 0x000000074bc00000| Untracked 
|  83|0x000000074be00000, 0x000000074c000000, 0x000000074c000000|100%| O|  |TAMS 0x000000074c000000, 0x000000074be00000| Untracked 
|  84|0x000000074c000000, 0x000000074c200000, 0x000000074c200000|100%| O|  |TAMS 0x000000074c200000, 0x000000074c000000| Untracked 
|  85|0x000000074c200000, 0x000000074c400000, 0x000000074c400000|100%| O|  |TAMS 0x000000074c400000, 0x000000074c200000| Updating 
|  86|0x000000074c400000, 0x000000074c600000, 0x000000074c600000|100%| O|  |TAMS 0x000000074c600000, 0x000000074c400000| Untracked 
|  87|0x000000074c600000, 0x000000074c800000, 0x000000074c800000|100%| O|  |TAMS 0x000000074c800000, 0x000000074c600000| Untracked 
|  88|0x000000074c800000, 0x000000074ca00000, 0x000000074ca00000|100%| O|  |TAMS 0x000000074ca00000, 0x000000074c800000| Untracked 
|  89|0x000000074ca00000, 0x000000074cc00000, 0x000000074cc00000|100%| O|  |TAMS 0x000000074cc00000, 0x000000074ca00000| Untracked 
|  90|0x000000074cc00000, 0x000000074ce00000, 0x000000074ce00000|100%| O|  |TAMS 0x000000074ce00000, 0x000000074cc00000| Untracked 
|  91|0x000000074ce00000, 0x000000074d000000, 0x000000074d000000|100%| O|  |TAMS 0x000000074d000000, 0x000000074ce00000| Untracked 
|  92|0x000000074d000000, 0x000000074d200000, 0x000000074d200000|100%| O|  |TAMS 0x000000074d200000, 0x000000074d000000| Untracked 
|  93|0x000000074d200000, 0x000000074d400000, 0x000000074d400000|100%| O|  |TAMS 0x000000074d400000, 0x000000074d200000| Untracked 
|  94|0x000000074d400000, 0x000000074d600000, 0x000000074d600000|100%| O|  |TAMS 0x000000074d600000, 0x000000074d400000| Untracked 
|  95|0x000000074d600000, 0x000000074d800000, 0x000000074d800000|100%| O|  |TAMS 0x000000074d800000, 0x000000074d600000| Untracked 
|  96|0x000000074d800000, 0x000000074da00000, 0x000000074da00000|100%| O|  |TAMS 0x000000074da00000, 0x000000074d800000| Untracked 
|  97|0x000000074da00000, 0x000000074dc00000, 0x000000074dc00000|100%| O|  |TAMS 0x000000074dc00000, 0x000000074da00000| Untracked 
|  98|0x000000074dc00000, 0x000000074de00000, 0x000000074de00000|100%| O|  |TAMS 0x000000074de00000, 0x000000074dc00000| Untracked 
|  99|0x000000074de00000, 0x000000074e000000, 0x000000074e000000|100%| O|  |TAMS 0x000000074e000000, 0x000000074de00000| Updating 
| 100|0x000000074e000000, 0x000000074e200000, 0x000000074e200000|100%| O|  |TAMS 0x000000074e200000, 0x000000074e000000| Updating 
| 101|0x000000074e200000, 0x000000074e400000, 0x000000074e400000|100%| O|  |TAMS 0x000000074e400000, 0x000000074e200000| Untracked 
| 102|0x000000074e400000, 0x000000074e600000, 0x000000074e600000|100%| O|  |TAMS 0x000000074e600000, 0x000000074e400000| Updating 
| 103|0x000000074e600000, 0x000000074e800000, 0x000000074e800000|100%| O|  |TAMS 0x000000074e800000, 0x000000074e600000| Untracked 
| 104|0x000000074e800000, 0x000000074ea00000, 0x000000074ea00000|100%| O|  |TAMS 0x000000074ea00000, 0x000000074e800000| Untracked 
| 105|0x000000074ea00000, 0x000000074ec00000, 0x000000074ec00000|100%| O|  |TAMS 0x000000074ec00000, 0x000000074ea00000| Untracked 
| 106|0x000000074ec00000, 0x000000074ee00000, 0x000000074ee00000|100%| O|  |TAMS 0x000000074ee00000, 0x000000074ec00000| Untracked 
| 107|0x000000074ee00000, 0x000000074f000000, 0x000000074f000000|100%| O|  |TAMS 0x000000074f000000, 0x000000074ee00000| Untracked 
| 108|0x000000074f000000, 0x000000074f200000, 0x000000074f200000|100%| O|  |TAMS 0x000000074f200000, 0x000000074f000000| Untracked 
| 109|0x000000074f200000, 0x000000074f400000, 0x000000074f400000|100%| O|  |TAMS 0x000000074f400000, 0x000000074f200000| Untracked 
| 110|0x000000074f400000, 0x000000074f600000, 0x000000074f600000|100%| O|  |TAMS 0x000000074f600000, 0x000000074f400000| Untracked 
| 111|0x000000074f600000, 0x000000074f800000, 0x000000074f800000|100%| O|  |TAMS 0x000000074f800000, 0x000000074f600000| Untracked 
| 112|0x000000074f800000, 0x000000074fa00000, 0x000000074fa00000|100%| O|  |TAMS 0x000000074fa00000, 0x000000074f800000| Untracked 
| 113|0x000000074fa00000, 0x000000074fc00000, 0x000000074fc00000|100%| O|  |TAMS 0x000000074fc00000, 0x000000074fa00000| Untracked 
| 114|0x000000074fc00000, 0x000000074fe00000, 0x000000074fe00000|100%| O|  |TAMS 0x000000074fe00000, 0x000000074fc00000| Updating 
| 115|0x000000074fe00000, 0x0000000750000000, 0x0000000750000000|100%| O|  |TAMS 0x0000000750000000, 0x000000074fe00000| Untracked 
| 116|0x0000000750000000, 0x0000000750200000, 0x0000000750200000|100%| O|  |TAMS 0x0000000750200000, 0x0000000750000000| Untracked 
| 117|0x0000000750200000, 0x0000000750400000, 0x0000000750400000|100%| O|  |TAMS 0x0000000750400000, 0x0000000750200000| Untracked 
| 118|0x0000000750400000, 0x0000000750600000, 0x0000000750600000|100%| O|  |TAMS 0x0000000750600000, 0x0000000750400000| Untracked 
| 119|0x0000000750600000, 0x0000000750800000, 0x0000000750800000|100%| O|  |TAMS 0x0000000750800000, 0x0000000750600000| Untracked 
| 120|0x0000000750800000, 0x0000000750a00000, 0x0000000750a00000|100%| O|  |TAMS 0x0000000750a00000, 0x0000000750800000| Untracked 
| 121|0x0000000750a00000, 0x0000000750c00000, 0x0000000750c00000|100%| O|  |TAMS 0x0000000750c00000, 0x0000000750a00000| Untracked 
| 122|0x0000000750c00000, 0x0000000750e00000, 0x0000000750e00000|100%| O|  |TAMS 0x0000000750e00000, 0x0000000750c00000| Untracked 
| 123|0x0000000750e00000, 0x0000000751000000, 0x0000000751000000|100%| O|  |TAMS 0x0000000751000000, 0x0000000750e00000| Untracked 
| 124|0x0000000751000000, 0x0000000751200000, 0x0000000751200000|100%| O|  |TAMS 0x0000000751200000, 0x0000000751000000| Untracked 
| 125|0x0000000751200000, 0x0000000751400000, 0x0000000751400000|100%| O|  |TAMS 0x0000000751400000, 0x0000000751200000| Untracked 
| 126|0x0000000751400000, 0x0000000751600000, 0x0000000751600000|100%| O|  |TAMS 0x0000000751600000, 0x0000000751400000| Untracked 
| 127|0x0000000751600000, 0x0000000751800000, 0x0000000751800000|100%| O|  |TAMS 0x0000000751800000, 0x0000000751600000| Untracked 
| 128|0x0000000751800000, 0x0000000751a00000, 0x0000000751a00000|100%| O|  |TAMS 0x0000000751a00000, 0x0000000751800000| Untracked 
| 129|0x0000000751a00000, 0x0000000751c00000, 0x0000000751c00000|100%| O|  |TAMS 0x0000000751c00000, 0x0000000751a00000| Updating 
| 130|0x0000000751c00000, 0x0000000751c00000, 0x0000000751e00000|  0%| F|  |TAMS 0x0000000751c00000, 0x0000000751c00000| Untracked 
| 131|0x0000000751e00000, 0x0000000752000000, 0x0000000752000000|100%| O|  |TAMS 0x0000000752000000, 0x0000000751e00000| Untracked 
| 132|0x0000000752000000, 0x0000000752200000, 0x0000000752200000|100%| O|  |TAMS 0x0000000752200000, 0x0000000752000000| Untracked 
| 133|0x0000000752200000, 0x0000000752400000, 0x0000000752400000|100%| O|  |TAMS 0x0000000752400000, 0x0000000752200000| Updating 
| 134|0x0000000752400000, 0x0000000752600000, 0x0000000752600000|100%| O|  |TAMS 0x0000000752600000, 0x0000000752400000| Updating 
| 135|0x0000000752600000, 0x0000000752800000, 0x0000000752800000|100%| O|  |TAMS 0x0000000752800000, 0x0000000752600000| Untracked 
| 136|0x0000000752800000, 0x0000000752a00000, 0x0000000752a00000|100%| O|  |TAMS 0x0000000752a00000, 0x0000000752800000| Untracked 
| 137|0x0000000752a00000, 0x0000000752c00000, 0x0000000752c00000|100%| O|  |TAMS 0x0000000752c00000, 0x0000000752a00000| Untracked 
| 138|0x0000000752c00000, 0x0000000752e00000, 0x0000000752e00000|100%| O|  |TAMS 0x0000000752e00000, 0x0000000752c00000| Untracked 
| 139|0x0000000752e00000, 0x0000000753000000, 0x0000000753000000|100%| O|  |TAMS 0x0000000753000000, 0x0000000752e00000| Updating 
| 140|0x0000000753000000, 0x0000000753200000, 0x0000000753200000|100%| O|  |TAMS 0x0000000753200000, 0x0000000753000000| Updating 
| 141|0x0000000753200000, 0x0000000753400000, 0x0000000753400000|100%| O|  |TAMS 0x0000000753400000, 0x0000000753200000| Updating 
| 142|0x0000000753400000, 0x0000000753600000, 0x0000000753600000|100%| O|  |TAMS 0x0000000753600000, 0x0000000753400000| Updating 
| 143|0x0000000753600000, 0x0000000753800000, 0x0000000753800000|100%| O|  |TAMS 0x0000000753800000, 0x0000000753600000| Updating 
| 144|0x0000000753800000, 0x0000000753a00000, 0x0000000753a00000|100%| O|  |TAMS 0x0000000753a00000, 0x0000000753800000| Untracked 
| 145|0x0000000753a00000, 0x0000000753c00000, 0x0000000753c00000|100%| O|  |TAMS 0x0000000753c00000, 0x0000000753a00000| Untracked 
| 146|0x0000000753c00000, 0x0000000753e00000, 0x0000000753e00000|100%| O|  |TAMS 0x0000000753e00000, 0x0000000753c00000| Untracked 
| 147|0x0000000753e00000, 0x0000000754000000, 0x0000000754000000|100%| O|  |TAMS 0x0000000754000000, 0x0000000753e00000| Untracked 
| 148|0x0000000754000000, 0x0000000754200000, 0x0000000754200000|100%| O|  |TAMS 0x0000000754200000, 0x0000000754000000| Untracked 
| 149|0x0000000754200000, 0x0000000754400000, 0x0000000754400000|100%| O|  |TAMS 0x0000000754400000, 0x0000000754200000| Untracked 
| 150|0x0000000754400000, 0x0000000754400000, 0x0000000754600000|  0%| F|  |TAMS 0x0000000754400000, 0x0000000754400000| Untracked 
| 151|0x0000000754600000, 0x0000000754800000, 0x0000000754800000|100%| O|  |TAMS 0x0000000754800000, 0x0000000754600000| Updating 
| 152|0x0000000754800000, 0x0000000754a00000, 0x0000000754a00000|100%| O|  |TAMS 0x0000000754a00000, 0x0000000754800000| Updating 
| 153|0x0000000754a00000, 0x0000000754c00000, 0x0000000754c00000|100%| O|  |TAMS 0x0000000754c00000, 0x0000000754a00000| Updating 
| 154|0x0000000754c00000, 0x0000000754e00000, 0x0000000754e00000|100%| O|  |TAMS 0x0000000754e00000, 0x0000000754c00000| Untracked 
| 155|0x0000000754e00000, 0x0000000755000000, 0x0000000755000000|100%| O|  |TAMS 0x0000000755000000, 0x0000000754e00000| Untracked 
| 156|0x0000000755000000, 0x0000000755200000, 0x0000000755200000|100%| O|  |TAMS 0x0000000755200000, 0x0000000755000000| Updating 
| 157|0x0000000755200000, 0x0000000755400000, 0x0000000755400000|100%| O|  |TAMS 0x0000000755400000, 0x0000000755200000| Updating 
| 158|0x0000000755400000, 0x0000000755600000, 0x0000000755600000|100%| O|  |TAMS 0x0000000755600000, 0x0000000755400000| Updating 
| 159|0x0000000755600000, 0x0000000755600000, 0x0000000755800000|  0%| F|  |TAMS 0x0000000755600000, 0x0000000755600000| Untracked 
| 160|0x0000000755800000, 0x0000000755a00000, 0x0000000755a00000|100%| O|  |TAMS 0x0000000755a00000, 0x0000000755800000| Untracked 
| 161|0x0000000755a00000, 0x0000000755c00000, 0x0000000755c00000|100%| O|  |TAMS 0x0000000755c00000, 0x0000000755a00000| Untracked 
| 162|0x0000000755c00000, 0x0000000755e00000, 0x0000000755e00000|100%| O|  |TAMS 0x0000000755e00000, 0x0000000755c00000| Untracked 
| 163|0x0000000755e00000, 0x0000000756000000, 0x0000000756000000|100%| O|  |TAMS 0x0000000756000000, 0x0000000755e00000| Untracked 
| 164|0x0000000756000000, 0x00000007560d2400, 0x0000000756200000| 41%| O|  |TAMS 0x00000007560ce800, 0x0000000756000000| Updating 
| 165|0x0000000756200000, 0x0000000756200000, 0x0000000756400000|  0%| F|  |TAMS 0x0000000756200000, 0x0000000756200000| Untracked 
| 166|0x0000000756400000, 0x0000000756400000, 0x0000000756600000|  0%| F|  |TAMS 0x0000000756400000, 0x0000000756400000| Untracked 
| 167|0x0000000756600000, 0x0000000756600000, 0x0000000756800000|  0%| F|  |TAMS 0x0000000756600000, 0x0000000756600000| Untracked 
| 168|0x0000000756800000, 0x0000000756800000, 0x0000000756a00000|  0%| F|  |TAMS 0x0000000756800000, 0x0000000756800000| Untracked 
| 169|0x0000000756a00000, 0x0000000756a00000, 0x0000000756c00000|  0%| F|  |TAMS 0x0000000756a00000, 0x0000000756a00000| Untracked 
| 170|0x0000000756c00000, 0x0000000756c00000, 0x0000000756e00000|  0%| F|  |TAMS 0x0000000756c00000, 0x0000000756c00000| Untracked 
| 171|0x0000000756e00000, 0x0000000756e00000, 0x0000000757000000|  0%| F|  |TAMS 0x0000000756e00000, 0x0000000756e00000| Untracked 
| 172|0x0000000757000000, 0x0000000757000000, 0x0000000757200000|  0%| F|  |TAMS 0x0000000757000000, 0x0000000757000000| Untracked 
| 173|0x0000000757200000, 0x0000000757200000, 0x0000000757400000|  0%| F|  |TAMS 0x0000000757200000, 0x0000000757200000| Untracked 
| 174|0x0000000757400000, 0x0000000757400000, 0x0000000757600000|  0%| F|  |TAMS 0x0000000757400000, 0x0000000757400000| Untracked 
| 175|0x0000000757600000, 0x0000000757600000, 0x0000000757800000|  0%| F|  |TAMS 0x0000000757600000, 0x0000000757600000| Untracked 
| 176|0x0000000757800000, 0x0000000757800000, 0x0000000757a00000|  0%| F|  |TAMS 0x0000000757800000, 0x0000000757800000| Untracked 
| 177|0x0000000757a00000, 0x0000000757a00000, 0x0000000757c00000|  0%| F|  |TAMS 0x0000000757a00000, 0x0000000757a00000| Untracked 
| 178|0x0000000757c00000, 0x0000000757c00000, 0x0000000757e00000|  0%| F|  |TAMS 0x0000000757c00000, 0x0000000757c00000| Untracked 
| 179|0x0000000757e00000, 0x0000000757e00000, 0x0000000758000000|  0%| F|  |TAMS 0x0000000757e00000, 0x0000000757e00000| Untracked 
| 180|0x0000000758000000, 0x0000000758000000, 0x0000000758200000|  0%| F|  |TAMS 0x0000000758000000, 0x0000000758000000| Untracked 
| 181|0x0000000758200000, 0x0000000758200000, 0x0000000758400000|  0%| F|  |TAMS 0x0000000758200000, 0x0000000758200000| Untracked 
| 182|0x0000000758400000, 0x0000000758400000, 0x0000000758600000|  0%| F|  |TAMS 0x0000000758400000, 0x0000000758400000| Untracked 
| 183|0x0000000758600000, 0x0000000758600000, 0x0000000758800000|  0%| F|  |TAMS 0x0000000758600000, 0x0000000758600000| Untracked 
| 184|0x0000000758800000, 0x0000000758800000, 0x0000000758a00000|  0%| F|  |TAMS 0x0000000758800000, 0x0000000758800000| Untracked 
| 185|0x0000000758a00000, 0x0000000758a00000, 0x0000000758c00000|  0%| F|  |TAMS 0x0000000758a00000, 0x0000000758a00000| Untracked 
| 186|0x0000000758c00000, 0x0000000758c00000, 0x0000000758e00000|  0%| F|  |TAMS 0x0000000758c00000, 0x0000000758c00000| Untracked 
| 187|0x0000000758e00000, 0x0000000758e00000, 0x0000000759000000|  0%| F|  |TAMS 0x0000000758e00000, 0x0000000758e00000| Untracked 
| 188|0x0000000759000000, 0x0000000759000000, 0x0000000759200000|  0%| F|  |TAMS 0x0000000759000000, 0x0000000759000000| Untracked 
| 189|0x0000000759200000, 0x0000000759200000, 0x0000000759400000|  0%| F|  |TAMS 0x0000000759200000, 0x0000000759200000| Untracked 
| 190|0x0000000759400000, 0x0000000759400000, 0x0000000759600000|  0%| F|  |TAMS 0x0000000759400000, 0x0000000759400000| Untracked 
| 191|0x0000000759600000, 0x0000000759600000, 0x0000000759800000|  0%| F|  |TAMS 0x0000000759600000, 0x0000000759600000| Untracked 
| 192|0x0000000759800000, 0x0000000759800000, 0x0000000759a00000|  0%| F|  |TAMS 0x0000000759800000, 0x0000000759800000| Untracked 
| 193|0x0000000759a00000, 0x0000000759a00000, 0x0000000759c00000|  0%| F|  |TAMS 0x0000000759a00000, 0x0000000759a00000| Untracked 
| 194|0x0000000759c00000, 0x0000000759c00000, 0x0000000759e00000|  0%| F|  |TAMS 0x0000000759c00000, 0x0000000759c00000| Untracked 
| 195|0x0000000759e00000, 0x0000000759e00000, 0x000000075a000000|  0%| F|  |TAMS 0x0000000759e00000, 0x0000000759e00000| Untracked 
| 196|0x000000075a000000, 0x000000075a000000, 0x000000075a200000|  0%| F|  |TAMS 0x000000075a000000, 0x000000075a000000| Untracked 
| 197|0x000000075a200000, 0x000000075a400000, 0x000000075a400000|100%| O|  |TAMS 0x000000075a400000, 0x000000075a200000| Untracked 
| 198|0x000000075a400000, 0x000000075a600000, 0x000000075a600000|100%| O|  |TAMS 0x000000075a600000, 0x000000075a400000| Untracked 
| 199|0x000000075a600000, 0x000000075a600000, 0x000000075a800000|  0%| F|  |TAMS 0x000000075a600000, 0x000000075a600000| Untracked 
| 200|0x000000075a800000, 0x000000075a800000, 0x000000075aa00000|  0%| F|  |TAMS 0x000000075a800000, 0x000000075a800000| Untracked 
| 201|0x000000075aa00000, 0x000000075aa00000, 0x000000075ac00000|  0%| F|  |TAMS 0x000000075aa00000, 0x000000075aa00000| Untracked 
| 202|0x000000075ac00000, 0x000000075ac00000, 0x000000075ae00000|  0%| F|  |TAMS 0x000000075ac00000, 0x000000075ac00000| Untracked 
| 203|0x000000075ae00000, 0x000000075b000000, 0x000000075b000000|100%| O|  |TAMS 0x000000075b000000, 0x000000075ae00000| Untracked 
| 204|0x000000075b000000, 0x000000075b000000, 0x000000075b200000|  0%| F|  |TAMS 0x000000075b000000, 0x000000075b000000| Untracked 
| 205|0x000000075b200000, 0x000000075b400000, 0x000000075b400000|100%| O|  |TAMS 0x000000075b400000, 0x000000075b200000| Untracked 
| 206|0x000000075b400000, 0x000000075b400000, 0x000000075b600000|  0%| F|  |TAMS 0x000000075b400000, 0x000000075b400000| Untracked 
| 207|0x000000075b600000, 0x000000075b600000, 0x000000075b800000|  0%| F|  |TAMS 0x000000075b600000, 0x000000075b600000| Untracked 
| 208|0x000000075b800000, 0x000000075ba00000, 0x000000075ba00000|100%| O|  |TAMS 0x000000075ba00000, 0x000000075b800000| Untracked 
| 209|0x000000075ba00000, 0x000000075ba00000, 0x000000075bc00000|  0%| F|  |TAMS 0x000000075ba00000, 0x000000075ba00000| Untracked 
| 210|0x000000075bc00000, 0x000000075be00000, 0x000000075be00000|100%| O|  |TAMS 0x000000075be00000, 0x000000075bc00000| Untracked 
| 211|0x000000075be00000, 0x000000075be00000, 0x000000075c000000|  0%| F|  |TAMS 0x000000075be00000, 0x000000075be00000| Untracked 
| 212|0x000000075c000000, 0x000000075c000000, 0x000000075c200000|  0%| F|  |TAMS 0x000000075c000000, 0x000000075c000000| Untracked 
| 213|0x000000075c200000, 0x000000075c200000, 0x000000075c400000|  0%| F|  |TAMS 0x000000075c200000, 0x000000075c200000| Untracked 
| 214|0x000000075c400000, 0x000000075c600000, 0x000000075c600000|100%| O|  |TAMS 0x000000075c600000, 0x000000075c400000| Updating 
| 215|0x000000075c600000, 0x000000075c800000, 0x000000075c800000|100%| O|  |TAMS 0x000000075c800000, 0x000000075c600000| Updating 
| 216|0x000000075c800000, 0x000000075c800000, 0x000000075ca00000|  0%| F|  |TAMS 0x000000075c800000, 0x000000075c800000| Untracked 
| 217|0x000000075ca00000, 0x000000075cc00000, 0x000000075cc00000|100%| O|  |TAMS 0x000000075cc00000, 0x000000075ca00000| Untracked 
| 218|0x000000075cc00000, 0x000000075ce00000, 0x000000075ce00000|100%| O|  |TAMS 0x000000075ce00000, 0x000000075cc00000| Untracked 
| 219|0x000000075ce00000, 0x000000075ce00000, 0x000000075d000000|  0%| F|  |TAMS 0x000000075ce00000, 0x000000075ce00000| Untracked 
| 220|0x000000075d000000, 0x000000075d000000, 0x000000075d200000|  0%| F|  |TAMS 0x000000075d000000, 0x000000075d000000| Untracked 
| 221|0x000000075d200000, 0x000000075d200000, 0x000000075d400000|  0%| F|  |TAMS 0x000000075d200000, 0x000000075d200000| Untracked 
| 222|0x000000075d400000, 0x000000075d400000, 0x000000075d600000|  0%| F|  |TAMS 0x000000075d400000, 0x000000075d400000| Untracked 
| 223|0x000000075d600000, 0x000000075d600000, 0x000000075d800000|  0%| F|  |TAMS 0x000000075d600000, 0x000000075d600000| Untracked 
| 224|0x000000075d800000, 0x000000075d800000, 0x000000075da00000|  0%| F|  |TAMS 0x000000075d800000, 0x000000075d800000| Untracked 
| 225|0x000000075da00000, 0x000000075da00000, 0x000000075dc00000|  0%| F|  |TAMS 0x000000075da00000, 0x000000075da00000| Untracked 
| 226|0x000000075dc00000, 0x000000075dc00000, 0x000000075de00000|  0%| F|  |TAMS 0x000000075dc00000, 0x000000075dc00000| Untracked 
| 227|0x000000075de00000, 0x000000075de00000, 0x000000075e000000|  0%| F|  |TAMS 0x000000075de00000, 0x000000075de00000| Untracked 
| 228|0x000000075e000000, 0x000000075e000000, 0x000000075e200000|  0%| F|  |TAMS 0x000000075e000000, 0x000000075e000000| Untracked 
| 229|0x000000075e200000, 0x000000075e200000, 0x000000075e400000|  0%| F|  |TAMS 0x000000075e200000, 0x000000075e200000| Untracked 
| 230|0x000000075e400000, 0x000000075e400000, 0x000000075e600000|  0%| F|  |TAMS 0x000000075e400000, 0x000000075e400000| Untracked 
| 231|0x000000075e600000, 0x000000075e600000, 0x000000075e800000|  0%| F|  |TAMS 0x000000075e600000, 0x000000075e600000| Untracked 
| 232|0x000000075e800000, 0x000000075e800000, 0x000000075ea00000|  0%| F|  |TAMS 0x000000075e800000, 0x000000075e800000| Untracked 
| 233|0x000000075ea00000, 0x000000075ea00000, 0x000000075ec00000|  0%| F|  |TAMS 0x000000075ea00000, 0x000000075ea00000| Untracked 
| 234|0x000000075ec00000, 0x000000075ec00000, 0x000000075ee00000|  0%| F|  |TAMS 0x000000075ec00000, 0x000000075ec00000| Untracked 
| 235|0x000000075ee00000, 0x000000075ee00000, 0x000000075f000000|  0%| F|  |TAMS 0x000000075ee00000, 0x000000075ee00000| Untracked 
| 236|0x000000075f000000, 0x000000075f000000, 0x000000075f200000|  0%| F|  |TAMS 0x000000075f000000, 0x000000075f000000| Untracked 
| 237|0x000000075f200000, 0x000000075f200000, 0x000000075f400000|  0%| F|  |TAMS 0x000000075f200000, 0x000000075f200000| Untracked 
| 238|0x000000075f400000, 0x000000075f400000, 0x000000075f600000|  0%| F|  |TAMS 0x000000075f400000, 0x000000075f400000| Untracked 
| 239|0x000000075f600000, 0x000000075f600000, 0x000000075f800000|  0%| F|  |TAMS 0x000000075f600000, 0x000000075f600000| Untracked 
| 240|0x000000075f800000, 0x000000075f800000, 0x000000075fa00000|  0%| F|  |TAMS 0x000000075f800000, 0x000000075f800000| Untracked 
| 241|0x000000075fa00000, 0x000000075fa00000, 0x000000075fc00000|  0%| F|  |TAMS 0x000000075fa00000, 0x000000075fa00000| Untracked 
| 242|0x000000075fc00000, 0x000000075fc00000, 0x000000075fe00000|  0%| F|  |TAMS 0x000000075fc00000, 0x000000075fc00000| Untracked 
| 243|0x000000075fe00000, 0x000000075fe00000, 0x0000000760000000|  0%| F|  |TAMS 0x000000075fe00000, 0x000000075fe00000| Untracked 
| 244|0x0000000760000000, 0x0000000760000000, 0x0000000760200000|  0%| F|  |TAMS 0x0000000760000000, 0x0000000760000000| Untracked 
| 245|0x0000000760200000, 0x0000000760200000, 0x0000000760400000|  0%| F|  |TAMS 0x0000000760200000, 0x0000000760200000| Untracked 
| 246|0x0000000760400000, 0x0000000760400000, 0x0000000760600000|  0%| F|  |TAMS 0x0000000760400000, 0x0000000760400000| Untracked 
| 247|0x0000000760600000, 0x0000000760600000, 0x0000000760800000|  0%| F|  |TAMS 0x0000000760600000, 0x0000000760600000| Untracked 
| 248|0x0000000760800000, 0x0000000760800000, 0x0000000760a00000|  0%| F|  |TAMS 0x0000000760800000, 0x0000000760800000| Untracked 
| 249|0x0000000760a00000, 0x0000000760a00000, 0x0000000760c00000|  0%| F|  |TAMS 0x0000000760a00000, 0x0000000760a00000| Untracked 
| 250|0x0000000760c00000, 0x0000000760c00000, 0x0000000760e00000|  0%| F|  |TAMS 0x0000000760c00000, 0x0000000760c00000| Untracked 
| 251|0x0000000760e00000, 0x0000000760e00000, 0x0000000761000000|  0%| F|  |TAMS 0x0000000760e00000, 0x0000000760e00000| Untracked 
| 252|0x0000000761000000, 0x0000000761000000, 0x0000000761200000|  0%| F|  |TAMS 0x0000000761000000, 0x0000000761000000| Untracked 
| 253|0x0000000761200000, 0x0000000761200000, 0x0000000761400000|  0%| F|  |TAMS 0x0000000761200000, 0x0000000761200000| Untracked 
| 254|0x0000000761400000, 0x0000000761400000, 0x0000000761600000|  0%| F|  |TAMS 0x0000000761400000, 0x0000000761400000| Untracked 
| 255|0x0000000761600000, 0x0000000761600000, 0x0000000761800000|  0%| F|  |TAMS 0x0000000761600000, 0x0000000761600000| Untracked 
| 256|0x0000000761800000, 0x0000000761800000, 0x0000000761a00000|  0%| F|  |TAMS 0x0000000761800000, 0x0000000761800000| Untracked 
| 257|0x0000000761a00000, 0x0000000761a00000, 0x0000000761c00000|  0%| F|  |TAMS 0x0000000761a00000, 0x0000000761a00000| Untracked 
| 258|0x0000000761c00000, 0x0000000761c00000, 0x0000000761e00000|  0%| F|  |TAMS 0x0000000761c00000, 0x0000000761c00000| Untracked 
| 259|0x0000000761e00000, 0x0000000761e00000, 0x0000000762000000|  0%| F|  |TAMS 0x0000000761e00000, 0x0000000761e00000| Untracked 
| 260|0x0000000762000000, 0x0000000762000000, 0x0000000762200000|  0%| F|  |TAMS 0x0000000762000000, 0x0000000762000000| Untracked 
| 261|0x0000000762200000, 0x0000000762200000, 0x0000000762400000|  0%| F|  |TAMS 0x0000000762200000, 0x0000000762200000| Untracked 
| 262|0x0000000762400000, 0x0000000762400000, 0x0000000762600000|  0%| F|  |TAMS 0x0000000762400000, 0x0000000762400000| Untracked 
| 263|0x0000000762600000, 0x0000000762600000, 0x0000000762800000|  0%| F|  |TAMS 0x0000000762600000, 0x0000000762600000| Untracked 
| 264|0x0000000762800000, 0x0000000762800000, 0x0000000762a00000|  0%| F|  |TAMS 0x0000000762800000, 0x0000000762800000| Untracked 
| 265|0x0000000762a00000, 0x0000000762a00000, 0x0000000762c00000|  0%| F|  |TAMS 0x0000000762a00000, 0x0000000762a00000| Untracked 
| 266|0x0000000762c00000, 0x0000000762c00000, 0x0000000762e00000|  0%| F|  |TAMS 0x0000000762c00000, 0x0000000762c00000| Untracked 
| 267|0x0000000762e00000, 0x0000000762e00000, 0x0000000763000000|  0%| F|  |TAMS 0x0000000762e00000, 0x0000000762e00000| Untracked 
| 268|0x0000000763000000, 0x0000000763000000, 0x0000000763200000|  0%| F|  |TAMS 0x0000000763000000, 0x0000000763000000| Untracked 
| 269|0x0000000763200000, 0x0000000763200000, 0x0000000763400000|  0%| F|  |TAMS 0x0000000763200000, 0x0000000763200000| Untracked 
| 270|0x0000000763400000, 0x0000000763400000, 0x0000000763600000|  0%| F|  |TAMS 0x0000000763400000, 0x0000000763400000| Untracked 
| 271|0x0000000763600000, 0x0000000763600000, 0x0000000763800000|  0%| F|  |TAMS 0x0000000763600000, 0x0000000763600000| Untracked 
| 272|0x0000000763800000, 0x0000000763800000, 0x0000000763a00000|  0%| F|  |TAMS 0x0000000763800000, 0x0000000763800000| Untracked 
| 273|0x0000000763a00000, 0x0000000763a00000, 0x0000000763c00000|  0%| F|  |TAMS 0x0000000763a00000, 0x0000000763a00000| Untracked 
| 274|0x0000000763c00000, 0x0000000763c00000, 0x0000000763e00000|  0%| F|  |TAMS 0x0000000763c00000, 0x0000000763c00000| Untracked 
| 275|0x0000000763e00000, 0x0000000763e00000, 0x0000000764000000|  0%| F|  |TAMS 0x0000000763e00000, 0x0000000763e00000| Untracked 
| 276|0x0000000764000000, 0x000000076405b140, 0x0000000764200000| 17%| S|CS|TAMS 0x0000000764000000, 0x0000000764000000| Complete 
| 277|0x0000000764200000, 0x0000000764400000, 0x0000000764400000|100%| S|CS|TAMS 0x0000000764200000, 0x0000000764200000| Complete 
| 278|0x0000000764400000, 0x0000000764400000, 0x0000000764600000|  0%| F|  |TAMS 0x0000000764400000, 0x0000000764400000| Untracked 
| 279|0x0000000764600000, 0x0000000764600000, 0x0000000764800000|  0%| F|  |TAMS 0x0000000764600000, 0x0000000764600000| Untracked 
| 280|0x0000000764800000, 0x0000000764800000, 0x0000000764a00000|  0%| F|  |TAMS 0x0000000764800000, 0x0000000764800000| Untracked 
| 281|0x0000000764a00000, 0x0000000764a00000, 0x0000000764c00000|  0%| F|  |TAMS 0x0000000764a00000, 0x0000000764a00000| Untracked 
| 282|0x0000000764c00000, 0x0000000764c00000, 0x0000000764e00000|  0%| F|  |TAMS 0x0000000764c00000, 0x0000000764c00000| Untracked 
| 283|0x0000000764e00000, 0x0000000764e00000, 0x0000000765000000|  0%| F|  |TAMS 0x0000000764e00000, 0x0000000764e00000| Untracked 
| 284|0x0000000765000000, 0x0000000765000000, 0x0000000765200000|  0%| F|  |TAMS 0x0000000765000000, 0x0000000765000000| Untracked 
| 285|0x0000000765200000, 0x0000000765200000, 0x0000000765400000|  0%| F|  |TAMS 0x0000000765200000, 0x0000000765200000| Untracked 
| 286|0x0000000765400000, 0x0000000765400000, 0x0000000765600000|  0%| F|  |TAMS 0x0000000765400000, 0x0000000765400000| Untracked 
| 287|0x0000000765600000, 0x0000000765600000, 0x0000000765800000|  0%| F|  |TAMS 0x0000000765600000, 0x0000000765600000| Untracked 
| 288|0x0000000765800000, 0x0000000765800000, 0x0000000765a00000|  0%| F|  |TAMS 0x0000000765800000, 0x0000000765800000| Untracked 
| 289|0x0000000765a00000, 0x0000000765a00000, 0x0000000765c00000|  0%| F|  |TAMS 0x0000000765a00000, 0x0000000765a00000| Untracked 
| 290|0x0000000765c00000, 0x0000000765c00000, 0x0000000765e00000|  0%| F|  |TAMS 0x0000000765c00000, 0x0000000765c00000| Untracked 
| 291|0x0000000765e00000, 0x0000000765e00000, 0x0000000766000000|  0%| F|  |TAMS 0x0000000765e00000, 0x0000000765e00000| Untracked 
| 292|0x0000000766000000, 0x0000000766000000, 0x0000000766200000|  0%| F|  |TAMS 0x0000000766000000, 0x0000000766000000| Untracked 
| 293|0x0000000766200000, 0x0000000766200000, 0x0000000766400000|  0%| F|  |TAMS 0x0000000766200000, 0x0000000766200000| Untracked 
| 294|0x0000000766400000, 0x0000000766400000, 0x0000000766600000|  0%| F|  |TAMS 0x0000000766400000, 0x0000000766400000| Untracked 
| 295|0x0000000766600000, 0x0000000766600000, 0x0000000766800000|  0%| F|  |TAMS 0x0000000766600000, 0x0000000766600000| Untracked 
| 296|0x0000000766800000, 0x0000000766800000, 0x0000000766a00000|  0%| F|  |TAMS 0x0000000766800000, 0x0000000766800000| Untracked 
| 297|0x0000000766a00000, 0x0000000766a00000, 0x0000000766c00000|  0%| F|  |TAMS 0x0000000766a00000, 0x0000000766a00000| Untracked 
| 298|0x0000000766c00000, 0x0000000766c00000, 0x0000000766e00000|  0%| F|  |TAMS 0x0000000766c00000, 0x0000000766c00000| Untracked 
| 299|0x0000000766e00000, 0x0000000766e00000, 0x0000000767000000|  0%| F|  |TAMS 0x0000000766e00000, 0x0000000766e00000| Untracked 
| 300|0x0000000767000000, 0x0000000767000000, 0x0000000767200000|  0%| F|  |TAMS 0x0000000767000000, 0x0000000767000000| Untracked 
| 301|0x0000000767200000, 0x0000000767200000, 0x0000000767400000|  0%| F|  |TAMS 0x0000000767200000, 0x0000000767200000| Untracked 
| 302|0x0000000767400000, 0x0000000767400000, 0x0000000767600000|  0%| F|  |TAMS 0x0000000767400000, 0x0000000767400000| Untracked 
| 303|0x0000000767600000, 0x0000000767600000, 0x0000000767800000|  0%| F|  |TAMS 0x0000000767600000, 0x0000000767600000| Untracked 
| 304|0x0000000767800000, 0x0000000767800000, 0x0000000767a00000|  0%| F|  |TAMS 0x0000000767800000, 0x0000000767800000| Untracked 
| 305|0x0000000767a00000, 0x0000000767a00000, 0x0000000767c00000|  0%| F|  |TAMS 0x0000000767a00000, 0x0000000767a00000| Untracked 
| 306|0x0000000767c00000, 0x0000000767c00000, 0x0000000767e00000|  0%| F|  |TAMS 0x0000000767c00000, 0x0000000767c00000| Untracked 
| 307|0x0000000767e00000, 0x0000000767e00000, 0x0000000768000000|  0%| F|  |TAMS 0x0000000767e00000, 0x0000000767e00000| Untracked 
| 308|0x0000000768000000, 0x0000000768000000, 0x0000000768200000|  0%| F|  |TAMS 0x0000000768000000, 0x0000000768000000| Untracked 
| 309|0x0000000768200000, 0x0000000768200000, 0x0000000768400000|  0%| F|  |TAMS 0x0000000768200000, 0x0000000768200000| Untracked 
| 310|0x0000000768400000, 0x0000000768400000, 0x0000000768600000|  0%| F|  |TAMS 0x0000000768400000, 0x0000000768400000| Untracked 
| 311|0x0000000768600000, 0x0000000768600000, 0x0000000768800000|  0%| F|  |TAMS 0x0000000768600000, 0x0000000768600000| Untracked 
| 312|0x0000000768800000, 0x0000000768800000, 0x0000000768a00000|  0%| F|  |TAMS 0x0000000768800000, 0x0000000768800000| Untracked 
| 313|0x0000000768a00000, 0x0000000768a00000, 0x0000000768c00000|  0%| F|  |TAMS 0x0000000768a00000, 0x0000000768a00000| Untracked 
| 314|0x0000000768c00000, 0x0000000768c00000, 0x0000000768e00000|  0%| F|  |TAMS 0x0000000768c00000, 0x0000000768c00000| Untracked 
| 315|0x0000000768e00000, 0x0000000768e00000, 0x0000000769000000|  0%| F|  |TAMS 0x0000000768e00000, 0x0000000768e00000| Untracked 
| 316|0x0000000769000000, 0x0000000769000000, 0x0000000769200000|  0%| F|  |TAMS 0x0000000769000000, 0x0000000769000000| Untracked 
| 317|0x0000000769200000, 0x0000000769200000, 0x0000000769400000|  0%| F|  |TAMS 0x0000000769200000, 0x0000000769200000| Untracked 
| 318|0x0000000769400000, 0x0000000769400000, 0x0000000769600000|  0%| F|  |TAMS 0x0000000769400000, 0x0000000769400000| Untracked 
| 319|0x0000000769600000, 0x0000000769600000, 0x0000000769800000|  0%| F|  |TAMS 0x0000000769600000, 0x0000000769600000| Untracked 
| 320|0x0000000769800000, 0x0000000769a00000, 0x0000000769a00000|100%| O|  |TAMS 0x0000000769a00000, 0x0000000769800000| Updating 
| 321|0x0000000769a00000, 0x0000000769c00000, 0x0000000769c00000|100%| O|  |TAMS 0x0000000769c00000, 0x0000000769a00000| Updating 
| 322|0x0000000769c00000, 0x0000000769e00000, 0x0000000769e00000|100%| O|  |TAMS 0x0000000769e00000, 0x0000000769c00000| Updating 
| 323|0x0000000769e00000, 0x0000000769e00000, 0x000000076a000000|  0%| F|  |TAMS 0x0000000769e00000, 0x0000000769e00000| Untracked 
| 324|0x000000076a000000, 0x000000076a200000, 0x000000076a200000|100%| O|  |TAMS 0x000000076a200000, 0x000000076a000000| Updating 
| 325|0x000000076a200000, 0x000000076a400000, 0x000000076a400000|100%| O|  |TAMS 0x000000076a400000, 0x000000076a200000| Updating 
| 326|0x000000076a400000, 0x000000076a400000, 0x000000076a600000|  0%| F|  |TAMS 0x000000076a400000, 0x000000076a400000| Untracked 
| 327|0x000000076a600000, 0x000000076a800000, 0x000000076a800000|100%| O|  |TAMS 0x000000076a800000, 0x000000076a600000| Updating 
| 328|0x000000076a800000, 0x000000076a800000, 0x000000076aa00000|  0%| F|  |TAMS 0x000000076a800000, 0x000000076a800000| Untracked 
| 329|0x000000076aa00000, 0x000000076ac00000, 0x000000076ac00000|100%| O|  |TAMS 0x000000076ac00000, 0x000000076aa00000| Updating 
| 330|0x000000076ac00000, 0x000000076ae00000, 0x000000076ae00000|100%| O|  |TAMS 0x000000076ae00000, 0x000000076ac00000| Updating 
| 331|0x000000076ae00000, 0x000000076b000000, 0x000000076b000000|100%| O|  |TAMS 0x000000076b000000, 0x000000076ae00000| Untracked 
| 332|0x000000076b000000, 0x000000076b200000, 0x000000076b200000|100%| O|  |TAMS 0x000000076b200000, 0x000000076b000000| Untracked 
| 333|0x000000076b200000, 0x000000076b200000, 0x000000076b400000|  0%| F|  |TAMS 0x000000076b200000, 0x000000076b200000| Untracked 
| 334|0x000000076b400000, 0x000000076b600000, 0x000000076b600000|100%| O|  |TAMS 0x000000076b600000, 0x000000076b400000| Updating 
| 335|0x000000076b600000, 0x000000076b800000, 0x000000076b800000|100%| O|  |TAMS 0x000000076b800000, 0x000000076b600000| Untracked 
| 336|0x000000076b800000, 0x000000076ba00000, 0x000000076ba00000|100%| O|  |TAMS 0x000000076ba00000, 0x000000076b800000| Untracked 
| 337|0x000000076ba00000, 0x000000076bc00000, 0x000000076bc00000|100%| O|  |TAMS 0x000000076bc00000, 0x000000076ba00000| Untracked 
| 338|0x000000076bc00000, 0x000000076be00000, 0x000000076be00000|100%| O|  |TAMS 0x000000076be00000, 0x000000076bc00000| Untracked 
| 339|0x000000076be00000, 0x000000076c000000, 0x000000076c000000|100%| O|  |TAMS 0x000000076c000000, 0x000000076be00000| Untracked 
| 340|0x000000076c000000, 0x000000076c200000, 0x000000076c200000|100%| O|  |TAMS 0x000000076c200000, 0x000000076c000000| Untracked 
| 341|0x000000076c200000, 0x000000076c400000, 0x000000076c400000|100%| O|  |TAMS 0x000000076c400000, 0x000000076c200000| Untracked 
| 342|0x000000076c400000, 0x000000076c400000, 0x000000076c600000|  0%| F|  |TAMS 0x000000076c400000, 0x000000076c400000| Untracked 
| 343|0x000000076c600000, 0x000000076c600000, 0x000000076c800000|  0%| F|  |TAMS 0x000000076c600000, 0x000000076c600000| Untracked 
| 344|0x000000076c800000, 0x000000076c800000, 0x000000076ca00000|  0%| F|  |TAMS 0x000000076c800000, 0x000000076c800000| Untracked 
| 345|0x000000076ca00000, 0x000000076ca00000, 0x000000076cc00000|  0%| F|  |TAMS 0x000000076ca00000, 0x000000076ca00000| Untracked 
| 346|0x000000076cc00000, 0x000000076cc00000, 0x000000076ce00000|  0%| F|  |TAMS 0x000000076cc00000, 0x000000076cc00000| Untracked 
| 347|0x000000076ce00000, 0x000000076d000000, 0x000000076d000000|100%| O|  |TAMS 0x000000076d000000, 0x000000076ce00000| Updating 
| 348|0x000000076d000000, 0x000000076d200000, 0x000000076d200000|100%| O|  |TAMS 0x000000076d200000, 0x000000076d000000| Untracked 
| 349|0x000000076d200000, 0x000000076d400000, 0x000000076d400000|100%| O|  |TAMS 0x000000076d400000, 0x000000076d200000| Untracked 
| 350|0x000000076d400000, 0x000000076d600000, 0x000000076d600000|100%| O|  |TAMS 0x000000076d600000, 0x000000076d400000| Untracked 
| 351|0x000000076d600000, 0x000000076d800000, 0x000000076d800000|100%| O|  |TAMS 0x000000076d800000, 0x000000076d600000| Untracked 
| 352|0x000000076d800000, 0x000000076da00000, 0x000000076da00000|100%| O|  |TAMS 0x000000076da00000, 0x000000076d800000| Untracked 
| 353|0x000000076da00000, 0x000000076dc00000, 0x000000076dc00000|100%| O|  |TAMS 0x000000076dc00000, 0x000000076da00000| Untracked 
| 354|0x000000076dc00000, 0x000000076de00000, 0x000000076de00000|100%| O|  |TAMS 0x000000076de00000, 0x000000076dc00000| Updating 
| 355|0x000000076de00000, 0x000000076de00000, 0x000000076e000000|  0%| F|  |TAMS 0x000000076de00000, 0x000000076de00000| Untracked 
| 356|0x000000076e000000, 0x000000076e000000, 0x000000076e200000|  0%| F|  |TAMS 0x000000076e000000, 0x000000076e000000| Untracked 
| 357|0x000000076e200000, 0x000000076e200000, 0x000000076e400000|  0%| F|  |TAMS 0x000000076e200000, 0x000000076e200000| Untracked 
| 358|0x000000076e400000, 0x000000076e400000, 0x000000076e600000|  0%| F|  |TAMS 0x000000076e400000, 0x000000076e400000| Untracked 
| 359|0x000000076e600000, 0x000000076e600000, 0x000000076e800000|  0%| F|  |TAMS 0x000000076e600000, 0x000000076e600000| Untracked 
| 360|0x000000076e800000, 0x000000076e800000, 0x000000076ea00000|  0%| F|  |TAMS 0x000000076e800000, 0x000000076e800000| Untracked 
| 361|0x000000076ea00000, 0x000000076ea00000, 0x000000076ec00000|  0%| F|  |TAMS 0x000000076ea00000, 0x000000076ea00000| Untracked 
| 362|0x000000076ec00000, 0x000000076ec00000, 0x000000076ee00000|  0%| F|  |TAMS 0x000000076ec00000, 0x000000076ec00000| Untracked 
| 363|0x000000076ee00000, 0x000000076ee00000, 0x000000076f000000|  0%| F|  |TAMS 0x000000076ee00000, 0x000000076ee00000| Untracked 
| 364|0x000000076f000000, 0x000000076f000000, 0x000000076f200000|  0%| F|  |TAMS 0x000000076f000000, 0x000000076f000000| Untracked 
| 365|0x000000076f200000, 0x000000076f200000, 0x000000076f400000|  0%| F|  |TAMS 0x000000076f200000, 0x000000076f200000| Untracked 
| 366|0x000000076f400000, 0x000000076f400000, 0x000000076f600000|  0%| F|  |TAMS 0x000000076f400000, 0x000000076f400000| Untracked 
| 367|0x000000076f600000, 0x000000076f600000, 0x000000076f800000|  0%| F|  |TAMS 0x000000076f600000, 0x000000076f600000| Untracked 
| 368|0x000000076f800000, 0x000000076f800000, 0x000000076fa00000|  0%| F|  |TAMS 0x000000076f800000, 0x000000076f800000| Untracked 
| 369|0x000000076fa00000, 0x000000076fa00000, 0x000000076fc00000|  0%| F|  |TAMS 0x000000076fa00000, 0x000000076fa00000| Untracked 
| 370|0x000000076fc00000, 0x000000076fc00000, 0x000000076fe00000|  0%| F|  |TAMS 0x000000076fc00000, 0x000000076fc00000| Untracked 
| 371|0x000000076fe00000, 0x000000076fe00000, 0x0000000770000000|  0%| F|  |TAMS 0x000000076fe00000, 0x000000076fe00000| Untracked 
| 372|0x0000000770000000, 0x0000000770000000, 0x0000000770200000|  0%| F|  |TAMS 0x0000000770000000, 0x0000000770000000| Untracked 
| 373|0x0000000770200000, 0x0000000770200000, 0x0000000770400000|  0%| F|  |TAMS 0x0000000770200000, 0x0000000770200000| Untracked 
| 374|0x0000000770400000, 0x0000000770400000, 0x0000000770600000|  0%| F|  |TAMS 0x0000000770400000, 0x0000000770400000| Untracked 
| 375|0x0000000770600000, 0x0000000770600000, 0x0000000770800000|  0%| F|  |TAMS 0x0000000770600000, 0x0000000770600000| Untracked 
| 376|0x0000000770800000, 0x0000000770800000, 0x0000000770a00000|  0%| F|  |TAMS 0x0000000770800000, 0x0000000770800000| Untracked 
| 377|0x0000000770a00000, 0x0000000770a00000, 0x0000000770c00000|  0%| F|  |TAMS 0x0000000770a00000, 0x0000000770a00000| Untracked 
| 378|0x0000000770c00000, 0x0000000770c00000, 0x0000000770e00000|  0%| F|  |TAMS 0x0000000770c00000, 0x0000000770c00000| Untracked 
| 379|0x0000000770e00000, 0x0000000770e00000, 0x0000000771000000|  0%| F|  |TAMS 0x0000000770e00000, 0x0000000770e00000| Untracked 
| 380|0x0000000771000000, 0x0000000771000000, 0x0000000771200000|  0%| F|  |TAMS 0x0000000771000000, 0x0000000771000000| Untracked 
| 381|0x0000000771200000, 0x0000000771200000, 0x0000000771400000|  0%| F|  |TAMS 0x0000000771200000, 0x0000000771200000| Untracked 
| 382|0x0000000771400000, 0x0000000771400000, 0x0000000771600000|  0%| F|  |TAMS 0x0000000771400000, 0x0000000771400000| Untracked 
| 383|0x0000000771600000, 0x0000000771600000, 0x0000000771800000|  0%| F|  |TAMS 0x0000000771600000, 0x0000000771600000| Untracked 
| 384|0x0000000771800000, 0x0000000771800000, 0x0000000771a00000|  0%| F|  |TAMS 0x0000000771800000, 0x0000000771800000| Untracked 
| 385|0x0000000771a00000, 0x0000000771a00000, 0x0000000771c00000|  0%| F|  |TAMS 0x0000000771a00000, 0x0000000771a00000| Untracked 
| 386|0x0000000771c00000, 0x0000000771c00000, 0x0000000771e00000|  0%| F|  |TAMS 0x0000000771c00000, 0x0000000771c00000| Untracked 
| 387|0x0000000771e00000, 0x0000000771e00000, 0x0000000772000000|  0%| F|  |TAMS 0x0000000771e00000, 0x0000000771e00000| Untracked 
| 388|0x0000000772000000, 0x0000000772000000, 0x0000000772200000|  0%| F|  |TAMS 0x0000000772000000, 0x0000000772000000| Untracked 
| 389|0x0000000772200000, 0x0000000772200000, 0x0000000772400000|  0%| F|  |TAMS 0x0000000772200000, 0x0000000772200000| Untracked 
| 390|0x0000000772400000, 0x0000000772400000, 0x0000000772600000|  0%| F|  |TAMS 0x0000000772400000, 0x0000000772400000| Untracked 
| 391|0x0000000772600000, 0x0000000772600000, 0x0000000772800000|  0%| F|  |TAMS 0x0000000772600000, 0x0000000772600000| Untracked 
| 392|0x0000000772800000, 0x0000000772800000, 0x0000000772a00000|  0%| F|  |TAMS 0x0000000772800000, 0x0000000772800000| Untracked 
| 393|0x0000000772a00000, 0x0000000772a00000, 0x0000000772c00000|  0%| F|  |TAMS 0x0000000772a00000, 0x0000000772a00000| Untracked 
| 394|0x0000000772c00000, 0x0000000772c00000, 0x0000000772e00000|  0%| F|  |TAMS 0x0000000772c00000, 0x0000000772c00000| Untracked 
| 395|0x0000000772e00000, 0x0000000772e00000, 0x0000000773000000|  0%| F|  |TAMS 0x0000000772e00000, 0x0000000772e00000| Untracked 
| 396|0x0000000773000000, 0x0000000773000000, 0x0000000773200000|  0%| F|  |TAMS 0x0000000773000000, 0x0000000773000000| Untracked 
| 397|0x0000000773200000, 0x0000000773200000, 0x0000000773400000|  0%| F|  |TAMS 0x0000000773200000, 0x0000000773200000| Untracked 
| 398|0x0000000773400000, 0x0000000773400000, 0x0000000773600000|  0%| F|  |TAMS 0x0000000773400000, 0x0000000773400000| Untracked 
| 399|0x0000000773600000, 0x0000000773600000, 0x0000000773800000|  0%| F|  |TAMS 0x0000000773600000, 0x0000000773600000| Untracked 
| 400|0x0000000773800000, 0x0000000773800000, 0x0000000773a00000|  0%| F|  |TAMS 0x0000000773800000, 0x0000000773800000| Untracked 
| 401|0x0000000773a00000, 0x0000000773a00000, 0x0000000773c00000|  0%| F|  |TAMS 0x0000000773a00000, 0x0000000773a00000| Untracked 
| 402|0x0000000773c00000, 0x0000000773c00000, 0x0000000773e00000|  0%| F|  |TAMS 0x0000000773c00000, 0x0000000773c00000| Untracked 
| 403|0x0000000773e00000, 0x0000000773e00000, 0x0000000774000000|  0%| F|  |TAMS 0x0000000773e00000, 0x0000000773e00000| Untracked 
| 404|0x0000000774000000, 0x0000000774000000, 0x0000000774200000|  0%| F|  |TAMS 0x0000000774000000, 0x0000000774000000| Untracked 
| 405|0x0000000774200000, 0x0000000774200000, 0x0000000774400000|  0%| F|  |TAMS 0x0000000774200000, 0x0000000774200000| Untracked 
| 406|0x0000000774400000, 0x0000000774400000, 0x0000000774600000|  0%| F|  |TAMS 0x0000000774400000, 0x0000000774400000| Untracked 
| 407|0x0000000774600000, 0x0000000774600000, 0x0000000774800000|  0%| F|  |TAMS 0x0000000774600000, 0x0000000774600000| Untracked 
| 408|0x0000000774800000, 0x0000000774800000, 0x0000000774a00000|  0%| F|  |TAMS 0x0000000774800000, 0x0000000774800000| Untracked 
| 409|0x0000000774a00000, 0x0000000774a00000, 0x0000000774c00000|  0%| F|  |TAMS 0x0000000774a00000, 0x0000000774a00000| Untracked 
| 410|0x0000000774c00000, 0x0000000774c00000, 0x0000000774e00000|  0%| F|  |TAMS 0x0000000774c00000, 0x0000000774c00000| Untracked 
| 411|0x0000000774e00000, 0x0000000774e00000, 0x0000000775000000|  0%| F|  |TAMS 0x0000000774e00000, 0x0000000774e00000| Untracked 
| 412|0x0000000775000000, 0x0000000775000000, 0x0000000775200000|  0%| F|  |TAMS 0x0000000775000000, 0x0000000775000000| Untracked 
| 413|0x0000000775200000, 0x0000000775200000, 0x0000000775400000|  0%| F|  |TAMS 0x0000000775200000, 0x0000000775200000| Untracked 
| 414|0x0000000775400000, 0x0000000775400000, 0x0000000775600000|  0%| F|  |TAMS 0x0000000775400000, 0x0000000775400000| Untracked 
| 415|0x0000000775600000, 0x0000000775600000, 0x0000000775800000|  0%| F|  |TAMS 0x0000000775600000, 0x0000000775600000| Untracked 
| 416|0x0000000775800000, 0x0000000775800000, 0x0000000775a00000|  0%| F|  |TAMS 0x0000000775800000, 0x0000000775800000| Untracked 
| 417|0x0000000775a00000, 0x0000000775a00000, 0x0000000775c00000|  0%| F|  |TAMS 0x0000000775a00000, 0x0000000775a00000| Untracked 
| 418|0x0000000775c00000, 0x0000000775c00000, 0x0000000775e00000|  0%| F|  |TAMS 0x0000000775c00000, 0x0000000775c00000| Untracked 
| 419|0x0000000775e00000, 0x0000000775e00000, 0x0000000776000000|  0%| F|  |TAMS 0x0000000775e00000, 0x0000000775e00000| Untracked 
| 420|0x0000000776000000, 0x0000000776000000, 0x0000000776200000|  0%| F|  |TAMS 0x0000000776000000, 0x0000000776000000| Untracked 
| 421|0x0000000776200000, 0x0000000776200000, 0x0000000776400000|  0%| F|  |TAMS 0x0000000776200000, 0x0000000776200000| Untracked 
| 422|0x0000000776400000, 0x0000000776400000, 0x0000000776600000|  0%| F|  |TAMS 0x0000000776400000, 0x0000000776400000| Untracked 
| 423|0x0000000776600000, 0x0000000776600000, 0x0000000776800000|  0%| F|  |TAMS 0x0000000776600000, 0x0000000776600000| Untracked 
| 424|0x0000000776800000, 0x0000000776800000, 0x0000000776a00000|  0%| F|  |TAMS 0x0000000776800000, 0x0000000776800000| Untracked 
| 425|0x0000000776a00000, 0x0000000776a00000, 0x0000000776c00000|  0%| F|  |TAMS 0x0000000776a00000, 0x0000000776a00000| Untracked 
| 426|0x0000000776c00000, 0x0000000776c00000, 0x0000000776e00000|  0%| F|  |TAMS 0x0000000776c00000, 0x0000000776c00000| Untracked 
| 427|0x0000000776e00000, 0x0000000776e00000, 0x0000000777000000|  0%| F|  |TAMS 0x0000000776e00000, 0x0000000776e00000| Untracked 
| 428|0x0000000777000000, 0x0000000777000000, 0x0000000777200000|  0%| F|  |TAMS 0x0000000777000000, 0x0000000777000000| Untracked 
| 429|0x0000000777200000, 0x0000000777200000, 0x0000000777400000|  0%| F|  |TAMS 0x0000000777200000, 0x0000000777200000| Untracked 
| 430|0x0000000777400000, 0x0000000777400000, 0x0000000777600000|  0%| F|  |TAMS 0x0000000777400000, 0x0000000777400000| Untracked 
| 431|0x0000000777600000, 0x0000000777600000, 0x0000000777800000|  0%| F|  |TAMS 0x0000000777600000, 0x0000000777600000| Untracked 
| 432|0x0000000777800000, 0x0000000777800000, 0x0000000777a00000|  0%| F|  |TAMS 0x0000000777800000, 0x0000000777800000| Untracked 
| 433|0x0000000777a00000, 0x0000000777a00000, 0x0000000777c00000|  0%| F|  |TAMS 0x0000000777a00000, 0x0000000777a00000| Untracked 
| 434|0x0000000777c00000, 0x0000000777c00000, 0x0000000777e00000|  0%| F|  |TAMS 0x0000000777c00000, 0x0000000777c00000| Untracked 
| 435|0x0000000777e00000, 0x0000000777e00000, 0x0000000778000000|  0%| F|  |TAMS 0x0000000777e00000, 0x0000000777e00000| Untracked 
| 436|0x0000000778000000, 0x0000000778000000, 0x0000000778200000|  0%| F|  |TAMS 0x0000000778000000, 0x0000000778000000| Untracked 
| 437|0x0000000778200000, 0x0000000778200000, 0x0000000778400000|  0%| F|  |TAMS 0x0000000778200000, 0x0000000778200000| Untracked 
| 438|0x0000000778400000, 0x0000000778400000, 0x0000000778600000|  0%| F|  |TAMS 0x0000000778400000, 0x0000000778400000| Untracked 
| 439|0x0000000778600000, 0x0000000778600000, 0x0000000778800000|  0%| F|  |TAMS 0x0000000778600000, 0x0000000778600000| Untracked 
| 440|0x0000000778800000, 0x0000000778800000, 0x0000000778a00000|  0%| F|  |TAMS 0x0000000778800000, 0x0000000778800000| Untracked 
| 441|0x0000000778a00000, 0x0000000778a00000, 0x0000000778c00000|  0%| F|  |TAMS 0x0000000778a00000, 0x0000000778a00000| Untracked 
| 442|0x0000000778c00000, 0x0000000778c00000, 0x0000000778e00000|  0%| F|  |TAMS 0x0000000778c00000, 0x0000000778c00000| Untracked 
| 443|0x0000000778e00000, 0x0000000778e00000, 0x0000000779000000|  0%| F|  |TAMS 0x0000000778e00000, 0x0000000778e00000| Untracked 
| 444|0x0000000779000000, 0x0000000779000000, 0x0000000779200000|  0%| F|  |TAMS 0x0000000779000000, 0x0000000779000000| Untracked 
| 445|0x0000000779200000, 0x0000000779200000, 0x0000000779400000|  0%| F|  |TAMS 0x0000000779200000, 0x0000000779200000| Untracked 
| 446|0x0000000779400000, 0x0000000779400000, 0x0000000779600000|  0%| F|  |TAMS 0x0000000779400000, 0x0000000779400000| Untracked 
| 447|0x0000000779600000, 0x0000000779600000, 0x0000000779800000|  0%| F|  |TAMS 0x0000000779600000, 0x0000000779600000| Untracked 
| 448|0x0000000779800000, 0x0000000779800000, 0x0000000779a00000|  0%| F|  |TAMS 0x0000000779800000, 0x0000000779800000| Untracked 
| 449|0x0000000779a00000, 0x0000000779a00000, 0x0000000779c00000|  0%| F|  |TAMS 0x0000000779a00000, 0x0000000779a00000| Untracked 
| 450|0x0000000779c00000, 0x0000000779c00000, 0x0000000779e00000|  0%| F|  |TAMS 0x0000000779c00000, 0x0000000779c00000| Untracked 
| 451|0x0000000779e00000, 0x0000000779e00000, 0x000000077a000000|  0%| F|  |TAMS 0x0000000779e00000, 0x0000000779e00000| Untracked 
| 452|0x000000077a000000, 0x000000077a000000, 0x000000077a200000|  0%| F|  |TAMS 0x000000077a000000, 0x000000077a000000| Untracked 
| 453|0x000000077a200000, 0x000000077a200000, 0x000000077a400000|  0%| F|  |TAMS 0x000000077a200000, 0x000000077a200000| Untracked 
| 454|0x000000077a400000, 0x000000077a400000, 0x000000077a600000|  0%| F|  |TAMS 0x000000077a400000, 0x000000077a400000| Untracked 
| 455|0x000000077a600000, 0x000000077a600000, 0x000000077a800000|  0%| F|  |TAMS 0x000000077a600000, 0x000000077a600000| Untracked 
| 456|0x000000077a800000, 0x000000077a800000, 0x000000077aa00000|  0%| F|  |TAMS 0x000000077a800000, 0x000000077a800000| Untracked 
| 457|0x000000077aa00000, 0x000000077aa00000, 0x000000077ac00000|  0%| F|  |TAMS 0x000000077aa00000, 0x000000077aa00000| Untracked 
| 458|0x000000077ac00000, 0x000000077ac00000, 0x000000077ae00000|  0%| F|  |TAMS 0x000000077ac00000, 0x000000077ac00000| Untracked 
| 459|0x000000077ae00000, 0x000000077ae00000, 0x000000077b000000|  0%| F|  |TAMS 0x000000077ae00000, 0x000000077ae00000| Untracked 
| 460|0x000000077b000000, 0x000000077b000000, 0x000000077b200000|  0%| F|  |TAMS 0x000000077b000000, 0x000000077b000000| Untracked 
| 461|0x000000077b200000, 0x000000077b200000, 0x000000077b400000|  0%| F|  |TAMS 0x000000077b200000, 0x000000077b200000| Untracked 
| 462|0x000000077b400000, 0x000000077b400000, 0x000000077b600000|  0%| F|  |TAMS 0x000000077b400000, 0x000000077b400000| Untracked 
| 463|0x000000077b600000, 0x000000077b600000, 0x000000077b800000|  0%| F|  |TAMS 0x000000077b600000, 0x000000077b600000| Untracked 
| 464|0x000000077b800000, 0x000000077b800000, 0x000000077ba00000|  0%| F|  |TAMS 0x000000077b800000, 0x000000077b800000| Untracked 
| 465|0x000000077ba00000, 0x000000077ba00000, 0x000000077bc00000|  0%| F|  |TAMS 0x000000077ba00000, 0x000000077ba00000| Untracked 
| 466|0x000000077bc00000, 0x000000077bc00000, 0x000000077be00000|  0%| F|  |TAMS 0x000000077bc00000, 0x000000077bc00000| Untracked 
| 467|0x000000077be00000, 0x000000077be00000, 0x000000077c000000|  0%| F|  |TAMS 0x000000077be00000, 0x000000077be00000| Untracked 
| 468|0x000000077c000000, 0x000000077c000000, 0x000000077c200000|  0%| F|  |TAMS 0x000000077c000000, 0x000000077c000000| Untracked 
| 469|0x000000077c200000, 0x000000077c200000, 0x000000077c400000|  0%| F|  |TAMS 0x000000077c200000, 0x000000077c200000| Untracked 
| 470|0x000000077c400000, 0x000000077c400000, 0x000000077c600000|  0%| F|  |TAMS 0x000000077c400000, 0x000000077c400000| Untracked 
| 471|0x000000077c600000, 0x000000077c600000, 0x000000077c800000|  0%| F|  |TAMS 0x000000077c600000, 0x000000077c600000| Untracked 
| 472|0x000000077c800000, 0x000000077c800000, 0x000000077ca00000|  0%| F|  |TAMS 0x000000077c800000, 0x000000077c800000| Untracked 
| 473|0x000000077ca00000, 0x000000077ca00000, 0x000000077cc00000|  0%| F|  |TAMS 0x000000077ca00000, 0x000000077ca00000| Untracked 
| 474|0x000000077cc00000, 0x000000077cc00000, 0x000000077ce00000|  0%| F|  |TAMS 0x000000077cc00000, 0x000000077cc00000| Untracked 
| 475|0x000000077ce00000, 0x000000077ce00000, 0x000000077d000000|  0%| F|  |TAMS 0x000000077ce00000, 0x000000077ce00000| Untracked 
| 476|0x000000077d000000, 0x000000077d000000, 0x000000077d200000|  0%| F|  |TAMS 0x000000077d000000, 0x000000077d000000| Untracked 
| 477|0x000000077d200000, 0x000000077d200000, 0x000000077d400000|  0%| F|  |TAMS 0x000000077d200000, 0x000000077d200000| Untracked 
| 478|0x000000077d400000, 0x000000077d400000, 0x000000077d600000|  0%| F|  |TAMS 0x000000077d400000, 0x000000077d400000| Untracked 
| 479|0x000000077d600000, 0x000000077d600000, 0x000000077d800000|  0%| F|  |TAMS 0x000000077d600000, 0x000000077d600000| Untracked 
| 480|0x000000077d800000, 0x000000077d800000, 0x000000077da00000|  0%| F|  |TAMS 0x000000077d800000, 0x000000077d800000| Untracked 
| 481|0x000000077da00000, 0x000000077da00000, 0x000000077dc00000|  0%| F|  |TAMS 0x000000077da00000, 0x000000077da00000| Untracked 
| 482|0x000000077dc00000, 0x000000077dc00000, 0x000000077de00000|  0%| F|  |TAMS 0x000000077dc00000, 0x000000077dc00000| Untracked 
| 483|0x000000077de00000, 0x000000077de00000, 0x000000077e000000|  0%| F|  |TAMS 0x000000077de00000, 0x000000077de00000| Untracked 
| 484|0x000000077e000000, 0x000000077e000000, 0x000000077e200000|  0%| F|  |TAMS 0x000000077e000000, 0x000000077e000000| Untracked 
| 485|0x000000077e200000, 0x000000077e200000, 0x000000077e400000|  0%| F|  |TAMS 0x000000077e200000, 0x000000077e200000| Untracked 
| 486|0x000000077e400000, 0x000000077e400000, 0x000000077e600000|  0%| F|  |TAMS 0x000000077e400000, 0x000000077e400000| Untracked 
| 487|0x000000077e600000, 0x000000077e600000, 0x000000077e800000|  0%| F|  |TAMS 0x000000077e600000, 0x000000077e600000| Untracked 
| 488|0x000000077e800000, 0x000000077e800000, 0x000000077ea00000|  0%| F|  |TAMS 0x000000077e800000, 0x000000077e800000| Untracked 
| 489|0x000000077ea00000, 0x000000077ea00000, 0x000000077ec00000|  0%| F|  |TAMS 0x000000077ea00000, 0x000000077ea00000| Untracked 
| 490|0x000000077ec00000, 0x000000077ec00000, 0x000000077ee00000|  0%| F|  |TAMS 0x000000077ec00000, 0x000000077ec00000| Untracked 
| 491|0x000000077ee00000, 0x000000077ee00000, 0x000000077f000000|  0%| F|  |TAMS 0x000000077ee00000, 0x000000077ee00000| Untracked 
| 492|0x000000077f000000, 0x000000077f000000, 0x000000077f200000|  0%| F|  |TAMS 0x000000077f000000, 0x000000077f000000| Untracked 
| 493|0x000000077f200000, 0x000000077f200000, 0x000000077f400000|  0%| F|  |TAMS 0x000000077f200000, 0x000000077f200000| Untracked 
| 494|0x000000077f400000, 0x000000077f400000, 0x000000077f600000|  0%| F|  |TAMS 0x000000077f400000, 0x000000077f400000| Untracked 
| 495|0x000000077f600000, 0x000000077f600000, 0x000000077f800000|  0%| F|  |TAMS 0x000000077f600000, 0x000000077f600000| Untracked 
| 496|0x000000077f800000, 0x000000077f800000, 0x000000077fa00000|  0%| F|  |TAMS 0x000000077f800000, 0x000000077f800000| Untracked 
| 497|0x000000077fa00000, 0x000000077fa00000, 0x000000077fc00000|  0%| F|  |TAMS 0x000000077fa00000, 0x000000077fa00000| Untracked 
| 498|0x000000077fc00000, 0x000000077fc00000, 0x000000077fe00000|  0%| F|  |TAMS 0x000000077fc00000, 0x000000077fc00000| Untracked 
| 499|0x000000077fe00000, 0x000000077fe00000, 0x0000000780000000|  0%| F|  |TAMS 0x000000077fe00000, 0x000000077fe00000| Untracked 
| 500|0x0000000780000000, 0x0000000780000000, 0x0000000780200000|  0%| F|  |TAMS 0x0000000780000000, 0x0000000780000000| Untracked 
| 501|0x0000000780200000, 0x0000000780200000, 0x0000000780400000|  0%| F|  |TAMS 0x0000000780200000, 0x0000000780200000| Untracked 
| 502|0x0000000780400000, 0x0000000780400000, 0x0000000780600000|  0%| F|  |TAMS 0x0000000780400000, 0x0000000780400000| Untracked 
| 503|0x0000000780600000, 0x0000000780600000, 0x0000000780800000|  0%| F|  |TAMS 0x0000000780600000, 0x0000000780600000| Untracked 
| 504|0x0000000780800000, 0x0000000780800000, 0x0000000780a00000|  0%| F|  |TAMS 0x0000000780800000, 0x0000000780800000| Untracked 
| 505|0x0000000780a00000, 0x0000000780a00000, 0x0000000780c00000|  0%| F|  |TAMS 0x0000000780a00000, 0x0000000780a00000| Untracked 
| 506|0x0000000780c00000, 0x0000000780c00000, 0x0000000780e00000|  0%| F|  |TAMS 0x0000000780c00000, 0x0000000780c00000| Untracked 
| 507|0x0000000780e00000, 0x0000000780e00000, 0x0000000781000000|  0%| F|  |TAMS 0x0000000780e00000, 0x0000000780e00000| Untracked 
| 508|0x0000000781000000, 0x0000000781000000, 0x0000000781200000|  0%| F|  |TAMS 0x0000000781000000, 0x0000000781000000| Untracked 
| 509|0x0000000781200000, 0x0000000781200000, 0x0000000781400000|  0%| F|  |TAMS 0x0000000781200000, 0x0000000781200000| Untracked 
| 510|0x0000000781400000, 0x0000000781400000, 0x0000000781600000|  0%| F|  |TAMS 0x0000000781400000, 0x0000000781400000| Untracked 
| 511|0x0000000781600000, 0x0000000781600000, 0x0000000781800000|  0%| F|  |TAMS 0x0000000781600000, 0x0000000781600000| Untracked 
| 512|0x0000000781800000, 0x0000000781800000, 0x0000000781a00000|  0%| F|  |TAMS 0x0000000781800000, 0x0000000781800000| Untracked 
| 513|0x0000000781a00000, 0x0000000781a00000, 0x0000000781c00000|  0%| F|  |TAMS 0x0000000781a00000, 0x0000000781a00000| Untracked 
| 514|0x0000000781c00000, 0x0000000781c00000, 0x0000000781e00000|  0%| F|  |TAMS 0x0000000781c00000, 0x0000000781c00000| Untracked 
| 515|0x0000000781e00000, 0x0000000781e00000, 0x0000000782000000|  0%| F|  |TAMS 0x0000000781e00000, 0x0000000781e00000| Untracked 
| 516|0x0000000782000000, 0x0000000782000000, 0x0000000782200000|  0%| F|  |TAMS 0x0000000782000000, 0x0000000782000000| Untracked 
| 517|0x0000000782200000, 0x0000000782200000, 0x0000000782400000|  0%| F|  |TAMS 0x0000000782200000, 0x0000000782200000| Untracked 
| 518|0x0000000782400000, 0x0000000782400000, 0x0000000782600000|  0%| F|  |TAMS 0x0000000782400000, 0x0000000782400000| Untracked 
| 519|0x0000000782600000, 0x0000000782600000, 0x0000000782800000|  0%| F|  |TAMS 0x0000000782600000, 0x0000000782600000| Untracked 
| 520|0x0000000782800000, 0x0000000782800000, 0x0000000782a00000|  0%| F|  |TAMS 0x0000000782800000, 0x0000000782800000| Untracked 
| 521|0x0000000782a00000, 0x0000000782a00000, 0x0000000782c00000|  0%| F|  |TAMS 0x0000000782a00000, 0x0000000782a00000| Untracked 
| 522|0x0000000782c00000, 0x0000000782c00000, 0x0000000782e00000|  0%| F|  |TAMS 0x0000000782c00000, 0x0000000782c00000| Untracked 
| 523|0x0000000782e00000, 0x0000000782e00000, 0x0000000783000000|  0%| F|  |TAMS 0x0000000782e00000, 0x0000000782e00000| Untracked 
| 524|0x0000000783000000, 0x0000000783000000, 0x0000000783200000|  0%| F|  |TAMS 0x0000000783000000, 0x0000000783000000| Untracked 
| 525|0x0000000783200000, 0x0000000783200000, 0x0000000783400000|  0%| F|  |TAMS 0x0000000783200000, 0x0000000783200000| Untracked 
| 526|0x0000000783400000, 0x0000000783400000, 0x0000000783600000|  0%| F|  |TAMS 0x0000000783400000, 0x0000000783400000| Untracked 
| 527|0x0000000783600000, 0x0000000783600000, 0x0000000783800000|  0%| F|  |TAMS 0x0000000783600000, 0x0000000783600000| Untracked 
| 528|0x0000000783800000, 0x0000000783800000, 0x0000000783a00000|  0%| F|  |TAMS 0x0000000783800000, 0x0000000783800000| Untracked 
| 529|0x0000000783a00000, 0x0000000783a00000, 0x0000000783c00000|  0%| F|  |TAMS 0x0000000783a00000, 0x0000000783a00000| Untracked 
| 530|0x0000000783c00000, 0x0000000783c00000, 0x0000000783e00000|  0%| F|  |TAMS 0x0000000783c00000, 0x0000000783c00000| Untracked 
| 531|0x0000000783e00000, 0x0000000783e00000, 0x0000000784000000|  0%| F|  |TAMS 0x0000000783e00000, 0x0000000783e00000| Untracked 
| 532|0x0000000784000000, 0x0000000784000000, 0x0000000784200000|  0%| F|  |TAMS 0x0000000784000000, 0x0000000784000000| Untracked 
| 533|0x0000000784200000, 0x0000000784200000, 0x0000000784400000|  0%| F|  |TAMS 0x0000000784200000, 0x0000000784200000| Untracked 
| 534|0x0000000784400000, 0x0000000784400000, 0x0000000784600000|  0%| F|  |TAMS 0x0000000784400000, 0x0000000784400000| Untracked 
| 535|0x0000000784600000, 0x0000000784600000, 0x0000000784800000|  0%| F|  |TAMS 0x0000000784600000, 0x0000000784600000| Untracked 
| 536|0x0000000784800000, 0x0000000784800000, 0x0000000784a00000|  0%| F|  |TAMS 0x0000000784800000, 0x0000000784800000| Untracked 
| 537|0x0000000784a00000, 0x0000000784a00000, 0x0000000784c00000|  0%| F|  |TAMS 0x0000000784a00000, 0x0000000784a00000| Untracked 
| 538|0x0000000784c00000, 0x0000000784c00000, 0x0000000784e00000|  0%| F|  |TAMS 0x0000000784c00000, 0x0000000784c00000| Untracked 
| 539|0x0000000784e00000, 0x0000000784e00000, 0x0000000785000000|  0%| F|  |TAMS 0x0000000784e00000, 0x0000000784e00000| Untracked 
| 540|0x0000000785000000, 0x0000000785000000, 0x0000000785200000|  0%| F|  |TAMS 0x0000000785000000, 0x0000000785000000| Untracked 
| 541|0x0000000785200000, 0x0000000785200000, 0x0000000785400000|  0%| F|  |TAMS 0x0000000785200000, 0x0000000785200000| Untracked 
| 542|0x0000000785400000, 0x0000000785400000, 0x0000000785600000|  0%| F|  |TAMS 0x0000000785400000, 0x0000000785400000| Untracked 
| 543|0x0000000785600000, 0x0000000785600000, 0x0000000785800000|  0%| F|  |TAMS 0x0000000785600000, 0x0000000785600000| Untracked 
| 544|0x0000000785800000, 0x0000000785800000, 0x0000000785a00000|  0%| F|  |TAMS 0x0000000785800000, 0x0000000785800000| Untracked 
| 545|0x0000000785a00000, 0x0000000785a00000, 0x0000000785c00000|  0%| F|  |TAMS 0x0000000785a00000, 0x0000000785a00000| Untracked 
| 546|0x0000000785c00000, 0x0000000785c00000, 0x0000000785e00000|  0%| F|  |TAMS 0x0000000785c00000, 0x0000000785c00000| Untracked 
| 547|0x0000000785e00000, 0x0000000785e00000, 0x0000000786000000|  0%| F|  |TAMS 0x0000000785e00000, 0x0000000785e00000| Untracked 
| 548|0x0000000786000000, 0x0000000786000000, 0x0000000786200000|  0%| F|  |TAMS 0x0000000786000000, 0x0000000786000000| Untracked 
| 549|0x0000000786200000, 0x0000000786200000, 0x0000000786400000|  0%| F|  |TAMS 0x0000000786200000, 0x0000000786200000| Untracked 
| 550|0x0000000786400000, 0x0000000786400000, 0x0000000786600000|  0%| F|  |TAMS 0x0000000786400000, 0x0000000786400000| Untracked 
| 551|0x0000000786600000, 0x0000000786600000, 0x0000000786800000|  0%| F|  |TAMS 0x0000000786600000, 0x0000000786600000| Untracked 
| 552|0x0000000786800000, 0x0000000786800000, 0x0000000786a00000|  0%| F|  |TAMS 0x0000000786800000, 0x0000000786800000| Untracked 
| 553|0x0000000786a00000, 0x0000000786a00000, 0x0000000786c00000|  0%| F|  |TAMS 0x0000000786a00000, 0x0000000786a00000| Untracked 
| 554|0x0000000786c00000, 0x0000000786c00000, 0x0000000786e00000|  0%| F|  |TAMS 0x0000000786c00000, 0x0000000786c00000| Untracked 
| 555|0x0000000786e00000, 0x0000000786e00000, 0x0000000787000000|  0%| F|  |TAMS 0x0000000786e00000, 0x0000000786e00000| Untracked 
| 556|0x0000000787000000, 0x0000000787000000, 0x0000000787200000|  0%| F|  |TAMS 0x0000000787000000, 0x0000000787000000| Untracked 
| 557|0x0000000787200000, 0x0000000787200000, 0x0000000787400000|  0%| F|  |TAMS 0x0000000787200000, 0x0000000787200000| Untracked 
| 558|0x0000000787400000, 0x0000000787400000, 0x0000000787600000|  0%| F|  |TAMS 0x0000000787400000, 0x0000000787400000| Untracked 
| 559|0x0000000787600000, 0x0000000787600000, 0x0000000787800000|  0%| F|  |TAMS 0x0000000787600000, 0x0000000787600000| Untracked 
| 560|0x0000000787800000, 0x0000000787800000, 0x0000000787a00000|  0%| F|  |TAMS 0x0000000787800000, 0x0000000787800000| Untracked 
| 561|0x0000000787a00000, 0x0000000787a00000, 0x0000000787c00000|  0%| F|  |TAMS 0x0000000787a00000, 0x0000000787a00000| Untracked 
| 562|0x0000000787c00000, 0x0000000787c00000, 0x0000000787e00000|  0%| F|  |TAMS 0x0000000787c00000, 0x0000000787c00000| Untracked 
| 563|0x0000000787e00000, 0x0000000787e00000, 0x0000000788000000|  0%| F|  |TAMS 0x0000000787e00000, 0x0000000787e00000| Untracked 
| 564|0x0000000788000000, 0x0000000788000000, 0x0000000788200000|  0%| F|  |TAMS 0x0000000788000000, 0x0000000788000000| Untracked 
| 565|0x0000000788200000, 0x0000000788200000, 0x0000000788400000|  0%| F|  |TAMS 0x0000000788200000, 0x0000000788200000| Untracked 
| 566|0x0000000788400000, 0x0000000788400000, 0x0000000788600000|  0%| F|  |TAMS 0x0000000788400000, 0x0000000788400000| Untracked 
| 567|0x0000000788600000, 0x0000000788600000, 0x0000000788800000|  0%| F|  |TAMS 0x0000000788600000, 0x0000000788600000| Untracked 
| 568|0x0000000788800000, 0x0000000788800000, 0x0000000788a00000|  0%| F|  |TAMS 0x0000000788800000, 0x0000000788800000| Untracked 
| 569|0x0000000788a00000, 0x0000000788a00000, 0x0000000788c00000|  0%| F|  |TAMS 0x0000000788a00000, 0x0000000788a00000| Untracked 
| 570|0x0000000788c00000, 0x0000000788c00000, 0x0000000788e00000|  0%| F|  |TAMS 0x0000000788c00000, 0x0000000788c00000| Untracked 
| 571|0x0000000788e00000, 0x0000000788e00000, 0x0000000789000000|  0%| F|  |TAMS 0x0000000788e00000, 0x0000000788e00000| Untracked 
| 572|0x0000000789000000, 0x0000000789000000, 0x0000000789200000|  0%| F|  |TAMS 0x0000000789000000, 0x0000000789000000| Untracked 
| 573|0x0000000789200000, 0x0000000789200000, 0x0000000789400000|  0%| F|  |TAMS 0x0000000789200000, 0x0000000789200000| Untracked 
| 574|0x0000000789400000, 0x0000000789400000, 0x0000000789600000|  0%| F|  |TAMS 0x0000000789400000, 0x0000000789400000| Untracked 
| 575|0x0000000789600000, 0x0000000789600000, 0x0000000789800000|  0%| F|  |TAMS 0x0000000789600000, 0x0000000789600000| Untracked 
| 576|0x0000000789800000, 0x0000000789800000, 0x0000000789a00000|  0%| F|  |TAMS 0x0000000789800000, 0x0000000789800000| Untracked 
| 577|0x0000000789a00000, 0x0000000789a00000, 0x0000000789c00000|  0%| F|  |TAMS 0x0000000789a00000, 0x0000000789a00000| Untracked 
| 578|0x0000000789c00000, 0x0000000789c00000, 0x0000000789e00000|  0%| F|  |TAMS 0x0000000789c00000, 0x0000000789c00000| Untracked 
| 579|0x0000000789e00000, 0x0000000789e00000, 0x000000078a000000|  0%| F|  |TAMS 0x0000000789e00000, 0x0000000789e00000| Untracked 
| 580|0x000000078a000000, 0x000000078a000000, 0x000000078a200000|  0%| F|  |TAMS 0x000000078a000000, 0x000000078a000000| Untracked 
| 581|0x000000078a200000, 0x000000078a200000, 0x000000078a400000|  0%| F|  |TAMS 0x000000078a200000, 0x000000078a200000| Untracked 
| 582|0x000000078a400000, 0x000000078a400000, 0x000000078a600000|  0%| F|  |TAMS 0x000000078a400000, 0x000000078a400000| Untracked 
| 583|0x000000078a600000, 0x000000078a600000, 0x000000078a800000|  0%| F|  |TAMS 0x000000078a600000, 0x000000078a600000| Untracked 
| 584|0x000000078a800000, 0x000000078a800000, 0x000000078aa00000|  0%| F|  |TAMS 0x000000078a800000, 0x000000078a800000| Untracked 
| 585|0x000000078aa00000, 0x000000078aa00000, 0x000000078ac00000|  0%| F|  |TAMS 0x000000078aa00000, 0x000000078aa00000| Untracked 
| 586|0x000000078ac00000, 0x000000078ac00000, 0x000000078ae00000|  0%| F|  |TAMS 0x000000078ac00000, 0x000000078ac00000| Untracked 
| 587|0x000000078ae00000, 0x000000078ae00000, 0x000000078b000000|  0%| F|  |TAMS 0x000000078ae00000, 0x000000078ae00000| Untracked 
| 588|0x000000078b000000, 0x000000078b000000, 0x000000078b200000|  0%| F|  |TAMS 0x000000078b000000, 0x000000078b000000| Untracked 
| 589|0x000000078b200000, 0x000000078b200000, 0x000000078b400000|  0%| F|  |TAMS 0x000000078b200000, 0x000000078b200000| Untracked 
| 590|0x000000078b400000, 0x000000078b400000, 0x000000078b600000|  0%| F|  |TAMS 0x000000078b400000, 0x000000078b400000| Untracked 
| 591|0x000000078b600000, 0x000000078b600000, 0x000000078b800000|  0%| F|  |TAMS 0x000000078b600000, 0x000000078b600000| Untracked 
| 592|0x000000078b800000, 0x000000078b800000, 0x000000078ba00000|  0%| F|  |TAMS 0x000000078b800000, 0x000000078b800000| Untracked 
| 593|0x000000078ba00000, 0x000000078ba00000, 0x000000078bc00000|  0%| F|  |TAMS 0x000000078ba00000, 0x000000078ba00000| Untracked 
| 594|0x000000078bc00000, 0x000000078bc00000, 0x000000078be00000|  0%| F|  |TAMS 0x000000078bc00000, 0x000000078bc00000| Untracked 
| 595|0x000000078be00000, 0x000000078be00000, 0x000000078c000000|  0%| F|  |TAMS 0x000000078be00000, 0x000000078be00000| Untracked 
| 596|0x000000078c000000, 0x000000078c000000, 0x000000078c200000|  0%| F|  |TAMS 0x000000078c000000, 0x000000078c000000| Untracked 
| 597|0x000000078c200000, 0x000000078c200000, 0x000000078c400000|  0%| F|  |TAMS 0x000000078c200000, 0x000000078c200000| Untracked 
| 598|0x000000078c400000, 0x000000078c400000, 0x000000078c600000|  0%| F|  |TAMS 0x000000078c400000, 0x000000078c400000| Untracked 
| 599|0x000000078c600000, 0x000000078c600000, 0x000000078c800000|  0%| F|  |TAMS 0x000000078c600000, 0x000000078c600000| Untracked 
| 600|0x000000078c800000, 0x000000078c800000, 0x000000078ca00000|  0%| F|  |TAMS 0x000000078c800000, 0x000000078c800000| Untracked 
| 601|0x000000078ca00000, 0x000000078ca00000, 0x000000078cc00000|  0%| F|  |TAMS 0x000000078ca00000, 0x000000078ca00000| Untracked 
| 602|0x000000078cc00000, 0x000000078cc00000, 0x000000078ce00000|  0%| F|  |TAMS 0x000000078cc00000, 0x000000078cc00000| Untracked 
| 603|0x000000078ce00000, 0x000000078ce00000, 0x000000078d000000|  0%| F|  |TAMS 0x000000078ce00000, 0x000000078ce00000| Untracked 
| 604|0x000000078d000000, 0x000000078d000000, 0x000000078d200000|  0%| F|  |TAMS 0x000000078d000000, 0x000000078d000000| Untracked 
| 605|0x000000078d200000, 0x000000078d200000, 0x000000078d400000|  0%| F|  |TAMS 0x000000078d200000, 0x000000078d200000| Untracked 
| 606|0x000000078d400000, 0x000000078d400000, 0x000000078d600000|  0%| F|  |TAMS 0x000000078d400000, 0x000000078d400000| Untracked 
| 607|0x000000078d600000, 0x000000078d600000, 0x000000078d800000|  0%| F|  |TAMS 0x000000078d600000, 0x000000078d600000| Untracked 
| 608|0x000000078d800000, 0x000000078d800000, 0x000000078da00000|  0%| F|  |TAMS 0x000000078d800000, 0x000000078d800000| Untracked 
| 609|0x000000078da00000, 0x000000078da00000, 0x000000078dc00000|  0%| F|  |TAMS 0x000000078da00000, 0x000000078da00000| Untracked 
| 610|0x000000078dc00000, 0x000000078dc00000, 0x000000078de00000|  0%| F|  |TAMS 0x000000078dc00000, 0x000000078dc00000| Untracked 
| 611|0x000000078de00000, 0x000000078de00000, 0x000000078e000000|  0%| F|  |TAMS 0x000000078de00000, 0x000000078de00000| Untracked 
| 612|0x000000078e000000, 0x000000078e000000, 0x000000078e200000|  0%| F|  |TAMS 0x000000078e000000, 0x000000078e000000| Untracked 
| 613|0x000000078e200000, 0x000000078e200000, 0x000000078e400000|  0%| F|  |TAMS 0x000000078e200000, 0x000000078e200000| Untracked 
| 614|0x000000078e400000, 0x000000078e400000, 0x000000078e600000|  0%| F|  |TAMS 0x000000078e400000, 0x000000078e400000| Untracked 
| 615|0x000000078e600000, 0x000000078e600000, 0x000000078e800000|  0%| F|  |TAMS 0x000000078e600000, 0x000000078e600000| Untracked 
| 616|0x000000078e800000, 0x000000078e800000, 0x000000078ea00000|  0%| F|  |TAMS 0x000000078e800000, 0x000000078e800000| Untracked 
| 617|0x000000078ea00000, 0x000000078ea00000, 0x000000078ec00000|  0%| F|  |TAMS 0x000000078ea00000, 0x000000078ea00000| Untracked 
| 618|0x000000078ec00000, 0x000000078ec00000, 0x000000078ee00000|  0%| F|  |TAMS 0x000000078ec00000, 0x000000078ec00000| Untracked 
| 619|0x000000078ee00000, 0x000000078ee00000, 0x000000078f000000|  0%| F|  |TAMS 0x000000078ee00000, 0x000000078ee00000| Untracked 
| 620|0x000000078f000000, 0x000000078f000000, 0x000000078f200000|  0%| F|  |TAMS 0x000000078f000000, 0x000000078f000000| Untracked 
| 621|0x000000078f200000, 0x000000078f200000, 0x000000078f400000|  0%| F|  |TAMS 0x000000078f200000, 0x000000078f200000| Untracked 
| 622|0x000000078f400000, 0x000000078f400000, 0x000000078f600000|  0%| F|  |TAMS 0x000000078f400000, 0x000000078f400000| Untracked 
| 623|0x000000078f600000, 0x000000078f600000, 0x000000078f800000|  0%| F|  |TAMS 0x000000078f600000, 0x000000078f600000| Untracked 
| 624|0x000000078f800000, 0x000000078f800000, 0x000000078fa00000|  0%| F|  |TAMS 0x000000078f800000, 0x000000078f800000| Untracked 
| 625|0x000000078fa00000, 0x000000078fa00000, 0x000000078fc00000|  0%| F|  |TAMS 0x000000078fa00000, 0x000000078fa00000| Untracked 
| 626|0x000000078fc00000, 0x000000078fc00000, 0x000000078fe00000|  0%| F|  |TAMS 0x000000078fc00000, 0x000000078fc00000| Untracked 
| 627|0x000000078fe00000, 0x000000078fe00000, 0x0000000790000000|  0%| F|  |TAMS 0x000000078fe00000, 0x000000078fe00000| Untracked 
| 628|0x0000000790000000, 0x0000000790000000, 0x0000000790200000|  0%| F|  |TAMS 0x0000000790000000, 0x0000000790000000| Untracked 
| 629|0x0000000790200000, 0x0000000790200000, 0x0000000790400000|  0%| F|  |TAMS 0x0000000790200000, 0x0000000790200000| Untracked 
| 630|0x0000000790400000, 0x0000000790400000, 0x0000000790600000|  0%| F|  |TAMS 0x0000000790400000, 0x0000000790400000| Untracked 
| 631|0x0000000790600000, 0x0000000790600000, 0x0000000790800000|  0%| F|  |TAMS 0x0000000790600000, 0x0000000790600000| Untracked 
| 632|0x0000000790800000, 0x0000000790800000, 0x0000000790a00000|  0%| F|  |TAMS 0x0000000790800000, 0x0000000790800000| Untracked 
| 633|0x0000000790a00000, 0x0000000790a00000, 0x0000000790c00000|  0%| F|  |TAMS 0x0000000790a00000, 0x0000000790a00000| Untracked 
| 634|0x0000000790c00000, 0x0000000790c00000, 0x0000000790e00000|  0%| F|  |TAMS 0x0000000790c00000, 0x0000000790c00000| Untracked 
| 635|0x0000000790e00000, 0x0000000790e00000, 0x0000000791000000|  0%| F|  |TAMS 0x0000000790e00000, 0x0000000790e00000| Untracked 
| 636|0x0000000791000000, 0x0000000791000000, 0x0000000791200000|  0%| F|  |TAMS 0x0000000791000000, 0x0000000791000000| Untracked 
| 637|0x0000000791200000, 0x0000000791200000, 0x0000000791400000|  0%| F|  |TAMS 0x0000000791200000, 0x0000000791200000| Untracked 
| 638|0x0000000791400000, 0x0000000791400000, 0x0000000791600000|  0%| F|  |TAMS 0x0000000791400000, 0x0000000791400000| Untracked 
| 639|0x0000000791600000, 0x0000000791600000, 0x0000000791800000|  0%| F|  |TAMS 0x0000000791600000, 0x0000000791600000| Untracked 
| 640|0x0000000791800000, 0x0000000791800000, 0x0000000791a00000|  0%| F|  |TAMS 0x0000000791800000, 0x0000000791800000| Untracked 
| 641|0x0000000791a00000, 0x0000000791a00000, 0x0000000791c00000|  0%| F|  |TAMS 0x0000000791a00000, 0x0000000791a00000| Untracked 
| 642|0x0000000791c00000, 0x0000000791c00000, 0x0000000791e00000|  0%| F|  |TAMS 0x0000000791c00000, 0x0000000791c00000| Untracked 
| 643|0x0000000791e00000, 0x0000000791e00000, 0x0000000792000000|  0%| F|  |TAMS 0x0000000791e00000, 0x0000000791e00000| Untracked 
| 644|0x0000000792000000, 0x0000000792000000, 0x0000000792200000|  0%| F|  |TAMS 0x0000000792000000, 0x0000000792000000| Untracked 
| 645|0x0000000792200000, 0x0000000792200000, 0x0000000792400000|  0%| F|  |TAMS 0x0000000792200000, 0x0000000792200000| Untracked 
| 646|0x0000000792400000, 0x0000000792400000, 0x0000000792600000|  0%| F|  |TAMS 0x0000000792400000, 0x0000000792400000| Untracked 
| 647|0x0000000792600000, 0x0000000792600000, 0x0000000792800000|  0%| F|  |TAMS 0x0000000792600000, 0x0000000792600000| Untracked 
| 648|0x0000000792800000, 0x0000000792800000, 0x0000000792a00000|  0%| F|  |TAMS 0x0000000792800000, 0x0000000792800000| Untracked 
| 649|0x0000000792a00000, 0x0000000792a00000, 0x0000000792c00000|  0%| F|  |TAMS 0x0000000792a00000, 0x0000000792a00000| Untracked 
| 650|0x0000000792c00000, 0x0000000792c00000, 0x0000000792e00000|  0%| F|  |TAMS 0x0000000792c00000, 0x0000000792c00000| Untracked 
| 651|0x0000000792e00000, 0x0000000792e00000, 0x0000000793000000|  0%| F|  |TAMS 0x0000000792e00000, 0x0000000792e00000| Untracked 
| 652|0x0000000793000000, 0x0000000793000000, 0x0000000793200000|  0%| F|  |TAMS 0x0000000793000000, 0x0000000793000000| Untracked 
| 653|0x0000000793200000, 0x0000000793200000, 0x0000000793400000|  0%| F|  |TAMS 0x0000000793200000, 0x0000000793200000| Untracked 
| 654|0x0000000793400000, 0x0000000793400000, 0x0000000793600000|  0%| F|  |TAMS 0x0000000793400000, 0x0000000793400000| Untracked 
| 655|0x0000000793600000, 0x0000000793600000, 0x0000000793800000|  0%| F|  |TAMS 0x0000000793600000, 0x0000000793600000| Untracked 
| 656|0x0000000793800000, 0x0000000793800000, 0x0000000793a00000|  0%| F|  |TAMS 0x0000000793800000, 0x0000000793800000| Untracked 
| 657|0x0000000793a00000, 0x0000000793a00000, 0x0000000793c00000|  0%| F|  |TAMS 0x0000000793a00000, 0x0000000793a00000| Untracked 
| 658|0x0000000793c00000, 0x0000000793c00000, 0x0000000793e00000|  0%| F|  |TAMS 0x0000000793c00000, 0x0000000793c00000| Untracked 
| 659|0x0000000793e00000, 0x0000000793e00000, 0x0000000794000000|  0%| F|  |TAMS 0x0000000793e00000, 0x0000000793e00000| Untracked 
| 660|0x0000000794000000, 0x0000000794000000, 0x0000000794200000|  0%| F|  |TAMS 0x0000000794000000, 0x0000000794000000| Untracked 
| 661|0x0000000794200000, 0x0000000794200000, 0x0000000794400000|  0%| F|  |TAMS 0x0000000794200000, 0x0000000794200000| Untracked 
| 662|0x0000000794400000, 0x0000000794400000, 0x0000000794600000|  0%| F|  |TAMS 0x0000000794400000, 0x0000000794400000| Untracked 
| 663|0x0000000794600000, 0x0000000794600000, 0x0000000794800000|  0%| F|  |TAMS 0x0000000794600000, 0x0000000794600000| Untracked 
| 664|0x0000000794800000, 0x0000000794800000, 0x0000000794a00000|  0%| F|  |TAMS 0x0000000794800000, 0x0000000794800000| Untracked 
| 665|0x0000000794a00000, 0x0000000794a00000, 0x0000000794c00000|  0%| F|  |TAMS 0x0000000794a00000, 0x0000000794a00000| Untracked 
| 666|0x0000000794c00000, 0x0000000794c00000, 0x0000000794e00000|  0%| F|  |TAMS 0x0000000794c00000, 0x0000000794c00000| Untracked 
| 667|0x0000000794e00000, 0x0000000794e00000, 0x0000000795000000|  0%| F|  |TAMS 0x0000000794e00000, 0x0000000794e00000| Untracked 
| 668|0x0000000795000000, 0x0000000795000000, 0x0000000795200000|  0%| F|  |TAMS 0x0000000795000000, 0x0000000795000000| Untracked 
| 669|0x0000000795200000, 0x0000000795200000, 0x0000000795400000|  0%| F|  |TAMS 0x0000000795200000, 0x0000000795200000| Untracked 
| 670|0x0000000795400000, 0x0000000795400000, 0x0000000795600000|  0%| F|  |TAMS 0x0000000795400000, 0x0000000795400000| Untracked 
| 671|0x0000000795600000, 0x0000000795600000, 0x0000000795800000|  0%| F|  |TAMS 0x0000000795600000, 0x0000000795600000| Untracked 
| 672|0x0000000795800000, 0x0000000795800000, 0x0000000795a00000|  0%| F|  |TAMS 0x0000000795800000, 0x0000000795800000| Untracked 
| 673|0x0000000795a00000, 0x0000000795a00000, 0x0000000795c00000|  0%| F|  |TAMS 0x0000000795a00000, 0x0000000795a00000| Untracked 
| 674|0x0000000795c00000, 0x0000000795c00000, 0x0000000795e00000|  0%| F|  |TAMS 0x0000000795c00000, 0x0000000795c00000| Untracked 
| 675|0x0000000795e00000, 0x0000000795e00000, 0x0000000796000000|  0%| F|  |TAMS 0x0000000795e00000, 0x0000000795e00000| Untracked 
| 676|0x0000000796000000, 0x0000000796000000, 0x0000000796200000|  0%| F|  |TAMS 0x0000000796000000, 0x0000000796000000| Untracked 
| 677|0x0000000796200000, 0x0000000796200000, 0x0000000796400000|  0%| F|  |TAMS 0x0000000796200000, 0x0000000796200000| Untracked 
| 678|0x0000000796400000, 0x0000000796400000, 0x0000000796600000|  0%| F|  |TAMS 0x0000000796400000, 0x0000000796400000| Untracked 
| 679|0x0000000796600000, 0x0000000796600000, 0x0000000796800000|  0%| F|  |TAMS 0x0000000796600000, 0x0000000796600000| Untracked 
| 680|0x0000000796800000, 0x0000000796800000, 0x0000000796a00000|  0%| F|  |TAMS 0x0000000796800000, 0x0000000796800000| Untracked 
| 681|0x0000000796a00000, 0x0000000796a00000, 0x0000000796c00000|  0%| F|  |TAMS 0x0000000796a00000, 0x0000000796a00000| Untracked 
| 682|0x0000000796c00000, 0x0000000796c00000, 0x0000000796e00000|  0%| F|  |TAMS 0x0000000796c00000, 0x0000000796c00000| Untracked 
| 683|0x0000000796e00000, 0x0000000796e00000, 0x0000000797000000|  0%| F|  |TAMS 0x0000000796e00000, 0x0000000796e00000| Untracked 
| 684|0x0000000797000000, 0x0000000797000000, 0x0000000797200000|  0%| F|  |TAMS 0x0000000797000000, 0x0000000797000000| Untracked 
| 685|0x0000000797200000, 0x0000000797200000, 0x0000000797400000|  0%| F|  |TAMS 0x0000000797200000, 0x0000000797200000| Untracked 
| 686|0x0000000797400000, 0x0000000797400000, 0x0000000797600000|  0%| F|  |TAMS 0x0000000797400000, 0x0000000797400000| Untracked 
| 687|0x0000000797600000, 0x0000000797600000, 0x0000000797800000|  0%| F|  |TAMS 0x0000000797600000, 0x0000000797600000| Untracked 
| 688|0x0000000797800000, 0x0000000797800000, 0x0000000797a00000|  0%| F|  |TAMS 0x0000000797800000, 0x0000000797800000| Untracked 
| 689|0x0000000797a00000, 0x0000000797a00000, 0x0000000797c00000|  0%| F|  |TAMS 0x0000000797a00000, 0x0000000797a00000| Untracked 
| 690|0x0000000797c00000, 0x0000000797c00000, 0x0000000797e00000|  0%| F|  |TAMS 0x0000000797c00000, 0x0000000797c00000| Untracked 
| 691|0x0000000797e00000, 0x0000000797e00000, 0x0000000798000000|  0%| F|  |TAMS 0x0000000797e00000, 0x0000000797e00000| Untracked 
| 692|0x0000000798000000, 0x0000000798000000, 0x0000000798200000|  0%| F|  |TAMS 0x0000000798000000, 0x0000000798000000| Untracked 
| 693|0x0000000798200000, 0x0000000798200000, 0x0000000798400000|  0%| F|  |TAMS 0x0000000798200000, 0x0000000798200000| Untracked 
| 694|0x0000000798400000, 0x0000000798400000, 0x0000000798600000|  0%| F|  |TAMS 0x0000000798400000, 0x0000000798400000| Untracked 
| 695|0x0000000798600000, 0x0000000798600000, 0x0000000798800000|  0%| F|  |TAMS 0x0000000798600000, 0x0000000798600000| Untracked 
| 696|0x0000000798800000, 0x0000000798800000, 0x0000000798a00000|  0%| F|  |TAMS 0x0000000798800000, 0x0000000798800000| Untracked 
| 697|0x0000000798a00000, 0x0000000798a00000, 0x0000000798c00000|  0%| F|  |TAMS 0x0000000798a00000, 0x0000000798a00000| Untracked 
| 698|0x0000000798c00000, 0x0000000798c00000, 0x0000000798e00000|  0%| F|  |TAMS 0x0000000798c00000, 0x0000000798c00000| Untracked 
| 699|0x0000000798e00000, 0x0000000798e00000, 0x0000000799000000|  0%| F|  |TAMS 0x0000000798e00000, 0x0000000798e00000| Untracked 
| 700|0x0000000799000000, 0x0000000799000000, 0x0000000799200000|  0%| F|  |TAMS 0x0000000799000000, 0x0000000799000000| Untracked 
| 701|0x0000000799200000, 0x0000000799200000, 0x0000000799400000|  0%| F|  |TAMS 0x0000000799200000, 0x0000000799200000| Untracked 
| 702|0x0000000799400000, 0x0000000799400000, 0x0000000799600000|  0%| F|  |TAMS 0x0000000799400000, 0x0000000799400000| Untracked 
| 703|0x0000000799600000, 0x0000000799600000, 0x0000000799800000|  0%| F|  |TAMS 0x0000000799600000, 0x0000000799600000| Untracked 
| 704|0x0000000799800000, 0x0000000799800000, 0x0000000799a00000|  0%| F|  |TAMS 0x0000000799800000, 0x0000000799800000| Untracked 
| 705|0x0000000799a00000, 0x0000000799a00000, 0x0000000799c00000|  0%| F|  |TAMS 0x0000000799a00000, 0x0000000799a00000| Untracked 
| 706|0x0000000799c00000, 0x0000000799c00000, 0x0000000799e00000|  0%| F|  |TAMS 0x0000000799c00000, 0x0000000799c00000| Untracked 
| 707|0x0000000799e00000, 0x0000000799e00000, 0x000000079a000000|  0%| F|  |TAMS 0x0000000799e00000, 0x0000000799e00000| Untracked 
| 708|0x000000079a000000, 0x000000079a000000, 0x000000079a200000|  0%| F|  |TAMS 0x000000079a000000, 0x000000079a000000| Untracked 
| 709|0x000000079a200000, 0x000000079a200000, 0x000000079a400000|  0%| F|  |TAMS 0x000000079a200000, 0x000000079a200000| Untracked 
| 710|0x000000079a400000, 0x000000079a400000, 0x000000079a600000|  0%| F|  |TAMS 0x000000079a400000, 0x000000079a400000| Untracked 
| 711|0x000000079a600000, 0x000000079a600000, 0x000000079a800000|  0%| F|  |TAMS 0x000000079a600000, 0x000000079a600000| Untracked 
| 712|0x000000079a800000, 0x000000079a900800, 0x000000079aa00000| 50%| E|  |TAMS 0x000000079a800000, 0x000000079a800000| Complete 
| 713|0x000000079aa00000, 0x000000079ac00000, 0x000000079ac00000|100%| E|CS|TAMS 0x000000079aa00000, 0x000000079aa00000| Complete 
| 714|0x000000079ac00000, 0x000000079ae00000, 0x000000079ae00000|100%| E|CS|TAMS 0x000000079ac00000, 0x000000079ac00000| Complete 
| 715|0x000000079ae00000, 0x000000079b000000, 0x000000079b000000|100%| E|CS|TAMS 0x000000079ae00000, 0x000000079ae00000| Complete 
| 716|0x000000079b000000, 0x000000079b200000, 0x000000079b200000|100%| E|CS|TAMS 0x000000079b000000, 0x000000079b000000| Complete 
| 717|0x000000079b200000, 0x000000079b400000, 0x000000079b400000|100%| E|CS|TAMS 0x000000079b200000, 0x000000079b200000| Complete 
| 718|0x000000079b400000, 0x000000079b600000, 0x000000079b600000|100%| E|CS|TAMS 0x000000079b400000, 0x000000079b400000| Complete 
| 719|0x000000079b600000, 0x000000079b800000, 0x000000079b800000|100%| E|CS|TAMS 0x000000079b600000, 0x000000079b600000| Complete 
| 720|0x000000079b800000, 0x000000079ba00000, 0x000000079ba00000|100%| E|CS|TAMS 0x000000079b800000, 0x000000079b800000| Complete 
| 721|0x000000079ba00000, 0x000000079bc00000, 0x000000079bc00000|100%| E|CS|TAMS 0x000000079ba00000, 0x000000079ba00000| Complete 
| 722|0x000000079bc00000, 0x000000079be00000, 0x000000079be00000|100%| E|CS|TAMS 0x000000079bc00000, 0x000000079bc00000| Complete 
| 723|0x000000079be00000, 0x000000079c000000, 0x000000079c000000|100%| E|CS|TAMS 0x000000079be00000, 0x000000079be00000| Complete 
| 724|0x000000079c000000, 0x000000079c200000, 0x000000079c200000|100%| E|CS|TAMS 0x000000079c000000, 0x000000079c000000| Complete 
| 725|0x000000079c200000, 0x000000079c400000, 0x000000079c400000|100%| E|CS|TAMS 0x000000079c200000, 0x000000079c200000| Complete 
| 726|0x000000079c400000, 0x000000079c600000, 0x000000079c600000|100%| E|CS|TAMS 0x000000079c400000, 0x000000079c400000| Complete 
| 727|0x000000079c600000, 0x000000079c800000, 0x000000079c800000|100%| E|CS|TAMS 0x000000079c600000, 0x000000079c600000| Complete 
| 728|0x000000079c800000, 0x000000079ca00000, 0x000000079ca00000|100%| E|CS|TAMS 0x000000079c800000, 0x000000079c800000| Complete 
| 729|0x000000079ca00000, 0x000000079cc00000, 0x000000079cc00000|100%| E|CS|TAMS 0x000000079ca00000, 0x000000079ca00000| Complete 
| 730|0x000000079cc00000, 0x000000079ce00000, 0x000000079ce00000|100%| E|CS|TAMS 0x000000079cc00000, 0x000000079cc00000| Complete 
| 731|0x000000079ce00000, 0x000000079d000000, 0x000000079d000000|100%| E|CS|TAMS 0x000000079ce00000, 0x000000079ce00000| Complete 
| 732|0x000000079d000000, 0x000000079d200000, 0x000000079d200000|100%| E|CS|TAMS 0x000000079d000000, 0x000000079d000000| Complete 
| 733|0x000000079d200000, 0x000000079d400000, 0x000000079d400000|100%| E|CS|TAMS 0x000000079d200000, 0x000000079d200000| Complete 
| 734|0x000000079d400000, 0x000000079d600000, 0x000000079d600000|100%| E|CS|TAMS 0x000000079d400000, 0x000000079d400000| Complete 
| 735|0x000000079d600000, 0x000000079d800000, 0x000000079d800000|100%| E|CS|TAMS 0x000000079d600000, 0x000000079d600000| Complete 
| 736|0x000000079d800000, 0x000000079da00000, 0x000000079da00000|100%| E|CS|TAMS 0x000000079d800000, 0x000000079d800000| Complete 
| 737|0x000000079da00000, 0x000000079dc00000, 0x000000079dc00000|100%| E|CS|TAMS 0x000000079da00000, 0x000000079da00000| Complete 
| 738|0x000000079dc00000, 0x000000079de00000, 0x000000079de00000|100%| E|CS|TAMS 0x000000079dc00000, 0x000000079dc00000| Complete 
| 739|0x000000079de00000, 0x000000079e000000, 0x000000079e000000|100%| E|CS|TAMS 0x000000079de00000, 0x000000079de00000| Complete 
| 740|0x000000079e000000, 0x000000079e200000, 0x000000079e200000|100%| E|CS|TAMS 0x000000079e000000, 0x000000079e000000| Complete 
| 741|0x000000079e200000, 0x000000079e400000, 0x000000079e400000|100%| E|CS|TAMS 0x000000079e200000, 0x000000079e200000| Complete 
| 742|0x000000079e400000, 0x000000079e600000, 0x000000079e600000|100%| E|CS|TAMS 0x000000079e400000, 0x000000079e400000| Complete 
| 743|0x000000079e600000, 0x000000079e800000, 0x000000079e800000|100%| E|CS|TAMS 0x000000079e600000, 0x000000079e600000| Complete 
| 744|0x000000079e800000, 0x000000079ea00000, 0x000000079ea00000|100%| E|CS|TAMS 0x000000079e800000, 0x000000079e800000| Complete 
| 745|0x000000079ea00000, 0x000000079ec00000, 0x000000079ec00000|100%| E|CS|TAMS 0x000000079ea00000, 0x000000079ea00000| Complete 
| 746|0x000000079ec00000, 0x000000079ee00000, 0x000000079ee00000|100%| E|CS|TAMS 0x000000079ec00000, 0x000000079ec00000| Complete 
| 747|0x000000079ee00000, 0x000000079f000000, 0x000000079f000000|100%| E|CS|TAMS 0x000000079ee00000, 0x000000079ee00000| Complete 
| 748|0x000000079f000000, 0x000000079f200000, 0x000000079f200000|100%| E|CS|TAMS 0x000000079f000000, 0x000000079f000000| Complete 
| 749|0x000000079f200000, 0x000000079f400000, 0x000000079f400000|100%| E|CS|TAMS 0x000000079f200000, 0x000000079f200000| Complete 
| 750|0x000000079f400000, 0x000000079f600000, 0x000000079f600000|100%| E|CS|TAMS 0x000000079f400000, 0x000000079f400000| Complete 
| 751|0x000000079f600000, 0x000000079f800000, 0x000000079f800000|100%| E|CS|TAMS 0x000000079f600000, 0x000000079f600000| Complete 
| 752|0x000000079f800000, 0x000000079fa00000, 0x000000079fa00000|100%| E|CS|TAMS 0x000000079f800000, 0x000000079f800000| Complete 
| 753|0x000000079fa00000, 0x000000079fc00000, 0x000000079fc00000|100%| E|CS|TAMS 0x000000079fa00000, 0x000000079fa00000| Complete 
| 754|0x000000079fc00000, 0x000000079fe00000, 0x000000079fe00000|100%| E|CS|TAMS 0x000000079fc00000, 0x000000079fc00000| Complete 
| 755|0x000000079fe00000, 0x00000007a0000000, 0x00000007a0000000|100%| E|CS|TAMS 0x000000079fe00000, 0x000000079fe00000| Complete 
| 756|0x00000007a0000000, 0x00000007a0200000, 0x00000007a0200000|100%| E|CS|TAMS 0x00000007a0000000, 0x00000007a0000000| Complete 
| 757|0x00000007a0200000, 0x00000007a0400000, 0x00000007a0400000|100%| E|CS|TAMS 0x00000007a0200000, 0x00000007a0200000| Complete 
| 758|0x00000007a0400000, 0x00000007a0600000, 0x00000007a0600000|100%| E|CS|TAMS 0x00000007a0400000, 0x00000007a0400000| Complete 
| 759|0x00000007a0600000, 0x00000007a0800000, 0x00000007a0800000|100%| E|CS|TAMS 0x00000007a0600000, 0x00000007a0600000| Complete 

Card table byte_map: [0x000001a37da80000,0x000001a37e080000] _byte_map_base: 0x000001a37a074000

Marking Bits (Prev, Next): (CMBitMap*) 0x000001a3759ccf40, (CMBitMap*) 0x000001a3759ccf00
 Prev Bits: [0x000001a311fa0000, 0x000001a314f40000)
 Next Bits: [0x000001a30f000000, 0x000001a311fa0000)

Polling page: 0x000001a3738e0000

Metaspace:

Usage:
  Non-class:    102.52 MB used.
      Class:     17.14 MB used.
       Both:    119.66 MB used.

Virtual space:
  Non-class space:      128.00 MB reserved,     103.44 MB ( 81%) committed,  2 nodes.
      Class space:        1.00 GB reserved,      17.94 MB (  2%) committed,  1 nodes.
             Both:        1.12 GB reserved,     121.38 MB ( 11%) committed. 

Chunk freelists:
   Non-Class:  8.39 MB
       Class:  14.10 MB
        Both:  22.49 MB

MaxMetaspaceSize: unlimited
CompressedClassSpaceSize: 1.00 GB
Initial GC threshold: 21.00 MB
Current GC threshold: 202.19 MB
CDS: on
MetaspaceReclaimPolicy: balanced
 - commit_granule_bytes: 65536.
 - commit_granule_words: 8192.
 - virtual_space_node_default_size: 8388608.
 - enlarge_chunks_in_place: 1.
 - new_chunks_are_fully_committed: 0.
 - uncommit_free_chunks: 1.
 - use_allocation_guard: 0.
 - handle_deallocations: 1.


Internal statistics:

num_allocs_failed_limit: 18.
num_arena_births: 2822.
num_arena_deaths: 0.
num_vsnodes_births: 3.
num_vsnodes_deaths: 0.
num_space_committed: 1937.
num_space_uncommitted: 0.
num_chunks_returned_to_freelist: 18.
num_chunks_taken_from_freelist: 8097.
num_chunk_merges: 18.
num_chunk_splits: 5152.
num_chunks_enlarged: 3260.
num_inconsistent_stats: 0.

CodeHeap 'non-profiled nmethods': size=120000Kb used=21798Kb max_used=21798Kb free=98202Kb
 bounds [0x000001a307ad0000, 0x000001a309030000, 0x000001a30f000000]
CodeHeap 'profiled nmethods': size=120000Kb used=30210Kb max_used=32928Kb free=89789Kb
 bounds [0x000001a300000000, 0x000001a302040000, 0x000001a307530000]
CodeHeap 'non-nmethods': size=5760Kb used=2442Kb max_used=2521Kb free=3317Kb
 bounds [0x000001a307530000, 0x000001a3077d0000, 0x000001a307ad0000]
 total_blobs=21907 nmethods=19811 adapters=2006
 compilation: enabled
              stopped_count=0, restarted_count=0
 full_count=0

Compilation events (20 events):
Event: 831.585 Thread 0x000001a37eb96390 31144       1       net.minecraft.world.item.context.UseOnContext::getHitResult (5 bytes)
Event: 831.585 Thread 0x000001a37eb96390 nmethod 31144 0x000001a308db1d10 code [0x000001a308db1ea0, 0x000001a308db1f78]
Event: 831.590 Thread 0x000001a37eb96390 31145       3       net.minecraft.world.level.block.state.BlockBehaviour$BlockStateBase::updateIndirectNeighbourShapes (17 bytes)
Event: 831.590 Thread 0x000001a37eb96390 nmethod 31145 0x000001a30188f710 code [0x000001a30188f8c0, 0x000001a30188fd08]
Event: 831.590 Thread 0x000001a37eb96390 31146       3       net.minecraft.world.level.block.state.BlockBehaviour::updateIndirectNeighbourShapes (1 bytes)
Event: 831.591 Thread 0x000001a37eb96390 nmethod 31146 0x000001a300770190 code [0x000001a300770320, 0x000001a300770438]
Event: 831.638 Thread 0x000001a37eb96390 31147       3       mcscjunjie.junzulaki.trafficmod.block.HordrivetiredlyBlock::getShape (510 bytes)
Event: 831.641 Thread 0x000001a37eb96390 nmethod 31147 0x000001a301b36210 code [0x000001a301b36da0, 0x000001a301b3ac08]
Event: 832.285 Thread 0x000001a37eb96390 31148       1       net.minecraft.client.resources.sounds.Sound::getVolume (5 bytes)
Event: 832.286 Thread 0x000001a37eb96390 nmethod 31148 0x000001a308db1a10 code [0x000001a308db1ba0, 0x000001a308db1c78]
Event: 832.286 Thread 0x000001a37eb96390 31149       1       net.minecraft.client.resources.sounds.Sound::getPitch (5 bytes)
Event: 832.286 Thread 0x000001a37eb96390 nmethod 31149 0x000001a308db1710 code [0x000001a308db18a0, 0x000001a308db1978]
Event: 832.596 Thread 0x000001a37eb939c0 31150       4       java.lang.Byte::valueOf (14 bytes)
Event: 832.596 Thread 0x000001a37eb96390 31151       1       net.minecraft.network.protocol.game.ClientboundUpdateAttributesPacket$AttributeSnapshot::getAttribute (5 bytes)
Event: 832.596 Thread 0x000001a37eb96390 nmethod 31151 0x000001a308db1410 code [0x000001a308db15a0, 0x000001a308db1678]
Event: 832.596 Thread 0x000001a37eb96390 31152       1       net.minecraft.network.protocol.game.ClientboundUpdateAttributesPacket$AttributeSnapshot::getBase (5 bytes)
Event: 832.596 Thread 0x000001a37eb939c0 nmethod 31150 0x000001a308db0f10 code [0x000001a308db1080, 0x000001a308db1118]
Event: 832.596 Thread 0x000001a37eb96390 nmethod 31152 0x000001a308da5d90 code [0x000001a308da5f20, 0x000001a308da5ff8]
Event: 832.596 Thread 0x000001a37eb96390 31153       1       net.minecraft.network.protocol.game.ClientboundUpdateAttributesPacket$AttributeSnapshot::getModifiers (5 bytes)
Event: 832.596 Thread 0x000001a37eb96390 nmethod 31153 0x000001a308da5a90 code [0x000001a308da5c20, 0x000001a308da5cf8]

GC Heap History (20 events):
Event: 764.205 GC heap before
{Heap before GC invocations=90 (full 0):
 garbage-first heap   total 1556480K, used 1351472K [0x0000000741800000, 0x0000000800000000)
  region size 2048K, 456 young (933888K), 2 survivors (4096K)
 Metaspace       used 122379K, committed 124160K, reserved 1179648K
  class space    used 17542K, committed 18368K, reserved 1048576K
}
Event: 764.215 GC heap after
{Heap after GC invocations=91 (full 0):
 garbage-first heap   total 1556480K, used 422109K [0x0000000741800000, 0x0000000800000000)
  region size 2048K, 3 young (6144K), 3 survivors (6144K)
 Metaspace       used 122379K, committed 124160K, reserved 1179648K
  class space    used 17542K, committed 18368K, reserved 1048576K
}
Event: 764.285 GC heap before
{Heap before GC invocations=91 (full 0):
 garbage-first heap   total 1556480K, used 493789K [0x0000000741800000, 0x0000000800000000)
  region size 2048K, 38 young (77824K), 3 survivors (6144K)
 Metaspace       used 122379K, committed 124160K, reserved 1179648K
  class space    used 17542K, committed 18368K, reserved 1048576K
}
Event: 764.299 GC heap after
{Heap after GC invocations=92 (full 0):
 garbage-first heap   total 1556480K, used 412805K [0x0000000741800000, 0x0000000800000000)
  region size 2048K, 2 young (4096K), 2 survivors (4096K)
 Metaspace       used 122379K, committed 124160K, reserved 1179648K
  class space    used 17542K, committed 18368K, reserved 1048576K
}
Event: 778.889 GC heap before
{Heap before GC invocations=92 (full 0):
 garbage-first heap   total 1556480K, used 1342597K [0x0000000741800000, 0x0000000800000000)
  region size 2048K, 456 young (933888K), 2 survivors (4096K)
 Metaspace       used 122465K, committed 124224K, reserved 1179648K
  class space    used 17548K, committed 18368K, reserved 1048576K
}
Event: 778.895 GC heap after
{Heap after GC invocations=93 (full 0):
 garbage-first heap   total 1556480K, used 412662K [0x0000000741800000, 0x0000000800000000)
  region size 2048K, 2 young (4096K), 2 survivors (4096K)
 Metaspace       used 122465K, committed 124224K, reserved 1179648K
  class space    used 17548K, committed 18368K, reserved 1048576K
}
Event: 784.253 GC heap before
{Heap before GC invocations=93 (full 0):
 garbage-first heap   total 1556480K, used 1342454K [0x0000000741800000, 0x0000000800000000)
  region size 2048K, 456 young (933888K), 2 survivors (4096K)
 Metaspace       used 122474K, committed 124224K, reserved 1179648K
  class space    used 17548K, committed 18368K, reserved 1048576K
}
Event: 784.261 GC heap after
{Heap after GC invocations=94 (full 0):
 garbage-first heap   total 1556480K, used 412834K [0x0000000741800000, 0x0000000800000000)
  region size 2048K, 2 young (4096K), 2 survivors (4096K)
 Metaspace       used 122474K, committed 124224K, reserved 1179648K
  class space    used 17548K, committed 18368K, reserved 1048576K
}
Event: 790.789 GC heap before
{Heap before GC invocations=94 (full 0):
 garbage-first heap   total 1556480K, used 1342626K [0x0000000741800000, 0x0000000800000000)
  region size 2048K, 456 young (933888K), 2 survivors (4096K)
 Metaspace       used 122487K, committed 124224K, reserved 1179648K
  class space    used 17549K, committed 18368K, reserved 1048576K
}
Event: 790.796 GC heap after
{Heap after GC invocations=95 (full 0):
 garbage-first heap   total 1556480K, used 412964K [0x0000000741800000, 0x0000000800000000)
  region size 2048K, 2 young (4096K), 2 survivors (4096K)
 Metaspace       used 122487K, committed 124224K, reserved 1179648K
  class space    used 17549K, committed 18368K, reserved 1048576K
}
Event: 799.289 GC heap before
{Heap before GC invocations=96 (full 0):
 garbage-first heap   total 1556480K, used 1342756K [0x0000000741800000, 0x0000000800000000)
  region size 2048K, 456 young (933888K), 2 survivors (4096K)
 Metaspace       used 122489K, committed 124288K, reserved 1179648K
  class space    used 17549K, committed 18368K, reserved 1048576K
}
Event: 799.294 GC heap after
{Heap after GC invocations=97 (full 0):
 garbage-first heap   total 1556480K, used 412829K [0x0000000741800000, 0x0000000800000000)
  region size 2048K, 2 young (4096K), 2 survivors (4096K)
 Metaspace       used 122489K, committed 124288K, reserved 1179648K
  class space    used 17549K, committed 18368K, reserved 1048576K
}
Event: 800.281 GC heap before
{Heap before GC invocations=97 (full 0):
 garbage-first heap   total 1556480K, used 486557K [0x0000000741800000, 0x0000000800000000)
  region size 2048K, 38 young (77824K), 2 survivors (4096K)
 Metaspace       used 122489K, committed 124288K, reserved 1179648K
  class space    used 17549K, committed 18368K, reserved 1048576K
}
Event: 800.292 GC heap after
{Heap after GC invocations=98 (full 0):
 garbage-first heap   total 1556480K, used 405863K [0x0000000741800000, 0x0000000800000000)
  region size 2048K, 2 young (4096K), 2 survivors (4096K)
 Metaspace       used 122489K, committed 124288K, reserved 1179648K
  class space    used 17549K, committed 18368K, reserved 1048576K
}
Event: 813.385 GC heap before
{Heap before GC invocations=98 (full 0):
 garbage-first heap   total 1556480K, used 1335655K [0x0000000741800000, 0x0000000800000000)
  region size 2048K, 456 young (933888K), 2 survivors (4096K)
 Metaspace       used 122517K, committed 124288K, reserved 1179648K
  class space    used 17549K, committed 18368K, reserved 1048576K
}
Event: 813.392 GC heap after
{Heap after GC invocations=99 (full 0):
 garbage-first heap   total 1556480K, used 406394K [0x0000000741800000, 0x0000000800000000)
  region size 2048K, 2 young (4096K), 2 survivors (4096K)
 Metaspace       used 122517K, committed 124288K, reserved 1179648K
  class space    used 17549K, committed 18368K, reserved 1048576K
}
Event: 822.814 GC heap before
{Heap before GC invocations=99 (full 0):
 garbage-first heap   total 1556480K, used 1336186K [0x0000000741800000, 0x0000000800000000)
  region size 2048K, 456 young (933888K), 2 survivors (4096K)
 Metaspace       used 122525K, committed 124288K, reserved 1179648K
  class space    used 17549K, committed 18368K, reserved 1048576K
}
Event: 822.819 GC heap after
{Heap after GC invocations=100 (full 0):
 garbage-first heap   total 1556480K, used 406599K [0x0000000741800000, 0x0000000800000000)
  region size 2048K, 2 young (4096K), 2 survivors (4096K)
 Metaspace       used 122525K, committed 124288K, reserved 1179648K
  class space    used 17549K, committed 18368K, reserved 1048576K
}
Event: 831.666 GC heap before
{Heap before GC invocations=100 (full 0):
 garbage-first heap   total 1556480K, used 1336391K [0x0000000741800000, 0x0000000800000000)
  region size 2048K, 456 young (933888K), 2 survivors (4096K)
 Metaspace       used 122530K, committed 124288K, reserved 1179648K
  class space    used 17549K, committed 18368K, reserved 1048576K
}
Event: 831.672 GC heap after
{Heap after GC invocations=101 (full 0):
 garbage-first heap   total 1556480K, used 406709K [0x0000000741800000, 0x0000000800000000)
  region size 2048K, 2 young (4096K), 2 survivors (4096K)
 Metaspace       used 122530K, committed 124288K, reserved 1179648K
  class space    used 17549K, committed 18368K, reserved 1048576K
}

Dll operation events (16 events):
Event: 0.012 Loaded shared library F:\MCreator20241\jdk\bin\java.dll
Event: 0.033 Loaded shared library F:\MCreator20241\jdk\bin\jsvml.dll
Event: 0.324 Loaded shared library F:\MCreator20241\jdk\bin\net.dll
Event: 0.328 Loaded shared library F:\MCreator20241\jdk\bin\nio.dll
Event: 0.332 Loaded shared library F:\MCreator20241\jdk\bin\zip.dll
Event: 0.482 Loaded shared library F:\MCreator20241\jdk\bin\jimage.dll
Event: 1.316 Loaded shared library F:\MCreator20241\jdk\bin\verify.dll
Event: 6.180 Loaded shared library F:\MCreator20241\jdk\bin\management.dll
Event: 6.184 Loaded shared library F:\MCreator20241\jdk\bin\management_ext.dll
Event: 7.565 Loaded shared library C:\Users\JunZulaki\AppData\Local\Temp\lwjglJunZulaki\3.3.1-build-7\lwjgl.dll
Event: 8.448 Loaded shared library C:\Users\JunZulaki\AppData\Local\Temp\lwjglJunZulaki\3.3.1-build-7\lwjgl_stb.dll
Event: 8.559 Loaded shared library C:\Users\JunZulaki\AppData\Local\Temp\lwjglJunZulaki\3.3.1-build-7\lwjgl_opengl.dll
Event: 15.887 Loaded shared library C:\Users\JunZulaki\AppData\Local\Temp\jna--1328118383\jna8243579730583326054.dll
Event: 29.434 Loaded shared library F:\MCreator20241\jdk\bin\sunmscapi.dll
Event: 29.904 Loaded shared library F:\MCreator20241\jdk\bin\extnet.dll
Event: 632.604 Loaded shared library F:\MCreator20241\jdk\bin\awt.dll

Deoptimization events (20 events):
Event: 798.963 Thread 0x000001a36cfcab30 DEOPT PACKING pc=0x000001a30138928b sp=0x00000027a40ff620
Event: 798.963 Thread 0x000001a36cfcab30 DEOPT UNPACKING pc=0x000001a307587143 sp=0x00000027a40feb00 mode 0
Event: 799.862 Thread 0x000001a36cfc82b0 DEOPT PACKING pc=0x000001a301bd77f8 sp=0x00000027a2bff0a0
Event: 799.862 Thread 0x000001a36cfc82b0 DEOPT UNPACKING pc=0x000001a307587143 sp=0x00000027a2bfe5c0 mode 0
Event: 801.188 Thread 0x000001a375974520 Uncommon trap: trap_request=0xffffffc6 fr.pc=0x000001a308a113d0 relative=0x0000000000000dd0
Event: 801.188 Thread 0x000001a375974520 Uncommon trap: reason=bimorphic_or_optimized_type_check action=maybe_recompile pc=0x000001a308a113d0 method=net.minecraft.world.level.chunk.PalettedContainer$Data.copy()Lnet/minecraft/world/level/chunk/PalettedContainer$Data; @ 21 c2
Event: 801.188 Thread 0x000001a375974520 DEOPT PACKING pc=0x000001a308a113d0 sp=0x00000027a11fdc80
Event: 801.188 Thread 0x000001a375974520 DEOPT UNPACKING pc=0x000001a3075869a3 sp=0x00000027a11fdc08 mode 2
Event: 802.737 Thread 0x000001a375974520 Uncommon trap: trap_request=0xffffffc6 fr.pc=0x000001a308a13078 relative=0x0000000000000c18
Event: 802.737 Thread 0x000001a375974520 Uncommon trap: reason=bimorphic_or_optimized_type_check action=maybe_recompile pc=0x000001a308a13078 method=net.minecraft.world.level.chunk.PalettedContainer$Data.copy()Lnet/minecraft/world/level/chunk/PalettedContainer$Data; @ 21 c2
Event: 802.737 Thread 0x000001a375974520 DEOPT PACKING pc=0x000001a308a13078 sp=0x00000027a11fdc10
Event: 802.737 Thread 0x000001a375974520 DEOPT UNPACKING pc=0x000001a3075869a3 sp=0x00000027a11fdc00 mode 2
Event: 822.638 Thread 0x000001a360c14560 Uncommon trap: trap_request=0xffffff45 fr.pc=0x000001a308f9e238 relative=0x0000000000000638
Event: 822.638 Thread 0x000001a360c14560 Uncommon trap: reason=unstable_if action=reinterpret pc=0x000001a308f9e238 method=io.netty.util.concurrent.SingleThreadEventExecutor.runAllTasks(J)Z @ 11 c2
Event: 822.638 Thread 0x000001a360c14560 DEOPT PACKING pc=0x000001a308f9e238 sp=0x00000027a3dff2b0
Event: 822.638 Thread 0x000001a360c14560 DEOPT UNPACKING pc=0x000001a3075869a3 sp=0x00000027a3dff278 mode 2
Event: 828.786 Thread 0x000001a35cd54a00 Uncommon trap: trap_request=0xffffff45 fr.pc=0x000001a308f07d90 relative=0x0000000000000a90
Event: 828.786 Thread 0x000001a35cd54a00 Uncommon trap: reason=unstable_if action=reinterpret pc=0x000001a308f07d90 method=java.util.concurrent.locks.ReentrantLock$Sync.lockInterruptibly()V @ 18 c2
Event: 828.786 Thread 0x000001a35cd54a00 DEOPT PACKING pc=0x000001a308f07d90 sp=0x00000027a3cfefb0
Event: 828.786 Thread 0x000001a35cd54a00 DEOPT UNPACKING pc=0x000001a3075869a3 sp=0x00000027a3cfeec0 mode 2

Classes unloaded (0 events):
No events

Classes redefined (0 events):
No events

Internal exceptions (20 events):
Event: 713.039 Thread 0x000001a35e88d9b0 Exception <a 'sun/nio/fs/WindowsException'{0x000000079e9f96a0}> (0x000000079e9f96a0) 
thrown [s\src\hotspot\share\prims\jni.cpp, line 516]
Event: 716.890 Thread 0x000001a35e88d9b0 Exception <a 'sun/nio/fs/WindowsException'{0x0000000766000118}> (0x0000000766000118) 
thrown [s\src\hotspot\share\prims\jni.cpp, line 516]
Event: 719.441 Thread 0x000001a35e88d9b0 Exception <a 'sun/nio/fs/WindowsException'{0x0000000781c05078}> (0x0000000781c05078) 
thrown [s\src\hotspot\share\prims\jni.cpp, line 516]
Event: 724.888 Thread 0x000001a35e88d9b0 Exception <a 'sun/nio/fs/WindowsException'{0x00000007962052b8}> (0x00000007962052b8) 
thrown [s\src\hotspot\share\prims\jni.cpp, line 516]
Event: 726.893 Thread 0x000001a35e88d9b0 Exception <a 'sun/nio/fs/WindowsException'{0x0000000789705210}> (0x0000000789705210) 
thrown [s\src\hotspot\share\prims\jni.cpp, line 516]
Event: 736.740 Thread 0x000001a35e88d9b0 Exception <a 'sun/nio/fs/WindowsException'{0x00000007743062d0}> (0x00000007743062d0) 
thrown [s\src\hotspot\share\prims\jni.cpp, line 516]
Event: 736.938 Thread 0x000001a35e88d9b0 Exception <a 'sun/nio/fs/WindowsException'{0x0000000772ecd2c0}> (0x0000000772ecd2c0) 
thrown [s\src\hotspot\share\prims\jni.cpp, line 516]
Event: 746.790 Thread 0x000001a35e88d9b0 Exception <a 'sun/nio/fs/WindowsException'{0x000000077c8fef80}> (0x000000077c8fef80) 
thrown [s\src\hotspot\share\prims\jni.cpp, line 516]
Event: 746.941 Thread 0x000001a35e88d9b0 Exception <a 'sun/nio/fs/WindowsException'{0x000000077c3fe2c8}> (0x000000077c3fe2c8) 
thrown [s\src\hotspot\share\prims\jni.cpp, line 516]
Event: 751.290 Thread 0x000001a35e88d9b0 Exception <a 'sun/nio/fs/WindowsException'{0x0000000770cfae90}> (0x0000000770cfae90) 
thrown [s\src\hotspot\share\prims\jni.cpp, line 516]
Event: 756.988 Thread 0x000001a35e88d9b0 Exception <a 'sun/nio/fs/WindowsException'{0x00000007781059a0}> (0x00000007781059a0) 
thrown [s\src\hotspot\share\prims\jni.cpp, line 516]
Event: 784.690 Thread 0x000001a35e88d9b0 Exception <a 'sun/nio/fs/WindowsException'{0x000000079c0dbf58}> (0x000000079c0dbf58) 
thrown [s\src\hotspot\share\prims\jni.cpp, line 516]
Event: 786.689 Thread 0x000001a35e88d9b0 Exception <a 'sun/nio/fs/WindowsException'{0x00000007810da578}> (0x00000007810da578) 
thrown [s\src\hotspot\share\prims\jni.cpp, line 516]
Event: 796.688 Thread 0x000001a35e88d9b0 Exception <a 'sun/nio/fs/WindowsException'{0x0000000775fd9738}> (0x0000000775fd9738) 
thrown [s\src\hotspot\share\prims\jni.cpp, line 516]
Event: 806.691 Thread 0x000001a35e88d9b0 Exception <a 'sun/nio/fs/WindowsException'{0x0000000784805490}> (0x0000000784805490) 
thrown [s\src\hotspot\share\prims\jni.cpp, line 516]
Event: 809.441 Thread 0x000001a35e88d9b0 Exception <a 'sun/nio/fs/WindowsException'{0x000000077c4053d8}> (0x000000077c4053d8) 
thrown [s\src\hotspot\share\prims\jni.cpp, line 516]
Event: 809.690 Thread 0x000001a35e88d9b0 Exception <a 'sun/nio/fs/WindowsException'{0x000000077b704ad8}> (0x000000077b704ad8) 
thrown [s\src\hotspot\share\prims\jni.cpp, line 516]
Event: 810.140 Thread 0x000001a35e88d9b0 Exception <a 'sun/nio/fs/WindowsException'{0x0000000779c04f98}> (0x0000000779c04f98) 
thrown [s\src\hotspot\share\prims\jni.cpp, line 516]
Event: 819.440 Thread 0x000001a35e8939e0 Exception <a 'sun/nio/fs/WindowsException'{0x000000077cd09be8}> (0x000000077cd09be8) 
thrown [s\src\hotspot\share\prims\jni.cpp, line 516]
Event: 829.440 Thread 0x000001a35e8939e0 Exception <a 'sun/nio/fs/WindowsException'{0x000000076ee056e8}> (0x000000076ee056e8) 
thrown [s\src\hotspot\share\prims\jni.cpp, line 516]

VM Operations (20 events):
Event: 817.394 Executing VM operation: Cleanup
Event: 817.394 Executing VM operation: Cleanup done
Event: 820.395 Executing VM operation: Cleanup
Event: 820.396 Executing VM operation: Cleanup done
Event: 822.814 Executing VM operation: G1CollectForAllocation
Event: 822.819 Executing VM operation: G1CollectForAllocation done
Event: 823.820 Executing VM operation: Cleanup
Event: 823.820 Executing VM operation: Cleanup done
Event: 824.820 Executing VM operation: Cleanup
Event: 824.820 Executing VM operation: Cleanup done
Event: 827.821 Executing VM operation: Cleanup
Event: 827.824 Executing VM operation: Cleanup done
Event: 829.824 Executing VM operation: Cleanup
Event: 829.824 Executing VM operation: Cleanup done
Event: 831.666 Executing VM operation: G1CollectForAllocation
Event: 831.672 Executing VM operation: G1CollectForAllocation done
Event: 832.672 Executing VM operation: Cleanup
Event: 832.673 Executing VM operation: Cleanup done
Event: 832.682 Executing VM operation: G1PauseRemark
Event: 832.695 Executing VM operation: G1PauseRemark done

Events (20 events):
Event: 788.843 Thread 0x000001a37eb9f470 flushing nmethod 0x000001a301cd0910
Event: 788.843 Thread 0x000001a37eb9f470 flushing nmethod 0x000001a301cda490
Event: 788.843 Thread 0x000001a37eb9f470 flushing nmethod 0x000001a301cdb290
Event: 788.843 Thread 0x000001a37eb9f470 flushing nmethod 0x000001a301cdb810
Event: 788.843 Thread 0x000001a37eb9f470 flushing nmethod 0x000001a301cde690
Event: 788.843 Thread 0x000001a37eb9f470 flushing nmethod 0x000001a301cdff90
Event: 788.843 Thread 0x000001a37eb9f470 flushing nmethod 0x000001a301d06b90
Event: 788.843 Thread 0x000001a37eb9f470 flushing nmethod 0x000001a301d0dd90
Event: 788.843 Thread 0x000001a37eb9f470 flushing nmethod 0x000001a301d44a10
Event: 788.843 Thread 0x000001a37eb9f470 flushing nmethod 0x000001a301d56a90
Event: 788.844 Thread 0x000001a37eb9f470 flushing nmethod 0x000001a301d8e110
Event: 788.844 Thread 0x000001a37eb9f470 flushing nmethod 0x000001a301d93f90
Event: 788.844 Thread 0x000001a37eb9f470 flushing nmethod 0x000001a301e2e790
Event: 788.844 Thread 0x000001a37eb9f470 flushing nmethod 0x000001a301f09910
Event: 788.845 Thread 0x000001a37eb9f470 flushing nmethod 0x000001a301f78d10
Event: 788.845 Thread 0x000001a37eb9f470 flushing nmethod 0x000001a301f7d510
Event: 788.845 Thread 0x000001a37eb9f470 flushing nmethod 0x000001a301f93710
Event: 788.845 Thread 0x000001a37eb9f470 flushing nmethod 0x000001a301ff6810
Event: 789.689 Thread 0x000001a35f5dc180 Thread exited: 0x000001a35f5dc180
Event: 810.140 Thread 0x000001a35e8939e0 Thread added: 0x000001a35e8939e0


Dynamic libraries:
0x00007ff70b0d0000 - 0x00007ff70b0de000 	F:\MCreator20241\jdk\bin\java.exe
0x00007ffb94990000 - 0x00007ffb94b89000 	C:\Windows\SYSTEM32\ntdll.dll
0x00007ffb94880000 - 0x00007ffb94942000 	C:\Windows\System32\KERNEL32.DLL
0x00007ffb921e0000 - 0x00007ffb924d7000 	C:\Windows\System32\KERNELBASE.dll
0x00007ffb92600000 - 0x00007ffb92700000 	C:\Windows\System32\ucrtbase.dll
0x00007ffb74750000 - 0x00007ffb74767000 	F:\MCreator20241\jdk\bin\jli.dll
0x00007ffb70560000 - 0x00007ffb7057b000 	F:\MCreator20241\jdk\bin\VCRUNTIME140.dll
0x00007ffb92c60000 - 0x00007ffb92dfd000 	C:\Windows\System32\USER32.dll
0x00007ffb92810000 - 0x00007ffb92832000 	C:\Windows\System32\win32u.dll
0x00007ffb93b10000 - 0x00007ffb93b3b000 	C:\Windows\System32\GDI32.dll
0x00007ffb924e0000 - 0x00007ffb925fa000 	C:\Windows\System32\gdi32full.dll
0x00007ffb92840000 - 0x00007ffb928dd000 	C:\Windows\System32\msvcp_win.dll
0x00007ffb7edd0000 - 0x00007ffb7f06b000 	C:\Windows\WinSxS\amd64_microsoft.windows.common-controls_6595b64144ccf1df_6.0.19041.7663_none_60b9ed0b71f50c93\COMCTL32.dll
0x00007ffb93b40000 - 0x00007ffb93bde000 	C:\Windows\System32\msvcrt.dll
0x00007ffb93be0000 - 0x00007ffb93c0f000 	C:\Windows\System32\IMM32.DLL
0x00007ffb705d0000 - 0x00007ffb705dc000 	F:\MCreator20241\jdk\bin\vcruntime140_1.dll
0x00007ffb57b60000 - 0x00007ffb57bed000 	F:\MCreator20241\jdk\bin\msvcp140.dll
0x00007ffb56300000 - 0x00007ffb56f62000 	F:\MCreator20241\jdk\bin\server\jvm.dll
0x00007ffb92ef0000 - 0x00007ffb92fa2000 	C:\Windows\System32\ADVAPI32.dll
0x00007ffb93c10000 - 0x00007ffb93cb0000 	C:\Windows\System32\sechost.dll
0x00007ffb93d30000 - 0x00007ffb93e56000 	C:\Windows\System32\RPCRT4.dll
0x00007ffb921b0000 - 0x00007ffb921d7000 	C:\Windows\System32\bcrypt.dll
0x00007ffb91a70000 - 0x00007ffb91abb000 	C:\Windows\SYSTEM32\POWRPROF.dll
0x00007ffb704b0000 - 0x00007ffb704b9000 	C:\Windows\SYSTEM32\WSOCK32.dll
0x00007ffb81c50000 - 0x00007ffb81c77000 	C:\Windows\SYSTEM32\WINMM.dll
0x00007ffb93cb0000 - 0x00007ffb93d1b000 	C:\Windows\System32\WS2_32.dll
0x00007ffb8afc0000 - 0x00007ffb8afca000 	C:\Windows\SYSTEM32\VERSION.dll
0x00007ffb91a50000 - 0x00007ffb91a62000 	C:\Windows\SYSTEM32\UMPDC.dll
0x00007ffb90810000 - 0x00007ffb90822000 	C:\Windows\SYSTEM32\kernel.appcore.dll
0x00007ffb6fc70000 - 0x00007ffb6fc7a000 	F:\MCreator20241\jdk\bin\jimage.dll
0x00007ffb8fb90000 - 0x00007ffb8fd91000 	C:\Windows\SYSTEM32\DBGHELP.DLL
0x00007ffb6af30000 - 0x00007ffb6af64000 	C:\Windows\SYSTEM32\dbgcore.DLL
0x00007ffb92700000 - 0x00007ffb92782000 	C:\Windows\System32\bcryptPrimitives.dll
0x00007ffb5c4e0000 - 0x00007ffb5c505000 	F:\MCreator20241\jdk\bin\java.dll
0x00007ffb57a80000 - 0x00007ffb57b57000 	F:\MCreator20241\jdk\bin\jsvml.dll
0x00007ffb92fb0000 - 0x00007ffb93721000 	C:\Windows\System32\SHELL32.dll
0x00007ffb90050000 - 0x00007ffb907fc000 	C:\Windows\SYSTEM32\windows.storage.dll
0x00007ffb93730000 - 0x00007ffb93a83000 	C:\Windows\System32\combase.dll
0x00007ffb91950000 - 0x00007ffb9197b000 	C:\Windows\SYSTEM32\Wldp.dll
0x00007ffb92e00000 - 0x00007ffb92ed6000 	C:\Windows\System32\OLEAUT32.dll
0x00007ffb92990000 - 0x00007ffb92a3d000 	C:\Windows\System32\SHCORE.dll
0x00007ffb94650000 - 0x00007ffb946ab000 	C:\Windows\System32\shlwapi.dll
0x00007ffb91f20000 - 0x00007ffb91f45000 	C:\Windows\SYSTEM32\profapi.dll
0x00007ffb6fc50000 - 0x00007ffb6fc69000 	F:\MCreator20241\jdk\bin\net.dll
0x00007ffb8aa40000 - 0x00007ffb8ab4d000 	C:\Windows\SYSTEM32\WINHTTP.dll
0x00007ffb91680000 - 0x00007ffb916ea000 	C:\Windows\system32\mswsock.dll
0x00007ffb57a60000 - 0x00007ffb57a76000 	F:\MCreator20241\jdk\bin\nio.dll
0x00007ffb57a40000 - 0x00007ffb57a58000 	F:\MCreator20241\jdk\bin\zip.dll
0x00007ffb538d0000 - 0x00007ffb538e0000 	F:\MCreator20241\jdk\bin\verify.dll
0x00007ffb6dec0000 - 0x00007ffb6dec9000 	F:\MCreator20241\jdk\bin\management.dll
0x00007ffb5d740000 - 0x00007ffb5d74b000 	F:\MCreator20241\jdk\bin\management_ext.dll
0x00007ffb94870000 - 0x00007ffb94878000 	C:\Windows\System32\PSAPI.DLL
0x00007ffb765e0000 - 0x00007ffb765f7000 	C:\Windows\system32\napinsp.dll
0x00007ffb736d0000 - 0x00007ffb736eb000 	C:\Windows\system32\pnrpnsp.dll
0x00007ffb8e040000 - 0x00007ffb8e05d000 	C:\Windows\system32\wshbth.dll
0x00007ffb8c4d0000 - 0x00007ffb8c4ed000 	C:\Windows\system32\NLAapi.dll
0x00007ffb91360000 - 0x00007ffb9139b000 	C:\Windows\SYSTEM32\IPHLPAPI.DLL
0x00007ffb913a0000 - 0x00007ffb9146c000 	C:\Windows\SYSTEM32\DNSAPI.dll
0x00007ffb93d20000 - 0x00007ffb93d28000 	C:\Windows\System32\NSI.dll
0x00007ffb736b0000 - 0x00007ffb736c2000 	C:\Windows\System32\winrnr.dll
0x00007ffb87da0000 - 0x00007ffb87daa000 	C:\Windows\System32\rasadhlp.dll
0x00007ffb81a90000 - 0x00007ffb81b10000 	C:\Windows\System32\fwpuclnt.dll
0x00007ffb80ca0000 - 0x00007ffb80d15000 	C:\Users\JunZulaki\AppData\Local\Temp\lwjglJunZulaki\3.3.1-build-7\lwjgl.dll
0x00007ffb8c570000 - 0x00007ffb8c5d1000 	C:\Users\JUNZUL~1\AppData\Local\Temp\lwjglJunZulaki\3.3.1-build-7\glfw.dll
0x00007ffb80c50000 - 0x00007ffb80c95000 	C:\Windows\SYSTEM32\dinput8.dll
0x00007ffb8c540000 - 0x00007ffb8c551000 	C:\Windows\SYSTEM32\xinput1_4.dll
0x00007ffb92000000 - 0x00007ffb9204e000 	C:\Windows\System32\cfgmgr32.dll
0x00007ffb91d80000 - 0x00007ffb91db3000 	C:\Windows\SYSTEM32\DEVOBJ.dll
0x00007ffb8ed40000 - 0x00007ffb8ed6e000 	C:\Windows\SYSTEM32\dwmapi.dll
0x00007ffb86ae0000 - 0x00007ffb86c32000 	C:\Windows\SYSTEM32\inputhost.dll
0x00007ffb8d4e0000 - 0x00007ffb8d5d2000 	C:\Windows\SYSTEM32\CoreMessaging.dll
0x00007ffb8e2e0000 - 0x00007ffb8e3da000 	C:\Windows\SYSTEM32\PROPSYS.dll
0x00007ffb8db30000 - 0x00007ffb8dc87000 	C:\Windows\SYSTEM32\wintypes.dll
0x00007ffb8cdf0000 - 0x00007ffb8d14b000 	C:\Windows\SYSTEM32\CoreUIComponents.dll
0x00007ffb911f0000 - 0x00007ffb91223000 	C:\Windows\SYSTEM32\ntmarta.dll
0x00007ffb8eb50000 - 0x00007ffb8ebee000 	C:\Windows\system32\uxtheme.dll
0x00007ffb92b20000 - 0x00007ffb92c36000 	C:\Windows\System32\MSCTF.dll
0x00007ffb5d190000 - 0x00007ffb5d2b9000 	C:\Windows\SYSTEM32\opengl32.dll
0x00007ffb5d120000 - 0x00007ffb5d14c000 	C:\Windows\SYSTEM32\GLU32.dll
0x00007ffb940d0000 - 0x00007ffb94179000 	C:\Windows\System32\clbcatq.dll
0x00007ffb11a00000 - 0x00007ffb14354000 	C:\Windows\System32\DriverStore\FileRepository\nvami.inf_amd64_5157a9d8cfc51046\nvoglv64.dll
0x00007ffb94180000 - 0x00007ffb945f0000 	C:\Windows\System32\SETUPAPI.dll
0x00007ffb946b0000 - 0x00007ffb947db000 	C:\Windows\System32\ole32.dll
0x00007ffb8c4b0000 - 0x00007ffb8c4c4000 	C:\Windows\SYSTEM32\WTSAPI32.dll
0x00007ffb91bb0000 - 0x00007ffb91bc2000 	C:\Windows\SYSTEM32\msasn1.dll
0x00007ffb89800000 - 0x00007ffb89831000 	C:\Windows\SYSTEM32\cryptnet.dll
0x00007ffb92050000 - 0x00007ffb921ad000 	C:\Windows\System32\CRYPT32.dll
0x00007ffb918a0000 - 0x00007ffb918ac000 	C:\Windows\SYSTEM32\cryptbase.dll
0x00007ffb89620000 - 0x00007ffb89768000 	C:\Windows\SYSTEM32\drvstore.dll
0x00007ffb92790000 - 0x00007ffb92804000 	C:\Windows\System32\WINTRUST.dll
0x00007ffb92c40000 - 0x00007ffb92c5d000 	C:\Windows\System32\imagehlp.dll
0x00007ffb918b0000 - 0x00007ffb918c8000 	C:\Windows\SYSTEM32\CRYPTSP.dll
0x00007ffb90fa0000 - 0x00007ffb90fd8000 	C:\Windows\system32\rsaenh.dll
0x00007ffb66340000 - 0x00007ffb6a0d4000 	C:\Windows\System32\DriverStore\FileRepository\nvami.inf_amd64_5157a9d8cfc51046\nvgpucomp64.dll
0x00007ffb88e50000 - 0x00007ffb88e8b000 	C:\Windows\SYSTEM32\dxcore.dll
0x00007ffb919c0000 - 0x00007ffb91a1b000 	C:\Windows\SYSTEM32\WINSTA.dll
0x00007ffb90850000 - 0x00007ffb90946000 	C:\Windows\system32\dxgi.dll
0x00007ffb8fda0000 - 0x00007ffb90004000 	C:\Windows\system32\d3d11.dll
0x00007ffb6fb80000 - 0x00007ffb6fc44000 	C:\Windows\System32\DriverStore\FileRepository\nvami.inf_amd64_5157a9d8cfc51046\nvldumdx.dll
0x00007ffb6faa0000 - 0x00007ffb6fb7e000 	C:\Windows\System32\DriverStore\FileRepository\nvami.inf_amd64_5157a9d8cfc51046\NvMemMapStoragex.dll
0x00007ffb60b00000 - 0x00007ffb66336000 	C:\Windows\System32\DriverStore\FileRepository\nvami.inf_amd64_5157a9d8cfc51046\nvwgf2umx.dll
0x00007ffb6a4d0000 - 0x00007ffb6a687000 	C:\Windows\System32\DriverStore\FileRepository\nvami.inf_amd64_5157a9d8cfc51046\nvppex.dll
0x00007ffb81500000 - 0x00007ffb81a86000 	C:\Windows\SYSTEM32\nvapi64.dll
0x00007ffb87ef0000 - 0x00007ffb88e4d000 	C:\Windows\SYSTEM32\igd10iumd64.dll
0x00007ffb91a20000 - 0x00007ffb91a47000 	C:\Windows\SYSTEM32\ncrypt.dll
0x00007ffb8d870000 - 0x00007ffb8d904000 	C:\Windows\SYSTEM32\apphelp.dll
0x00007ffb91980000 - 0x00007ffb919bb000 	C:\Windows\SYSTEM32\NTASN1.dll
0x00007ffb86f90000 - 0x00007ffb879cf000 	C:\Windows\SYSTEM32\igdusc64.dll
0x00007ffb8cc00000 - 0x00007ffb8cde5000 	C:\Windows\SYSTEM32\dcomp.dll
0x00007ffb71280000 - 0x00007ffb714d9000 	C:\Users\JUNZUL~1\AppData\Local\Temp\lwjglJunZulaki\3.3.1-build-7\jemalloc.dll
0x00007ffb7b180000 - 0x00007ffb7b201000 	C:\Users\JunZulaki\AppData\Local\Temp\lwjglJunZulaki\3.3.1-build-7\lwjgl_stb.dll
0x00007ffb86c60000 - 0x00007ffb86d59000 	C:\Windows\SYSTEM32\textinputframework.dll
0x00007ffb7ed00000 - 0x00007ffb7ed66000 	C:\Windows\system32\Oleacc.dll
0x00007ffb7b120000 - 0x00007ffb7b17d000 	C:\Users\JunZulaki\AppData\Local\Temp\lwjglJunZulaki\3.3.1-build-7\lwjgl_opengl.dll
0x00007ffb5a170000 - 0x00007ffb5a1c1000 	C:\Windows\SYSTEM32\pdh.dll
0x00007ffb80c40000 - 0x00007ffb80c4f000 	C:\Windows\System32\perfproc.dll
0x00007ffb80c30000 - 0x00007ffb80c3f000 	C:\Windows\System32\perfos.dll
0x00007ffb91ee0000 - 0x00007ffb91f0e000 	C:\Windows\SYSTEM32\USERENV.dll
0x00007ffb8b930000 - 0x00007ffb8b947000 	C:\Windows\SYSTEM32\dhcpcsvc6.DLL
0x00007ffb8be30000 - 0x00007ffb8be4e000 	C:\Windows\SYSTEM32\dhcpcsvc.DLL
0x00007ffb809e0000 - 0x00007ffb80a20000 	C:\Users\JunZulaki\AppData\Local\Temp\jna--1328118383\jna8243579730583326054.dll
0x00007ffb7e960000 - 0x00007ffb7e97f000 	C:\Windows\SYSTEM32\amsi.dll
0x00007ffb538c0000 - 0x00007ffb538ce000 	F:\MCreator20241\jdk\bin\sunmscapi.dll
0x00007ffb538b0000 - 0x00007ffb538b9000 	F:\MCreator20241\jdk\bin\extnet.dll
0x00007ffb8a320000 - 0x00007ffb8a3ce000 	C:\Windows\SYSTEM32\mscms.dll
0x00007ffb8a300000 - 0x00007ffb8a311000 	C:\Windows\SYSTEM32\ColorAdapterClient.dll
0x00007ffb7c6b0000 - 0x00007ffb7c6f6000 	C:\Windows\SYSTEM32\icm32.dll
0x00007ffb6d6d0000 - 0x00007ffb6d867000 	C:\Users\JUNZUL~1\AppData\Local\Temp\lwjglJunZulaki\3.3.1-build-7\OpenAL.dll

dbghelp: loaded successfully - version: 4.0.5 - missing functions: none
symbol engine: initialized successfully - sym options: 0x614 - pdb path: .;F:\MCreator20241\jdk\bin;C:\Windows\SYSTEM32;C:\Windows\WinSxS\amd64_microsoft.windows.common-controls_6595b64144ccf1df_6.0.19041.7663_none_60b9ed0b71f50c93;F:\MCreator20241\jdk\bin\server;C:\Users\JunZulaki\AppData\Local\Temp\lwjglJunZulaki\3.3.1-build-7;C:\Users\JUNZUL~1\AppData\Local\Temp\lwjglJunZulaki\3.3.1-build-7;C:\Windows\System32\DriverStore\FileRepository\nvami.inf_amd64_5157a9d8cfc51046;C:\Users\JunZulaki\AppData\Local\Temp\jna--1328118383;C:\Windows\System32\Speech\Common

VM Arguments:
jvm_args: -Dforge.enableGameTest=true -Dforge.logging.console.level=debug -Dforge.logging.markers=REGISTRIES -DignoreList=bootstraplauncher,securejarhandler,asm-commons,asm-util,asm-analysis,asm-tree,asm,JarJarFileSystems,client-extra,fmlcore,javafmllanguage,lowcodelanguage,mclanguage,forge- -Djava.net.preferIPv6Addresses=system -DlegacyClassPath.file=F:\MCreatorWorkspace\JunjieTrafficMod\build\classpath\runClient_minecraftClasspath.txt -DmergeModules=jna-5.10.0.jar,jna-platform-5.10.0.jar --module-path=C:\Users\JunZulaki\.mcreator\gradle\caches\modules-2\files-2.1\cpw.mods\bootstraplauncher\1.1.2\c546e00443d8432cda6baa1c860346980742628\bootstraplauncher-1.1.2.jar;C:\Users\JunZulaki\.mcreator\gradle\caches\modules-2\files-2.1\cpw.mods\securejarhandler\2.1.10\51e6a22c6c716beb11e244bf5b8be480f51dd6b5\securejarhandler-2.1.10.jar;C:\Users\JunZulaki\.mcreator\gradle\caches\modules-2\files-2.1\org.ow2.asm\asm-commons\9.5\19ab5b5800a3910d30d3a3e64fdb00fd0cb42de0\asm-commons-9.5.jar;C:\Users\JunZulaki\.mcreator\gradle\caches\modules-2\files-2.1\org.ow2.asm\asm-util\9.5\64b5a1fc8c1b15ed2efd6a063e976bc8d3dc5ffe\asm-util-9.5.jar;C:\Users\JunZulaki\.mcreator\gradle\caches\modules-2\files-2.1\org.ow2.asm\asm-analysis\9.5\490bacc77de7cbc0be1a30bb3471072d705be4a4\asm-analysis-9.5.jar;C:\Users\JunZulaki\.mcreator\gradle\caches\modules-2\files-2.1\org.ow2.asm\asm-tree\9.5\fd33c8b6373abaa675be407082fdfda35021254a\asm-tree-9.5.jar;C:\Users\JunZulaki\.mcreator\gradle\caches\modules-2\files-2.1\org.ow2.asm\asm\9.5\dc6ea1875f4d64fbc85e1691c95b96a3d8569c90\asm-9.5.jar;C:\Users\JunZulaki\.mcreator\gradle\caches\modules-2\files-2.1\net.minecraftforge\JarJarFileSystems\0.3.19\2464eb7d6b9ddb9db36a82cf8a95193e5c6fe020\JarJarFileSystems-0.3.19.jar --add-modules=ALL-MODULE-PATH --add-opens=java.base/java.util.jar=cpw.mods.securejarhandler --add-opens=java.base/java.lang.invoke=cpw.mods.securejarhandler --add-exports=java.base/sun.security.util=cpw.mods.securejarhandler --add-exports=jdk.naming.dns/com.sun.jndi.dns=java.naming -XX:HeapDumpPath=MojangTricksIntelDriversForPerformance_javaw.exe_minecraft.exe.heapdump -Dfile.encoding=UTF-8 -Duser.country=CN -Duser.language=zh -Duser.variant 
java_command: cpw.mods.bootstraplauncher.BootstrapLauncher --launchTarget forgeclientuserdev --version MOD_DEV --assetIndex 5 --assetsDir C:\Users\JunZulaki\.mcreator\gradle\caches\forge_gradle\assets --gameDir . --fml.forgeVersion 47.2.0 --fml.mcVersion 1.20.1 --fml.forgeGroup net.minecraftforge --fml.mcpVersion 20230612.114412
java_class_path (initial): F:\MCreatorWorkspace\JunjieTrafficMod\build\classes\java\main;F:\MCreatorWorkspace\JunjieTrafficMod\build\resources\main;C:\Users\JunZulaki\.mcreator\gradle\caches\forge_gradle\minecraft_user_repo\net\minecraftforge\forge\1.20.1-47.2.0_mapped_official_1.20.1\forge-1.20.1-47.2.0_mapped_official_1.20.1-recomp.jar;C:\Users\JunZulaki\.mcreator\gradle\caches\forge_gradle\minecraft_repo\versions\1.20.1\client-extra.jar;C:\Users\JunZulaki\.mcreator\gradle\caches\modules-2\files-2.1\net.minecraftforge\fmlearlydisplay\1.20.1-47.2.0\4c56a03dcedcb909c7eaa8469dd5a36c493a0008\fmlearlydisplay-1.20.1-47.2.0.jar;C:\Users\JunZulaki\.mcreator\gradle\caches\modules-2\files-2.1\net.minecraftforge\javafmllanguage\1.20.1-47.2.0\7f9181f85acc66547685a72020713fc8cbde98\javafmllanguage-1.20.1-47.2.0.jar;C:\Users\JunZulaki\.mcreator\gradle\caches\modules-2\files-2.1\net.minecraftforge\lowcodelanguage\1.20.1-47.2.0\7872f5205685fdd26fae39b1be79b0e60ca5b7bd\lowcodelanguage-1.20.1-47.2.0.jar;C:\Users\JunZulaki\.mcreator\gradle\caches\modules-2\files-2.1\net.minecraftforge\mclanguage\1.20.1-47.2.0\d501d161cabed08b3c139a2c6217b02a39f3c3e9\mclanguage-1.20.1-47.2.0.jar;C:\Users\JunZulaki\.mcreator\gradle\caches\modules-2\files-2.1\net.minecraftforge\fmlcore\1.20.1-47.2.0\ffd3c6debac0a388c9e33ac43c9f5eafb91cb466\fmlcore-1.20.1-47.2.0.jar;C:\Users\JunZulaki\.mcreator\gradle\caches\modules-2\files-2.1\net.minecraftforge\fmlloader\1.20.1-47.2.0\7811231940c0a8b6008453bbc64fdf7fa1280fe9\fmlloader-1.20.1-47.2.0.jar;C:\Users\JunZulaki\.mcreator\gradle\caches\modules-2\files-2.1\net.minecraftforge\JarJarSelector\0.3.19\376cc9c8ea60720cf027c01fc033de915699801c\JarJarSelector-0.3.19.jar;C:\Users\JunZulaki\.mcreator\gradle\caches\modules-2\files-2.1\net.minecraftforge\JarJarMetadata\0.3.19\83feaa9b770e6ac0e96ee4fc23fa89325c5fe2\JarJarMetadata-0.3.19.jar;C:\Users\JunZulaki\.mcreator\gradle\caches\modules-2\files-2.1\com.google.guava\guava\31.1-jre\60458f877d055d0c9114d9e1a2efb737b4bc2
Launcher Type: SUN_STANDARD

[Global flags]
     intx CICompilerCount                          = 3                                         {product} {ergonomic}
     uint ConcGCThreads                            = 1                                         {product} {ergonomic}
     uint G1ConcRefinementThreads                  = 4                                         {product} {ergonomic}
   size_t G1HeapRegionSize                         = 2097152                                   {product} {ergonomic}
    uintx GCDrainStackTargetSize                   = 64                                        {product} {ergonomic}
    ccstr HeapDumpPath                             = MojangTricksIntelDriversForPerformance_javaw.exe_minecraft.exe.heapdump         {manageable} {command line}
   size_t InitialHeapSize                          = 201326592                                 {product} {ergonomic}
   size_t MarkStackSize                            = 4194304                                   {product} {ergonomic}
   size_t MaxHeapSize                              = 3196059648                                {product} {ergonomic}
   size_t MaxNewSize                               = 1916796928                                {product} {ergonomic}
   size_t MinHeapDeltaBytes                        = 2097152                                   {product} {ergonomic}
   size_t MinHeapSize                              = 8388608                                   {product} {ergonomic}
    uintx NonNMethodCodeHeapSize                   = 5832780                                {pd product} {ergonomic}
    uintx NonProfiledCodeHeapSize                  = 122912730                              {pd product} {ergonomic}
    uintx ProfiledCodeHeapSize                     = 122912730                              {pd product} {ergonomic}
    uintx ReservedCodeCacheSize                    = 251658240                              {pd product} {ergonomic}
     bool SegmentedCodeCache                       = true                                      {product} {ergonomic}
   size_t SoftMaxHeapSize                          = 3196059648                             {manageable} {ergonomic}
     bool UseCompressedClassPointers               = true                           {product lp64_product} {ergonomic}
     bool UseCompressedOops                        = true                           {product lp64_product} {ergonomic}
     bool UseG1GC                                  = true                                      {product} {ergonomic}
     bool UseLargePagesIndividualAllocation        = false                                  {pd product} {ergonomic}

Logging:
Log output configuration:
 #0: stdout all=warning uptime,level,tags
 #1: stderr all=off uptime,level,tags

Environment Variables:
JAVA_HOME=F:\MCreator20241\jdk
PATH=C:\Windows\system32;C:\Windows;C:\Windows\System32\Wbem;C:\Windows\System32\WindowsPowerShell\v1.0\;C:\Windows\System32\OpenSSH\;C:\Program Files\dotnet\;C:\Program Files (x86)\NVIDIA Corporation\PhysX\Common;C:\Program Files\nodejs\;C:\Program Files (x86)\Microsoft SDKs\TypeScript\1.0\;C:\Users\JunZulaki\AppData\Local\Microsoft\WindowsApps;C:\Users\JunZulaki\AppData\Local\Programs\Microsoft VS Code\bin;C:\Users\JunZulaki\AppData\Roaming\npm;F:\MCreator20241\jdk\bin
USERNAME=JunZulaki
OS=Windows_NT
PROCESSOR_IDENTIFIER=Intel64 Family 6 Model 61 Stepping 4, GenuineIntel
TMP=C:\Users\JUNZUL~1\AppData\Local\Temp
TEMP=C:\Users\JUNZUL~1\AppData\Local\Temp



Periodic native trim disabled


---------------  S Y S T E M  ---------------

OS:
 Windows 10 , 64 bit Build 19041 (10.0.19041.7663)
OS uptime: 0 days 0:54 hours

CPU: total 4 (initial active 4) (2 cores per cpu, 2 threads per core) family 6 model 61 stepping 4 microcode 0x2d, cx8, cmov, fxsr, ht, mmx, 3dnowpref, sse, sse2, sse3, ssse3, sse4.1, sse4.2, popcnt, lzcnt, tsc, tscinvbit, avx, avx2, aes, erms, clmul, bmi1, bmi2, adx, fma, vzeroupper, clflush
Processor Information for all 4 processors :
  Max Mhz: 2397, Current Mhz: 2397, Mhz Limit: 2397

Memory: 4k page, system-wide physical 12190M (3544M free)
TotalPageFile size 18078M (AvailPageFile size 7979M)
current process WorkingSet (physical memory assigned to process): 2101M, peak: 2106M
current process commit charge ("private bytes"): 2560M, peak: 2571M

vm_info: OpenJDK 64-Bit Server VM (17.0.10+7) for windows-amd64 JRE (17.0.10+7), built on Jan 16 2024 23:25:11 by "admin" with MS VC++ 16.10 / 16.11 (VS2019)

END.
