#
# A fatal error has been detected by the Java Runtime Environment:
#
#  EXCEPTION_ACCESS_VIOLATION (0xc0000005) at pc=0x00007ff9496c3d7e, pid=8944, tid=3108
#
# JRE version: OpenJDK Runtime Environment Temurin-17.0.10+7 (17.0.10+7) (build 17.0.10+7)
# Java VM: OpenJDK 64-Bit Server VM Temurin-17.0.10+7 (17.0.10+7, mixed mode, sharing, tiered, compressed oops, compressed class ptrs, g1 gc, windows-amd64)
# Problematic frame:
# C  [igd10iumd64.dll+0x43d7e]
#
# No core dump will be written. Minidumps are not enabled by default on client versions of Windows
#
# If you would like to submit a bug report, please visit:
#   https://github.com/adoptium/adoptium-support/issues
# The crash happened outside the Java Virtual Machine in native code.
# See problematic frame for where to report the bug.
#

---------------  S U M M A R Y ------------

Command Line: -Dforge.enableGameTest=true -Dforge.logging.console.level=debug -Dforge.logging.markers=REGISTRIES -DignoreList=bootstraplauncher,securejarhandler,asm-commons,asm-util,asm-analysis,asm-tree,asm,JarJarFileSystems,client-extra,fmlcore,javafmllanguage,lowcodelanguage,mclanguage,forge- -Djava.net.preferIPv6Addresses=system -DlegacyClassPath.file=F:\MCreatorWorkspace\JunjieTrafficMod\build\classpath\runClient_minecraftClasspath.txt -DmergeModules=jna-5.10.0.jar,jna-platform-5.10.0.jar --module-path=C:\Users\JunZulaki\.mcreator\gradle\caches\modules-2\files-2.1\cpw.mods\bootstraplauncher\1.1.2\c546e00443d8432cda6baa1c860346980742628\bootstraplauncher-1.1.2.jar;C:\Users\JunZulaki\.mcreator\gradle\caches\modules-2\files-2.1\cpw.mods\securejarhandler\2.1.10\51e6a22c6c716beb11e244bf5b8be480f51dd6b5\securejarhandler-2.1.10.jar;C:\Users\JunZulaki\.mcreator\gradle\caches\modules-2\files-2.1\org.ow2.asm\asm-commons\9.5\19ab5b5800a3910d30d3a3e64fdb00fd0cb42de0\asm-commons-9.5.jar;C:\Users\JunZulaki\.mcreator\gradle\caches\modules-2\files-2.1\org.ow2.asm\asm-util\9.5\64b5a1fc8c1b15ed2efd6a063e976bc8d3dc5ffe\asm-util-9.5.jar;C:\Users\JunZulaki\.mcreator\gradle\caches\modules-2\files-2.1\org.ow2.asm\asm-analysis\9.5\490bacc77de7cbc0be1a30bb3471072d705be4a4\asm-analysis-9.5.jar;C:\Users\JunZulaki\.mcreator\gradle\caches\modules-2\files-2.1\org.ow2.asm\asm-tree\9.5\fd33c8b6373abaa675be407082fdfda35021254a\asm-tree-9.5.jar;C:\Users\JunZulaki\.mcreator\gradle\caches\modules-2\files-2.1\org.ow2.asm\asm\9.5\dc6ea1875f4d64fbc85e1691c95b96a3d8569c90\asm-9.5.jar;C:\Users\JunZulaki\.mcreator\gradle\caches\modules-2\files-2.1\net.minecraftforge\JarJarFileSystems\0.3.19\2464eb7d6b9ddb9db36a82cf8a95193e5c6fe020\JarJarFileSystems-0.3.19.jar --add-modules=ALL-MODULE-PATH --add-opens=java.base/java.util.jar=cpw.mods.securejarhandler --add-opens=java.base/java.lang.invoke=cpw.mods.securejarhandler --add-exports=java.base/sun.security.util=cpw.mods.securejarhandler --add-exports=jdk.naming.dns/com.sun.jndi.dns=java.naming -XX:HeapDumpPath=MojangTricksIntelDriversForPerformance_javaw.exe_minecraft.exe.heapdump -Dfile.encoding=UTF-8 -Duser.country=CN -Duser.language=zh -Duser.variant cpw.mods.bootstraplauncher.BootstrapLauncher --launchTarget forgeclientuserdev --version MOD_DEV --assetIndex 5 --assetsDir C:\Users\JunZulaki\.mcreator\gradle\caches\forge_gradle\assets --gameDir . --fml.forgeVersion 47.2.0 --fml.mcVersion 1.20.1 --fml.forgeGroup net.minecraftforge --fml.mcpVersion 20230612.114412

Host: Intel(R) Core(TM) i7-5500U CPU @ 2.40GHz, 4 cores, 11G,  Windows 10 , 64 bit Build 19041 (10.0.19041.7663)
Time: Sun Sep  6 15:46:43 2026  Windows 10 , 64 bit Build 19041 (10.0.19041.7663) elapsed time: 275.291118 seconds (0d 0h 4m 35s)

---------------  T H R E A D  ---------------

Current thread (0x0000028b65f45a70):  JavaThread "Render thread" [_thread_in_native, id=3108, stack(0x000000f75cc00000,0x000000f75cd00000)]

Stack: [0x000000f75cc00000,0x000000f75cd00000],  sp=0x000000f75ccf9130,  free space=996k
Native frames: (J=compiled Java code, j=interpreted, Vv=VM code, C=native code)
C  [igd10iumd64.dll+0x43d7e]

Java frames: (J=compiled Java code, j=interpreted, Vv=VM code)
J 6537  org.lwjgl.system.JNI.invokePV(JJ)V org.lwjgl@3.3.1+7 (0 bytes) @ 0x0000028b7586faec [0x0000028b7586faa0+0x000000000000004c]
J 27092 c2 net.minecraft.client.Minecraft.runTick(Z)V minecraft@1.20.1 (1158 bytes) @ 0x0000028b765b89cc [0x0000028b765b7600+0x00000000000013cc]
j  net.minecraft.client.Minecraft.run()V+108 minecraft@1.20.1
j  net.minecraft.client.main.Main.main([Ljava/lang/String;)V+1561 minecraft@1.20.1
v  ~StubRoutines::call_stub
J 6364  jdk.internal.reflect.NativeMethodAccessorImpl.invoke0(Ljava/lang/reflect/Method;Ljava/lang/Object;[Ljava/lang/Object;)Ljava/lang/Object; java.base@17.0.10 (0 bytes) @ 0x0000028b7583f4a7 [0x0000028b7583f420+0x0000000000000087]
J 6363 c1 jdk.internal.reflect.NativeMethodAccessorImpl.invoke(Ljava/lang/Object;[Ljava/lang/Object;)Ljava/lang/Object; java.base@17.0.10 (137 bytes) @ 0x0000028b6e45a4ec [0x0000028b6e459ae0+0x0000000000000a0c]
J 6427 c1 jdk.internal.reflect.DelegatingMethodAccessorImpl.invoke(Ljava/lang/Object;[Ljava/lang/Object;)Ljava/lang/Object; java.base@17.0.10 (10 bytes) @ 0x0000028b6e48154c [0x0000028b6e481440+0x000000000000010c]
J 6426 c1 java.lang.reflect.Method.invoke(Ljava/lang/Object;[Ljava/lang/Object;)Ljava/lang/Object; java.base@17.0.10 (65 bytes) @ 0x0000028b6e480fc4 [0x0000028b6e480c80+0x0000000000000344]
j  net.minecraftforge.fml.loading.targets.CommonLaunchHandler.runTarget(Ljava/lang/String;[Ljava/lang/String;Ljava/lang/ModuleLayer;)V+39 fmlloader@1.20.1-47.2.0
j  net.minecraftforge.fml.loading.targets.CommonLaunchHandler.clientService([Ljava/lang/String;Ljava/lang/ModuleLayer;)V+5 fmlloader@1.20.1-47.2.0
j  net.minecraftforge.fml.loading.targets.ForgeClientUserdevLaunchHandler.devService([Ljava/lang/String;Ljava/lang/ModuleLayer;)V+3 fmlloader@1.20.1-47.2.0
j  net.minecraftforge.fml.loading.targets.CommonDevLaunchHandler.lambda$makeService$7([Ljava/lang/String;Ljava/lang/ModuleLayer;)V+3 fmlloader@1.20.1-47.2.0
j  net.minecraftforge.fml.loading.targets.CommonDevLaunchHandler$$Lambda$1003+0x0000028b0840ef28.run()V+12 fmlloader@1.20.1-47.2.0
j  cpw.mods.modlauncher.LaunchServiceHandlerDecorator.launch([Ljava/lang/String;Ljava/lang/ModuleLayer;)V+11 cpw.mods.modlauncher@10.0.9
j  cpw.mods.modlauncher.LaunchServiceHandler.launch(Ljava/lang/String;[Ljava/lang/String;Ljava/lang/ModuleLayer;Lcpw/mods/modlauncher/TransformingClassLoader;Lcpw/mods/modlauncher/LaunchPluginHandler;)V+58 cpw.mods.modlauncher@10.0.9
j  cpw.mods.modlauncher.LaunchServiceHandler.launch(Lcpw/mods/modlauncher/ArgumentHandler;Ljava/lang/ModuleLayer;Lcpw/mods/modlauncher/TransformingClassLoader;Lcpw/mods/modlauncher/LaunchPluginHandler;)V+21 cpw.mods.modlauncher@10.0.9
j  cpw.mods.modlauncher.Launcher.run([Ljava/lang/String;)V+307 cpw.mods.modlauncher@10.0.9
j  cpw.mods.modlauncher.Launcher.main([Ljava/lang/String;)V+78 cpw.mods.modlauncher@10.0.9
j  cpw.mods.modlauncher.BootstrapLaunchConsumer.accept([Ljava/lang/String;)V+1 cpw.mods.modlauncher@10.0.9
j  cpw.mods.modlauncher.BootstrapLaunchConsumer.accept(Ljava/lang/Object;)V+5 cpw.mods.modlauncher@10.0.9
j  cpw.mods.bootstraplauncher.BootstrapLauncher.main([Ljava/lang/String;)V+515 cpw.mods.bootstraplauncher@1.1.2
v  ~StubRoutines::call_stub

siginfo: EXCEPTION_ACCESS_VIOLATION (0xc0000005), reading address 0xffffffffffffffff


Registers:
RAX=0x0000ef0000aac000, RBX=0x0000028b4dbc7e70, RCX=0x0000000000000000, RDX=0x0000000000000000
RSP=0x000000f75ccf9130, RBP=0x0000028b4dbc7e70, RSI=0x0000000000000001, RDI=0x0000000000000000
R8 =0x00000000000002b0, R9 =0x0000000000000018, R10=0x0000000000000000, R11=0x000000f75ccf91d8
R12=0x0000000000000000, R13=0x00000000000001c1, R14=0x000000f75ccf98c0, R15=0x0000000000000000
RIP=0x00007ff9496c3d7e, EFLAGS=0x0000000000010246


Register to memory mapping:

RIP=0x00007ff9496c3d7e igd10iumd64.dll
RAX=0x0000ef0000aac000 is an unknown value
RBX=0x0000028b4dbc7e70 points into unknown readable memory: 0x0000000000000000 | 00 00 00 00 00 00 00 00
RCX=0x0 is NULL
RDX=0x0 is NULL
RSP=0x000000f75ccf9130 is pointing into the stack for thread: 0x0000028b65f45a70
RBP=0x0000028b4dbc7e70 points into unknown readable memory: 0x0000000000000000 | 00 00 00 00 00 00 00 00
RSI=0x0000000000000001 is an unknown value
RDI=0x0 is NULL
R8 =0x00000000000002b0 is an unknown value
R9 =0x0000000000000018 is an unknown value
R10=0x0 is NULL
R11=0x000000f75ccf91d8 is pointing into the stack for thread: 0x0000028b65f45a70
R12=0x0 is NULL
R13=0x00000000000001c1 is an unknown value
R14=0x000000f75ccf98c0 is pointing into the stack for thread: 0x0000028b65f45a70
R15=0x0 is NULL


Top of Stack: (sp=0x000000f75ccf9130)
0x000000f75ccf9130:   0000000000000000 0000000000000000
0x000000f75ccf9140:   0000000000000000 0000000000000000
0x000000f75ccf9150:   0000000000000000 0000000000000000
0x000000f75ccf9160:   0000028b4c377170 0000000000000354
0x000000f75ccf9170:   0000000000000000 0000000000000000
0x000000f75ccf9180:   0000000000000000 0000000000000000
0x000000f75ccf9190:   0000000000000000 0000000000000000
0x000000f75ccf91a0:   0000000000000000 0000000000000000
0x000000f75ccf91b0:   0000000000000000 0000000000000000
0x000000f75ccf91c0:   0000441a66a483e2 000000077799cc92
0x000000f75ccf91d0:   000000f75ccf9880 0000000000000000
0x000000f75ccf91e0:   0000000000000000 0000000000000000
0x000000f75ccf91f0:   0000000000000000 0000000000000000
0x000000f75ccf9200:   0000000000000000 0000000000000000
0x000000f75ccf9210:   0000000000000000 0000000000000000
0x000000f75ccf9220:   0000000000000000 0000000000000000
0x000000f75ccf9230:   0000000000000000 0000000000000000
0x000000f75ccf9240:   0000000000000000 0000000000000000
0x000000f75ccf9250:   0000000000000000 0000000000000000
0x000000f75ccf9260:   0000000000000000 0000000000000000
0x000000f75ccf9270:   0000000000000000 0000000000000000
0x000000f75ccf9280:   0000000000000000 0000000000000000
0x000000f75ccf9290:   0000000000000000 0000000000000000
0x000000f75ccf92a0:   0000000000000000 0000000000000000
0x000000f75ccf92b0:   0000000000000000 0000000000000000
0x000000f75ccf92c0:   0000000000000000 0000000000000000
0x000000f75ccf92d0:   0000000000000000 0000000000000000
0x000000f75ccf92e0:   0000000000000000 0000000000000000
0x000000f75ccf92f0:   0000000000000000 0000000000000000
0x000000f75ccf9300:   0000000000000000 0000000000000000
0x000000f75ccf9310:   0000000000000000 0000000000000000
0x000000f75ccf9320:   0000000000000000 0000000000000000 

Instructions: (pc=0x00007ff9496c3d7e)
0x00007ff9496c3c7e:   8b 81 68 45 00 00 48 8b d9 48 39 81 60 45 00 00
0x00007ff9496c3c8e:   0f 85 c6 00 00 00 83 e2 02 0f 85 bd 00 00 00 44
0x00007ff9496c3c9e:   8b 81 08 05 00 00 33 f6 48 81 c1 0c 05 00 00 48
0x00007ff9496c3cae:   89 b1 3c fc ff ff 48 89 b1 44 01 00 00 48 89 b1
0x00007ff9496c3cbe:   bc 48 00 00 48 89 71 5c 49 c1 e0 02 e8 01 3b fc
0x00007ff9496c3cce:   ff 48 8b 8b 90 45 00 00 48 8b 83 f0 4d 00 00 89
0x00007ff9496c3cde:   b3 08 05 00 00 48 89 b3 f0 00 00 00 48 89 b3 e0
0x00007ff9496c3cee:   00 00 00 48 89 b3 e8 00 00 00 48 89 b3 f8 05 00
0x00007ff9496c3cfe:   00 48 89 b3 e8 05 00 00 48 89 b3 f0 05 00 00 48
0x00007ff9496c3d0e:   89 41 38 48 8b 8b 90 45 00 00 48 8b 83 78 45 00
0x00007ff9496c3d1e:   00 48 8d bb 60 46 00 00 4c 8d 83 e0 4d 00 00 48
0x00007ff9496c3d2e:   89 41 40 4c 8b 8b 90 45 00 00 48 ff 83 78 45 00
0x00007ff9496c3d3e:   00 48 8d 93 00 52 02 00 49 83 c1 40 48 8b cf e8
0x00007ff9496c3d4e:   ce d3 fd ff 44 8b f8 e9 cd 01 00 00 48 8d 8c 24
0x00007ff9496c3d5e:   a8 00 00 00 33 d2 41 b8 b0 02 00 00 e8 61 3a fc
0x00007ff9496c3d6e:   ff 48 8b 83 a8 00 00 00 83 a4 24 ac 00 00 00 fe
0x00007ff9496c3d7e:   48 89 84 24 a0 00 00 00 8b 83 48 01 00 00 48 8d
0x00007ff9496c3d8e:   93 0c 05 00 00 89 84 24 a8 00 00 00 48 8b 83 00
0x00007ff9496c3d9e:   52 02 00 48 8d 8c 24 c8 02 00 00 48 89 84 24 b8
0x00007ff9496c3dae:   00 00 00 48 8b 83 90 45 00 00 c7 84 24 b0 00 00
0x00007ff9496c3dbe:   00 01 00 00 00 48 89 84 24 b8 02 00 00 8b 83 08
0x00007ff9496c3dce:   05 00 00 c7 84 24 c0 02 00 00 50 00 00 00 44 8b
0x00007ff9496c3dde:   c0 89 84 24 c4 02 00 00 49 c1 e0 02 e8 41 3d fc
0x00007ff9496c3dee:   ff 48 8b 83 c0 4d 00 00 48 85 c0 74 29 48 8b 00
0x00007ff9496c3dfe:   4c 8d 8b c8 4d 00 00 49 39 01 76 1a 4c 8d 83 b8
0x00007ff9496c3e0e:   4d 00 00 48 8d 8b 60 46 00 00 48 8d 93 00 52 02
0x00007ff9496c3e1e:   00 e8 4c df fd ff 48 8d 94 24 a0 00 00 00 48 8b
0x00007ff9496c3e2e:   cb e8 0c b1 ff ff 33 f6 c7 84 24 4c 03 00 00 01
0x00007ff9496c3e3e:   00 00 00 48 8d 83 20 56 02 00 48 8d bb 60 46 00
0x00007ff9496c3e4e:   00 48 8d 94 24 a0 00 00 00 48 89 84 24 50 03 00
0x00007ff9496c3e5e:   00 48 8b 83 90 45 00 00 48 89 70 38 48 8b 83 90
0x00007ff9496c3e6e:   45 00 00 48 89 70 40 48 8b 83 78 45 00 00 48 89 


Stack slot to memory mapping:
stack at sp + 0 slots: 0x0 is NULL
stack at sp + 1 slots: 0x0 is NULL
stack at sp + 2 slots: 0x0 is NULL
stack at sp + 3 slots: 0x0 is NULL
stack at sp + 4 slots: 0x0 is NULL
stack at sp + 5 slots: 0x0 is NULL
stack at sp + 6 slots: 0x0000028b4c377170 points into unknown readable memory: 0x000100044e564441 | 41 44 56 4e 04 00 01 00
stack at sp + 7 slots: 0x0000000000000354 is an unknown value


Compiled method (n/a)  275466 6537     n 0       org.lwjgl.system.JNI::invokePV (native)
 total in heap  [0x0000028b7586f910,0x0000028b7586fcc8] = 952
 relocation     [0x0000028b7586fa68,0x0000028b7586fa98] = 48
 main code      [0x0000028b7586faa0,0x0000028b7586fcc0] = 544
 oops           [0x0000028b7586fcc0,0x0000028b7586fcc8] = 8

[Constant Pool (empty)]

[MachCode]
[Entry Point]
  # {method} {0x0000028b48effdb8} 'invokePV' '(JJ)V' in 'org/lwjgl/system/JNI'
  # parm0:    rdx:rdx   = long
  # parm1:    r8:r8     = long
  #           [sp+0x70]  (sp of caller)
  0x0000028b7586faa0: 448b 5208 | 49bb 0000 | 0007 8b02 | 0000 4d03 | d349 3bc2 | 0f84 0600 

  0x0000028b7586fab8: ;   {runtime_call ic_miss_stub}
  0x0000028b7586fab8: 0000 e9c1 | 1576 ff90 
[Verified Entry Point]
  0x0000028b7586fac0: 8984 2400 | 90ff ff55 | 488b ec48 | 83ec 604d | 8bc8 4c8b 

  0x0000028b7586fad4: ;   {oop(a 'java/lang/Class'{0x00000007445a8240} = 'org/lwjgl/system/JNI')}
  0x0000028b7586fad4: c249 be40 | 825a 4407 | 0000 004c | 8974 2450 | 4c8d 7424 | 5049 8bd6 

  0x0000028b7586faec: ;   {internal_word}
  0x0000028b7586faec: c5f8 7749 | baec fa86 | 758b 0200 | 004d 8997 | a002 0000 | 4989 a798 

  0x0000028b7586fb04: ;   {external_word}
  0x0000028b7586fb04: 0200 0049 | ba79 3506 | e2f8 7f00 | 0041 803a | 000f 8452 | 0000 0052 | 4150 4151 

  0x0000028b7586fb20: ;   {metadata({method} {0x0000028b48effdb8} 'invokePV' '(JJ)V' in 'org/lwjgl/system/JNI')}
  0x0000028b7586fb20: 48ba b0fd | ef48 8b02 | 0000 498b | cf48 83ec | 20f7 c40f | 0000 000f | 841a 0000 | 0048 83ec 
  0x0000028b7586fb40: ;   {runtime_call}
  0x0000028b7586fb40: 0849 ba00 | 30bc e1f8 | 7f00 0041 | ffd2 4883 | c408 e90d 

  0x0000028b7586fb54: ;   {runtime_call}
  0x0000028b7586fb54: 0000 0049 | ba00 30bc | e1f8 7f00 | 0041 ffd2 | 4883 c420 | 4159 4158 | 5a49 8d8f | b802 0000 
  0x0000028b7586fb74: 41c7 8748 | 0300 0004 

  0x0000028b7586fb7c: ;   {runtime_call}
  0x0000028b7586fb7c: 0000 0049 | ba80 13da | 22f9 7f00 | 0041 ffd2 | c5f8 7741 | c787 4803 | 0000 0500 | 0000 f083 
  0x0000028b7586fb9c: 4424 c000 | 493b af50 | 0300 000f | 8711 0000 | 0041 81bf | 3803 0000 | 0000 0000 | 0f84 2400 
  0x0000028b7586fbbc: 0000 c5f8 | 7749 8bcf | 4c8b e448 | 83ec 2048 

  0x0000028b7586fbcc: ;   {runtime_call}
  0x0000028b7586fbcc: 83e4 f049 | ba70 44cc | e1f8 7f00 | 0041 ffd2 | 498b e44d | 33e4 41c7 | 8748 0300 | 0008 0000 
  0x0000028b7586fbec: 0041 81bf | b803 0000 | 0200 0000 | 0f84 9b00 

  0x0000028b7586fbfc: ;   {external_word}
  0x0000028b7586fbfc: 0000 49ba | 7935 06e2 | f87f 0000 | 4180 3a00 | 0f84 4800 

  0x0000028b7586fc10: ;   {metadata({method} {0x0000028b48effdb8} 'invokePV' '(JJ)V' in 'org/lwjgl/system/JNI')}
  0x0000028b7586fc10: 0000 48ba | b0fd ef48 | 8b02 0000 | 498b cf48 | 83ec 20f7 | c40f 0000 | 000f 841a | 0000 0048 
  0x0000028b7586fc30: ;   {runtime_call}
  0x0000028b7586fc30: 83ec 0849 | ba00 30bc | e1f8 7f00 | 0041 ffd2 | 4883 c408 | e90d 0000 

  0x0000028b7586fc48: ;   {runtime_call}
  0x0000028b7586fc48: 0049 ba00 | 30bc e1f8 | 7f00 0041 | ffd2 4883 | c420 49c7 | 8798 0200 | 0000 0000 | 0049 c787 
  0x0000028b7586fc68: a002 0000 | 0000 0000 | c5f8 7749 | 8b8f d800 | 0000 c781 | 0001 0000 | 0000 0000 | c949 817f 
  0x0000028b7586fc88: 0800 0000 | 000f 8501 | 0000 00c3 

  0x0000028b7586fc94: ;   {runtime_call StubRoutines (1)}
  0x0000028b7586fc94: e967 1271 | ffc5 f877 | 4c8b e448 | 83ec 2048 

  0x0000028b7586fca4: ;   {runtime_call}
  0x0000028b7586fca4: 83e4 f049 | ba80 60bc | e1f8 7f00 | 0041 ffd2 | 498b e44d | 33e4 e93f | ffff fff4 
[/MachCode]


Compiled method (c2)  275486 27092       4       net.minecraft.client.Minecraft::runTick (1158 bytes)
 total in heap  [0x0000028b765b6e10,0x0000028b765c0e38] = 41000
 relocation     [0x0000028b765b6f68,0x0000028b765b75c8] = 1632
 constants      [0x0000028b765b75e0,0x0000028b765b7600] = 32
 main code      [0x0000028b765b7600,0x0000028b765bc920] = 21280
 stub code      [0x0000028b765bc920,0x0000028b765bcc18] = 760
 oops           [0x0000028b765bcc18,0x0000028b765bcd18] = 256
 metadata       [0x0000028b765bcd18,0x0000028b765bd298] = 1408
 scopes data    [0x0000028b765bd298,0x0000028b765bf190] = 7928
 scopes pcs     [0x0000028b765bf190,0x0000028b765c0370] = 4576
 dependencies   [0x0000028b765c0370,0x0000028b765c0490] = 288
 handler table  [0x0000028b765c0490,0x0000028b765c0be0] = 1872
 nul chk table  [0x0000028b765c0be0,0x0000028b765c0e38] = 600


[Constant Pool]
             Address          hex4                    hex8      
  0x0000028b765b75e0:   0x00000000      0x3ff0000000000000      
  0x0000028b765b75e4:   0x3ff00000                              
  0x0000028b765b75e8:   0x00000000      0x0000000000000000      
  0x0000028b765b75ec:   0x00000000                              
  0x0000028b765b75f0:   0xf4f4f4f4      0xf4f4f4f4f4f4f4f4      
  0x0000028b765b75f4:   0xf4f4f4f4                              
  0x0000028b765b75f8:   0xf4f4f4f4      0xf4f4f4f4f4f4f4f4      
  0x0000028b765b75fc:   0xf4f4f4f4                              

[MachCode]
[Entry Point]
  # {method} {0x0000028b49b6d318} 'runTick' '(Z)V' in 'net/minecraft/client/Minecraft'
  # this:     rdx:rdx   = 'net/minecraft/client/Minecraft'
  # parm0:    r8        = boolean
  #           [sp+0xa0]  (sp of caller)
  0x0000028b765b7600: ;   {no_reloc}
  0x0000028b765b7600: 448b 5208 | 49bb 0000 | 0007 8b02 | 0000 4d03 | d349 3bc2 

  0x0000028b765b7614: ;   {runtime_call ic_miss_stub}
  0x0000028b765b7614: 0f85 669a | a1fe 6690 | 0f1f 4000 
[Verified Entry Point]
  0x0000028b765b7620: 8984 2400 | 90ff ff55 | 4881 ec90 | 0000 0044 | 8944 2428 | 4889 5424 | 208b 9a80 | 0000 0085 
  0x0000028b765b7640: db0f 8402 | 3b00 004d | 8b97 9002 | 0000 4d8b | 124c 8954 | 2438 4180 | 7f38 000f | 854b 2900 
  0x0000028b765b7660: ;   {oop("Pre render"{0x000000074c536200})}
  0x0000028b765b7660: 0041 c744 | dc64 406c | 8ae9 4d8d 

  0x0000028b765b766c: ;   {oop("Pre render"{0x000000074c536200})}
  0x0000028b765b766c: 14dc 49bb | 0062 534c | 0700 0000 | 4d33 da49 | c1eb 154d | 85db 741a | 49c1 ea09 | 48b9 0040 
  0x0000028b765b768c: 6479 8b02 | 0000 4903 | ca80 3904 | 0f85 7e29 

  0x0000028b765b769c: ;   {oop(a 'java/lang/Class'{0x00000007435a5940} = 'net/minecraft/Util')}
  0x0000028b765b769c: 0000 49ba | 4059 5a43 | 0700 0000 | 418b aa88 | 0000 0045 | 8b54 ec08 

  0x0000028b765b76b4: ;   {metadata('com/mojang/blaze3d/systems/RenderSystem$$Lambda$4480+0x0000028b08b06f90')}
  0x0000028b765b76b4: 4181 fa90 | 6fb0 010f | 856b 3b00 | 004d 8d14 | ec45 8b5a | 0c49 8bd3 | 48c1 e203 | 9048 b878 
  0x0000028b765b76d4: 6db0 088b 

  0x0000028b765b76d8: ;   {virtual_call}
  0x0000028b765b76d8: 0200 00e8 

  0x0000028b765b76dc: ; ImmutableOopMap {[32]=Oop [56]=Oop }
                      ;*invokeinterface getAsLong {reexecute=0 rethrow=0 return_oop=0}
                      ; - com.mojang.blaze3d.systems.RenderSystem$$Lambda$4480/0x0000028b08b06f90::getAsLong@4
                      ; - net.minecraft.Util::getNanos@3 (line 119)
                      ; - net.minecraft.client.Minecraft::runTick@10 (line 1085)
  0x0000028b765b76dc: 60eb 90ff | 4889 4424 | 304c 8b54 | 2420 458b | 9a80 0000 | 004f 8b54 | dc10 4d85 | d20f 84ee 
  0x0000028b765b76fc: 3f00 0049 | b860 7eec | 1af9 7f00 | 0049 8bd2 

  0x0000028b765b770c: ;   {static_call}
  0x0000028b765b770c: 6666 90e8 

  0x0000028b765b7710: ; ImmutableOopMap {[32]=Oop [56]=Oop }
                      ;*invokestatic invokePI {reexecute=0 rethrow=0 return_oop=0}
                      ; - org.lwjgl.glfw.GLFW::glfwWindowShouldClose@17 (line 2246)
                      ; - com.mojang.blaze3d.platform.GLX::_shouldClose@4 (line 91)
                      ; - com.mojang.blaze3d.platform.Window::shouldClose@1 (line 121)
                      ; - net.minecraft.client.Minecraft::runTick@18 (line 1086)
  0x0000028b765b7710: acac 86ff | 85c0 0f85 | f83f 0000 | 4c8b 5424 | 2041 8baa | 9c01 0000 | 85ed 0f85 | 0440 0000 
  0x0000028b765b7730: 418b aa98 | 0100 0045 | 8b5c ec08 

  0x0000028b765b773c: ;   {metadata('java/util/concurrent/ConcurrentLinkedQueue')}
  0x0000028b765b773c: 4181 fbe0 | bf08 010f | 85ef 3a00 | 004d 8d14 | ec4d 8bda | 4983 c30c | 4c89 5c24 | 4845 8b33 
  0x0000028b765b775c: 4d8b c649 | c1e0 034d | 8bc8 498b | f141 8b79 | 0c85 ff75 | 2441 8b69 | 1085 ed0f | 842e 1800 
  0x0000028b765b777c: 004d 8d0c | ec49 3bf1 | 0f84 a641 | 0000 498b | 8f58 0300 

  0x0000028b765b7790: ; ImmutableOopMap {r10=Oop r8=Oop r9=Oop r14=NarrowOop [32]=Oop [56]=Oop [72]=Derived_oop_r10 }
                      ;*goto {reexecute=1 rethrow=0 return_oop=0}
                      ; - (reexecute) java.util.concurrent.ConcurrentLinkedQueue::poll@81 (line 385)
                      ; - net.minecraft.client.Minecraft::runTick@75 (line 1099)
                      ;   {poll}
  0x0000028b765b7790: 0085 01eb | d14d 8d2c | fc41 807f | 3800 0f85 | 8229 0000 | 8bc7 4d33 | dbf0 440f | b15e 0c40 
  0x0000028b765b77b0: 0f94 c540 | 0fb6 ed85 | ed0f 842d | 4000 0049 | 3bf0 0f84 | bc00 0000 | 448b 5e10 | 4585 db0f 
  0x0000028b765b77d0: 84a0 2300 | 0045 3bf3 | 0f84 a600 | 0000 4b8d | 34dc 4180 | 7f38 000f | 8581 2c00 | 004c 8bd6 
  0x0000028b765b77f0: 49c1 ea03 | 418b c64c | 8b5c 2448 | f045 0fb1 | 130f 94c3 | 0fb6 db85 | db74 294c | 8bd6 4d33 
  0x0000028b765b7810: d349 c1ea | 154d 85d2 | 741a 49c1 | eb09 48b9 | 0040 6479 | 8b02 0000 | 4903 cb80 | 3904 0f85 
  0x0000028b765b7830: 282d 0000 | 85db 744c | 4585 f60f | 841d 4000 | 004b 8d1c | f44b 8d74 | f410 4180 | 7f38 000f 
  0x0000028b765b7850: 8545 2c00 | 0044 8936 | 4c8b d34c | 8bde 4d33 | d349 c1ea | 154d 85d2 | 741a 49c1 | eb09 48b9 
  0x0000028b765b7870: 0040 6479 | 8b02 0000 | 4903 cb80 | 3904 0f85 | 4c2c 0000 | 458b 54fc 

  0x0000028b765b7888: ;   {metadata('net/minecraft/util/thread/ProcessorMailbox')}
  0x0000028b765b7888: 0841 81fa | 68f7 fb01 | 0f85 4647 | 0000 eb7b | 8beb 448b | f649 8bd7 | 49ba 4048 | 7be1 f87f 
  0x0000028b765b78a8: 0000 41ff | d241 8bf6 | 8bdd 85ff | 744b 85f6 | 0f84 ac36 | 0000 498d | 3cf4 498d | 6cf4 1041 
  0x0000028b765b78c8: 807f 3800 | 0f85 dc22 | 0000 8975 | 004c 8bd7 | 4c8b dd4d | 33d3 49c1 | ea15 4d85 | d274 1a49 
  0x0000028b765b78e8: c1eb 0948 | b900 4064 | 798b 0200 | 0049 03cb | 8039 040f | 85e4 2200 | 0045 8b54 

  0x0000028b765b7904: ;   {metadata('net/minecraft/util/thread/ProcessorMailbox')}
  0x0000028b765b7904: dc08 4181 | fa68 f7fb | 010f 8525 | 4700 0045 

  0x0000028b765b7914: ;   {metadata('net/minecraft/util/thread/ProcessorMailbox')}
  0x0000028b765b7914: 8b55 0841 | 81fa 68f7 | fb01 0f85 | 1830 0000 

  0x0000028b765b7924: ;   {optimized virtual_call}
  0x0000028b765b7924: 498b d5e8 

  0x0000028b765b7928: ; ImmutableOopMap {[32]=Oop [56]=Oop }
                      ;*invokeinterface run {reexecute=0 rethrow=0 return_oop=0}
                      ; - net.minecraft.client.Minecraft::runTick@91 (line 1100)
  0x0000028b765b7928: 549a a1fe | 4d8b 9758 

  0x0000028b765b7930: ; ImmutableOopMap {[32]=Oop [56]=Oop }
                      ;*goto {reexecute=1 rethrow=0 return_oop=0}
                      ; - (reexecute) net.minecraft.client.Minecraft::runTick@96 (line 1100)
                      ;   {poll}
  0x0000028b765b7930: 0300 0041 | 8502 4c8b | 5424 2045 | 8b92 9801 | 0000 478b 

  0x0000028b765b7944: ;   {metadata('java/util/concurrent/ConcurrentLinkedQueue')}
  0x0000028b765b7944: 44d4 0841 | 81f8 e0bf | 0801 0f85 | 1030 0000 | 4b8d 3cd4 | 488b ef48 | 83c5 0c8b | 7500 4c8b 
  0x0000028b765b7964: c649 c1e0 | 034d 8bf0 

  0x0000028b765b796c: ; implicit exception: dispatches to 0x0000028b765bc058
  0x0000028b765b796c: 418b 5e0c | 85db 7529 | 458b 5e10 | 4585 db0f | 84f9 0000 | 004f 8d0c | dc4d 3bf1 | 0f84 0a36 
  0x0000028b765b798c: 0000 4d8b | 9f58 0300 

  0x0000028b765b7994: ; ImmutableOopMap {r8=Oop r9=Oop rdi=Oop rsi=NarrowOop rbp=Derived_oop_rdi [32]=Oop [56]=Oop }
                      ;*goto {reexecute=1 rethrow=0 return_oop=0}
                      ; - (reexecute) java.util.concurrent.ConcurrentLinkedQueue::poll@81 (line 385)
                      ; - net.minecraft.client.Minecraft::runTick@75 (line 1099)
                      ;   {poll}
  0x0000028b765b7994: 0041 8503 | 4d8b f1eb | cf4d 8d2c | dc41 807f | 3800 0f85 | 8517 0000 | 8bc3 4d33 | dbf0 450f 
  0x0000028b765b79b4: b15e 0c41 | 0f94 c245 | 0fb6 d245 | 85d2 0f84 | 4e35 0000 | 4d3b f00f | 8430 ffff | ff45 8b5e 
  0x0000028b765b79d4: 1045 85db | 0f84 bf15 | 0000 413b | f30f 841a | ffff ff4f | 8d34 dc41 | 807f 3800 | 0f85 8d21 
  0x0000028b765b79f4: 0000 4d8b | d649 c1ea | 038b c6f0 | 440f b155 | 0040 0f94 | c740 0fb6 | ff85 ff0f | 849d feff 
  0x0000028b765b7a14: ff4c 8bd5 | 4d8b de4d | 33da 49c1 | eb15 4d85 | db0f 8487 | feff ff49 | c1ea 0948 | b900 4064 
  0x0000028b765b7a34: 798b 0200 | 0049 03ca | 8039 040f | 846d feff | ff4d 8b57 | 404d 8b5f | 50f0 8344 | 24c0 0080 
  0x0000028b765b7a54: 3900 0f84 | 56fe ffff | 4488 214d | 85d2 0f84 | 30fe ffff | 4b89 4c13 | f849 83c2 | f84d 8957 
  0x0000028b765b7a74: 40e9 38fe | ffff 4d3b | c60f 84a0 | 0000 0041 | 807f 3800 | 0f85 9f27 | 0000 4d8b | de49 c1eb 
  0x0000028b765b7a94: 038b c6f0 | 440f b15d | 000f 94c3 | 0fb6 db85 | db74 2c4c | 8bd5 4d8b | de4d 33da | 49c1 eb15 
  0x0000028b765b7ab4: 4d85 db74 | 1a49 c1ea | 0948 b900 | 4064 798b | 0200 0049 | 03ca 8039 | 040f 8548 | 2800 0085 
  0x0000028b765b7ad4: db74 4c85 | f60f 84fd | 3900 0049 | 8d2c f44d | 8d6c f410 | 4180 7f38 | 000f 8565 | 2700 0041 
  0x0000028b765b7af4: 8975 004c | 8bd5 4d8b | dd4d 33d3 | 49c1 ea15 | 4d85 d274 | 1a49 c1eb | 0948 b900 | 4064 798b 
  0x0000028b765b7b14: 0200 0049 | 03cb 8039 | 040f 856c | 2700 0044 | 8b44 2428 | 4585 c00f | 84f8 1500 

  0x0000028b765b7b30: ;   {oop(a 'java/lang/Class'{0x00000007435a5940} = 'net/minecraft/Util')}
  0x0000028b765b7b30: 0049 ba40 | 595a 4307 | 0000 0041 | 8b8a 8800 | 0000 458b | 54cc 084c | 8b5c 2420 | 458b 8b84 
  0x0000028b765b7b50: ;   {metadata('com/mojang/blaze3d/systems/RenderSystem$$Lambda$4480+0x0000028b08b06f90')}
  0x0000028b765b7b50: 0000 0041 | 81fa 906f | b001 0f85 | 4c38 0000 | 418b e94d | 8d14 cc45 | 8b5a 0c49 | 8bd3 48c1 
  0x0000028b765b7b70: e203 6666 | 9048 b878 | 6db0 088b 

  0x0000028b765b7b7c: ;   {virtual_call}
  0x0000028b765b7b7c: 0200 00e8 

  0x0000028b765b7b80: ; ImmutableOopMap {rbp=NarrowOop [32]=Oop [56]=Oop }
                      ;*invokeinterface getAsLong {reexecute=0 rethrow=0 return_oop=0}
                      ; - com.mojang.blaze3d.systems.RenderSystem$$Lambda$4480/0x0000028b08b06f90::getAsLong@4
                      ; - net.minecraft.Util::getNanos@3 (line 119)
                      ; - net.minecraft.Util::getMillis@0 (line 115)
                      ; - net.minecraft.client.Minecraft::runTick@107 (line 1104)
  0x0000028b765b7b80: bce6 90ff | 4c8b d048 | b8db 34b6 | d782 de1b | 4349 f7ea | 4c8b da49 | c1fa 3f49 | c1fb 124d 
  0x0000028b765b7ba0: 2bda 4d8b | d34d 2b54 | ec10 4d89 | 5cec 104c | 8b44 2420 | 458b 98a4 | 0100 00c4 | c1fa 2ac2 
  0x0000028b765b7bc0: c4c1 7a5e | 4cec 1cc4 | c17a 114c | ec18 c4c1 | 7258 44ec | 0cc5 fa2c | c881 f900 | 0000 8075 
  0x0000028b765b7be0: 0f48 83ec | 08c5 fa11 

  0x0000028b765b7be8: ;   {runtime_call StubRoutines (1)}
  0x0000028b765b7be8: 0424 e804 | 959c fe59 | c5f2 2ac9 | c5fa 5cc9 | c4c1 7a11 | 4cec 0c47 | 8b54 dc08 

  0x0000028b765b7c04: ;   {metadata('net/minecraft/util/profiling/InactiveProfiler')}
  0x0000028b765b7c04: 4181 faf0 | a1a7 010f | 85c3 3700 | 0089 4c24 | 4048 8b54 

  0x0000028b765b7c18: ;   {optimized virtual_call}
  0x0000028b765b7c18: 2420 90e8 

  0x0000028b765b7c1c: ; ImmutableOopMap {[32]=Oop [56]=Oop }
                      ;*invokevirtual pollTask {reexecute=0 rethrow=0 return_oop=0}
                      ; - net.minecraft.util.thread.BlockableEventLoop::runAllTasks@1 (line 104)
                      ; - net.minecraft.client.Minecraft::runTick@128 (line 1106)
  0x0000028b765b7c1c: c0a8 ceff | 85c0 0f85 | a814 0000 | 4c8b 5424 | 2045 8b9a | a401 0000 

  0x0000028b765b7c34: ; implicit exception: dispatches to 0x0000028b765bc318
  0x0000028b765b7c34: 478b 54dc 

  0x0000028b765b7c38: ;   {metadata('net/minecraft/util/profiling/InactiveProfiler')}
  0x0000028b765b7c38: 0841 81fa | f0a1 a701 | 0f85 ba37 | 0000 41ba | 0a00 0000 | 448b 4c24 | 4041 83f9 | 0a41 8bd9 
  0x0000028b765b7c58: 410f 4fda | 85db 0f8f | c311 0000 | 478b 54dc 

  0x0000028b765b7c68: ;   {metadata('net/minecraft/util/profiling/InactiveProfiler')}
  0x0000028b765b7c68: 0841 81fa | f0a1 a701 | 0f85 b237 | 0000 448b | 4424 284c | 8b54 2420 | 458b 9ac4 | 0000 0045 
  0x0000028b765b7c88: 85db 0f84 | c434 0000 | 4489 4424 | 404b 8d14 

  0x0000028b765b7c98: ;   {optimized virtual_call}
  0x0000028b765b7c98: dc66 90e8 

  0x0000028b765b7c9c: ; ImmutableOopMap {[32]=Oop [56]=Oop }
                      ;*invokevirtual turnPlayer {reexecute=0 rethrow=0 return_oop=0}
                      ; - net.minecraft.client.Minecraft::runTick@202 (line 1118)
  0x0000028b765b7c9c: 6030 0100 | 4c8b 6c24 | 2041 8b9d | 8000 0000 | 85db 0f84 | ac34 0000 | 4180 7f38 | 000f 8525 
  0x0000028b765b7cbc: ;   {oop("Render"{0x000000074d9ed850})}
  0x0000028b765b7cbc: 2300 0041 | c744 dc64 | 0adb b3e9 | 4d8d 14dc 

  0x0000028b765b7ccc: ;   {oop("Render"{0x000000074d9ed850})}
  0x0000028b765b7ccc: 49bb 50d8 | 9e4d 0700 | 0000 4d33 | da49 c1eb | 154d 85db | 741a 49c1 | ea09 48b9 | 0040 6479 
  0x0000028b765b7cec: 8b02 0000 | 4903 ca80 | 3904 0f85 | 9e23 0000 | 458b 85a4 | 0100 0047 | 8b54 c408 

  0x0000028b765b7d08: ;   {metadata('net/minecraft/util/profiling/InactiveProfiler')}
  0x0000028b765b7d08: 4181 faf0 | a1a7 010f | 852f 3500 | 0045 8b95 | ac00 0000 

  0x0000028b765b7d1c: ; implicit exception: dispatches to 0x0000028b765bc0c4
  0x0000028b765b7d1c: 478b 94d4 | 8000 0000 | 458b 9d08 | 0100 0043 | 8b4c dc10 

  0x0000028b765b7d30: ; implicit exception: dispatches to 0x0000028b765bc0e0
  0x0000028b765b7d30: 410f b66c | cc18 85ed | 0f84 023a | 0000 470f | b65c d41c | 4585 db0f | 8457 0200 | 004d 8b8f 
  0x0000028b765b7d50: 0801 0000 | 458b 5ccc | 304d 8bc1 | 4983 c020 | 438b 5cd4 | 2843 8b54 | d434 478b | 54d4 304d 
  0x0000028b765b7d70: 3b87 1801 | 0000 0f83 | c02a 0000 | 4d89 8708 | 0100 0041 | 0f0d 88c0 | 0000 0049 | c701 0100 
  0x0000028b765b7d90: ;   {metadata('net/minecraft/client/sounds/SoundEngine$$Lambda$9112+0x0000028b0919c210')}
  0x0000028b765b7d90: 0000 41c7 | 4108 10c2 | 1902 4589 | 610c 4d89 | 6110 4d89 | 6118 4189 | 490c 4189 | 5118 4589 
  0x0000028b765b7db0: 5114 4189 | 5910 478b | 44dc 1c4d | 8bd0 49c1 | e203 4c8b | 4424 384d | 3bc2 0f84 | 4b1f 0000 
  0x0000028b765b7dd0: 478b 54dc | 1443 8b4c 

  0x0000028b765b7dd8: ;   {metadata('java/util/concurrent/ConcurrentLinkedQueue')}
  0x0000028b765b7dd8: d408 81f9 | e0bf 0801 | 0f85 263a | 0000 498b | 8f08 0100 | 0048 8bd9 | 4883 c318 | 4b8d 14dc 
  0x0000028b765b7df8: 4b8d 2cd4 | 493b 9f18 | 0100 000f | 8382 2a00 | 0049 899f | 0801 0000 | 0f0d 8bc0 | 0000 0048 
  0x0000028b765b7e18: c701 0100 

  0x0000028b765b7e1c: ;   {metadata('java/util/concurrent/ConcurrentLinkedQueue$Node')}
  0x0000028b765b7e1c: 0000 c741 | 0830 c408 | 014c 8961 | 1048 8bf5 | 4883 c610 | 8b3e 4d8b | d149 c1ea | 0344 8951 
  0x0000028b765b7e3c: 0c48 8bd9 | 48c1 eb03 | 897c 242c | eb48 448b | 1641 3bf8 | 0f84 d51d | 0000 448b | 6c24 2c41 
  0x0000028b765b7e5c: 3bfd 0f85 | ec30 0000 | 4f8d 34c4 | 4d8b 9758 

  0x0000028b765b7e6c: ; ImmutableOopMap {rbx=NarrowOop rsi=Derived_oop_rbp rbp=Oop r14=Oop [32]=Oop [40]=NarrowOop [44]=NarrowOop [56]=Oop [72]=Oop [80]=Oop }
                      ;*goto {reexecute=1 rethrow=0 return_oop=0}
                      ; - (reexecute) java.util.concurrent.ConcurrentLinkedQueue::offer@117 (line 380)
                      ; - java.util.concurrent.ConcurrentLinkedQueue::add@2 (line 283)
                      ; - net.minecraft.util.thread.BlockableEventLoop::tell@5 (line 82)
                      ; - net.minecraft.util.thread.BlockableEventLoop::execute@13 (line 88)
                      ; - net.minecraft.client.sounds.SoundEngine::updateSource@44 (line 479)
                      ; - net.minecraft.client.sounds.SoundManager::updateSource@5 (line 158)
                      ; - net.minecraft.client.Minecraft::runTick@238 (line 1121)
                      ;   {poll}
  0x0000028b765b7e6c: 0300 0041 | 8502 498b | fe48 c1ef | 034c 8b6c | 2420 4c8b | 4424 3844 | 8b5c 2428 | 488b 4c24 
  0x0000028b765b7e8c: 4848 8b54 | 2450 85ff | 0f84 6236 | 0000 4889 | 5424 5048 | 894c 2448 | 4489 5c24 | 284c 8944 
  0x0000028b765b7eac: 2438 4c89 | 6c24 204d | 8d34 fc4d | 8d54 fc10 | 458b 0245 | 85c0 7586 | 4833 c0f0 | 410f b11a 
  0x0000028b765b7ecc: 410f 94c5 | 450f b6ed | 4585 ed74 | 294c 8bd9 | 4d33 da49 | c1eb 154d | 85db 741a | 49c1 ea09 
  0x0000028b765b7eec: 48b9 0040 | 6479 8b02 | 0000 4903 | ca80 3904 | 0f85 1426 | 0000 4585 | ed0f 845d | ffff ff44 
  0x0000028b765b7f0c: 8b5c 242c | 413b fb74 | 4d41 807f | 3800 0f85 | a127 0000 | 418b c3f0 | 0fb1 1e41 | 0f94 c245 
  0x0000028b765b7f2c: 0fb6 d245 | 85d2 742e | 4c8b 5424 | 484c 8bde | 4d33 d349 | c1ea 154d | 85d2 741a | 49c1 eb09 
  0x0000028b765b7f4c: 48b9 0040 | 6479 8b02 | 0000 4903 | cb80 3904 | 0f85 9227 | 0000 448b | 5c24 2843 | 8b6c dc1c 
  0x0000028b765b7f6c: 85ed 0f84 | 333a 0000 | 4d8d 04ec 

  0x0000028b765b7f78: ;   {oop(a 'jdk/internal/misc/Unsafe'{0x00000007423316b8})}
  0x0000028b765b7f78: 48ba b816 | 3342 0700 

  0x0000028b765b7f80: ;   {optimized virtual_call}
  0x0000028b765b7f80: 0000 90e8 

  0x0000028b765b7f84: ; ImmutableOopMap {[32]=Oop [56]=Oop }
                      ;*invokevirtual unpark {reexecute=0 rethrow=0 return_oop=0}
                      ; - java.util.concurrent.locks.LockSupport::unpark@8 (line 177)
                      ; - net.minecraft.util.thread.BlockableEventLoop::tell@15 (line 83)
                      ; - net.minecraft.util.thread.BlockableEventLoop::execute@13 (line 88)
                      ; - net.minecraft.client.sounds.SoundEngine::updateSource@44 (line 479)
                      ; - net.minecraft.client.sounds.SoundManager::updateSource@5 (line 158)
                      ; - net.minecraft.client.Minecraft::runTick@238 (line 1121)
  0x0000028b765b7f84: 3824 75ff | 4c8b 6c24 | 2045 8b85 | a401 0000 | 4585 c075 | 0bba f6ff 

  0x0000028b765b7f9c: ;   {runtime_call UncommonTrapBlob}
  0x0000028b765b7f9c: ffff 90e8 

  0x0000028b765b7fa0: ; ImmutableOopMap {}
                      ;*invokeinterface pop {reexecute=0 rethrow=0 return_oop=0}
                      ; - net.minecraft.client.Minecraft::runTick@245 (line 1122)
  0x0000028b765b7fa0: 5ce9 a1fe | 478b 5cc4 

  0x0000028b765b7fa8: ;   {metadata('net/minecraft/util/profiling/InactiveProfiler')}
  0x0000028b765b7fa8: 0841 81fb | f0a1 a701 | 0f85 a232 

  0x0000028b765b7fb4: ;   {oop(a 'java/lang/Class'{0x00000007435a5940} = 'net/minecraft/Util')}
  0x0000028b765b7fb4: 0000 49ba | 4059 5a43 | 0700 0000 | 418b aa88 | 0000 0045 | 8b5c ec08 

  0x0000028b765b7fcc: ;   {metadata('com/mojang/blaze3d/systems/RenderSystem$$Lambda$4480+0x0000028b08b06f90')}
  0x0000028b765b7fcc: 4181 fb90 | 6fb0 010f | 8593 3200 | 004c 896c | 2420 4d8d | 14ec 458b | 520c 498b | d248 c1e2 
  0x0000028b765b7fec: 0348 b878 | 6db0 088b 

  0x0000028b765b7ff4: ;   {virtual_call}
  0x0000028b765b7ff4: 0200 00e8 

  0x0000028b765b7ff8: ; ImmutableOopMap {[32]=Oop [56]=Oop }
                      ;*invokeinterface getAsLong {reexecute=0 rethrow=0 return_oop=0}
                      ; - com.mojang.blaze3d.systems.RenderSystem$$Lambda$4480/0x0000028b08b06f90::getAsLong@4
                      ; - net.minecraft.Util::getNanos@3 (line 119)
                      ; - net.minecraft.client.Minecraft::runTick@262 (line 1124)
  0x0000028b765b7ff8: 44e2 90ff | 4889 4424 | 484c 8b5c | 2420 458b | 93bc 0000 | 0043 0fb6 | 6cd4 2585 | ed0f 8517 
  0x0000028b765b8018: 3500 0041 | 8bab b001 | 0000 458b 

  0x0000028b765b8024: ;   {metadata('net/minecraft/util/profiling/metrics/profiling/InactiveMetricsRecorder')}
  0x0000028b765b8024: 54ec 0841 | 81fa 98ab | a701 0f85 | 5432 0000 | 4d89 6340 

  0x0000028b765b8038: ;   {oop(a 'java/lang/Class'{0x000000074be31278} = 'com/mojang/blaze3d/systems/RenderSystem')}
  0x0000028b765b8038: 49ba 7812 | e34b 0700 | 0000 410f | b6aa fd00 | 0000 85ed | 0f85 f634 | 0000 418b | aa80 0000 
  0x0000028b765b8058: 004c 8bd5 | 49c1 e203 | 4c8b 4424 | 384d 3bc2 | 0f85 ee34 | 0000 498b | ebba 0041 

  0x0000028b765b8074: ;   {static_call}
  0x0000028b765b8074: 0000 90e8 

  0x0000028b765b8078: ; ImmutableOopMap {rbp=Oop [56]=Oop }
                      ;*invokestatic glClear {reexecute=0 rethrow=0 return_oop=0}
                      ; - org.lwjgl.opengl.GL11::glClear@1 (line 992)
                      ; - com.mojang.blaze3d.platform.GlStateManager::_clear@4 (line 684)
                      ; - com.mojang.blaze3d.systems.RenderSystem::clear@5 (line 388)
                      ; - net.minecraft.client.Minecraft::runTick@346 (line 1136)
  0x0000028b765b8078: c41f 37ff | 4c8b dd45 | 8b8b 0401 | 0000 478b 

  0x0000028b765b8088: ;   {oop(a 'java/lang/Class'{0x000000074be31278} = 'com/mojang/blaze3d/systems/RenderSystem')}
  0x0000028b765b8088: 44cc 1c49 | ba78 12e3 | 4b07 0000 | 0041 8baa | 8000 0000 | 4c8b d549 | c1e2 0348 | 8b4c 2438 
  0x0000028b765b80a8: 493b ca0f | 85cf 3400 

  0x0000028b765b80b0: ;   {oop(a 'java/lang/Class'{0x000000074be31278} = 'com/mojang/blaze3d/systems/RenderSystem')}
  0x0000028b765b80b0: 0049 ba78 | 12e3 4b07 | 0000 0041 | 0fb6 aafd | 0000 0085 | ed0f 85e5 | 3400 0048 | ff74 2438 
  0x0000028b765b80d0: 488f 4424 | 284c 895c | 2420 4b8d | 2ccc 4489 | 4c24 38ba | 408d 0000 

  0x0000028b765b80e8: ;   {static_call}
  0x0000028b765b80e8: 6666 90e8 

  0x0000028b765b80ec: ; ImmutableOopMap {rbp=Oop [32]=Oop [40]=Oop [56]=NarrowOop }
                      ;*invokestatic glBindFramebuffer {reexecute=0 rethrow=0 return_oop=0}
                      ; - org.lwjgl.opengl.GL30::glBindFramebuffer@2 (line 1619)
                      ; - com.mojang.blaze3d.platform.GlStateManager::_glBindFramebuffer@5 (line 344)
                      ; - com.mojang.blaze3d.pipeline.RenderTarget::_bindWrite@9 (line 202)
                      ; - com.mojang.blaze3d.pipeline.RenderTarget::bindWrite@21 (line 195)
                      ; - net.minecraft.client.Minecraft::runTick@354 (line 1137)
  0x0000028b765b80ec: 5054 26ff 

  0x0000028b765b80f0: ;   {oop(a 'java/lang/Class'{0x000000074be31278} = 'com/mojang/blaze3d/systems/RenderSystem')}
  0x0000028b765b80f0: 49ba 7812 | e34b 0700 | 0000 410f | b6aa fd00 | 0000 448b | 5424 3847 | 8b4c d414 | 478b 5cd4 
  0x0000028b765b8110: 1885 ed0f | 85b7 3400 

  0x0000028b765b8118: ;   {oop(a 'java/lang/Class'{0x000000074be31278} = 'com/mojang/blaze3d/systems/RenderSystem')}
  0x0000028b765b8118: 0049 ba78 | 12e3 4b07 | 0000 0041 | 8baa 8000 | 0000 4c8b | d549 c1e2 | 034c 8b44 | 2428 4d3b 
  0x0000028b765b8138: c20f 85b9 

  0x0000028b765b813c: ;   {oop(a 'com/mojang/blaze3d/platform/GlStateManager$Viewport'{0x000000074bcb8520})}
  0x0000028b765b813c: 3400 0049 | b820 85cb | 4b07 0000 | 0045 8948 | 1c45 8958 | 2045 8960 | 1445 8960 | 1833 d245 
  0x0000028b765b815c: 33c0 418b 

  0x0000028b765b8160: ;   {static_call}
  0x0000028b765b8160: fb66 90e8 

  0x0000028b765b8164: ; ImmutableOopMap {[32]=Oop [40]=Oop }
                      ;*invokestatic glViewport {reexecute=0 rethrow=0 return_oop=0}
                      ; - org.lwjgl.opengl.GL11::glViewport@4 (line 7968)
                      ; - com.mojang.blaze3d.platform.GlStateManager::_viewport@35 (line 621)
                      ; - com.mojang.blaze3d.pipeline.RenderTarget::_bindWrite@26 (line 204)
                      ; - com.mojang.blaze3d.pipeline.RenderTarget::bindWrite@21 (line 195)
                      ; - net.minecraft.client.Minecraft::runTick@354 (line 1137)
  0x0000028b765b8164: d81a 37ff 

  0x0000028b765b8168: ;   {oop(a 'java/lang/Class'{0x000000074be31278} = 'com/mojang/blaze3d/systems/RenderSystem')}
  0x0000028b765b8168: 49ba 7812 | e34b 0700 | 0000 418b | aa80 0000 | 004c 8bd5 | 49c1 e203 | 4c8b 4c24 | 284d 3bca 
  0x0000028b765b8188: 0f85 a234 

  0x0000028b765b818c: ;   {oop(a 'java/lang/Class'{0x000000074be31278} = 'com/mojang/blaze3d/systems/RenderSystem')}
  0x0000028b765b818c: 0000 49ba | 7812 e34b | 0700 0000 | 41c7 82ec | 0000 00ff | ff7f 7f4c | 8b54 2420 | 418b 9aa4 
  0x0000028b765b81ac: 0100 0045 | 8b5c dc08 

  0x0000028b765b81b4: ;   {metadata('net/minecraft/util/profiling/InactiveProfiler')}
  0x0000028b765b81b4: 4181 fbf0 | a1a7 010f | 85db 3000 

  0x0000028b765b81c0: ;   {oop(a 'com/mojang/blaze3d/platform/GlStateManager$CullState'{0x000000074bcb9ef8})}
  0x0000028b765b81c0: 0049 bbf8 | 9ecb 4b07 | 0000 0041 | 8b7b 1045 | 0fb6 44fc 

  0x0000028b765b81d4: ;   {oop(a 'java/lang/Class'{0x000000074be31278} = 'com/mojang/blaze3d/systems/RenderSystem')}
  0x0000028b765b81d4: 1049 bb78 | 12e3 4b07 | 0000 0041 | 0fb6 abfd | 0000 0085 | ed0f 8565 | 3400 0041 | 83f8 0174 
  0x0000028b765b81f4: 2a49 8bea | 41c6 44fc | 1001 418b 

  0x0000028b765b8200: ;   {static_call}
  0x0000028b765b8200: 54fc 0ce8 

  0x0000028b765b8204: ; ImmutableOopMap {rbp=Oop [40]=Oop }
                      ;*invokestatic glEnable {reexecute=0 rethrow=0 return_oop=0}
                      ; - org.lwjgl.opengl.GL11::glEnable@1 (line 724)
                      ; - com.mojang.blaze3d.platform.GlStateManager$BooleanState::setEnabled@24 (line 782)
                      ; - com.mojang.blaze3d.platform.GlStateManager$BooleanState::enable@2 (line 774)
                      ; - com.mojang.blaze3d.platform.GlStateManager::_enableCull@9 (line 443)
                      ; - com.mojang.blaze3d.systems.RenderSystem::enableCull@3 (line 281)
                      ; - net.minecraft.client.Minecraft::runTick@372 (line 1140)
  0x0000028b765b8204: 7897 a1fe | 4c8b d541 | 8b9a a401 | 0000 85db | 0f84 8d32 | 0000 4c8b | 4c24 2845 | 8b44 dc08 
  0x0000028b765b8224: ;   {metadata('net/minecraft/util/profiling/InactiveProfiler')}
  0x0000028b765b8224: 4181 f8f0 | a1a7 010f | 8587 3000 | 0041 0fb6 | 6a62 85ed | 0f85 2e34 | 0000 450f | b65a 6145 
  0x0000028b765b8244: 85db 0f85 | c70e 0000 | 458b 9a84 | 0000 00c4 | 817a 104c | dc0c c4c1 | 7a11 4a58 | 498b 8708 
  0x0000028b765b8264: 0100 004c | 8bd8 4983 | c328 4d3b | 9f18 0100 | 000f 8308 | 2500 004d | 899f 0801 | 0000 410f 
  0x0000028b765b8284: 0d8b c000 | 0000 48c7 | 0001 0000 

  0x0000028b765b8290: ;   {metadata('net/minecraftforge/event/TickEvent$RenderTickEvent')}
  0x0000028b765b8290: 00c7 4008 | d070 c801 | 4489 600c | 4489 6014 | 4489 6024 

  0x0000028b765b82a4: ;   {oop(a 'net/minecraftforge/eventbus/api/Event$Result'{0x000000074b5c88e8})}
  0x0000028b765b82a4: c740 101d 

  0x0000028b765b82a8: ;   {oop(a 'net/minecraftforge/event/TickEvent$Type'{0x000000074d2c3c50})}
  0x0000028b765b82a8: 916b e9c7 | 4018 8a87 

  0x0000028b765b82b0: ;   {oop(a 'net/minecraftforge/fml/LogicalSide'{0x000000074d2dd440})}
  0x0000028b765b82b0: a5e9 c740 | 1c88 baa5 

  0x0000028b765b82b8: ;   {oop(a 'net/minecraftforge/event/TickEvent$Phase'{0x000000074d2c3e28})}
  0x0000028b765b82b8: e9c7 4020 | c587 a5e9 | 4c8b d8c4 | c17a 114b 

  0x0000028b765b82c8: ;   {oop(a 'net/minecraftforge/eventbus/EventBus'{0x000000074b230590})}
  0x0000028b765b82c8: 2449 b890 | 0523 4b07 | 0000 0045 | 0fb6 4011 | 4585 c075 

  0x0000028b765b82dc: ;   {oop(a 'net/minecraftforge/eventbus/EventBus'{0x000000074b230590})}
  0x0000028b765b82dc: 7949 b890 | 0523 4b07 | 0000 0041 | 0fb6 6812 | 85ed 0f85 | bc34 0000 | 418b 580c 

  0x0000028b765b82f8: ;   {oop(a 'net/minecraftforge/eventbus/ListenerList'{0x000000074d2d7838})}
  0x0000028b765b82f8: 49b8 3878 | 2d4d 0700 | 0000 418b | 6810 418b | 4cec 0c3b | d90f 83d1 | 2e00 004d | 8d04 ec41 
  0x0000028b765b8318: 8b6c 9810 

  0x0000028b765b831c: ; implicit exception: dispatches to 0x0000028b765bc248
  0x0000028b765b831c: 450f b644 | ec0c 4585 | c00f 8591 | 1900 0041 | 8b4c ec10 

  0x0000028b765b8330: ; implicit exception: dispatches to 0x0000028b765bc264
  0x0000028b765b8330: 418b 6ccc | 0c45 8b44 

  0x0000028b765b8338: ;   {metadata('net/minecraftforge/eventbus/api/IEventListener'[])}
  0x0000028b765b8338: ec08 4181 | f8f8 b3b1 | 010f 85b5 | 3c00 0049 | 8d3c ec8b | 6f0c 85ed | 0f87 320b | 0000 418b 
  0x0000028b765b8358: aaa4 0100 | 0045 8b5c 

  0x0000028b765b8360: ;   {metadata('net/minecraft/util/profiling/InactiveProfiler')}
  0x0000028b765b8360: ec08 4181 | fbf0 a1a7 | 010f 8565 | 2f00 0045 | 0fb6 5a61 | 4585 db0f | 85a1 0d00 | 0045 8b9a 
  0x0000028b765b8380: 8400 0000 

  0x0000028b765b8384: ; implicit exception: dispatches to 0x0000028b765bc330
  0x0000028b765b8384: c481 7a10 | 44dc 0c45 | 8b9a ac00 | 0000 4585 | db0f 84d1 | 2d00 004c | 894c 2420 | 498b ea4b 
  0x0000028b765b83a4: 8d14 dc4c | 8b44 2430 | 448b 4c24 

  0x0000028b765b83b0: ;   {optimized virtual_call}
  0x0000028b765b83b0: 4066 90e8 

  0x0000028b765b83b4: ; ImmutableOopMap {rbp=Oop [32]=Oop }
                      ;*invokevirtual render {reexecute=0 rethrow=0 return_oop=0}
                      ; - net.minecraft.client.Minecraft::runTick@462 (line 1146)
  0x0000028b765b83b4: 6892 0000 | 4c8b dd41 | 8bab a401 | 0000 458b 

  0x0000028b765b83c4: ;   {metadata('net/minecraft/util/profiling/InactiveProfiler')}
  0x0000028b765b83c4: 44ec 0841 | 81f8 f0a1 | a701 0f85 | 1c2f 0000 | 498b 8708 | 0100 00c4 | c17a 1043 | 584c 8bd0 
  0x0000028b765b83e4: 4983 c228 | 4d3b 9718 | 0100 000f | 83be 2300 | 004d 8997 | 0801 0000 | 410f 0d8a | c000 0000 
  0x0000028b765b8404: 48c7 0001 

  0x0000028b765b8408: ;   {metadata('net/minecraftforge/event/TickEvent$RenderTickEvent')}
  0x0000028b765b8408: 0000 00c7 | 4008 d070 | c801 4489 | 600c 4489 | 6014 4489 

  0x0000028b765b841c: ;   {oop(a 'net/minecraftforge/eventbus/api/Event$Result'{0x000000074b5c88e8})}
  0x0000028b765b841c: 6024 c740 | 101d 916b 

  0x0000028b765b8424: ;   {oop(a 'net/minecraftforge/event/TickEvent$Type'{0x000000074d2c3c50})}
  0x0000028b765b8424: e9c7 4018 | 8a87 a5e9 

  0x0000028b765b842c: ;   {oop(a 'net/minecraftforge/fml/LogicalSide'{0x000000074d2dd440})}
  0x0000028b765b842c: c740 1c88 

  0x0000028b765b8430: ;   {oop(a 'net/minecraftforge/event/TickEvent$Phase'{0x000000074d2c3de0})}
  0x0000028b765b8430: baa5 e9c7 | 4020 bc87 | a5e9 4c8b | d0c4 c17a 

  0x0000028b765b8440: ;   {oop(a 'net/minecraftforge/eventbus/EventBus'{0x000000074b230590})}
  0x0000028b765b8440: 1142 2449 | b890 0523 | 4b07 0000 | 0045 0fb6 | 4811 4585 | c975 7041 | 0fb6 6812 | 85ed 0f85 
  0x0000028b765b8460: 7433 0000 | 458b 480c 

  0x0000028b765b8468: ;   {oop(a 'net/minecraftforge/eventbus/ListenerList'{0x000000074d2d7838})}
  0x0000028b765b8468: 49b8 3878 | 2d4d 0700 | 0000 418b | 6810 458b | 44ec 0c45 | 3bc8 0f83 | 8c2d 0000 | 4d8d 04ec 
  0x0000028b765b8488: 438b 6c88 | 1045 0fb6 | 4cec 0c45 | 85c9 0f85 | 5418 0000 | 458b 44ec | 1043 8b6c | c40c 458b 
  0x0000028b765b84a8: ;   {metadata('net/minecraftforge/eventbus/api/IEventListener'[])}
  0x0000028b765b84a8: 4cec 0841 | 81f9 f8b3 | b101 0f85 | 6c3b 0000 | 498d 1cec | 8b6b 0c85 | ed0f 874f | 0a00 0041 
  0x0000028b765b84c8: 8bab ac01 | 0000 85ed | 0f85 8a32 | 0000 418b | aba4 0100 | 0045 8b44 

  0x0000028b765b84e0: ;   {metadata('net/minecraft/util/profiling/InactiveProfiler')}
  0x0000028b765b84e0: ec08 4181 | f8f0 a1a7 | 010f 8511 | 2e00 0045 | 3ba3 0401 | 0000 0f84 | 882c 0000 

  0x0000028b765b84fc: ;   {oop(a 'java/lang/Class'{0x000000074be31278} = 'com/mojang/blaze3d/systems/RenderSystem')}
  0x0000028b765b84fc: 49ba 7812 | e34b 0700 | 0000 418b | aa80 0000 | 004c 8bd5 | 49c1 e203 | 4c8b 4424 | 204d 3bc2 
  0x0000028b765b851c: 0f85 6631 

  0x0000028b765b8520: ;   {oop(a 'java/lang/Class'{0x000000074be31278} = 'com/mojang/blaze3d/systems/RenderSystem')}
  0x0000028b765b8520: 0000 49ba | 7812 e34b | 0700 0000 | 410f b6aa | fd00 0000 | 85ed 0f85 | 6031 0000 | 498b ebba 
  0x0000028b765b8540: 408d 0000 

  0x0000028b765b8544: ;   {static_call}
  0x0000028b765b8544: 4533 c0e8 

  0x0000028b765b8548: ; ImmutableOopMap {rbp=Oop }
                      ;*invokestatic glBindFramebuffer {reexecute=0 rethrow=0 return_oop=0}
                      ; - org.lwjgl.opengl.GL30::glBindFramebuffer@2 (line 1619)
                      ; - com.mojang.blaze3d.platform.GlStateManager::_glBindFramebuffer@5 (line 344)
                      ; - com.mojang.blaze3d.pipeline.RenderTarget::unbindWrite@20 (line 215)
                      ; - net.minecraft.client.Minecraft::runTick@557 (line 1160)
  0x0000028b765b8548: f44f 26ff | 4c8b d545 | 8b9a 8000 | 0000 478b | 44dc 3c47 | 8b4c dc40 | 418b 9a04 | 0100 0085 
  0x0000028b765b8568: db0f 8421 

  0x0000028b765b856c: ;   {oop(a 'java/lang/Class'{0x000000074be31278} = 'com/mojang/blaze3d/systems/RenderSystem')}
  0x0000028b765b856c: 2c00 0049 | bb78 12e3 | 4b07 0000 | 0041 0fb6 | abfd 0000 | 0085 ed0f | 8523 3100 | 004c 8954 
  0x0000028b765b858c: 2420 498d | 14dc bf01 

  0x0000028b765b8594: ;   {optimized virtual_call}
  0x0000028b765b8594: 0000 00e8 

  0x0000028b765b8598: ; ImmutableOopMap {[32]=Oop }
                      ;*invokevirtual _blitToScreen {reexecute=0 rethrow=0 return_oop=0}
                      ; - com.mojang.blaze3d.pipeline.RenderTarget::blitToScreen@28 (line 238)
                      ; - com.mojang.blaze3d.pipeline.RenderTarget::blitToScreen@4 (line 228)
                      ; - net.minecraft.client.Minecraft::runTick@578 (line 1161)
  0x0000028b765b8598: 84f9 f8ff 

  0x0000028b765b859c: ;   {oop(a 'java/lang/Class'{0x00000007435a5940} = 'net/minecraft/Util')}
  0x0000028b765b859c: 49ba 4059 | 5a43 0700 | 0000 418b | aa88 0000 | 0045 8b5c 

  0x0000028b765b85b0: ;   {metadata('com/mojang/blaze3d/systems/RenderSystem$$Lambda$4480+0x0000028b08b06f90')}
  0x0000028b765b85b0: ec08 4181 | fb90 6fb0 | 010f 8551 | 2d00 004d | 8d14 ec45 | 8b52 0c49 | 8bd2 48c1 | e203 6666 
  0x0000028b765b85d0: 9048 b878 | 6db0 088b 

  0x0000028b765b85d8: ;   {virtual_call}
  0x0000028b765b85d8: 0200 00e8 

  0x0000028b765b85dc: ; ImmutableOopMap {[32]=Oop }
                      ;*invokeinterface getAsLong {reexecute=0 rethrow=0 return_oop=0}
                      ; - com.mojang.blaze3d.systems.RenderSystem$$Lambda$4480/0x0000028b08b06f90::getAsLong@4
                      ; - net.minecraft.Util::getNanos@3 (line 119)
                      ; - net.minecraft.client.Minecraft::runTick@582 (line 1162)
  0x0000028b765b85dc: 60dc 90ff | 482b 4424 | 484c 8b54 | 2420 4989 | 4230 418b | aaa4 0100 | 0045 8b5c 

  0x0000028b765b85f8: ;   {metadata('net/minecraft/util/profiling/InactiveProfiler')}
  0x0000028b765b85f8: ec08 4181 | fbf0 a1a7 | 010f 8515 | 2d00 0045 | 8b8a 8000 | 0000 4f8b 

  0x0000028b765b8610: ;   {oop(a 'java/lang/Class'{0x00000007435a5940} = 'net/minecraft/Util')}
  0x0000028b765b8610: 44cc 1049 | bb40 595a | 4307 0000 | 0041 8bab | 8800 0000 

  0x0000028b765b8624: ; implicit exception: dispatches to 0x0000028b765bc198
  0x0000028b765b8624: 458b 5cec 

  0x0000028b765b8628: ;   {metadata('com/mojang/blaze3d/systems/RenderSystem$$Lambda$4480+0x0000028b08b06f90')}
  0x0000028b765b8628: 0841 81fb | 906f b001 | 0f85 f22c | 0000 4c89 | 4424 304d | 8d14 ec45 | 8b52 0c4f | 8d1c cc4c 
  0x0000028b765b8648: 895c 2438 | 4489 4c24 | 2849 8bd2 | 48c1 e203 | 9048 b878 | 6db0 088b 

  0x0000028b765b8660: ;   {virtual_call}
  0x0000028b765b8660: 0200 00e8 

  0x0000028b765b8664: ; ImmutableOopMap {[32]=Oop [40]=NarrowOop [56]=Oop }
                      ;*invokeinterface getAsLong {reexecute=0 rethrow=0 return_oop=0}
                      ; - com.mojang.blaze3d.systems.RenderSystem$$Lambda$4480/0x0000028b08b06f90::getAsLong@4
                      ; - net.minecraft.Util::getNanos@3 (line 119)
                      ; - net.minecraft.Util::getMillis@0 (line 115)
                      ; - com.mojang.blaze3d.systems.RenderSystem::pollEvents@3 (line 173)
                      ; - com.mojang.blaze3d.systems.RenderSystem::flipFrame@0 (line 184)
                      ; - com.mojang.blaze3d.platform.Window::updateDisplay@4 (line 274)
                      ; - net.minecraft.client.Minecraft::runTick@624 (line 1170)
  0x0000028b765b8664: d8db 90ff | 4c8b d048 | b8db 34b6 | d782 de1b | 4349 f7ea | 49c1 fa3f | 48c1 fa12 

  0x0000028b765b8680: ;   {oop(a 'java/util/concurrent/atomic/AtomicLong'{0x000000074be31388})}
  0x0000028b765b8680: 492b d249 | ba88 13e3 | 4b07 0000 | 0049 8952 

  0x0000028b765b8690: ;   {oop(a 'java/util/concurrent/atomic/AtomicBoolean'{0x000000074be31378})}
  0x0000028b765b8690: 1049 ba78 | 13e3 4b07 | 0000 0041 | c742 0c01 | 0000 00f0 | 8344 24c0 | 0048 ba70 | 73ec 1af9 
  0x0000028b765b86b0: ;   {static_call}
  0x0000028b765b86b0: 7f00 00e8 

  0x0000028b765b86b4: ; ImmutableOopMap {[32]=Oop [40]=NarrowOop [56]=Oop }
                      ;*invokestatic invokeV {reexecute=0 rethrow=0 return_oop=0}
                      ; - org.lwjgl.glfw.GLFW::glfwPollEvents@5 (line 3403)
                      ; - com.mojang.blaze3d.systems.RenderSystem::pollEvents@16 (line 175)
                      ; - com.mojang.blaze3d.systems.RenderSystem::flipFrame@0 (line 184)
                      ; - com.mojang.blaze3d.platform.Window::updateDisplay@4 (line 274)
                      ; - net.minecraft.client.Minecraft::runTick@624 (line 1170)
  0x0000028b765b86b4: 0874 5bff 

  0x0000028b765b86b8: ;   {oop(a 'java/util/concurrent/atomic/AtomicBoolean'{0x000000074be31378})}
  0x0000028b765b86b8: 49ba 7813 | e34b 0700 | 0000 4589 | 620c f083 | 4424 c000 

  0x0000028b765b86cc: ;   {oop(a 'java/lang/Class'{0x000000074be31278} = 'com/mojang/blaze3d/systems/RenderSystem')}
  0x0000028b765b86cc: 49ba 7812 | e34b 0700 | 0000 41c6 | 82fc 0000 

  0x0000028b765b86dc: ;   {oop(a 'java/util/concurrent/ConcurrentLinkedQueue'{0x000000074be31770})}
  0x0000028b765b86dc: 0001 49ba | 7017 e34b | 0700 0000 

  0x0000028b765b86e8: ;   {oop(a 'java/util/concurrent/ConcurrentLinkedQueue'{0x000000074be31770})}
  0x0000028b765b86e8: 49bb 7017 | e34b 0700 | 0000 4983 | c30c 418b | 1b48 8bcb | 48c1 e103 | 488b f941 | ba01 0000 
  0x0000028b765b8708: 0044 8954 | 2440 4c89 | 5c24 4844 | 8beb 8b5f | 0c85 db75 | 2d8b 6f10 | 85ed 7426 | 4d8d 14ec 
  0x0000028b765b8728: 493b fa0f | 8465 3300 | 004d 8b9f | 5803 0000 

  0x0000028b765b8738: ;   {oop(a 'java/util/concurrent/ConcurrentLinkedQueue'{0x000000074be31770})}
  0x0000028b765b8738: 49b8 7017 | e34b 0700 

  0x0000028b765b8740: ; ImmutableOopMap {r10=Oop r8=Oop rcx=Oop r13=NarrowOop [32]=Oop [40]=NarrowOop [56]=Oop [72]=Derived_oop_r8 }
                      ;*goto {reexecute=1 rethrow=0 return_oop=0}
                      ; - (reexecute) java.util.concurrent.ConcurrentLinkedQueue::first@62 (line 429)
                      ; - java.util.concurrent.ConcurrentLinkedQueue::isEmpty@1 (line 447)
                      ; - com.mojang.blaze3d.systems.RenderSystem::replayQueue@7 (line 194)
                      ; - com.mojang.blaze3d.systems.RenderSystem::flipFrame@3 (line 185)
                      ; - com.mojang.blaze3d.platform.Window::updateDisplay@4 (line 274)
                      ; - net.minecraft.client.Minecraft::runTick@624 (line 1170)
                      ;   {poll}
  0x0000028b765b8740: 0000 4185 | 0349 8bfa | ebcc 483b | cf0f 84ad | 0000 0041 | 807f 3800 | 0f85 261a | 0000 4c8b 
  0x0000028b765b8760: df49 c1eb | 034c 8b54 | 2448 418b | c5f0 450f | b11a 400f | 94c6 400f | b6f6 85f6 | 742e 4c8b 
  0x0000028b765b8780: d74c 8b5c | 2448 4d33 | d349 c1ea | 154d 85d2 | 741a 49c1 | eb09 48b9 | 0040 6479 | 8b02 0000 
  0x0000028b765b87a0: 4903 cb80 | 3904 0f85 | 291b 0000 | 85f6 7450 | 418b f585 | f60f 84f9 | 2c00 008b | fe49 8d34 
  0x0000028b765b87c0: fc49 8d6c | fc10 4180 | 7f38 000f | 85df 1900 | 0089 7d00 | 4c8b d64c | 8bdd 4d33 | d349 c1ea 
  0x0000028b765b87e0: 154d 85d2 | 741a 49c1 | eb09 48b9 | 0040 6479 | 8b02 0000 | 4903 cb80 | 3904 0f85 | e719 0000 
  0x0000028b765b8800: 85db 0f84 | 5701 0000 

  0x0000028b765b8808: ;   {oop(a 'java/util/concurrent/ConcurrentLinkedQueue'{0x000000074be31770})}
  0x0000028b765b8808: 48ba 7017 | e34b 0700 

  0x0000028b765b8810: ;   {oop(a 'java/util/concurrent/ConcurrentLinkedQueue'{0x000000074be31770})}
  0x0000028b765b8810: 0000 48bd | 7017 e34b | 0700 0000 

  0x0000028b765b881c: ;   {optimized virtual_call}
  0x0000028b765b881c: 6666 90e8 

  0x0000028b765b8820: ; ImmutableOopMap {rbp=Oop [32]=Oop [40]=NarrowOop [56]=Oop [72]=Derived_oop_rbp }
                      ;*invokevirtual poll {reexecute=0 rethrow=0 return_oop=1}
                      ; - com.mojang.blaze3d.systems.RenderSystem::replayQueue@16 (line 195)
                      ; - com.mojang.blaze3d.systems.RenderSystem::flipFrame@3 (line 185)
                      ; - com.mojang.blaze3d.platform.Window::updateDisplay@4 (line 274)
                      ; - net.minecraft.client.Minecraft::runTick@624 (line 1170)
  0x0000028b765b8820: 5c8b a1fe 

  0x0000028b765b8824: ; implicit exception: dispatches to 0x0000028b765bc354
  0x0000028b765b8824: 448b 5808 

  0x0000028b765b8828: ;   {metadata('net/minecraft/client/resources/SkinManager$$Lambda$9136+0x0000028b091a2240')}
  0x0000028b765b8828: 4181 fb40 | 221a 020f | 8573 3700 | 0048 8bd0 

  0x0000028b765b8838: ;   {optimized virtual_call}
  0x0000028b765b8838: 6666 90e8 

  0x0000028b765b883c: ; ImmutableOopMap {rbp=Oop [32]=Oop [40]=NarrowOop [56]=Oop [72]=Derived_oop_rbp }
                      ;*invokeinterface execute {reexecute=0 rethrow=0 return_oop=0}
                      ; - com.mojang.blaze3d.systems.RenderSystem::replayQueue@24 (line 196)
                      ; - com.mojang.blaze3d.systems.RenderSystem::flipFrame@3 (line 185)
                      ; - com.mojang.blaze3d.platform.Window::updateDisplay@4 (line 274)
                      ; - net.minecraft.client.Minecraft::runTick@624 (line 1170)
  0x0000028b765b883c: 408b a1fe | 4c8b 5c24 | 4845 8b2b | 4d8b 9758 

  0x0000028b765b884c: ;   {oop(a 'java/util/concurrent/ConcurrentLinkedQueue'{0x000000074be31770})}
  0x0000028b765b884c: 0300 0049 | b870 17e3 | 4b07 0000 

  0x0000028b765b8858: ;   {oop(a 'java/util/concurrent/ConcurrentLinkedQueue'{0x000000074be31770})}
  0x0000028b765b8858: 0049 b970 | 17e3 4b07 

  0x0000028b765b8860: ; ImmutableOopMap {r8=Oop r9=Oop r13=NarrowOop [32]=Oop [40]=NarrowOop [56]=Oop [72]=Derived_oop_r8 }
                      ;*goto {reexecute=1 rethrow=0 return_oop=0}
                      ; - (reexecute) com.mojang.blaze3d.systems.RenderSystem::replayQueue@29 (line 197)
                      ; - com.mojang.blaze3d.systems.RenderSystem::flipFrame@3 (line 185)
                      ; - com.mojang.blaze3d.platform.Window::updateDisplay@4 (line 274)
                      ; - net.minecraft.client.Minecraft::runTick@624 (line 1170)
                      ;   {poll}
  0x0000028b765b8860: 0000 0041 | 8502 498b | cd48 c1e1 | 0348 8bd9 

  0x0000028b765b8870: ; implicit exception: dispatches to 0x0000028b765bc348
  0x0000028b765b8870: 8b73 0c85 | f675 2d8b | 6b10 85ed | 7426 4d8d | 14ec 493b | da0f 846e | 3200 004d | 8b9f 5803 
  0x0000028b765b8890: ;   {oop(a 'java/util/concurrent/ConcurrentLinkedQueue'{0x000000074be31770})}
  0x0000028b765b8890: 0000 49b8 | 7017 e34b 

  0x0000028b765b8898: ; ImmutableOopMap {r10=Oop r8=Oop rcx=Oop r13=NarrowOop [32]=Oop [40]=NarrowOop [56]=Oop [72]=Derived_oop_r8 }
                      ;*goto {reexecute=1 rethrow=0 return_oop=0}
                      ; - (reexecute) java.util.concurrent.ConcurrentLinkedQueue::first@62 (line 429)
                      ; - java.util.concurrent.ConcurrentLinkedQueue::isEmpty@1 (line 447)
                      ; - com.mojang.blaze3d.systems.RenderSystem::replayQueue@7 (line 194)
                      ; - com.mojang.blaze3d.systems.RenderSystem::flipFrame@3 (line 185)
                      ; - com.mojang.blaze3d.platform.Window::updateDisplay@4 (line 274)
                      ; - net.minecraft.client.Minecraft::runTick@624 (line 1170)
  0x0000028b765b8898: 0700 0000 

  0x0000028b765b889c: ;   {poll}
  0x0000028b765b889c: 4185 0349 | 8bda ebcc | 483b cb0f | 84aa 0000 | 0041 807f | 3800 0f85 | ea1c 0000 | 4c8b db49 
  0x0000028b765b88bc: c1eb 034c | 8b54 2448 | 418b c5f0 | 450f b11a | 400f 94c7 | 400f b6ff | 85ff 742e | 4c8b d34c 
  0x0000028b765b88dc: 8b5c 2448 | 4d33 d349 | c1ea 154d | 85d2 741a | 49c1 eb09 | 48b9 0040 | 6479 8b02 | 0000 4903 
  0x0000028b765b88fc: cb80 3904 | 0f85 451d | 0000 85ff | 744d 4585 | ed0f 84b1 | 2f00 004b | 8d3c ec4b | 8d6c ec10 
  0x0000028b765b891c: 4180 7f38 | 000f 85a7 | 1c00 0044 | 896d 004c | 8bd7 4c8b | dd4d 33d3 | 49c1 ea15 | 4d85 d274 
  0x0000028b765b893c: 1a49 c1eb | 0948 b900 | 4064 798b | 0200 0049 | 03cb 8039 | 040f 85ae | 1c00 0085 | f60f 85a9 
  0x0000028b765b895c: ;   {oop(a 'java/lang/Class'{0x000000074be31278} = 'com/mojang/blaze3d/systems/RenderSystem')}
  0x0000028b765b895c: feff ff49 | ba78 12e3 | 4b07 0000 | 0045 88a2 | fc00 0000 | 410f b6aa | fd00 0000 | 85ed 0f85 
  0x0000028b765b897c: 4c2d 0000 

  0x0000028b765b8980: ;   {oop(a 'com/mojang/blaze3d/vertex/Tesselator'{0x000000074be31188})}
  0x0000028b765b8980: 49ba 8811 | e34b 0700 | 0000 458b | 520c 438b | 6cd4 2085 | ed0f 8fd5 | 2d00 0047 | 8964 d428 
  0x0000028b765b89a0: 4789 64d4 | 2447 8964 | d420 4c8b | 5424 304d | 85d2 0f84 | c82d 0000 | 49b8 201d | ec1a f97f 
  0x0000028b765b89c0: 0000 498b 

  0x0000028b765b89c4: ;   {static_call}
  0x0000028b765b89c4: d266 90e8 

  0x0000028b765b89c8: ; ImmutableOopMap {[32]=Oop [40]=NarrowOop [56]=Oop }
                      ;*invokestatic invokePV {reexecute=0 rethrow=0 return_oop=0}
                      ; - org.lwjgl.glfw.GLFW::glfwSwapBuffers@17 (line 4901)
                      ; - com.mojang.blaze3d.systems.RenderSystem::flipFrame@16 (line 187)
                      ; - com.mojang.blaze3d.platform.Window::updateDisplay@4 (line 274)
                      ; - net.minecraft.client.Minecraft::runTick@624 (line 1170)
  0x0000028b765b89c8: f470 2bff 

  0x0000028b765b89cc: ;   {oop(a 'java/lang/Class'{0x00000007435a5940} = 'net/minecraft/Util')}
  0x0000028b765b89cc: 49ba 4059 | 5a43 0700 | 0000 418b | aa88 0000 | 0045 8b54 

  0x0000028b765b89e0: ;   {metadata('com/mojang/blaze3d/systems/RenderSystem$$Lambda$4480+0x0000028b08b06f90')}
  0x0000028b765b89e0: ec08 4181 | fa90 6fb0 | 010f 854d | 2900 004d | 8d14 ec45 | 8b5a 0c49 | 8bd3 48c1 | e203 6666 
  0x0000028b765b8a00: 9048 b878 | 6db0 088b 

  0x0000028b765b8a08: ;   {virtual_call}
  0x0000028b765b8a08: 0200 00e8 

  0x0000028b765b8a0c: ; ImmutableOopMap {[32]=Oop [40]=NarrowOop [56]=Oop }
                      ;*invokeinterface getAsLong {reexecute=0 rethrow=0 return_oop=0}
                      ; - com.mojang.blaze3d.systems.RenderSystem$$Lambda$4480/0x0000028b08b06f90::getAsLong@4
                      ; - net.minecraft.Util::getNanos@3 (line 119)
                      ; - net.minecraft.Util::getMillis@0 (line 115)
                      ; - com.mojang.blaze3d.systems.RenderSystem::pollEvents@3 (line 173)
                      ; - com.mojang.blaze3d.systems.RenderSystem::flipFrame@19 (line 188)
                      ; - com.mojang.blaze3d.platform.Window::updateDisplay@4 (line 274)
                      ; - net.minecraft.client.Minecraft::runTick@624 (line 1170)
  0x0000028b765b8a0c: 30d8 90ff | 4c8b d048 | b8db 34b6 | d782 de1b | 4349 f7ea | 49c1 fa3f | 48c1 fa12 

  0x0000028b765b8a28: ;   {oop(a 'java/util/concurrent/atomic/AtomicLong'{0x000000074be31388})}
  0x0000028b765b8a28: 492b d249 | ba88 13e3 | 4b07 0000 | 0049 8952 

  0x0000028b765b8a38: ;   {oop(a 'java/util/concurrent/atomic/AtomicBoolean'{0x000000074be31378})}
  0x0000028b765b8a38: 1049 ba78 | 13e3 4b07 | 0000 0041 | c742 0c01 | 0000 00f0 | 8344 24c0 | 0048 ba70 | 73ec 1af9 
  0x0000028b765b8a58: ;   {static_call}
  0x0000028b765b8a58: 7f00 00e8 

  0x0000028b765b8a5c: ; ImmutableOopMap {[32]=Oop [40]=NarrowOop [56]=Oop }
                      ;*invokestatic invokeV {reexecute=0 rethrow=0 return_oop=0}
                      ; - org.lwjgl.glfw.GLFW::glfwPollEvents@5 (line 3403)
                      ; - com.mojang.blaze3d.systems.RenderSystem::pollEvents@16 (line 175)
                      ; - com.mojang.blaze3d.systems.RenderSystem::flipFrame@19 (line 188)
                      ; - com.mojang.blaze3d.platform.Window::updateDisplay@4 (line 274)
                      ; - net.minecraft.client.Minecraft::runTick@624 (line 1170)
  0x0000028b765b8a5c: 6070 5bff 

  0x0000028b765b8a60: ;   {oop(a 'java/util/concurrent/atomic/AtomicBoolean'{0x000000074be31378})}
  0x0000028b765b8a60: 49ba 7813 | e34b 0700 | 0000 4589 | 620c f083 | 4424 c000 | 448b 5424 | 2847 0fb6 | 44d4 5143 
  0x0000028b765b8a80: 0fb6 6cd4 | 5041 3be8 | 0f85 122d | 0000 4c8b | 4424 2045 | 3ba0 6801 | 0000 740e | 458b 9080 
  0x0000028b765b8aa0: 0000 0047 | 8b4c d44c | eb15 418b | a884 0100 | 0085 ed0f | 8400 2e00 | 0041 b93c | 0000 0041 
  0x0000028b765b8ac0: 81f9 0401 | 0000 0f8d | b100 0000 | 498b e8c4 | c17b 2ac1 | 4489 4c24 

  0x0000028b765b8ad8: ;   {section_word}
  0x0000028b765b8ad8: 20c5 fb10 | 0dff eaff | ffc5 f35e 

  0x0000028b765b8ae4: ;   {oop(a 'java/lang/Class'{0x000000074be31278} = 'com/mojang/blaze3d/systems/RenderSystem')}
  0x0000028b765b8ae4: c049 ba78 | 12e3 4b07 | 0000 00c4 | c17b 5882 | d800 0000 | c5fb 1144 | 2428 48ba | 5040 ec1a 
  0x0000028b765b8b04: f97f 0000 

  0x0000028b765b8b08: ;   {static_call}
  0x0000028b765b8b08: 6666 90e8 

  0x0000028b765b8b0c: ; ImmutableOopMap {rbp=Oop }
                      ;*invokestatic invokeD {reexecute=0 rethrow=0 return_oop=0}
                      ; - org.lwjgl.glfw.GLFW::glfwGetTime@5 (line 4775)
                      ; - com.mojang.blaze3d.systems.RenderSystem::limitDisplayFPS@9 (line 206)
                      ; - net.minecraft.client.Minecraft::runTick@643 (line 1173)
  0x0000028b765b8b0c: 708e a1fe | c5fb 104c | 2428 c5f9 | 2ec8 7646 | 0f1f 4000 | c5f3 5cc0 | c5fb 114c | 2428 48ba 
  0x0000028b765b8b2c: 507a ec1a | f97f 0000 

  0x0000028b765b8b34: ;   {static_call}
  0x0000028b765b8b34: 6666 90e8 

  0x0000028b765b8b38: ; ImmutableOopMap {rbp=Oop }
                      ;*invokestatic invokeV {reexecute=0 rethrow=0 return_oop=0}
                      ; - org.lwjgl.glfw.GLFW::glfwWaitEventsTimeout@6 (line 3474)
                      ; - com.mojang.blaze3d.systems.RenderSystem::limitDisplayFPS@22 (line 207)
                      ; - net.minecraft.client.Minecraft::runTick@643 (line 1173)
  0x0000028b765b8b38: 448e a1fe | 48ba 5040 | ec1a f97f 

  0x0000028b765b8b44: ;   {static_call}
  0x0000028b765b8b44: 0000 90e8 

  0x0000028b765b8b48: ; ImmutableOopMap {rbp=Oop }
                      ;*invokestatic invokeD {reexecute=0 rethrow=0 return_oop=0}
                      ; - org.lwjgl.glfw.GLFW::glfwGetTime@5 (line 4775)
                      ; - com.mojang.blaze3d.systems.RenderSystem::limitDisplayFPS@25 (line 206)
                      ; - net.minecraft.client.Minecraft::runTick@643 (line 1173)
  0x0000028b765b8b48: 348e a1fe | 4d8b 9758 

  0x0000028b765b8b50: ; ImmutableOopMap {rbp=Oop }
                      ;*goto {reexecute=1 rethrow=0 return_oop=0}
                      ; - (reexecute) com.mojang.blaze3d.systems.RenderSystem::limitDisplayFPS@29 (line 206)
                      ; - net.minecraft.client.Minecraft::runTick@643 (line 1173)
                      ;   {poll}
  0x0000028b765b8b50: 0300 0041 | 8502 c5fb | 104c 2428 | c5f9 2ec8 

  0x0000028b765b8b60: ;   {oop(a 'java/lang/Class'{0x000000074be31278} = 'com/mojang/blaze3d/systems/RenderSystem')}
  0x0000028b765b8b60: 77be 49ba | 7812 e34b | 0700 0000 | c4c1 7b11 | 82d8 0000 | 004c 8bc5 | 448b 4c24 | 2041 8ba8 
  0x0000028b765b8b80: a401 0000 

  0x0000028b765b8b84: ; implicit exception: dispatches to 0x0000028b765bc1bc
  0x0000028b765b8b84: 458b 5cec 

  0x0000028b765b8b88: ;   {metadata('net/minecraft/util/profiling/InactiveProfiler')}
  0x0000028b765b8b88: 0841 81fb | f0a1 a701 | 0f85 b227 | 0000 4489 | 4c24 2849 

  0x0000028b765b8b9c: ;   {static_call}
  0x0000028b765b8b9c: 8be8 90e8 

  0x0000028b765b8ba0: ; ImmutableOopMap {rbp=Oop }
                      ;*invokestatic yield {reexecute=0 rethrow=0 return_oop=0}
                      ; - net.minecraft.client.Minecraft::runTick@658 (line 1177)
  0x0000028b765b8ba0: 1c94 86ff | 488b dd8b | aba4 0100 | 0045 8b5c 

  0x0000028b765b8bb0: ;   {metadata('net/minecraft/util/profiling/InactiveProfiler')}
  0x0000028b765b8bb0: ec08 4181 | fbf0 a1a7 | 010f 859d | 2700 008b | b380 0000 | 0085 f60f | 84d7 2500 | 0041 807f 
  0x0000028b765b8bd0: 3800 0f85 | 8a14 0000 

  0x0000028b765b8bd8: ;   {oop("Post render"{0x000000074d9ed778})}
  0x0000028b765b8bd8: 41c7 44f4 | 64ef dab3 | e94d 8d14 

  0x0000028b765b8be4: ;   {oop("Post render"{0x000000074d9ed778})}
  0x0000028b765b8be4: f449 bb78 | d79e 4d07 | 0000 004d | 33da 49c1 | eb15 4d85 | db74 1a49 | c1ea 0948 | b900 4064 
  0x0000028b765b8c04: 798b 0200 | 0049 03ca | 8039 040f | 85cb 1400 | 00ff 4350 | 440f b65b | 6045 85db | 743a 8bab 
  0x0000028b765b8c24: 7001 0000 | 85ed 0f84 | bc2c 0000 | 448b 9384 | 0100 0045 | 85d2 0f85 | a504 0000 | 8bab 8801 
  0x0000028b765b8c44: 0000 85ed | 7412 ba45 | ffff ff48 | 895c 2420 

  0x0000028b765b8c54: ;   {runtime_call UncommonTrapBlob}
  0x0000028b765b8c54: 6666 90e8 

  0x0000028b765b8c58: ; ImmutableOopMap {rbp=NarrowOop [32]=Oop }
                      ;*ifnull {reexecute=1 rethrow=0 return_oop=0}
                      ; - (reexecute) net.minecraft.client.Minecraft::runTick@718 (line 1181)
  0x0000028b765b8c58: a4dc a1fe | 4533 c044 | 0fb6 5b61 | 453b d80f | 8524 1a00 

  0x0000028b765b8c6c: ;   {oop(a 'java/lang/Class'{0x00000007435a5940} = 'net/minecraft/Util')}
  0x0000028b765b8c6c: 0049 ba40 | 595a 4307 | 0000 0041 | 8baa 8800 | 0000 458b 

  0x0000028b765b8c80: ;   {metadata('com/mojang/blaze3d/systems/RenderSystem$$Lambda$4480+0x0000028b08b06f90')}
  0x0000028b765b8c80: 5cec 0841 | 81fb 906f | b001 0f85 | dc26 0000 | 4889 5c24 | 204d 8d14 | ec45 8b52 | 0c49 8bd2 
  0x0000028b765b8ca0: 48c1 e203 | 9048 b878 | 6db0 088b 

  0x0000028b765b8cac: ;   {virtual_call}
  0x0000028b765b8cac: 0200 00e8 

  0x0000028b765b8cb0: ; ImmutableOopMap {[32]=Oop }
                      ;*invokeinterface getAsLong {reexecute=0 rethrow=0 return_oop=0}
                      ; - com.mojang.blaze3d.systems.RenderSystem$$Lambda$4480/0x0000028b08b06f90::getAsLong@4
                      ; - net.minecraft.Util::getNanos@3 (line 119)
                      ; - net.minecraft.client.Minecraft::runTick@795 (line 1192)
  0x0000028b765b8cb0: 8cd5 90ff | 488b c84c | 8b54 2420 | 492b 4a20 | 458b 8ae4 | 0000 0047 | 8b44 cc18 | 478b 5ccc 
  0x0000028b765b8cd0: 1447 8b54 | c40c 453b | da0f 83d1 | 2400 0041 | 8bdb ffc3 | 4389 5ccc | 1481 fbf0 | 0000 000f 
  0x0000028b765b8cf0: 84bb 0f00 | 0047 8b54 | cc10 4181 | faf0 0000 | 000f 8cab | 0300 008b | fbff c744 | 8bd7 41c1 
  0x0000028b765b8d10: fa1f 4863 | ff48 69ff | 8988 8888 | 48c1 ff20 | 8bd7 03d3 | ffc2 c1fa | 0741 2bd2 | 4469 d2f0 
  0x0000028b765b8d30: 0000 0041 | 2bda ffc3 | 4389 5ccc | 0c4c 8b54 | 2420 4989 | 4220 418b | aaa4 0100 | 004f 8d14 
  0x0000028b765b8d50: c44b 894c | da10 458b 

  0x0000028b765b8d58: ;   {metadata('net/minecraft/util/profiling/InactiveProfiler')}
  0x0000028b765b8d58: 54ec 0841 | 81fa f0a1 | a701 0f85 | 1426 0000 | 4c8b 5424 | 2041 8baa | b801 0000 | 85ed 0f85 
  0x0000028b765b8d78: 0c26 0000 

  0x0000028b765b8d7c: ;   {oop(a 'java/lang/Class'{0x00000007435a5940} = 'net/minecraft/Util')}
  0x0000028b765b8d7c: 49ba 4059 | 5a43 0700 | 0000 418b | aa88 0000 | 0045 8b5c 

  0x0000028b765b8d90: ;   {metadata('com/mojang/blaze3d/systems/RenderSystem$$Lambda$4480+0x0000028b08b06f90')}
  0x0000028b765b8d90: ec08 4181 | fb90 6fb0 | 010f 85f5 | 2500 004d | 8d14 ec45 | 8b52 0c49 | 8bd2 48c1 | e203 6666 
  0x0000028b765b8db0: 9048 b878 | 6db0 088b 

  0x0000028b765b8db8: ;   {virtual_call}
  0x0000028b765b8db8: 0200 00e8 

  0x0000028b765b8dbc: ; ImmutableOopMap {[32]=Oop }
                      ;*invokeinterface getAsLong {reexecute=0 rethrow=0 return_oop=0}
                      ; - com.mojang.blaze3d.systems.RenderSystem$$Lambda$4480/0x0000028b08b06f90::getAsLong@4
                      ; - net.minecraft.Util::getNanos@3 (line 119)
                      ; - net.minecraft.Util::getMillis@0 (line 115)
                      ; - net.minecraft.client.Minecraft::runTick@886 (line 1205)
  0x0000028b765b8dbc: 80d4 90ff | 4c8b d048 | b8db 34b6 | d782 de1b | 4349 f7ea | 49c1 fa3f | 48c1 fa12 | 492b d241 
  0x0000028b765b8ddc: bae8 0300 | 004c 8b5c | 2420 4d03 | 5328 493b | d20f 8d41 | 0400 004c | 8b54 2420 | 418b aaa4 
  0x0000028b765b8dfc: 0100 0045 | 8b5c ec08 

  0x0000028b765b8e04: ;   {metadata('net/minecraft/util/profiling/InactiveProfiler')}
  0x0000028b765b8e04: 4181 fbf0 | a1a7 010f | 858f 2500 | 0048 81c4 | 9000 0000 

  0x0000028b765b8e18: ;   {poll_return}
  0x0000028b765b8e18: 5d49 3ba7 | 5003 0000 | 0f87 cd3a | 0000 c345 | 33d2 438b 

  0x0000028b765b8e2c: ;   {metadata('net/minecraft/util/profiling/InactiveProfiler')}
  0x0000028b765b8e2c: 4cdc 0881 | f9f0 a1a7 | 010f 85c1 | 2a00 0044 | 8954 2440 | 895c 242c | 418b e948 | 8b54 2420 
  0x0000028b765b8e4c: ;   {optimized virtual_call}
  0x0000028b765b8e4c: 6666 90e8 

  0x0000028b765b8e50: ; ImmutableOopMap {[32]=Oop [56]=Oop }
                      ;*invokevirtual tick {reexecute=0 rethrow=0 return_oop=0}
                      ; - net.minecraft.client.Minecraft::runTick@180 (line 1112)
  0x0000028b765b8e50: 8c66 93f8 | 4c8b 5424 | 2045 8b9a | a401 0000 | 448b 5424 | 4041 ffc2 | 443b 5424 | 2c0f 8c33 
  0x0000028b765b8e70: 0200 0045 | 85db 0f85 | e8ed ffff | baf6 ffff 

  0x0000028b765b8e80: ;   {runtime_call UncommonTrapBlob}
  0x0000028b765b8e80: ff66 90e8 

  0x0000028b765b8e84: ; ImmutableOopMap {}
                      ;*invokeinterface pop {reexecute=0 rethrow=0 return_oop=0}
                      ; - net.minecraft.client.Minecraft::runTick@193 (line 1115)
  0x0000028b765b8e84: 78da a1fe | 448b c541 | ffc8 443b | c50f 8382 | 2b00 0045 | 33c0 660f | 1f44 0000 

  0x0000028b765b8ea0: ;   {oop(a 'net/minecraftforge/eventbus/EventBus'{0x000000074b230590})}
  0x0000028b765b8ea0: 48b9 9005 | 234b 0700 | 0000 0fb6 | 5910 85db | 0f84 8418 | 0000 4c89 | 5c24 384c | 894c 2428 
  0x0000028b765b8ec0: 4c89 5424 | 2046 8b54 | 8710 4489 | 4424 4448 | 897c 2450 | 498b d248 | c1e2 034d | 8bc3 6666 
  0x0000028b765b8ee0: 9048 b8ff | ffff ffff 

  0x0000028b765b8ee8: ;   {virtual_call}
  0x0000028b765b8ee8: ffff ffe8 

  0x0000028b765b8eec: ; ImmutableOopMap {[32]=Oop [40]=Oop [56]=Oop [80]=Oop }
                      ;*invokeinterface invoke {reexecute=0 rethrow=0 return_oop=0}
                      ; - net.minecraftforge.eventbus.EventBus$$Lambda$4737/0x0000028b08b9eaa8::invoke@2
                      ; - net.minecraftforge.eventbus.EventBus::post@107 (line 315)
                      ; - net.minecraftforge.eventbus.EventBus::post@7 (line 296)
                      ; - net.minecraftforge.event.ForgeEventFactory::onRenderTickStart@14 (line 905)
                      ; - net.minecraft.client.Minecraft::runTick@420 (line 1144)
  0x0000028b765b8eec: 9087 a1fe | 4c8b 5424 | 204c 8b4c | 2428 4c8b | 5c24 3848 | 8b7c 2450 | 448b 4424 | 4441 ffc0 
  0x0000028b765b8f0c: 443b c57c | 8fe9 40f4 | ffff 448b | cd41 ffc9 | 443b cd0f | 832b 2b00 | 0045 33c9 | 0f1f 8400 
  0x0000028b765b8f2c: 0000 0000 

  0x0000028b765b8f30: ;   {oop(a 'net/minecraftforge/eventbus/EventBus'{0x000000074b230590})}
  0x0000028b765b8f30: 49b8 9005 | 234b 0700 | 0000 450f | b640 1045 | 85c0 0f84 | 1618 0000 | 4c89 5424 | 304c 895c 
  0x0000028b765b8f50: 2428 468b | 548b 1044 | 894c 2440 | 4889 5c24 | 3849 8bd2 | 48c1 e203 | 4c8b 4424 | 3048 b8ff 
  0x0000028b765b8f70: ffff ffff 

  0x0000028b765b8f74: ;   {virtual_call}
  0x0000028b765b8f74: ffff ffe8 

  0x0000028b765b8f78: ; ImmutableOopMap {[32]=Oop [40]=Oop [48]=Oop [56]=Oop }
                      ;*invokeinterface invoke {reexecute=0 rethrow=0 return_oop=0}
                      ; - net.minecraftforge.eventbus.EventBus$$Lambda$4737/0x0000028b08b9eaa8::invoke@2
                      ; - net.minecraftforge.eventbus.EventBus::post@107 (line 315)
                      ; - net.minecraftforge.eventbus.EventBus::post@7 (line 296)
                      ; - net.minecraftforge.event.ForgeEventFactory::onRenderTickEnd@14 (line 910)
                      ; - net.minecraft.client.Minecraft::runTick@478 (line 1148)
  0x0000028b765b8f78: 0487 a1fe | 4c8b 5c24 | 284c 8b54 | 2430 488b | 5c24 3844 | 8b4c 2440 | 41ff c144 | 3bcd 7c98 
  0x0000028b765b8f98: e92a f5ff | ff4d 3bc6 | 0f85 45ea | ffff e956 | e9ff ff4d | 3bc1 0f84 | 6feb ffff | 4180 7f38 
  0x0000028b765b8fb8: 000f 851b | 1800 004c | 8bd6 49c1 | ea03 418b | c64c 8b5c | 2448 f045 | 0fb1 1340 | 0f94 c740 
  0x0000028b765b8fd8: 0fb6 ff85 | ff74 294c | 8bd6 4d33 | d349 c1ea | 154d 85d2 | 741a 49c1 | eb09 48b9 | 0040 6479 
  0x0000028b765b8ff8: 8b02 0000 | 4903 cb80 | 3904 0f85 | cd18 0000 | 85ff 0f84 | 13eb ffff | 4585 f60f | 84ad 2a00 
  0x0000028b765b9018: 004b 8d1c | f44b 8d7c | f410 4180 | 7f38 000f | 85d9 1700 | 0044 8937 | 4c8b d34c | 8bdf 4d33 
  0x0000028b765b9038: d349 c1ea | 154d 85d2 | 0f84 ddea | ffff 49c1 | eb09 48b9 | 0040 6479 | 8b02 0000 | 4903 cb80 
  0x0000028b765b9058: 3904 0f84 | c3ea ffff | 4d8b 5740 | 4d8b 5f50 | f083 4424 | c000 8039 | 000f 84ac | eaff ff44 
  0x0000028b765b9078: 8821 4d85 | d275 1549 | 8bd7 49ba | 4048 7be1 | f87f 0000 | 41ff d2e9 | 8fea ffff | 4b89 4c13 
  0x0000028b765b9098: f849 83c2 | f84d 8957 | 40e9 7dea | ffff 448b | cd8b 5c24 | 2ce9 78fd | ffff 4789 | 64cc 0c41 
  0x0000028b765b90b8: ffc2 4789 | 54cc 10e9 | 79fc ffff | 0f1f 8400 | 0000 0000 | 6666 6690 | 488b 5424 

  0x0000028b765b90d4: ;   {optimized virtual_call}
  0x0000028b765b90d4: 2066 90e8 

  0x0000028b765b90d8: ; ImmutableOopMap {[32]=Oop [56]=Oop }
                      ;*invokevirtual pollTask {reexecute=0 rethrow=0 return_oop=0}
                      ; - net.minecraft.util.thread.BlockableEventLoop::runAllTasks@1 (line 104)
                      ; - net.minecraft.client.Minecraft::runTick@128 (line 1106)
  0x0000028b765b90d8: 0494 ceff | 85c0 75f0 | e943 ebff | ff47 8b5c 

  0x0000028b765b90e8: ;   {metadata('net/minecraft/client/gui/screens/LevelLoadingScreen')}
  0x0000028b765b90e8: d408 4181 | fbe0 62a7 | 010f 8552 | 1000 0045 | 8b94 ec00 | 0100 0041 | 83fa ff0f | 8f07 2a00 
  0x0000028b765b9108: 0044 8b44 | 2440 e94c | fbff ffc4 | c17a 104a | 4ce9 3cf1 | ffff c4c1 | 7a10 424c | e962 f2ff 
  0x0000028b765b9128: ff45 33c0 | e94a ebff | ff4d 8b57 | 204d 85d2 | 0f84 4618 | 0000 4d8b | 5f30 4f89 | 6c13 f849 
  0x0000028b765b9148: 83c2 f84d | 8957 20e9 | 58e8 ffff | 0f1f 8400 | 0000 0000 | 6666 6690 

  0x0000028b765b9160: ;   {metadata('java/util/Formatter$FixedString')}
  0x0000028b765b9160: 4181 faf0 | b114 010f | 85f4 1100 | 0049 8bd0 | 4533 c04c | 8b4c 2450 

  0x0000028b765b9178: ;   {optimized virtual_call}
  0x0000028b765b9178: 6666 90e8 

  0x0000028b765b917c: ; ImmutableOopMap {[32]=Oop [48]=Oop [60]=NarrowOop [64]=Oop [72]=Oop [80]=Oop }
                      ;*invokeinterface print {reexecute=0 rethrow=0 return_oop=0}
                      ; - java.util.Formatter::format@88 (line 2678)
                      ; - java.util.Formatter::format@7 (line 2625)
                      ; - java.lang.String::format@10 (line 4186)
                      ; - net.minecraft.client.Minecraft::runTick@1122 (line 1214)
  0x0000028b765b917c: c0ab 64ff | 4d8b 9758 | 0300 004c | 8b5c 2448 | 458b 4310 | 448b 5c24 

  0x0000028b765b9194: ; ImmutableOopMap {[32]=Oop [48]=Oop [60]=NarrowOop [64]=Oop [72]=Oop [80]=Oop }
                      ;*goto {reexecute=1 rethrow=0 return_oop=0}
                      ; - (reexecute) java.util.Formatter::format@278 (line 2672)
                      ; - java.util.Formatter::format@7 (line 2625)
                      ; - java.lang.String::format@10 (line 4186)
                      ; - net.minecraft.client.Minecraft::runTick@1122 (line 1214)
  0x0000028b765b9194: 6041 ffc3 

  0x0000028b765b9198: ;   {poll}
  0x0000028b765b9198: 4185 0245 | 3bd8 0f8c | cb07 0000 | 488b 5424 

  0x0000028b765b91a8: ;   {optimized virtual_call}
  0x0000028b765b91a8: 4066 90e8 

  0x0000028b765b91ac: ; ImmutableOopMap {[32]=Oop }
                      ;*invokevirtual toString {reexecute=0 rethrow=0 return_oop=1}
                      ; - java.lang.String::format@13 (line 4186)
                      ; - net.minecraft.client.Minecraft::runTick@1122 (line 1214)
  0x0000028b765b91ac: d017 0700 | 488b d841 | 807f 3800 | 0f85 361a | 0000 4c8b | 4424 204c | 8bcb 4d8b | d149 c1ea 
  0x0000028b765b91cc: 0345 8990 | 9401 0000 | 4d8b d04d | 8bd9 4d33 | da49 c1eb | 154d 85db | 741f 4d85 | c974 1a49 
  0x0000028b765b91ec: c1ea 0948 | b900 4064 | 798b 0200 | 0049 03ca | 8039 040f | 85c5 1c00 | 0049 8140 | 28e8 0300 
  0x0000028b765b920c: 0045 8960 | 5049 8be8 

  0x0000028b765b9214: ;   {static_call}
  0x0000028b765b9214: 6666 90e8 

  0x0000028b765b9218: ; ImmutableOopMap {rbp=Oop }
                      ;*invokestatic getMillis {reexecute=0 rethrow=0 return_oop=0}
                      ; - net.minecraft.client.Minecraft::runTick@886 (line 1205)
  0x0000028b765b9218: 0463 2eff | 41ba e803 | 0000 4889 | 6c24 204c | 0355 2849 | 3bc2 0f8c | bffb ffff | 4c8b 5424 
  0x0000028b765b9238: 20c4 c17b 

  0x0000028b765b923c: ;   {section_word}
  0x0000028b765b923c: 1042 40c5 | f92e 05a1 | e3ff ff0f | 8748 2a00 | 0045 8b52 

  0x0000028b765b9250: ;   {oop(a 'java/lang/Class'{0x0000000746e77650} = 'net/minecraft/client/Minecraft')}
  0x0000028b765b9250: 5049 bb50 | 76e7 4607 | 0000 0045 | 8993 9800 | 0000 4d8b | 8f08 0100 | 004d 8bd9 | 4983 c330 
  0x0000028b765b9270: 4d3b 9f18 | 0100 000f | 8348 1e00 | 004d 899f | 0801 0000 | 410f 0d8b | c000 0000 | 49c7 0101 
  0x0000028b765b9290: 0000 0041 | 0f0d 8b00 

  0x0000028b765b9298: ;   {metadata('java/lang/Object'[])}
  0x0000028b765b9298: 0100 0041 | c741 0828 | 1500 0041 | 0f0d 8b40 | 0100 0041 | c741 0c07 | 0000 0041 | 0f0d 8b80 
  0x0000028b765b92b8: 0100 004d | 8961 104d | 8961 184d | 8961 204d | 8961 2845 | 8bc2 4181 | c080 0000 | 0041 81f8 
  0x0000028b765b92d8: 0001 0000 | 0f83 3f0c | 0000 4d63 

  0x0000028b765b92e4: ;   {oop(a 'java/lang/Integer'[256] {0x0000000741ac0c40})}
  0x0000028b765b92e4: d249 bb40 | 0cac 4107 | 0000 0047 | 8b94 9310 | 0200 004b | 8d0c d44d | 8be9 4983 | c510 4180 
  0x0000028b765b9304: 7f38 000f | 85ee 1600 | 004c 8b54 | 2420 4c89 | 5424 484c | 8bd9 4d8b | d149 83c2 | 1449 8bea 
  0x0000028b765b9324: 4c89 4c24 | 304d 8bd3 | 4d8b c349 | c1e8 0345 | 8945 004d | 8bdd 4d33 | d349 c1ea | 154d 85d2 
  0x0000028b765b9344: 741a 49c1 | eb09 48b9 | 0040 6479 | 8b02 0000 | 4903 cb80 | 3904 0f85 | 2119 0000 | 448b 4424 
  0x0000028b765b9364: 2841 81f8 | 0401 0000 

  0x0000028b765b936c: ;   {oop("inf"{0x000000075181a1b0})}
  0x0000028b765b936c: 7512 49bb | b0a1 8151 | 0700 0000 | 41ba 0401 | 0000 eb37 | 448b 5424 | 2841 81c2 | 8000 0000 
  0x0000028b765b938c: 4181 fa00 | 0100 000f | 83cd 0b00 | 004c 6354 

  0x0000028b765b939c: ;   {oop(a 'java/lang/Integer'[256] {0x0000000741ac0c40})}
  0x0000028b765b939c: 2428 49bb | 400c ac41 | 0700 0000 | 478b 9493 | 1002 0000 | 4f8d 1cd4 | 458b d041 | 807f 3800 
  0x0000028b765b93bc: 0f85 f415 | 0000 4489 | 4424 2844 | 8954 2438 | 4d8b d349 | c1ea 0344 | 8955 004c | 8bd5 4d33 
  0x0000028b765b93dc: da49 c1eb | 154d 85db | 741a 49c1 | ea09 48b9 | 0040 6479 | 8b02 0000 | 4903 ca80 | 3904 0f85 
  0x0000028b765b93fc: 3b18 0000 | 4c8b 5c24 | 4841 8b9b | bc00 0000 

  0x0000028b765b940c: ; implicit exception: dispatches to 0x0000028b765bc3bc
  0x0000028b765b940c: 458b 94dc | cc00 0000 

  0x0000028b765b9414: ; implicit exception: dispatches to 0x0000028b765bc3c8
  0x0000028b765b9414: 438b 6cd4 | 2845 8b5c 

  0x0000028b765b941c: ;   {metadata('java/lang/Boolean')}
  0x0000028b765b941c: ec08 4181 | fb68 0103 | 000f 85a5 | 2b00 004d | 8d14 ec41 | 0fb6 6a0c | 85ed 0f85 | 8428 0000 
  0x0000028b765b943c: 488b 7424 | 3048 83c6 | 1841 807f | 3800 0f85 | 0116 0000 

  0x0000028b765b9450: ;   {oop(""{0x00000007423316a0})}
  0x0000028b765b9450: c706 d462 

  0x0000028b765b9454: ;   {oop(""{0x00000007423316a0})}
  0x0000028b765b9454: 46e8 49ba | a016 3342 | 0700 0000 | 4c8b de4d | 33d3 49c1 | ea15 4d85 | d20f 84d4 | 1500 0049 
  0x0000028b765b9474: c1eb 0948 | b900 4064 | 798b 0200 | 0049 03cb | 8039 040f | 853a 1800 | 004c 8b5c | 2448 458b 
  0x0000028b765b9494: 54dc 4c43 | 8b6c d428 | 498b fb48 | 8b74 2430 | 4883 c61c | 4180 7f38 | 000f 85dc | 1500 0089 
  0x0000028b765b94b4: 2e4c 8bd5 | 49c1 e203 | 4c8b de4d | 33d3 49c1 | ea15 4d85 | d20f 84b8 | 1500 0085 | ed0f 84d5 
  0x0000028b765b94d4: 1800 0049 | c1eb 0948 | b900 4064 | 798b 0200 | 0049 03cb | 8039 040f | 854d 1900 | 004c 8bd7 
  0x0000028b765b94f4: 418b 9abc | 0000 0085 | db0f 8465 | 2600 0045 | 8b5c dc48 

  0x0000028b765b9508: ; implicit exception: dispatches to 0x0000028b765bc3f4
  0x0000028b765b9508: 438b 6cdc 

  0x0000028b765b950c: ;   {oop(a 'net/minecraft/client/CloudStatus'{0x000000074bbb79b0})}
  0x0000028b765b950c: 2881 fd36 | 6f77 e90f | 858f 2600 | 0048 8b74 | 2430 4883 | c620 4180 | 7f38 000f | 85a0 1500 
  0x0000028b765b952c: 0049 8bfa 

  0x0000028b765b9530: ;   {oop(""{0x00000007423316a0})}
  0x0000028b765b9530: c706 d462 

  0x0000028b765b9534: ;   {oop(""{0x00000007423316a0})}
  0x0000028b765b9534: 46e8 49ba | a016 3342 | 0700 0000 | 4c8b de4d | 33d3 49c1 | ea15 4d85 | d20f 8472 | 1500 0049 
  0x0000028b765b9554: c1eb 0948 | b900 4064 | 798b 0200 | 0049 03cb | 8039 040f | 85b3 1700 | 004c 8bdf | 8b9f bc00 
  0x0000028b765b9574: 0000 85db | 0f84 df25 | 0000 458b | 94dc a800 | 0000 438b | 7cd4 2848 | 8b5c 2430 | 4883 c324 
  0x0000028b765b9594: 4180 7f38 | 000f 859d | 1500 004c | 895c 2420 | 893b 488b | 7424 3048 | 83c6 284c | 8bd7 49c1 
  0x0000028b765b95b4: e203 4c8b | db4d 33d3 | 49c1 ea15 | 4d85 d274 | 1e85 ff74 | 1a49 c1eb | 0948 b900 | 4064 798b 
  0x0000028b765b95d4: 0200 0049 | 03cb 8039 | 040f 85a1 | 1800 0041 | 807f 3800 | 0f85 1815 

  0x0000028b765b95ec: ;   {oop(""{0x00000007423316a0})}
  0x0000028b765b95ec: 0000 c706 | d462 46e8 

  0x0000028b765b95f4: ;   {oop(""{0x00000007423316a0})}
  0x0000028b765b95f4: 49ba a016 | 3342 0700 | 0000 4c8b | de4d 33d3 | 49c1 ea15 | 4d85 d274 | 1a49 c1eb | 0948 b900 
  0x0000028b765b9614: 4064 798b | 0200 0049 | 03cb 8039 | 040f 853f | 1700 0049 | 8b87 0801 | 0000 4c8b | d049 83c2 
  0x0000028b765b9634: 204d 3b97 | 1801 0000 | 0f83 cb1a | 0000 4d89 | 9708 0100 | 0041 0f0d | 8ac0 0000 | 0048 c700 
  0x0000028b765b9654: 0100 0000 

  0x0000028b765b9658: ;   {metadata('java/util/Formatter')}
  0x0000028b765b9658: c740 0898 | 5a10 0044 | 8960 0c4c | 8960 104c | 8960 184c | 8bd8 498b | 8708 0100 | 004c 8bd0 
  0x0000028b765b9678: 4983 c218 | 4d3b 9718 | 0100 000f | 836d 1a00 | 004d 8997 | 0801 0000 | 410f 0d8a | c000 0000 
  0x0000028b765b9698: 48c7 0001 

  0x0000028b765b969c: ;   {metadata('java/lang/StringBuilder')}
  0x0000028b765b969c: 0000 00c7 | 4008 f0f4 | 0000 4489 | 600c 4c89 | 6010 498b | eb4c 8bd0 | 4c89 5424 | 4049 8bd2 
  0x0000028b765b96bc: 41b8 1000 

  0x0000028b765b96c0: ;   {optimized virtual_call}
  0x0000028b765b96c0: 0000 90e8 

  0x0000028b765b96c4: ; ImmutableOopMap {rbp=Oop [32]=Oop [48]=Oop [64]=Oop }
                      ;*invokespecial <init> {reexecute=0 rethrow=0 return_oop=0}
                      ; - java.lang.StringBuilder::<init>@3 (line 106)
                      ; - java.util.Formatter::<init>@6 (line 2022)
                      ; - java.lang.String::format@5 (line 4186)
                      ; - net.minecraft.client.Minecraft::runTick@1122 (line 1214)
  0x0000028b765b96c4: 78b1 0eff | 4180 7f38 | 000f 85e1 | 1400 004c | 8bc5 41ba | feff 0000 | 6645 8950 | 0c4c 8b54 
  0x0000028b765b96e4: 2440 4d8b | da49 c1eb | 0345 8958 | 104d 8bd8 | 4d33 d349 | c1ea 154d | 85d2 741a | 49c1 eb09 
  0x0000028b765b9704: 48b9 0040 | 6479 8b02 | 0000 4903 | cb80 3904 | 0f85 df16 | 0000 4180 | 7f38 000f | 8552 1400 
  0x0000028b765b9724: ;   {oop(a 'java/util/Locale'{0x00000007421c3a88})}
  0x0000028b765b9724: 0041 c740 | 1451 8743 

  0x0000028b765b972c: ;   {oop(a 'java/util/Locale'{0x00000007421c3a88})}
  0x0000028b765b972c: e849 ba88 | 3a1c 4207 | 0000 004d | 8bd8 4d33 | d349 c1ea | 154d 85d2 | 741a 49c1 | eb09 48b9 
  0x0000028b765b974c: 0040 6479 | 8b02 0000 | 4903 cb80 | 3904 0f85 | 5416 0000 | 458b 5810 | 458b 5014 | 4585 db0f 
  0x0000028b765b976c: 845b 2500 | 0044 8954 | 243c 4c89 | 4424 4049 | 8b87 0801 | 0000 4c8b | d049 83c2 | 184d 3b97 
  0x0000028b765b978c: 1801 0000 | 0f83 8b19 | 0000 4d89 | 9708 0100 | 0041 0f0d | 8ac0 0000 | 0048 c700 | 0100 0000 
  0x0000028b765b97ac: ;   {metadata('java/util/ArrayList')}
  0x0000028b765b97ac: c740 0820 | df00 0044 | 8960 0c44 

  0x0000028b765b97b8: ;   {oop(a 'java/lang/Object'[0] {0x0000000742385290})}
  0x0000028b765b97b8: 8960 10c7 | 4014 520a | 47e8 4c8b | d833 ed45 | 33c0 660f | 1f44 0000 | 4489 4424 | 2c4c 895c 
  0x0000028b765b97d8: ;   {oop("%d fps T: %s%s%s%s B: %d%s"{0x000000074d9ed6f8})}
  0x0000028b765b97d8: 2448 48ba | f8d6 9e4d | 0700 0000 | 41b8 2500 | 0000 448b 

  0x0000028b765b97ec: ;   {optimized virtual_call}
  0x0000028b765b97ec: 4c24 2ce8 

  0x0000028b765b97f0: ; ImmutableOopMap {rbp=Oop [32]=Oop [48]=Oop [60]=NarrowOop [64]=Oop [72]=Oop }
                      ;*invokevirtual indexOf {reexecute=0 rethrow=0 return_oop=0}
                      ; - java.util.Formatter::parse@29 (line 2720)
                      ; - java.util.Formatter::format@12 (line 2671)
                      ; - java.util.Formatter::format@7 (line 2625)
                      ; - java.lang.String::format@10 (line 4186)
                      ; - net.minecraft.client.Minecraft::runTick@1122 (line 1214)
  0x0000028b765b97f0: 4cef a5ff | 448b c085 | c00f 8c85 | 0100 0044 | 8b4c 242c | 443b c80f | 8484 0000 | 0089 4424 
  0x0000028b765b9810: 5049 8b87 | 0801 0000 | 4c8b d049 | 83c2 204d | 3b97 1801 | 0000 0f83 | 0919 0000 | 4d89 9708 
  0x0000028b765b9830: 0100 0041 | 0f0d 8ac0 | 0000 0048 | c700 0100 

  0x0000028b765b9840: ;   {metadata('java/util/Formatter$FixedString')}
  0x0000028b765b9840: 0000 c740 | 08f0 b114 | 0144 8960 | 0c4c 8960 | 104c 8960 | 184c 8bd0 | 4c89 5424 | 5849 8bd2 
  0x0000028b765b9860: 4c8b 4424 

  0x0000028b765b9864: ;   {oop("%d fps T: %s%s%s%s B: %d%s"{0x000000074d9ed6f8})}
  0x0000028b765b9864: 4049 b9f8 | d69e 4d07 | 0000 008b | 7c24 2c8b 

  0x0000028b765b9874: ;   {optimized virtual_call}
  0x0000028b765b9874: 7424 50e8 

  0x0000028b765b9878: ; ImmutableOopMap {rbp=Oop [32]=Oop [48]=Oop [60]=NarrowOop [64]=Oop [72]=Oop [88]=Oop }
                      ;*invokespecial <init> {reexecute=0 rethrow=0 return_oop=0}
                      ; - java.util.Formatter::parse@75 (line 2729)
                      ; - java.util.Formatter::format@12 (line 2671)
                      ; - java.util.Formatter::format@7 (line 2625)
                      ; - java.lang.String::format@10 (line 4186)
                      ; - net.minecraft.client.Minecraft::runTick@1122 (line 1214)
  0x0000028b765b9878: 6474 e1f7 | 488b 5424 | 484c 8b44 

  0x0000028b765b9884: ;   {optimized virtual_call}
  0x0000028b765b9884: 2458 90e8 

  0x0000028b765b9888: ; ImmutableOopMap {rbp=Oop [32]=Oop [48]=Oop [60]=NarrowOop [64]=Oop [72]=Oop }
                      ;*invokevirtual add {reexecute=0 rethrow=0 return_oop=0}
                      ; - java.util.Formatter::parse@78 (line 2729)
                      ; - java.util.Formatter::format@12 (line 2671)
                      ; - java.util.Formatter::format@7 (line 2625)
                      ; - java.lang.String::format@10 (line 4186)
                      ; - net.minecraft.client.Minecraft::runTick@1122 (line 1214)
  0x0000028b765b9888: 34e8 0aff | 448b 4424 | 5045 8bd8 | 41ff c341 | 83fb 1a0f | 8df3 2200 | 0044 895c | 242c 4489 
  0x0000028b765b98a8: ;   {oop("%d fps T: %s%s%s%s B: %d%s"{0x000000074d9ed6f8})}
  0x0000028b765b98a8: 4424 5048 | baf8 d69e | 4d07 0000 | 0045 8bc3 

  0x0000028b765b98b8: ;   {optimized virtual_call}
  0x0000028b765b98b8: 6666 90e8 

  0x0000028b765b98bc: ; ImmutableOopMap {rbp=Oop [32]=Oop [48]=Oop [60]=NarrowOop [64]=Oop [72]=Oop }
                      ;*invokevirtual charAt {reexecute=0 rethrow=0 return_oop=0}
                      ; - java.util.Formatter::parse@105 (line 2736)
                      ; - java.util.Formatter::format@12 (line 2671)
                      ; - java.util.Formatter::format@7 (line 2625)
                      ; - java.lang.String::format@10 (line 4186)
                      ; - net.minecraft.client.Minecraft::runTick@1122 (line 1214)
  0x0000028b765b98bc: 80bf 15ff | 8944 2454 

  0x0000028b765b98c4: ;   {static_call}
  0x0000028b765b98c4: 8bd0 90e8 

  0x0000028b765b98c8: ; ImmutableOopMap {rbp=Oop [32]=Oop [48]=Oop [60]=NarrowOop [64]=Oop [72]=Oop }
                      ;*invokestatic isValid {reexecute=0 rethrow=0 return_oop=0}
                      ; - java.util.Formatter::parse@112 (line 2737)
                      ; - java.util.Formatter::format@12 (line 2671)
                      ; - java.util.Formatter::format@7 (line 2625)
                      ; - java.lang.String::format@10 (line 4186)
                      ; - net.minecraft.client.Minecraft::runTick@1122 (line 1214)
  0x0000028b765b98c8: 545c cbf8 | 85c0 0f84 | ad0a 0000 | 498b 8708 | 0100 004c | 8bd0 4983 | c228 4d3b | 9718 0100 
  0x0000028b765b98e8: 000f 83c1 | 1700 004d | 8997 0801 | 0000 410f | 0d8a c000 | 0000 48c7 | 0001 0000 

  0x0000028b765b9904: ;   {metadata('java/util/Formatter$FormatSpecifier')}
  0x0000028b765b9904: 00c7 4008 | e8ab 1300 | 4489 600c | 4c89 6010 | 4c89 6018 | 4c89 6020 | 4c8b d04c | 8954 2458 
  0x0000028b765b9924: 498b d24c | 8b44 2440 | 448b 4c24 

  0x0000028b765b9930: ;   {optimized virtual_call}
  0x0000028b765b9930: 5466 90e8 

  0x0000028b765b9934: ; ImmutableOopMap {rbp=Oop [32]=Oop [48]=Oop [60]=NarrowOop [64]=Oop [72]=Oop [88]=Oop }
                      ;*invokespecial <init> {reexecute=0 rethrow=0 return_oop=0}
                      ; - java.util.Formatter::parse@126 (line 2738)
                      ; - java.util.Formatter::format@12 (line 2671)
                      ; - java.util.Formatter::format@7 (line 2625)
                      ; - java.lang.String::format@10 (line 4186)
                      ; - net.minecraft.client.Minecraft::runTick@1122 (line 1214)
  0x0000028b765b9934: 8815 8cf8 | 488b 5424 | 484c 8b44 

  0x0000028b765b9940: ;   {optimized virtual_call}
  0x0000028b765b9940: 2458 90e8 

  0x0000028b765b9944: ; ImmutableOopMap {rbp=Oop [32]=Oop [48]=Oop [60]=NarrowOop [64]=Oop [72]=Oop }
                      ;*invokevirtual add {reexecute=0 rethrow=0 return_oop=0}
                      ; - java.util.Formatter::parse@129 (line 2738)
                      ; - java.util.Formatter::format@12 (line 2671)
                      ; - java.util.Formatter::format@7 (line 2625)
                      ; - java.lang.String::format@10 (line 4186)
                      ; - net.minecraft.client.Minecraft::runTick@1122 (line 1214)
  0x0000028b765b9944: 78e7 0aff | 8b44 2450 | 83c0 024d | 8b97 5803 

  0x0000028b765b9954: ; ImmutableOopMap {rbp=Oop [32]=Oop [48]=Oop [60]=NarrowOop [64]=Oop [72]=Oop }
                      ;*goto {reexecute=1 rethrow=0 return_oop=0}
                      ; - (reexecute) java.util.Formatter::parse@211 (line 2753)
                      ; - java.util.Formatter::format@12 (line 2671)
                      ; - java.util.Formatter::format@7 (line 2625)
                      ; - java.lang.String::format@10 (line 4186)
                      ; - net.minecraft.client.Minecraft::runTick@1122 (line 1214)
                      ;   {poll}
  0x0000028b765b9954: 0000 4185 | 0283 f81a | 0f8d 9e00 | 0000 4c8b | 5c24 4844 | 8bc0 e961 | feff ff45 | 8bd3 448b 
  0x0000028b765b9974: 4424 5844 | 8b5c 245c | 458b cae9 | c400 0000 | 498b 8708 | 0100 004c | 8bd0 4983 | c220 4d3b 
  0x0000028b765b9994: 9718 0100 | 000f 83e7 | 1a00 004d | 8997 0801 | 0000 410f | 0d8a c000 | 0000 48c7 | 0001 0000 
  0x0000028b765b99b4: ;   {metadata('java/util/Formatter$FixedString')}
  0x0000028b765b99b4: 00c7 4008 | f0b1 1401 | 4489 600c | 4c89 6010 | 4c89 6018 | 4c8b d049 | 8bea be1a | 0000 0049 
  0x0000028b765b99d4: 8bd2 4c8b 

  0x0000028b765b99d8: ;   {oop("%d fps T: %s%s%s%s B: %d%s"{0x000000074d9ed6f8})}
  0x0000028b765b99d8: 4424 4049 | b9f8 d69e | 4d07 0000 | 008b 7c24 

  0x0000028b765b99e8: ;   {optimized virtual_call}
  0x0000028b765b99e8: 2c66 90e8 

  0x0000028b765b99ec: ; ImmutableOopMap {rbp=Oop [32]=Oop [48]=Oop [60]=NarrowOop [64]=Oop [72]=Oop }
                      ;*invokespecial <init> {reexecute=0 rethrow=0 return_oop=0}
                      ; - java.util.Formatter::parse@49 (line 2724)
                      ; - java.util.Formatter::format@12 (line 2671)
                      ; - java.util.Formatter::format@7 (line 2625)
                      ; - java.lang.String::format@10 (line 4186)
                      ; - net.minecraft.client.Minecraft::runTick@1122 (line 1214)
  0x0000028b765b99ec: 9079 a1fe | 488b 5424 | 484c 8bc5 

  0x0000028b765b99f8: ;   {optimized virtual_call}
  0x0000028b765b99f8: 6666 90e8 

  0x0000028b765b99fc: ; ImmutableOopMap {[32]=Oop [48]=Oop [60]=NarrowOop [64]=Oop [72]=Oop }
                      ;*invokevirtual add {reexecute=0 rethrow=0 return_oop=0}
                      ; - java.util.Formatter::parse@52 (line 2724)
                      ; - java.util.Formatter::format@12 (line 2671)
                      ; - java.util.Formatter::format@7 (line 2625)
                      ; - java.lang.String::format@10 (line 4186)
                      ; - net.minecraft.client.Minecraft::runTick@1122 (line 1214)
  0x0000028b765b99fc: 8079 a1fe | 488b 6c24 | 4844 8b55 

  0x0000028b765b9a08: ;   {metadata('java/util/ArrayList')}
  0x0000028b765b9a08: 0841 81fa | 20df 0000 | 0f85 5e21 | 0000 4c8b | dd45 8b53 | 1045 85d2 | 0f8e 7ef7 | ffff 4c89 
  0x0000028b765b9a28: 5c24 4844 | 8b54 243c | 49c1 e203 | 4c89 5424 | 5041 b8ff | ffff ff41 | bbff ffff | ff45 33c9 
  0x0000028b765b9a48: 4489 4c24 | 6044 895c | 245c 4489 | 4424 5848 | 8b54 2448 

  0x0000028b765b9a5c: ;   {optimized virtual_call}
  0x0000028b765b9a5c: 458b c1e8 

  0x0000028b765b9a60: ; ImmutableOopMap {[32]=Oop [48]=Oop [60]=NarrowOop [64]=Oop [72]=Oop [80]=Oop }
                      ;*invokeinterface get {reexecute=0 rethrow=0 return_oop=1}
                      ; - java.util.Formatter::format@36 (line 2673)
                      ; - java.util.Formatter::format@7 (line 2625)
                      ; - java.lang.String::format@10 (line 4186)
                      ; - net.minecraft.client.Minecraft::runTick@1122 (line 1214)
  0x0000028b765b9a60: 3ce2 18ff | 4c8b c044 | 8b50 0848 | be00 0000 | 078b 0200 | 0049 03f2 | 4c8b 5e20 

  0x0000028b765b9a7c: ;   {metadata('java/util/Formatter$FormatString')}
  0x0000028b765b9a7c: 49b9 30ae | 1307 8b02 | 0000 4d3b | d90f 85bf | 0100 0049 | 8be8 448b 

  0x0000028b765b9a94: ;   {metadata('java/util/Formatter$FixedString')}
  0x0000028b765b9a94: 4d08 4181 | f9f0 b114 | 010f 84bd 

  0x0000028b765b9aa0: ;   {metadata('java/util/Formatter$FormatSpecifier')}
  0x0000028b765b9aa0: f6ff ff41 | 81f9 e8ab | 1300 0f85 | d020 0000 | 8b6d 0c83 | fdfe 0f84 | a4f6 ffff | 85ed 7563 
  0x0000028b765b9ac0: 448b 4c24 | 5c41 ffc1 | 4489 4c24 | 5841 83f9 | 060f 8f8d | 2300 0041 | 83f9 070f | 838f 2200 
  0x0000028b765b9ae0: 004c 635c | 245c 4c8b | 4c24 3043 | 8b6c 9914 

  0x0000028b765b9af0: ;   {metadata('java/util/Formatter$FormatSpecifier')}
  0x0000028b765b9af0: 4181 fae8 | ab13 000f | 85ab 2200 | 0049 8bd0 | 4c8b c549 | c1e0 034c | 8b4c 2450 

  0x0000028b765b9b0c: ;   {optimized virtual_call}
  0x0000028b765b9b0c: 6666 90e8 

  0x0000028b765b9b10: ; ImmutableOopMap {[32]=Oop [48]=Oop [60]=NarrowOop [64]=Oop [72]=Oop [80]=Oop }
                      ;*invokeinterface print {reexecute=0 rethrow=0 return_oop=0}
                      ; - java.util.Formatter::format@202 (line 2689)
                      ; - java.util.Formatter::format@7 (line 2625)
                      ; - java.lang.String::format@10 (line 4186)
                      ; - net.minecraft.client.Minecraft::runTick@1122 (line 1214)
  0x0000028b765b9b10: 4c23 eaf7 | 448b 5424 | 5844 8954 | 245c e95d | f6ff ff44 | 8bdd 41ff | c341 83fb | 010f 87bd 
  0x0000028b765b9b30: 2100 0044 | 8b4c 2458 | 4183 f907 | 0f83 d221 | 0000 4c8b | 5c24 3043 | 8b6c 8b10 

  0x0000028b765b9b4c: ;   {metadata('java/util/Formatter$FormatSpecifier')}
  0x0000028b765b9b4c: 4181 fae8 | ab13 000f | 85ef 2100 | 0049 8bd0 | 4c8b c549 | c1e0 034c | 8b4c 2450 

  0x0000028b765b9b68: ;   {optimized virtual_call}
  0x0000028b765b9b68: 6666 90e8 

  0x0000028b765b9b6c: ; ImmutableOopMap {[32]=Oop [48]=Oop [60]=NarrowOop [64]=Oop [72]=Oop [80]=Oop }
                      ;*invokeinterface print {reexecute=0 rethrow=0 return_oop=0}
                      ; - java.util.Formatter::format@144 (line 2682)
                      ; - java.util.Formatter::format@7 (line 2625)
                      ; - java.lang.String::format@10 (line 4186)
                      ; - net.minecraft.client.Minecraft::runTick@1122 (line 1214)
  0x0000028b765b9b6c: 1078 a1fe | e90b f6ff | ff4c 3bc6 | 0f85 64dc | ffff e901 | ddff ff85 | f60f 846b | deff ff4d 
  0x0000028b765b9b8c: 8b57 204d | 85d2 0f84 | 3814 0000 | 4d8b 5f30 | 4f89 4413 | f849 83c2 | f84d 8957 | 20e9 48de 
  0x0000028b765b9bac: ffff 448b | 5d00 4585 | db0f 8417 | ddff ff4d | 8b57 2049 | 8bcb 48c1 | e103 4d85 | d20f 8421 
  0x0000028b765b9bcc: 1400 004d | 8b5f 304b | 894c 13f8 | 4983 c2f8 | 4d89 5720 | e9ed dcff | ff4d 8b57 | 404d 8b5f 
  0x0000028b765b9bec: 50f0 8344 | 24c0 0080 | 3900 0f84 | 05dd ffff | 4488 214d | 85d2 7515 | 498b d749 | ba40 487b 
  0x0000028b765b9c0c: e1f8 7f00 | 0041 ffd2 | e9e8 dcff | ff4b 894c | 13f8 4983 | c2f8 4d89 | 5740 e9d6 | dcff ff44 
  0x0000028b765b9c2c: 8b44 242c | 453b c20f | 85ea 0c00 | 0044 8b5d | 0c4d 8bf3 | 49c1 e603 | 4489 5424 | 2ce9 1ae2 
  0x0000028b765b9c4c: ;   {metadata('java/util/Formatter$FormatString')}
  0x0000028b765b9c4c: ffff 48b8 | 30ae 1307 | 8b02 0000 | 488b 7e28 | 8b0f 4883 | c708 4885 | c0f2 48af | 0f85 0400 
  0x0000028b765b9c6c: 0000 4889 | 4620 0f84 | 17fe ffff | bade ffff | ff44 8b54 | 2438 4489 | 5424 2844 | 8b5c 243c 
  0x0000028b765b9c8c: 4489 5c24 | 2c44 8b54 | 2458 4489 | 5424 3844 | 8b5c 245c | 4489 5c24 | 3c4c 8944 

  0x0000028b765b9ca8: ;   {runtime_call UncommonTrapBlob}
  0x0000028b765b9ca8: 2458 90e8 

  0x0000028b765b9cac: ; ImmutableOopMap {[32]=Oop [44]=NarrowOop [48]=Oop [64]=Oop [72]=Oop [88]=Oop }
                      ;*checkcast {reexecute=0 rethrow=0 return_oop=0}
                      ; - java.util.Formatter::format@41 (line 2673)
                      ; - java.util.Formatter::format@7 (line 2625)
                      ; - java.lang.String::format@10 (line 4186)
                      ; - net.minecraft.client.Minecraft::runTick@1122 (line 1214)
  0x0000028b765b9cac: 50cc a1fe | 4789 64cc | 1433 dbe9 | 39f0 ffff | 4c89 5c24 | 384c 894c | 2428 4c89 | 5424 204d 
  0x0000028b765b9ccc: 8d14 ec49 | 8bd2 4c89 

  0x0000028b765b9cd4: ;   {optimized virtual_call}
  0x0000028b765b9cd4: 5424 50e8 

  0x0000028b765b9cd8: ; ImmutableOopMap {rbp=NarrowOop [32]=Oop [40]=Oop [56]=Oop [80]=Oop }
                      ;*invokevirtual buildCache {reexecute=0 rethrow=0 return_oop=0}
                      ; - net.minecraftforge.eventbus.ListenerList$ListenerListInst::getListeners@8 (line 217)
                      ; - net.minecraftforge.eventbus.ListenerList::getListeners@6 (line 123)
                      ; - net.minecraftforge.eventbus.EventBus::post@62 (line 308)
                      ; - net.minecraftforge.eventbus.EventBus::post@7 (line 296)
                      ; - net.minecraftforge.event.ForgeEventFactory::onRenderTickStart@14 (line 905)
                      ; - net.minecraft.client.Minecraft::runTick@420 (line 1144)
  0x0000028b765b9cd8: a476 a1fe | 4c8b 5424 | 204c 8b4c | 2428 4c8b | 5c24 38e9 | 3be6 ffff | 4c89 5424 | 304c 895c 
  0x0000028b765b9cf8: 2428 4d8d | 14ec 498b | d24c 8954 

  0x0000028b765b9d04: ;   {optimized virtual_call}
  0x0000028b765b9d04: 2440 90e8 

  0x0000028b765b9d08: ; ImmutableOopMap {rbp=NarrowOop [32]=Oop [40]=Oop [48]=Oop [64]=Oop }
                      ;*invokevirtual buildCache {reexecute=0 rethrow=0 return_oop=0}
                      ; - net.minecraftforge.eventbus.ListenerList$ListenerListInst::getListeners@8 (line 217)
                      ; - net.minecraftforge.eventbus.ListenerList::getListeners@6 (line 123)
                      ; - net.minecraftforge.eventbus.EventBus::post@62 (line 308)
                      ; - net.minecraftforge.eventbus.EventBus::post@7 (line 296)
                      ; - net.minecraftforge.event.ForgeEventFactory::onRenderTickEnd@14 (line 910)
                      ; - net.minecraft.client.Minecraft::runTick@478 (line 1148)
  0x0000028b765b9d08: 7476 a1fe | 4c8b 5c24 | 284c 8b54 | 2430 e981 | e7ff ff45 

  0x0000028b765b9d1c: ;   {metadata('net/minecraft/client/sounds/SoundEngine$$Lambda$9112+0x0000028b0919c210')}
  0x0000028b765b9d1c: 8b59 0841 | 81fb 10c2 | 1902 0f85 | bc20 0000 | 458b 510c | 458b 5918 | 418b 7910 | 458b 4914 
  0x0000028b765b9d3c: ; implicit exception: dispatches to 0x0000028b765bc40c
  0x0000028b765b9d3c: 438b 5cd4 | 2885 db0f | 8483 2000 | 0041 807f | 3800 0f85 | bf12 0000 | 4189 7cdc | 1048 8bcf 
  0x0000028b765b9d5c: 48c1 e103 | 48c1 e303 | 4833 cb48 | c1e9 1548 | 85c9 741e | 85ff 741a | 48c1 eb09 | 48b9 0040 
  0x0000028b765b9d7c: 6479 8b02 | 0000 4803 | cb80 3904 | 0f85 bc12 | 0000 c4c1 | 735a 4cfc 

  0x0000028b765b9d94: ;   {oop(a 'java/lang/Class'{0x000000074d7b78b8} = 'org/lwjgl/openal/AL')}
  0x0000028b765b9d94: 1048 b9b8 | 787b 4d07 | 0000 008b | 6978 418b | 5cec 08c4 | c17b 5a44 | fc20 c4c1 | 635a 5cfc 
  0x0000028b765b9db4: ;   {metadata('org/lwjgl/openal/AL$ICDStatic')}
  0x0000028b765b9db4: 1881 fba0 | 1bc3 010f | 8543 2000 | 00c5 f97e | c144 894c | 2444 4489 | 5c24 2c4c | 8944 2438 
  0x0000028b765b9dd4: 4c89 6c24 | 204b 8d2c | d444 8954 

  0x0000028b765b9de0: ;   {oop(a 'org/lwjgl/openal/ALCapabilities'{0x00000007516e4ed8})}
  0x0000028b765b9de0: 2428 49ba | d84e 6e51 | 0700 0000 | 4d8b 82a0 | 0000 00ba | 0410 0000 | c5f8 28c1 | c5f8 28cb 
  0x0000028b765b9e00: c5f9 6ed1 

  0x0000028b765b9e04: ;   {static_call}
  0x0000028b765b9e04: 6666 90e8 

  0x0000028b765b9e08: ; ImmutableOopMap {rbp=Oop [32]=Oop [40]=NarrowOop [44]=NarrowOop [56]=Oop [68]=NarrowOop }
                      ;*invokestatic invokeV {reexecute=0 rethrow=0 return_oop=0}
                      ; - org.lwjgl.openal.AL10::alListener3f@14 (line 484)
                      ; - com.mojang.blaze3d.audio.Listener::setListenerPosition@23 (line 16)
                      ; - net.minecraft.client.sounds.SoundEngine::lambda$updateSource$12@5 (line 480)
                      ; - net.minecraft.client.sounds.SoundEngine$$Lambda$9112/0x0000028b0919c210::run@16
                      ; - net.minecraft.util.thread.BlockableEventLoop::execute@20 (line 90)
                      ; - net.minecraft.client.sounds.SoundEngine::updateSource@44 (line 479)
                      ; - net.minecraft.client.sounds.SoundManager::updateSource@5 (line 158)
                      ; - net.minecraft.client.Minecraft::runTick@238 (line 1121)
  0x0000028b765b9e08: 747b a1fe | 448b 5c24 | 2847 3b64 | dc28 0f84 | bc1f 0000 | 4d8b 8708 | 0100 004d | 8bd0 4983 
  0x0000028b765b9e28: c228 4d3b | 9718 0100 | 000f 8315 | 1b00 004d | 8997 0801 | 0000 410f | 0d8a c000 | 0000 49c7 
  0x0000028b765b9e48: 0001 0000 | 0041 0f0d | 8a00 0100 

  0x0000028b765b9e54: ;   {metadata({type array float})}
  0x0000028b765b9e54: 0041 c740 | 0858 6300 | 0041 0f0d | 8a40 0100 | 0041 c740 | 0c06 0000 | 0041 0f0d | 8a80 0100 
  0x0000028b765b9e74: 004d 8960 | 104d 8960 | 184d 8960 | 2044 8b54 | 2444 c481 | 7a10 4cd4 | 0cc4 c17a | 1148 10c4 
  0x0000028b765b9e94: 817a 1044 | d414 c481 | 7a10 54d4 | 10c4 c17a | 1150 14c4 | c17a 1140 | 1844 8b5c | 242c c481 
  0x0000028b765b9eb4: 7a10 44dc | 0cc4 c17a 

  0x0000028b765b9ebc: ;   {oop(a 'java/lang/Class'{0x000000074d7b78b8} = 'org/lwjgl/openal/AL')}
  0x0000028b765b9ebc: 1140 1c49 | bab8 787b | 4d07 0000 | 0041 8b6a | 78c4 817a | 104c dc10 | c4c1 7a11 | 4820 c481 
  0x0000028b765b9edc: 7a10 44dc | 14c4 c17a | 1140 2445 | 8b5c ec08 

  0x0000028b765b9eec: ;   {metadata('org/lwjgl/openal/AL$ICDStatic')}
  0x0000028b765b9eec: 4181 fba0 | 1bc3 010f | 854f 1f00 

  0x0000028b765b9ef8: ;   {oop(a 'org/lwjgl/openal/ALCapabilities'{0x00000007516e4ed8})}
  0x0000028b765b9ef8: 0049 bbd8 | 4e6e 5107 | 0000 004d | 8b8b a800 | 0000 ba0f | 1000 0048 | 8b6c 2420 

  0x0000028b765b9f14: ;   {static_call}
  0x0000028b765b9f14: 6666 90e8 

  0x0000028b765b9f18: ; ImmutableOopMap {rbp=Oop [32]=Oop [56]=Oop }
                      ;*invokestatic invokePV {reexecute=0 rethrow=0 return_oop=0}
                      ; - org.lwjgl.openal.AL10::alListenerfv@21 (line 1647)
                      ; - com.mojang.blaze3d.audio.Listener::setListenerOrientation@49 (line 24)
                      ; - net.minecraft.client.sounds.SoundEngine::lambda$updateSource$12@14 (line 481)
                      ; - net.minecraft.client.sounds.SoundEngine$$Lambda$9112/0x0000028b0919c210::run@16
                      ; - net.minecraft.util.thread.BlockableEventLoop::execute@20 (line 90)
                      ; - net.minecraft.client.sounds.SoundEngine::updateSource@44 (line 479)
                      ; - net.minecraft.client.sounds.SoundManager::updateSource@5 (line 158)
                      ; - net.minecraft.client.Minecraft::runTick@238 (line 1121)
  0x0000028b765b9f18: 647a a1fe | e967 e0ff | ff49 8b8f | 0801 0000 | 4c8b d949 | 83c3 104d | 3b9f 1801 | 0000 0f83 
  0x0000028b765b9f38: 341a 0000 | 4d89 9f08 | 0100 0041 | 0f0d 8bc0 | 0000 0048 | c701 0100 

  0x0000028b765b9f50: ;   {metadata('java/lang/Integer')}
  0x0000028b765b9f50: 0000 c741 | 0878 1904 | 0044 8961 | 0c44 8951 | 0ce9 95f3 | ffff 4d8b | 9f08 0100 | 004d 8bd3 
  0x0000028b765b9f70: 4983 c210 | 4d3b 9718 | 0100 000f | 8368 1a00 | 004d 8997 | 0801 0000 | 410f 0d8a | c000 0000 
  0x0000028b765b9f90: 49c7 0301 

  0x0000028b765b9f94: ;   {metadata('java/lang/Integer')}
  0x0000028b765b9f94: 0000 0041 | c743 0878 | 1904 0045 | 8963 0c45 | 8943 0ce9 | 08f4 ffff | 458b 54dc | 6445 85d2 
  0x0000028b765b9fb4: 0f84 a7d6 | ffff 4d8b | 5f20 498b | ca48 c1e1 | 034d 85db | 0f84 3a15 | 0000 4d8b | 5730 4b89 
  0x0000028b765b9fd4: 4c1a f849 | 83c3 f84d | 895f 20e9 | 7dd6 ffff | 458b 54dc | 6445 85d2 | 0f84 cddc | ffff 4d8b 
  0x0000028b765b9ff4: 5f20 498b | ca48 c1e1 | 034d 85db | 0f84 1715 | 0000 4d8b | 5730 4b89 | 4c1a f849 | 83c3 f84d 
  0x0000028b765ba014: 895f 20e9 | a3dc ffff | 4d8b 5740 | 4d8b 5f50 | f083 4424 | c000 8039 | 000f 846b | d6ff ff44 
  0x0000028b765ba034: 8821 4d85 | d275 1549 | 8bd7 49ba | 4048 7be1 | f87f 0000 | 41ff d2e9 | 4ed6 ffff | 4b89 4c13 
  0x0000028b765ba054: f849 83c2 | f84d 8957 | 40e9 3cd6 | ffff 458b | 5cf4 6445 | 85db 0f84 | 68eb ffff | 4d8b 5720 
  0x0000028b765ba074: 498b cb48 | c1e1 034d | 85d2 0f84 | 5416 0000 | 4d8b 5f30 | 4b89 4c13 | f849 83c2 | f84d 8957 
  0x0000028b765ba094: 20e9 3eeb | ffff 4d8b | 5740 4d8b | 5f50 f083 | 4424 c000 | 8039 000f | 844b dcff | ff44 8821 
  0x0000028b765ba0b4: 4d85 d275 | 1549 8bd7 | 49ba 4048 | 7be1 f87f | 0000 41ff | d2e9 2edc | ffff 4b89 | 4c13 f849 
  0x0000028b765ba0d4: 83c2 f84d | 8957 40e9 | 1cdc ffff | 4d8b 5740 | 4d8b 5f50 | f083 4424 | c000 8039 | 000f 841e 
  0x0000028b765ba0f4: ebff ff44 | 8821 4d85 | d275 1549 | 8bd7 49ba | 4048 7be1 | f87f 0000 | 41ff d2e9 | 01eb ffff 
  0x0000028b765ba114: 4b89 4c13 | f849 83c2 | f84d 8957 | 40e9 efea | ffff 4d8b | 5f20 4d85 | db0f 8415 | 1300 004d 
  0x0000028b765ba134: 8b4f 304f | 896c 19f8 | 4983 c3f8 | 4d89 5f20 | e95b d6ff | ff48 8beb | 4b8d 14d4 | 9048 b8f8 
  0x0000028b765ba154: b11a 098b 

  0x0000028b765ba158: ;   {virtual_call}
  0x0000028b765ba158: 0200 00e8 

  0x0000028b765ba15c: ; ImmutableOopMap {rbp=Oop }
                      ;*invokevirtual isPauseScreen {reexecute=0 rethrow=0 return_oop=0}
                      ; - net.minecraft.client.Minecraft::runTick@708 (line 1181)
  0x0000028b765ba15c: 406e 1500 | 85c0 0f84 | b307 0000 | 488b dd8b | ab70 0100 | 0085 ed0f | 857e efff | ffba f6ff 
  0x0000028b765ba17c: ;   {runtime_call UncommonTrapBlob}
  0x0000028b765ba17c: ffff 90e8 

  0x0000028b765ba180: ; ImmutableOopMap {}
                      ;*invokevirtual isPublished {reexecute=0 rethrow=0 return_oop=0}
                      ; - net.minecraft.client.Minecraft::runTick@735 (line 1181)
  0x0000028b765ba180: 7cc7 a1fe | 4585 ed0f | 84d1 e5ff | ff4d 8b57 | 204d 85d2 | 0f84 9a16 | 0000 4d8b | 5f30 4b89 
  0x0000028b765ba1a0: 4c13 f849 | 83c2 f84d | 8957 20e9 | aee5 ffff | 448b 5d00 | 4585 db0f | 8414 e6ff | ff4d 8b57 
  0x0000028b765ba1c0: 2049 8bcb | 48c1 e103 | 4d85 d20f | 8478 1600 | 004d 8b5f | 304b 894c | 13f8 4983 | c2f8 4d89 
  0x0000028b765ba1e0: 5720 e9ea | e5ff ff4d | 8b57 404d | 8b5f 50f0 | 8344 24c0 | 0080 3900 | 0f84 02e6 | ffff 4488 
  0x0000028b765ba200: 214d 85d2 | 7515 498b | d749 ba40 | 487b e1f8 | 7f00 0041 | ffd2 e9e5 | e5ff ff4b | 894c 13f8 
  0x0000028b765ba220: 4983 c2f8 | 4d89 5740 | e9d3 e5ff | ff85 f60f | 8459 d8ff | ff4d 8b57 | 204d 85d2 | 0f84 4a16 
  0x0000028b765ba240: 0000 4d8b | 5f30 4f89 | 4413 f849 | 83c2 f84d | 8957 20e9 | 36d8 ffff | 458b 5d00 | 4585 db0f 
  0x0000028b765ba260: 848e d8ff | ff4d 8b57 | 2049 8bcb | 48c1 e103 | 4d85 d20f | 842b 1600 | 004d 8b5f | 304b 894c 
  0x0000028b765ba280: 13f8 4983 | c2f8 4d89 | 5720 e964 | d8ff ff4d | 8b57 404d | 8b5f 50f0 | 8344 24c0 | 0080 3900 
  0x0000028b765ba2a0: 0f84 7dd8 | ffff 4488 | 214d 85d2 | 7515 498b | d749 ba40 | 487b e1f8 | 7f00 0041 | ffd2 e960 
  0x0000028b765ba2c0: d8ff ff4b | 894c 13f8 | 4983 c2f8 | 4d89 5740 | e94e d8ff | ff4d 8b57 | 404d 8b5f | 50f0 8344 
  0x0000028b765ba2e0: 24c0 0080 | 3900 0f84 | c0e4 ffff | 4488 214d | 85d2 7515 | 498b d749 | ba40 487b | e1f8 7f00 
  0x0000028b765ba300: 0041 ffd2 | e9a3 e4ff | ff4b 894c | 13f8 4983 | c2f8 4d89 | 5740 e991 | e4ff ff4d | 8b57 404d 
  0x0000028b765ba320: 8b5f 50f0 | 8344 24c0 | 0080 3900 | 0f84 a1d7 | ffff 4488 | 214d 85d2 | 7515 498b | d749 ba40 
  0x0000028b765ba340: 487b e1f8 | 7f00 0041 | ffd2 e984 | d7ff ff4b | 894c 13f8 | 4983 c2f8 | 4d89 5740 | e972 d7ff 
  0x0000028b765ba360: ff49 8bd0 | 4533 c04c | 8b4c 2450 | 9048 b8ff | ffff ffff 

  0x0000028b765ba374: ;   {virtual_call}
  0x0000028b765ba374: ffff ffe8 

  0x0000028b765ba378: ; ImmutableOopMap {[32]=Oop [48]=Oop [60]=NarrowOop [64]=Oop [72]=Oop [80]=Oop }
                      ;*invokeinterface print {reexecute=0 rethrow=0 return_oop=0}
                      ; - java.util.Formatter::format@88 (line 2678)
                      ; - java.util.Formatter::format@7 (line 2625)
                      ; - java.lang.String::format@10 (line 4186)
                      ; - net.minecraft.client.Minecraft::runTick@1122 (line 1214)
  0x0000028b765ba378: 0473 a1fe | e9ff edff | ff48 85ed | 0f85 621b 

  0x0000028b765ba388: ;   {oop(a 'java/util/regex/Pattern'{0x000000074493f908})}
  0x0000028b765ba388: 0000 48ba | 08f9 9344 | 0700 0000 

  0x0000028b765ba394: ;   {oop("%d fps T: %s%s%s%s B: %d%s"{0x000000074d9ed6f8})}
  0x0000028b765ba394: 49b8 f8d6 | 9e4d 0700 

  0x0000028b765ba39c: ;   {optimized virtual_call}
  0x0000028b765ba39c: 0000 90e8 

  0x0000028b765ba3a0: ; ImmutableOopMap {[32]=Oop [48]=Oop [60]=NarrowOop [64]=Oop [72]=Oop }
                      ;*invokevirtual matcher {reexecute=0 rethrow=0 return_oop=1}
                      ; - java.util.Formatter::parse@148 (line 2742)
                      ; - java.util.Formatter::format@12 (line 2671)
                      ; - java.util.Formatter::format@7 (line 2625)
                      ; - java.lang.String::format@10 (line 4186)
                      ; - net.minecraft.client.Minecraft::runTick@1122 (line 1214)
  0x0000028b765ba3a0: dc6f a1fe | 4885 c00f | 8428 1b00 | 0048 8944 | 2458 488b | d044 8b44 

  0x0000028b765ba3b8: ;   {optimized virtual_call}
  0x0000028b765ba3b8: 2450 90e8 

  0x0000028b765ba3bc: ; ImmutableOopMap {[32]=Oop [48]=Oop [60]=NarrowOop [64]=Oop [72]=Oop [88]=Oop }
                      ;*invokevirtual find {reexecute=0 rethrow=0 return_oop=0}
                      ; - java.util.Formatter::parse@157 (line 2746)
                      ; - java.util.Formatter::format@12 (line 2671)
                      ; - java.util.Formatter::format@7 (line 2625)
                      ; - java.lang.String::format@10 (line 4186)
                      ; - net.minecraft.client.Minecraft::runTick@1122 (line 1214)
  0x0000028b765ba3bc: c06f a1fe | 85c0 0f84 | 5c1b 0000 | 488b 5424 

  0x0000028b765ba3cc: ;   {optimized virtual_call}
  0x0000028b765ba3cc: 5866 90e8 

  0x0000028b765ba3d0: ; ImmutableOopMap {[32]=Oop [48]=Oop [60]=NarrowOop [64]=Oop [72]=Oop [88]=Oop }
                      ;*invokevirtual start {reexecute=0 rethrow=0 return_oop=0}
                      ; - java.util.Formatter::parse@165 (line 2746)
                      ; - java.util.Formatter::format@12 (line 2671)
                      ; - java.util.Formatter::format@7 (line 2625)
                      ; - java.lang.String::format@10 (line 4186)
                      ; - net.minecraft.client.Minecraft::runTick@1122 (line 1214)
  0x0000028b765ba3d0: ac6f a1fe | 3b44 2450 | 0f85 1a1b | 0000 498b | 8708 0100 | 004c 8bd0 | 4983 c228 | 4d3b 9718 
  0x0000028b765ba3f0: 0100 000f | 83eb 1600 | 004d 8997 | 0801 0000 | 410f 0d8a | c000 0000 | 48c7 0001 

  0x0000028b765ba40c: ;   {metadata('java/util/Formatter$FormatSpecifier')}
  0x0000028b765ba40c: 0000 00c7 | 4008 e8ab | 1300 4489 | 600c 4c89 | 6010 4c89 | 6018 4c89 | 6020 4c8b | d049 8bea 
  0x0000028b765ba42c: 498b d24c | 8b44 2440 

  0x0000028b765ba434: ;   {oop("%d fps T: %s%s%s%s B: %d%s"{0x000000074d9ed6f8})}
  0x0000028b765ba434: 49b9 f8d6 | 9e4d 0700 | 0000 488b 

  0x0000028b765ba440: ;   {optimized virtual_call}
  0x0000028b765ba440: 7c24 58e8 

  0x0000028b765ba444: ; ImmutableOopMap {rbp=Oop [32]=Oop [48]=Oop [60]=NarrowOop [64]=Oop [72]=Oop [88]=Oop }
                      ;*invokespecial <init> {reexecute=0 rethrow=0 return_oop=0}
                      ; - java.util.Formatter::parse@182 (line 2747)
                      ; - java.util.Formatter::format@12 (line 2671)
                      ; - java.util.Formatter::format@7 (line 2625)
                      ; - java.lang.String::format@10 (line 4186)
                      ; - net.minecraft.client.Minecraft::runTick@1122 (line 1214)
  0x0000028b765ba444: 386f a1fe | 488b 5424 | 484c 8bc5 

  0x0000028b765ba450: ;   {optimized virtual_call}
  0x0000028b765ba450: 6666 90e8 

  0x0000028b765ba454: ; ImmutableOopMap {[32]=Oop [48]=Oop [60]=NarrowOop [64]=Oop [72]=Oop [88]=Oop }
                      ;*invokevirtual add {reexecute=0 rethrow=0 return_oop=0}
                      ; - java.util.Formatter::parse@185 (line 2747)
                      ; - java.util.Formatter::format@12 (line 2671)
                      ; - java.util.Formatter::format@7 (line 2625)
                      ; - java.lang.String::format@10 (line 4186)
                      ; - net.minecraft.client.Minecraft::runTick@1122 (line 1214)
  0x0000028b765ba454: 286f a1fe | 488b 5424 

  0x0000028b765ba45c: ;   {optimized virtual_call}
  0x0000028b765ba45c: 5866 90e8 

  0x0000028b765ba460: ; ImmutableOopMap {[32]=Oop [48]=Oop [60]=NarrowOop [64]=Oop [72]=Oop [88]=Oop }
                      ;*invokevirtual end {reexecute=0 rethrow=0 return_oop=0}
                      ; - java.util.Formatter::parse@191 (line 2748)
                      ; - java.util.Formatter::format@12 (line 2671)
                      ; - java.util.Formatter::format@7 (line 2625)
                      ; - java.lang.String::format@10 (line 4186)
                      ; - net.minecraft.client.Minecraft::runTick@1122 (line 1214)
  0x0000028b765ba460: 1c6f a1fe | 488b 6c24 | 58e9 e1f4 | ffff 4585 | f60f 8476 | d3ff ff4d | 8b57 204d | 85d2 0f84 
  0x0000028b765ba480: 3815 0000 | 4d8b 5f30 | 4f89 4413 | f849 83c2 | f84d 8957 | 20e9 53d3 | ffff 448b | 1e45 85db 
  0x0000028b765ba4a0: 0f84 afd3 | ffff 4d8b | 5720 498b | cb48 c1e1 | 034d 85d2 | 0f84 1a15 | 0000 4d8b | 5f30 4b89 
  0x0000028b765ba4c0: 4c13 f849 | 83c2 f84d | 8957 20e9 | 85d3 ffff | 4d8b 5740 | 4d8b 5f50 | f083 4424 | c000 8039 
  0x0000028b765ba4e0: 000f 849d | d3ff ff44 | 8821 4d85 | d275 1549 | 8bd7 49ba | 4048 7be1 | f87f 0000 | 41ff d2e9 
  0x0000028b765ba500: 80d3 ffff | 4b89 4c13 | f849 83c2 | f84d 8957 | 40e9 6ed3 | ffff 4d8b | 5740 4d8b | 5f50 f083 
  0x0000028b765ba520: 4424 c000 | 8039 000f | 84d5 d9ff | ff44 8821 | 4d85 d275 | 1549 8bd7 | 49ba 4048 | 7be1 f87f 
  0x0000028b765ba540: 0000 41ff | d2e9 b8d9 | ffff 4b89 | 4c13 f849 | 83c2 f84d | 8957 40e9 | a6d9 ffff | 4d8b 5740 
  0x0000028b765ba560: 4d8b 5f50 | f083 4424 | c000 8039 | 000f 84c1 | d2ff ff44 | 8821 4d85 | d275 1549 | 8bd7 49ba 
  0x0000028b765ba580: 4048 7be1 | f87f 0000 | 41ff d2e9 | a4d2 ffff | 4b89 4c13 | f849 83c2 | f84d 8957 | 40e9 92d2 
  0x0000028b765ba5a0: ffff 4585 | ed0f 840d | e3ff ff4d | 8b57 204d | 85d2 0f84 | b414 0000 | 4d8b 5f30 | 4b89 4c13 
  0x0000028b765ba5c0: f849 83c2 | f84d 8957 | 20e9 eae2 | ffff 448b | 5500 4585 | d20f 844c | e3ff ff4d | 8b5f 2049 
  0x0000028b765ba5e0: 8bca 48c1 | e103 4d85 | db0f 8492 | 1400 004d | 8b57 304b | 894c 1af8 | 4983 c3f8 | 4d89 5f20 
  0x0000028b765ba600: e922 e3ff | ff4d 8b57 | 404d 8b5f | 50f0 8344 | 24c0 0080 | 3900 0f84 | 3be3 ffff | 4488 214d 
  0x0000028b765ba620: 85d2 7515 | 498b d749 | ba40 487b | e1f8 7f00 | 0041 ffd2 | e91e e3ff | ff4b 894c | 13f8 4983 
  0x0000028b765ba640: c2f8 4d89 | 5740 e90c | e3ff ff4d | 8b57 404d | 8b5f 50f0 | 8344 24c0 | 0080 3900 | 0f84 a4e2 
  0x0000028b765ba660: ffff 4488 | 214d 85d2 | 7515 498b | d749 ba40 | 487b e1f8 | 7f00 0041 | ffd2 e987 | e2ff ff4b 
  0x0000028b765ba680: 894c 13f8 | 4983 c2f8 | 4d89 5740 | e975 e2ff | ff44 0fb6 | 5b61 448b | 9384 0000 | 0045 85db 
  0x0000028b765ba6a0: 0f84 8502 | 0000 c481 | 7a10 44d4 | 0cc5 fa11 | 434c 4488 | 4361 f083 | 4424 c000 | e9ac e5ff 
  0x0000028b765ba6c0: ff45 85db | 0f84 56d8 | ffff 4d8b | 5720 498b | cb48 c1e1 | 034d 85d2 | 0f84 ce13 | 0000 4d8b 
  0x0000028b765ba6e0: 4730 4b89 | 4c10 f849 | 83c2 f84d | 8957 20e9 | 2cd8 ffff | 4d8b 5750 | 4d8b 5f40 | f083 4424 
  0x0000028b765ba700: c000 8039 | 000f 8457 | d8ff ff44 | 8821 4d85 | db75 1549 | 8bd7 49ba | 4048 7be1 | f87f 0000 
  0x0000028b765ba720: 41ff d2e9 | 3ad8 ffff | 4b89 4c1a | f849 83c3 | f84d 895f | 40e9 28d8 | ffff 443b | c50f 830d 
  0x0000028b765ba740: 1800 0042 | 8b4c 8710 

  0x0000028b765ba748: ; implicit exception: dispatches to 0x0000028b765bc46c
  0x0000028b765ba748: 418b 5ccc 

  0x0000028b765ba74c: ;   {metadata('net/minecraftforge/eventbus/api/EventPriority')}
  0x0000028b765ba74c: 0881 fb70 | c8b3 010f | 855d e7ff | ffe9 abe7 | ffff 443b | cd0f 8325 | 1800 0042 | 8b4c 8b10 
  0x0000028b765ba76c: ; implicit exception: dispatches to 0x0000028b765bc49c
  0x0000028b765ba76c: 458b 44cc 

  0x0000028b765ba770: ;   {metadata('net/minecraftforge/eventbus/api/EventPriority')}
  0x0000028b765ba770: 0841 81f8 | 70c8 b301 | 0f85 cae7 | ffff e90d | e8ff ffc5 | fa11 4c24 | 284c 894c | 2420 498b 
  0x0000028b765ba790: ;   {metadata('net/minecraftforge/event/TickEvent$RenderTickEvent')}
  0x0000028b765ba790: ea48 bad0 | 70c8 088b 

  0x0000028b765ba798: ;   {runtime_call _new_instance_Java}
  0x0000028b765ba798: 0200 00e8 

  0x0000028b765ba79c: ; ImmutableOopMap {rbp=Oop [32]=Oop }
                      ;*new {reexecute=0 rethrow=0 return_oop=1}
                      ; - net.minecraftforge.event.ForgeEventFactory::onRenderTickStart@3 (line 905)
                      ; - net.minecraft.client.Minecraft::runTick@420 (line 1144)
  0x0000028b765ba79c: 605f acfe | 4c8b d54c | 8b4c 2420 | c5fa 104c | 2428 e9f1 | daff ffc5 | fa11 4424 | 2849 8beb 
  0x0000028b765ba7bc: ;   {metadata('net/minecraftforge/event/TickEvent$RenderTickEvent')}
  0x0000028b765ba7bc: 48ba d070 | c808 8b02 

  0x0000028b765ba7c4: ;   {runtime_call _new_instance_Java}
  0x0000028b765ba7c4: 0000 90e8 

  0x0000028b765ba7c8: ; ImmutableOopMap {rbp=Oop [32]=Oop }
                      ;*new {reexecute=0 rethrow=0 return_oop=1}
                      ; - net.minecraftforge.event.ForgeEventFactory::onRenderTickEnd@3 (line 910)
                      ; - net.minecraft.client.Minecraft::runTick@478 (line 1148)
  0x0000028b765ba7c8: 345f acfe | 4c8b ddc5 | fa10 4424 | 28e9 44dc | ffff 4585 | f60f 84dc | e7ff ff4d | 8b57 204d 
  0x0000028b765ba7e8: 85d2 0f84 | 4013 0000 | 4d8b 5f30 | 4f89 4413 | f849 83c2 | f84d 8957 | 20e9 b9e7 | ffff 448b 
  0x0000028b765ba808: 1745 85d2 | 0f84 1be8 | ffff 4d8b | 5f20 498b | ca48 c1e1 | 034d 85db | 0f84 2213 | 0000 4d8b 
  0x0000028b765ba828: 5730 4b89 | 4c1a f849 | 83c3 f84d | 895f 20e9 | f1e7 ffff | 4489 5424 | 4c89 5424 | 4889 5c24 
  0x0000028b765ba848: 4444 895c | 242c 498d | 2ccc 894c 

  0x0000028b765ba854: ;   {metadata('net/minecraft/client/sounds/SoundEngine$$Lambda$9112+0x0000028b0919c210')}
  0x0000028b765ba854: 2428 48ba | 10c2 1909 | 8b02 0000 

  0x0000028b765ba860: ;   {runtime_call _new_instance_Java}
  0x0000028b765ba860: 6666 90e8 

  0x0000028b765ba864: ; ImmutableOopMap {rbp=Oop [32]=Oop [40]=NarrowOop [44]=NarrowOop [56]=Oop [68]=NarrowOop [72]=NarrowOop [76]=NarrowOop }
                      ;*invokevirtual allocateInstance {reexecute=0 rethrow=0 return_oop=1}
                      ; - java.lang.invoke.DirectMethodHandle::allocateInstance@12 (line 520)
                      ; - java.lang.invoke.LambdaForm$DMH/0x0000028b0813a400::newInvokeSpecial@1
                      ; - java.lang.invoke.Invokers$Holder::linkToTargetMethod@9
                      ; - net.minecraft.client.sounds.SoundEngine::updateSource@39 (line 479)
                      ; - net.minecraft.client.sounds.SoundManager::updateSource@5 (line 158)
                      ; - net.minecraft.client.Minecraft::runTick@238 (line 1121)
  0x0000028b765ba864: 985e acfe | 4c8b 6c24 | 208b 4c24 | 284c 8bc8 | 448b 5c24 | 2c8b 5c24 | 448b 5424 | 4844 8b54 
  0x0000028b765ba884: 244c e91b | d5ff ff48 | 8954 2448 | 4489 5c24 | 444c 894c | 2438 4c89 | 4424 284c | 896c 2420 
  0x0000028b765ba8a4: ;   {metadata('java/util/concurrent/ConcurrentLinkedQueue$Node')}
  0x0000028b765ba8a4: 48ba 30c4 | 0808 8b02 

  0x0000028b765ba8ac: ;   {runtime_call _new_instance_Java}
  0x0000028b765ba8ac: 0000 90e8 

  0x0000028b765ba8b0: ; ImmutableOopMap {rbp=Oop [32]=Oop [40]=Oop [56]=Oop [68]=NarrowOop [72]=Oop }
                      ;*new {reexecute=0 rethrow=0 return_oop=1}
                      ; - java.util.concurrent.ConcurrentLinkedQueue::offer@0 (line 355)
                      ; - java.util.concurrent.ConcurrentLinkedQueue::add@2 (line 283)
                      ; - net.minecraft.util.thread.BlockableEventLoop::tell@5 (line 82)
                      ; - net.minecraft.util.thread.BlockableEventLoop::execute@13 (line 88)
                      ; - net.minecraft.client.sounds.SoundEngine::updateSource@44 (line 479)
                      ; - net.minecraft.client.sounds.SoundManager::updateSource@5 (line 158)
                      ; - net.minecraft.client.Minecraft::runTick@238 (line 1121)
  0x0000028b765ba8b0: 4c5e acfe | 4c8b 6c24 | 204c 8b44 | 2428 4c8b | 4c24 3844 | 8b5c 2444 | 488b c848 | 8b54 2448 
  0x0000028b765ba8d0: e954 d5ff | ff4d 8b57 | 404d 8b5f | 50f0 8344 | 24c0 0080 | 3900 0f84 | 1ce7 ffff | 4488 214d 
  0x0000028b765ba8f0: 85d2 7515 | 498b d749 | ba40 487b | e1f8 7f00 | 0041 ffd2 | e9ff e6ff | ff4b 894c | 13f8 4983 
  0x0000028b765ba910: c2f8 4d89 | 5740 e9ed | e6ff ff48 | 8bdd e91d | e3ff ff45 | 8bda e912 | f3ff ffc5 | fa10 434c 
  0x0000028b765ba930: ; implicit exception: dispatches to 0x0000028b765bc4b8
  0x0000028b765ba930: c481 7a11 | 44d4 0ce9 | 76fd ffff | bade ffff | ff48 8b6c | 2420 448b | 5424 2844 | 8954 2420 
  0x0000028b765ba950: 4c8b 5424 | 304c 8954 | 2428 4c89 

  0x0000028b765ba95c: ;   {runtime_call UncommonTrapBlob}
  0x0000028b765ba95c: 6c24 30e8 

  0x0000028b765ba960: ; ImmutableOopMap {rbp=Oop [48]=Oop }
                      ;*invokeinterface run {reexecute=0 rethrow=0 return_oop=0}
                      ; - net.minecraft.client.Minecraft::runTick@91 (line 1100)
  0x0000028b765ba960: 9cbf a1fe | bade ffff | ff48 8b6c | 2420 448b | 5c24 2844 | 895c 2420 | 4489 5424 

  0x0000028b765ba97c: ;   {runtime_call UncommonTrapBlob}
  0x0000028b765ba97c: 2466 90e8 

  0x0000028b765ba980: ; ImmutableOopMap {rbp=Oop [36]=NarrowOop }
                      ;*invokeinterface poll {reexecute=0 rethrow=0 return_oop=0}
                      ; - net.minecraft.client.Minecraft::runTick@75 (line 1099)
  0x0000028b765ba980: 7cbf a1fe | 895c 2448 | 4c89 4424 | 4089 7424 | 2c49 8bcd | 498b d749 | ba60 487b | e1f8 7f00 
  0x0000028b765ba9a0: 0041 ffd2 | 8b74 242c | 4c8b 4424 | 408b 5c24 | 48e9 f6cf | ffff 4489 | 5424 3849 | 8bdb 4489 
  0x0000028b765ba9c0: 4424 284c | 8bd5 458b | 1a45 85db | 7425 4d8b | 5720 498b | cb48 c1e1 | 034d 85d2 | 0f84 eb11 
  0x0000028b765ba9e0: 0000 4d8b | 5f30 4b89 | 4c13 f849 | 83c2 f84d | 8957 204c | 8bdb e9d1 | e9ff ff45 | 8b45 0045 
  0x0000028b765baa00: 85c0 7431 | 488b f149 | 8bf9 4d8b | 5720 498b | c848 c1e1 | 034d 85d2 | 0f84 9a11 | 0000 4d8b 
  0x0000028b765baa20: 5f30 4b89 | 4c13 f849 | 83c2 f84d | 8957 204c | 8bcf 488b | ce4c 8b54 | 2420 4c89 | 5424 484c 
  0x0000028b765baa40: 8bd9 e9d3 | e8ff ff4c | 8b5c 2448 | e941 eaff | ff44 8b1e | 4585 db0f | 84f3 e9ff | ff4d 8b57 
  0x0000028b765baa60: 2049 8bcb | 48c1 e103 | 4d85 d20f | 8471 1100 | 004d 8b5f | 304b 894c | 13f8 4983 | c2f8 4d89 
  0x0000028b765baa80: 5720 e9c9 | e9ff ff4c | 8bd7 e974 | eaff ff44 | 8b1e 4585 | db0f 8418 | eaff ff4d | 8b57 2049 
  0x0000028b765baaa0: 8bcb 48c1 | e103 4d85 | d20f 8448 | 1100 004d | 8b5f 304b | 894c 13f8 | 4983 c2f8 | 4d89 5720 
  0x0000028b765baac0: e9ee e9ff | ff4c 8bdf | e9b1 eaff | ff49 8bfa | 448b 1e45 | 85db 0f84 | 54ea ffff | 4d8b 5720 
  0x0000028b765baae0: 498b cb48 | c1e1 034d | 85d2 0f84 | 1c11 0000 | 4d8b 5f30 | 4b89 4c13 | f849 83c2 | f84d 8957 
  0x0000028b765bab00: 20e9 2aea | ffff 448b | 1645 85d2 | 0f84 dcea | ffff 4d8b | 5f20 498b | ca48 c1e1 | 034d 85db 
  0x0000028b765bab20: 0f84 fb10 | 0000 4d8b | 5730 4b89 | 4c1a f849 | 83c3 f84d | 895f 20e9 | b2ea ffff | 4c89 5c24 
  0x0000028b765bab40: 2044 8b1b | 4585 db0f | 8457 eaff | ff4d 8b57 | 2049 8bcb | 48c1 e103 | 4d85 d20f | 84d5 1000 
  0x0000028b765bab60: 004d 8b5f | 304b 894c | 13f8 4983 | c2f8 4d89 | 5720 e92d | eaff ff45 | 8b50 1445 | 85d2 0f84 
  0x0000028b765bab80: a1eb ffff | 4d8b 5f20 | 498b ca48 | c1e1 034d | 85db 0f84 | cb10 0000 | 498b d84d | 8b57 304b 
  0x0000028b765baba0: 894c 1af8 | 4983 c3f8 | 4d89 5f20 | 4c8b c3e9 | 71eb ffff | 4c8b c544 | 8b55 1045 | 85d2 0f84 
  0x0000028b765babc0: 12eb ffff | 4d8b 5f20 | 498b ca48 | c1e1 034d | 85db 0f84 | 7310 0000 | 488b dd4d | 8b57 304b 
  0x0000028b765babe0: 894c 1af8 | 4983 c3f8 | 4d89 5f20 | 4c8b c3e9 | e2ea ffff | 4c8b 4424 | 2045 8b98 | 9401 0000 
  0x0000028b765bac00: 4585 db0f | 84ba e5ff | ff4d 8b57 | 2049 8bcb | 48c1 e103 | 4d85 d20f | 845e 1000 | 0048 8b7c 
  0x0000028b765bac20: 2420 4d8b | 5f30 4b89 | 4c13 f849 | 83c2 f84d | 8957 204c | 8bc7 e988 | e5ff ff4d | 8b57 504d 
  0x0000028b765bac40: 8b5f 40f0 | 8344 24c0 | 0080 3900 | 0f84 aee7 | ffff 4488 | 214d 85db | 7515 498b | d749 ba40 
  0x0000028b765bac60: 487b e1f8 | 7f00 0041 | ffd2 e991 | e7ff ff4b | 894c 1af8 | 4983 c3f8 | 4d89 5f40 | e97f e7ff 
  0x0000028b765bac80: ff4d 8b57 | 504d 8b5f | 40f0 8344 | 24c0 0080 | 3900 0f84 | c8e6 ffff | 4488 214d | 85db 7515 
  0x0000028b765baca0: 498b d749 | ba40 487b | e1f8 7f00 | 0041 ffd2 | e9ab e6ff | ff4b 894c | 1af8 4983 | c3f8 4d89 
  0x0000028b765bacc0: 5f40 e999 | e6ff ff4d | 8b57 504d | 8b5f 40f0 | 8344 24c0 | 0080 3900 | 7427 4488 | 214d 85db 
  0x0000028b765bace0: 740f 4b89 | 4c1a f849 | 83c3 f84d | 895f 40eb | 1049 8bd7 | 49ba 4048 | 7be1 f87f | 0000 41ff 
  0x0000028b765bad00: d24c 8b5c | 2448 418b | 9bbc 0000 | 0085 db0f | 857d e7ff | ffba f6ff 

  0x0000028b765bad18: ;   {runtime_call UncommonTrapBlob}
  0x0000028b765bad18: ffff 90e8 

  0x0000028b765bad1c: ; ImmutableOopMap {}
                      ;*invokevirtual graphicsMode {reexecute=0 rethrow=0 return_oop=0}
                      ; - net.minecraft.client.Minecraft::runTick@1046 (line 1214)
  0x0000028b765bad1c: e0bb a1fe | 4d8b 5740 | 4d8b 5f50 | f083 4424 | c000 8039 | 000f 8436 | e8ff ff44 | 8821 4d85 
  0x0000028b765bad3c: d275 1549 | 8bd7 49ba | 4048 7be1 | f87f 0000 | 41ff d2e9 | 19e8 ffff | 4b89 4c13 | f849 83c2 
  0x0000028b765bad5c: f84d 8957 | 40e9 07e8 | ffff 4d8b | 5740 4d8b | 5f50 f083 | 4424 c000 | 8039 000f | 84aa e8ff 
  0x0000028b765bad7c: ff44 8821 | 4d85 d275 | 1549 8bd7 | 49ba 4048 | 7be1 f87f | 0000 41ff | d2e9 8de8 | ffff 4b89 
  0x0000028b765bad9c: 4c13 f849 | 83c2 f84d | 8957 40e9 | 7be8 ffff | 4c8b d7e9 | 4fe7 ffff | 498b d84d | 8b57 404d 
  0x0000028b765badbc: 8b5f 50f0 | 8344 24c0 | 0080 3900 | 7427 4488 | 214d 85d2 | 740f 4b89 | 4c13 f849 | 83c2 f84d 
  0x0000028b765baddc: 8957 40eb | 1049 8bd7 | 49ba 4048 | 7be1 f87f | 0000 41ff | d24c 8bc3 | e967 e9ff | ff49 8bd8 
  0x0000028b765badfc: 4d8b 5740 | 4d8b 5f50 | f083 4424 | c000 8039 | 0074 2744 | 8821 4d85 | d274 0f4b | 894c 13f8 
  0x0000028b765bae1c: 4983 c2f8 | 4d89 5740 | eb10 498b | d749 ba40 | 487b e1f8 | 7f00 0041 | ffd2 4c8b | c3e9 dce8 
  0x0000028b765bae3c: ffff 4d8b | 5750 4d8b | 5f40 f083 | 4424 c000 | 8039 000f | 849c e6ff | ff44 8821 | 4d85 db75 
  0x0000028b765bae5c: 1549 8bd7 | 49ba 4048 | 7be1 f87f | 0000 41ff | d2e9 7fe6 | ffff 4b89 | 4c1a f849 | 83c3 f84d 
  0x0000028b765bae7c: 895f 40e9 | 6de6 ffff | 4d8b 5740 | 4d8b 5f50 | f083 4424 | c000 8039 | 000f 8448 | e7ff ff44 
  0x0000028b765bae9c: 8821 4d85 | d275 1549 | 8bd7 49ba | 4048 7be1 | f87f 0000 | 41ff d2e9 | 2be7 ffff | 4b89 4c13 
  0x0000028b765baebc: f849 83c2 | f84d 8957 | 40e9 19e7 | ffff 4d8b | 5750 4d8b | 5f40 f083 | 4424 c000 | 8039 000f 
  0x0000028b765baedc: 8424 e3ff | ff44 8821 | 4d85 db75 | 1b49 8bd8 | 498b d749 | ba40 487b | e1f8 7f00 | 0041 ffd2 
  0x0000028b765baefc: 4c8b c3e9 | 01e3 ffff | 4b89 4c1a | f849 83c3 | f84d 895f | 40e9 efe2 | ffff ba45 | ffff ff48 
  0x0000028b765baf1c: 8b6c 2420 | 448b 5c24 | 2844 895c | 2420 4c8b | 5c24 304c | 895c 2428 | 4889 7c24 | 3089 7424 
  0x0000028b765baf3c: 244c 8974 | 2438 895c | 2440 4489 

  0x0000028b765baf48: ;   {runtime_call UncommonTrapBlob}
  0x0000028b765baf48: 5424 44e8 

  0x0000028b765baf4c: ; ImmutableOopMap {rbp=Oop [36]=NarrowOop [48]=Oop [56]=Oop [64]=NarrowOop }
                      ;*ifeq {reexecute=1 rethrow=0 return_oop=0}
                      ; - (reexecute) java.util.concurrent.ConcurrentLinkedQueue::poll@24 (line 387)
                      ; - net.minecraft.client.Minecraft::runTick@75 (line 1099)
  0x0000028b765baf4c: b0b9 a1fe | 453b ea0f | 8444 0500 | 004d 8bf2 | 49c1 e603 | 4489 5424 | 2ce9 fece | ffff ba5c 
  0x0000028b765baf6c: ffff ff48 | 8b6c 2420 | 448b 5c24 | 2844 895c | 2420 4c8b | 5424 304c | 8954 2428 | 895c 2424 
  0x0000028b765baf8c: 8974 2430 

  0x0000028b765baf90: ;   {runtime_call UncommonTrapBlob}
  0x0000028b765baf90: 6666 90e8 

  0x0000028b765baf94: ; ImmutableOopMap {rbp=Oop [36]=NarrowOop [48]=NarrowOop }
                      ;*ifnonnull {reexecute=1 rethrow=0 return_oop=0}
                      ; - (reexecute) java.util.Objects::requireNonNull@1 (line 208)
                      ; - java.lang.invoke.VarHandleReferences$FieldInstanceReadWrite::setRelease@16 (line 172)
                      ; - java.lang.invoke.VarHandleGuards::guard_LL_V@45 (line 53)
                      ; - java.util.concurrent.ConcurrentLinkedQueue::updateHead@22 (line 293)
                      ; - java.util.concurrent.ConcurrentLinkedQueue::poll@48 (line 391)
                      ; - net.minecraft.client.Minecraft::runTick@75 (line 1099)
  0x0000028b765baf94: 68b9 a1fe | ba45 ffff | ff48 8b6c | 2420 448b | 4424 2844 | 8944 2420 | 4c8b 5424 | 304c 8954 
  0x0000028b765bafb4: 2428 4889 | 7c24 3089 | 7424 244c | 8974 2440 | 4489 5c24 

  0x0000028b765bafc8: ;   {runtime_call UncommonTrapBlob}
  0x0000028b765bafc8: 3c66 90e8 

  0x0000028b765bafcc: ; ImmutableOopMap {rbp=Oop [36]=NarrowOop [48]=Oop [60]=NarrowOop [64]=Oop }
                      ;*if_acmpne {reexecute=1 rethrow=0 return_oop=0}
                      ; - (reexecute) java.util.concurrent.ConcurrentLinkedQueue::poll@73 (line 398)
                      ; - net.minecraft.client.Minecraft::runTick@75 (line 1099)
  0x0000028b765bafcc: 30b9 a1fe | 895c 242c | 498b c849 | 8bd7 49ba | 6048 7be1 | f87f 0000 | 41ff d28b | 5c24 2ce9 
  0x0000028b765bafec: 06ca ffff | 895c 242c | 448b f649 | 8bd7 49ba | 6048 7be1 | f87f 0000 | 41ff d241 | 8bf6 8b5c 
  0x0000028b765bb00c: 242c e9bf | c8ff ff41 | 8b54 dc10 | 85d2 0f84 | 34ed ffff | 498b 7720 | 488b ca48 | c1e1 0348 
  0x0000028b765bb02c: 85f6 0f84 | 680e 0000 | 498b 5730 | 4889 4c32 | f848 83c6 | f849 8977 | 20e9 0aed | ffff 498b 
  0x0000028b765bb04c: 5f40 498b | 5750 f083 | 4424 c000 | 8039 000f | 842d edff | ff44 8821 | 4885 db75 | 3544 894c 
  0x0000028b765bb06c: 2420 8bef | 458b f341 | 8bf2 498b | f849 8bd7 | 49ba 4048 | 7be1 f87f | 0000 41ff | d24c 8bc7 
  0x0000028b765bb08c: 448b d645 | 8bde 8bfd | 448b 4c24 | 20e9 f0ec | ffff 4889 | 4c1a f848 | 83c3 f849 | 895f 40e9 
  0x0000028b765bb0ac: deec ffff 

  0x0000028b765bb0b0: ;   {metadata('java/util/Formatter$FormatSpecifier')}
  0x0000028b765bb0b0: 48ba e8ab | 1307 8b02 

  0x0000028b765bb0b8: ;   {runtime_call _new_instance_Java}
  0x0000028b765bb0b8: 0000 90e8 

  0x0000028b765bb0bc: ; ImmutableOopMap {rbp=Oop [32]=Oop [48]=Oop [60]=NarrowOop [64]=Oop [72]=Oop }
                      ;*new {reexecute=0 rethrow=0 return_oop=1}
                      ; - java.util.Formatter::parse@119 (line 2738)
                      ; - java.util.Formatter::format@12 (line 2671)
                      ; - java.util.Formatter::format@7 (line 2625)
                      ; - java.lang.String::format@10 (line 4186)
                      ; - net.minecraft.client.Minecraft::runTick@1122 (line 1214)
  0x0000028b765bb0bc: 4056 acfe | e957 e8ff | ff44 8954 | 242c 488b | 6c24 2041 | b807 0000 

  0x0000028b765bb0d4: ;   {metadata('java/lang/Object'[])}
  0x0000028b765bb0d4: 0048 ba28 | 1500 078b 

  0x0000028b765bb0dc: ;   {runtime_call _new_array_Java}
  0x0000028b765bb0dc: 0200 00e8 

  0x0000028b765bb0e0: ; ImmutableOopMap {rbp=Oop }
                      ;*anewarray {reexecute=0 rethrow=0 return_oop=1}
                      ; - net.minecraft.client.Minecraft::runTick@975 (line 1214)
  0x0000028b765bb0e0: 1c59 acfe | 4889 6c24 | 2044 8b54 | 242c 4c8b | c8e9 d5e1 | ffff 498b 

  0x0000028b765bb0f8: ;   {metadata('java/lang/StringBuilder')}
  0x0000028b765bb0f8: eb48 baf0 | f400 078b 

  0x0000028b765bb100: ;   {runtime_call _new_instance_Java}
  0x0000028b765bb100: 0200 00e8 

  0x0000028b765bb104: ; ImmutableOopMap {rbp=Oop [32]=Oop [48]=Oop }
                      ;*new {reexecute=0 rethrow=0 return_oop=1}
                      ; - java.util.Formatter::<init>@2 (line 2022)
                      ; - java.lang.String::format@5 (line 4186)
                      ; - net.minecraft.client.Minecraft::runTick@1122 (line 1214)
  0x0000028b765bb104: f855 acfe | e9a4 e5ff 

  0x0000028b765bb10c: ;   {metadata('java/util/Formatter')}
  0x0000028b765bb10c: ff48 ba98 | 5a10 078b 

  0x0000028b765bb114: ;   {runtime_call _new_instance_Java}
  0x0000028b765bb114: 0200 00e8 

  0x0000028b765bb118: ; ImmutableOopMap {[32]=Oop [48]=Oop }
                      ;*new {reexecute=0 rethrow=0 return_oop=1}
                      ; - java.lang.String::format@0 (line 4186)
                      ; - net.minecraft.client.Minecraft::runTick@1122 (line 1214)
  0x0000028b765bb118: e455 acfe | e94a e5ff 

  0x0000028b765bb120: ;   {metadata('java/util/ArrayList')}
  0x0000028b765bb120: ff48 ba20 | df00 078b 

  0x0000028b765bb128: ;   {runtime_call _new_instance_Java}
  0x0000028b765bb128: 0200 00e8 

  0x0000028b765bb12c: ; ImmutableOopMap {[32]=Oop [48]=Oop [60]=NarrowOop [64]=Oop }
                      ;*new {reexecute=0 rethrow=0 return_oop=1}
                      ; - java.util.Formatter::parse@0 (line 2715)
                      ; - java.util.Formatter::format@12 (line 2671)
                      ; - java.util.Formatter::format@7 (line 2625)
                      ; - java.lang.String::format@10 (line 4186)
                      ; - net.minecraft.client.Minecraft::runTick@1122 (line 1214)
  0x0000028b765bb12c: d055 acfe | e986 e6ff 

  0x0000028b765bb134: ;   {metadata('java/util/Formatter$FixedString')}
  0x0000028b765bb134: ff48 baf0 | b114 088b 

  0x0000028b765bb13c: ;   {runtime_call _new_instance_Java}
  0x0000028b765bb13c: 0200 00e8 

  0x0000028b765bb140: ; ImmutableOopMap {rbp=Oop [32]=Oop [48]=Oop [60]=NarrowOop [64]=Oop [72]=Oop }
                      ;*new {reexecute=0 rethrow=0 return_oop=1}
                      ; - java.util.Formatter::parse@66 (line 2729)
                      ; - java.util.Formatter::format@12 (line 2671)
                      ; - java.util.Formatter::format@7 (line 2625)
                      ; - java.lang.String::format@10 (line 4186)
                      ; - net.minecraft.client.Minecraft::runTick@1122 (line 1214)
  0x0000028b765bb140: bc55 acfe | e90c e7ff | ffba f6ff 

  0x0000028b765bb14c: ;   {runtime_call UncommonTrapBlob}
  0x0000028b765bb14c: ffff 90e8 

  0x0000028b765bb150: ; ImmutableOopMap {}
                      ;*invokevirtual setErrorSection {reexecute=0 rethrow=0 return_oop=0}
                      ; - net.minecraft.client.Minecraft::runTick@7 (line 1084)
  0x0000028b765bb150: acb7 a1fe | baf6 ffff 

  0x0000028b765bb158: ;   {runtime_call UncommonTrapBlob}
  0x0000028b765bb158: ff66 90e8 

  0x0000028b765bb15c: ; ImmutableOopMap {}
                      ;*invokevirtual turnPlayer {reexecute=0 rethrow=0 return_oop=0}
                      ; - net.minecraft.client.Minecraft::runTick@202 (line 1118)
  0x0000028b765bb15c: a0b7 a1fe | baf6 ffff 

  0x0000028b765bb164: ;   {runtime_call UncommonTrapBlob}
  0x0000028b765bb164: ff66 90e8 

  0x0000028b765bb168: ; ImmutableOopMap {}
                      ;*invokevirtual setErrorSection {reexecute=0 rethrow=0 return_oop=0}
                      ; - net.minecraft.client.Minecraft::runTick@212 (line 1119)
  0x0000028b765bb168: 94b7 a1fe | baf6 ffff | ff48 8b6c | 2430 c5fa | 1144 2420 

  0x0000028b765bb17c: ;   {runtime_call UncommonTrapBlob}
  0x0000028b765bb17c: 6666 90e8 

  0x0000028b765bb180: ; ImmutableOopMap {}
                      ;*invokevirtual render {reexecute=0 rethrow=0 return_oop=0}
                      ; - net.minecraft.client.Minecraft::runTick@462 (line 1146)
  0x0000028b765bb180: 7cb7 a1fe | baf6 ffff 

  0x0000028b765bb188: ;   {runtime_call UncommonTrapBlob}
  0x0000028b765bb188: ff66 90e8 

  0x0000028b765bb18c: ; ImmutableOopMap {}
                      ;*invokevirtual unbindWrite {reexecute=0 rethrow=0 return_oop=0}
                      ; - net.minecraft.client.Minecraft::runTick@557 (line 1160)
  0x0000028b765bb18c: 70b7 a1fe | baf6 ffff | ff41 8be8 | 4489 4c24 

  0x0000028b765bb19c: ;   {runtime_call UncommonTrapBlob}
  0x0000028b765bb19c: 2066 90e8 

  0x0000028b765bb1a0: ; ImmutableOopMap {}
                      ;*invokevirtual blitToScreen {reexecute=0 rethrow=0 return_oop=0}
                      ; - net.minecraft.client.Minecraft::runTick@578 (line 1161)
  0x0000028b765bb1a0: 5cb7 a1fe | baf6 ffff 

  0x0000028b765bb1a8: ;   {runtime_call UncommonTrapBlob}
  0x0000028b765bb1a8: ff66 90e8 

  0x0000028b765bb1ac: ; ImmutableOopMap {}
                      ;*invokevirtual setErrorSection {reexecute=0 rethrow=0 return_oop=0}
                      ; - net.minecraft.client.Minecraft::runTick@677 (line 1179)
  0x0000028b765bb1ac: 50b7 a1fe | bae4 ffff | ff48 8b6c | 2420 448b | 5424 2844 | 8954 2420 | 4889 4424 | 2844 894c 
  0x0000028b765bb1cc: 2424 4489 | 4424 3044 | 895c 2434 | 4889 4c24 

  0x0000028b765bb1dc: ;   {runtime_call UncommonTrapBlob}
  0x0000028b765bb1dc: 3866 90e8 

  0x0000028b765bb1e0: ; ImmutableOopMap {rbp=Oop [36]=NarrowOop [48]=NarrowOop }
                      ;*lastore {reexecute=0 rethrow=0 return_oop=0}
                      ; - net.minecraft.util.FrameTimer::logFrameDuration@9 (line 11)
                      ; - net.minecraft.client.Minecraft::runTick@826 (line 1198)
  0x0000028b765bb1e0: 1cb7 a1fe | bae4 ffff | ff4c 8954 | 2420 4c8b | 5424 304c | 8954 2428 | 448b 5424 | 4044 8954 
  0x0000028b765bb200: 2430 4c89 | 5c24 4089 

  0x0000028b765bb208: ;   {runtime_call UncommonTrapBlob}
  0x0000028b765bb208: 5c24 34e8 

  0x0000028b765bb20c: ; ImmutableOopMap {rbp=NarrowOop [32]=Oop [64]=Oop }
                      ;*aaload {reexecute=0 rethrow=0 return_oop=0}
                      ; - net.minecraftforge.eventbus.ListenerList::getListeners@5 (line 123)
                      ; - net.minecraftforge.eventbus.EventBus::post@62 (line 308)
                      ; - net.minecraftforge.eventbus.EventBus::post@7 (line 296)
                      ; - net.minecraftforge.event.ForgeEventFactory::onRenderTickStart@14 (line 905)
                      ; - net.minecraft.client.Minecraft::runTick@420 (line 1144)
  0x0000028b765bb20c: f0b6 a1fe | bae4 ffff | ff4c 895c | 2420 4c89 | 5424 3044 | 894c 2438 

  0x0000028b765bb224: ;   {runtime_call UncommonTrapBlob}
  0x0000028b765bb224: 6666 90e8 

  0x0000028b765bb228: ; ImmutableOopMap {rbp=NarrowOop [32]=Oop [48]=Oop }
                      ;*aaload {reexecute=0 rethrow=0 return_oop=0}
                      ; - net.minecraftforge.eventbus.ListenerList::getListeners@5 (line 123)
                      ; - net.minecraftforge.eventbus.EventBus::post@62 (line 308)
                      ; - net.minecraftforge.eventbus.EventBus::post@7 (line 296)
                      ; - net.minecraftforge.event.ForgeEventFactory::onRenderTickEnd@14 (line 910)
                      ; - net.minecraft.client.Minecraft::runTick@478 (line 1148)
  0x0000028b765bb228: d4b6 a1fe | bade ffff 

  0x0000028b765bb230: ;   {runtime_call UncommonTrapBlob}
  0x0000028b765bb230: ff66 90e8 

  0x0000028b765bb234: ; ImmutableOopMap {rbp=NarrowOop [32]=Oop }
                      ;*invokeinterface getAsLong {reexecute=0 rethrow=0 return_oop=0}
                      ; - net.minecraft.Util::getNanos@3 (line 119)
                      ; - net.minecraft.client.Minecraft::runTick@10 (line 1085)
  0x0000028b765bb234: c8b6 a1fe | bade ffff 

  0x0000028b765bb23c: ;   {runtime_call UncommonTrapBlob}
  0x0000028b765bb23c: ff66 90e8 

  0x0000028b765bb240: ; ImmutableOopMap {rbp=NarrowOop [32]=Oop }
                      ;*invokeinterface poll {reexecute=0 rethrow=0 return_oop=0}
                      ; - net.minecraft.client.Minecraft::runTick@75 (line 1099)
  0x0000028b765bb240: bcb6 a1fe | bade ffff | ff48 8b6c | 2420 4489 

  0x0000028b765bb250: ;   {runtime_call UncommonTrapBlob}
  0x0000028b765bb250: 4424 2ce8 

  0x0000028b765bb254: ; ImmutableOopMap {rbp=Oop [44]=NarrowOop }
                      ;*invokeinterface push {reexecute=0 rethrow=0 return_oop=0}
                      ; - net.minecraft.client.Minecraft::runTick@222 (line 1120)
  0x0000028b765bb254: a8b6 a1fe | bade ffff | ff49 8bed | 4489 4424 

  0x0000028b765bb264: ;   {runtime_call UncommonTrapBlob}
  0x0000028b765bb264: 2c66 90e8 

  0x0000028b765bb268: ; ImmutableOopMap {rbp=Oop [44]=NarrowOop }
                      ;*invokeinterface pop {reexecute=0 rethrow=0 return_oop=0}
                      ; - net.minecraft.client.Minecraft::runTick@245 (line 1122)
  0x0000028b765bb268: 94b6 a1fe | bade ffff | ff4c 896c | 2420 4c8b | 5424 304c | 8954 2428 

  0x0000028b765bb280: ;   {runtime_call UncommonTrapBlob}
  0x0000028b765bb280: 6666 90e8 

  0x0000028b765bb284: ; ImmutableOopMap {rbp=NarrowOop [32]=Oop }
                      ;*invokeinterface getAsLong {reexecute=0 rethrow=0 return_oop=0}
                      ; - net.minecraft.Util::getNanos@3 (line 119)
                      ; - net.minecraft.client.Minecraft::runTick@262 (line 1124)
  0x0000028b765bb284: 78b6 a1fe | bade ffff | ff4c 8b54 | 2430 4c89 

  0x0000028b765bb294: ;   {runtime_call UncommonTrapBlob}
  0x0000028b765bb294: 5424 28e8 

  0x0000028b765bb298: ; ImmutableOopMap {rbp=NarrowOop [32]=Oop }
                      ;*invokeinterface isRecording {reexecute=0 rethrow=0 return_oop=0}
                      ; - net.minecraft.client.Minecraft::runTick@281 (line 1126)
  0x0000028b765bb298: 64b6 a1fe | bade ffff | ff49 8bea | 4c8b 5424 | 304c 8954 | 2420 895c 

  0x0000028b765bb2b0: ;   {runtime_call UncommonTrapBlob}
  0x0000028b765bb2b0: 242c 90e8 

  0x0000028b765bb2b4: ; ImmutableOopMap {rbp=Oop [44]=NarrowOop }
                      ;*invokeinterface push {reexecute=0 rethrow=0 return_oop=0}
                      ; - net.minecraft.client.Minecraft::runTick@367 (line 1139)
  0x0000028b765bb2b4: 48b6 a1fe | bade ffff | ff49 8bea | 4c8b 5424 | 304c 8954 | 2420 895c 

  0x0000028b765bb2cc: ;   {runtime_call UncommonTrapBlob}
  0x0000028b765bb2cc: 242c 90e8 

  0x0000028b765bb2d0: ; ImmutableOopMap {rbp=Oop [44]=NarrowOop }
                      ;*invokeinterface pop {reexecute=0 rethrow=0 return_oop=0}
                      ; - net.minecraft.client.Minecraft::runTick@379 (line 1141)
  0x0000028b765bb2d0: 2cb6 a1fe | bade ffff | ff4c 8954 | 2420 4c8b | 5424 304c | 8954 2428 

  0x0000028b765bb2e8: ;   {runtime_call UncommonTrapBlob}
  0x0000028b765bb2e8: 6666 90e8 

  0x0000028b765bb2ec: ; ImmutableOopMap {rbp=NarrowOop [32]=Oop }
                      ;*invokeinterface popPush {reexecute=0 rethrow=0 return_oop=0}
                      ; - net.minecraft.client.Minecraft::runTick@430 (line 1145)
  0x0000028b765bb2ec: 10b6 a1fe | bade ffff | ff4c 895c 

  0x0000028b765bb2f8: ;   {runtime_call UncommonTrapBlob}
  0x0000028b765bb2f8: 2420 90e8 

  0x0000028b765bb2fc: ; ImmutableOopMap {rbp=NarrowOop [32]=Oop }
                      ;*invokeinterface pop {reexecute=0 rethrow=0 return_oop=0}
                      ; - net.minecraft.client.Minecraft::runTick@469 (line 1147)
  0x0000028b765bb2fc: 00b6 a1fe | bade ffff | ff4c 895c 

  0x0000028b765bb308: ;   {runtime_call UncommonTrapBlob}
  0x0000028b765bb308: 2420 90e8 

  0x0000028b765bb30c: ; ImmutableOopMap {rbp=NarrowOop [32]=Oop }
                      ;*invokeinterface push {reexecute=0 rethrow=0 return_oop=0}
                      ; - net.minecraft.client.Minecraft::runTick@548 (line 1159)
  0x0000028b765bb30c: f0b5 a1fe | bade ffff 

  0x0000028b765bb314: ;   {runtime_call UncommonTrapBlob}
  0x0000028b765bb314: ff66 90e8 

  0x0000028b765bb318: ; ImmutableOopMap {rbp=NarrowOop [32]=Oop }
                      ;*invokeinterface getAsLong {reexecute=0 rethrow=0 return_oop=0}
                      ; - net.minecraft.Util::getNanos@3 (line 119)
                      ; - net.minecraft.client.Minecraft::runTick@582 (line 1162)
  0x0000028b765bb318: e4b5 a1fe | bade ffff 

  0x0000028b765bb320: ;   {runtime_call UncommonTrapBlob}
  0x0000028b765bb320: ff66 90e8 

  0x0000028b765bb324: ; ImmutableOopMap {rbp=NarrowOop [32]=Oop }
                      ;*invokeinterface popPush {reexecute=0 rethrow=0 return_oop=0}
                      ; - net.minecraft.client.Minecraft::runTick@615 (line 1169)
  0x0000028b765bb324: d8b5 a1fe | bade ffff | ff44 894c | 2428 4c89 

  0x0000028b765bb334: ;   {runtime_call UncommonTrapBlob}
  0x0000028b765bb334: 4424 30e8 

  0x0000028b765bb338: ; ImmutableOopMap {rbp=NarrowOop [32]=Oop [40]=NarrowOop }
                      ;*invokeinterface getAsLong {reexecute=0 rethrow=0 return_oop=0}
                      ; - net.minecraft.Util::getNanos@3 (line 119)
                      ; - net.minecraft.Util::getMillis@0 (line 115)
                      ; - com.mojang.blaze3d.systems.RenderSystem::pollEvents@3 (line 173)
                      ; - com.mojang.blaze3d.systems.RenderSystem::flipFrame@0 (line 184)
                      ; - com.mojang.blaze3d.platform.Window::updateDisplay@4 (line 274)
                      ; - net.minecraft.client.Minecraft::runTick@624 (line 1170)
  0x0000028b765bb338: c4b5 a1fe | bade ffff 

  0x0000028b765bb340: ;   {runtime_call UncommonTrapBlob}
  0x0000028b765bb340: ff66 90e8 

  0x0000028b765bb344: ; ImmutableOopMap {rbp=NarrowOop [32]=Oop [40]=NarrowOop }
                      ;*invokeinterface getAsLong {reexecute=0 rethrow=0 return_oop=0}
                      ; - net.minecraft.Util::getNanos@3 (line 119)
                      ; - net.minecraft.Util::getMillis@0 (line 115)
                      ; - com.mojang.blaze3d.systems.RenderSystem::pollEvents@3 (line 173)
                      ; - com.mojang.blaze3d.systems.RenderSystem::flipFrame@19 (line 188)
                      ; - com.mojang.blaze3d.platform.Window::updateDisplay@4 (line 274)
                      ; - net.minecraft.client.Minecraft::runTick@624 (line 1170)
  0x0000028b765bb344: b8b5 a1fe | bade ffff | ff4c 8944 | 2420 4489 

  0x0000028b765bb354: ;   {runtime_call UncommonTrapBlob}
  0x0000028b765bb354: 4c24 28e8 

  0x0000028b765bb358: ; ImmutableOopMap {rbp=NarrowOop [32]=Oop }
                      ;*invokeinterface popPush {reexecute=0 rethrow=0 return_oop=0}
                      ; - net.minecraft.client.Minecraft::runTick@653 (line 1176)
  0x0000028b765bb358: a4b5 a1fe | bade ffff | ff48 895c 

  0x0000028b765bb364: ;   {runtime_call UncommonTrapBlob}
  0x0000028b765bb364: 2420 90e8 

  0x0000028b765bb368: ; ImmutableOopMap {rbp=NarrowOop [32]=Oop }
                      ;*invokeinterface pop {reexecute=0 rethrow=0 return_oop=0}
                      ; - net.minecraft.client.Minecraft::runTick@665 (line 1178)
  0x0000028b765bb368: 94b5 a1fe | bade ffff | ff48 895c 

  0x0000028b765bb374: ;   {runtime_call UncommonTrapBlob}
  0x0000028b765bb374: 2420 90e8 

  0x0000028b765bb378: ; ImmutableOopMap {rbp=NarrowOop [32]=Oop }
                      ;*invokeinterface getAsLong {reexecute=0 rethrow=0 return_oop=0}
                      ; - net.minecraft.Util::getNanos@3 (line 119)
                      ; - net.minecraft.client.Minecraft::runTick@795 (line 1192)
  0x0000028b765bb378: 84b5 a1fe | bade ffff 

  0x0000028b765bb380: ;   {runtime_call UncommonTrapBlob}
  0x0000028b765bb380: ff66 90e8 

  0x0000028b765bb384: ; ImmutableOopMap {rbp=NarrowOop [32]=Oop }
                      ;*invokeinterface push {reexecute=0 rethrow=0 return_oop=0}
                      ; - net.minecraft.client.Minecraft::runTick@842 (line 1200)
  0x0000028b765bb384: 78b5 a1fe | baec ffff 

  0x0000028b765bb38c: ;   {runtime_call UncommonTrapBlob}
  0x0000028b765bb38c: ff66 90e8 

  0x0000028b765bb390: ; ImmutableOopMap {rbp=NarrowOop [32]=Oop }
                      ;*ifnull {reexecute=1 rethrow=0 return_oop=0}
                      ; - (reexecute) net.minecraft.client.Minecraft::runTick@851 (line 1201)
  0x0000028b765bb390: 6cb5 a1fe | bade ffff 

  0x0000028b765bb398: ;   {runtime_call UncommonTrapBlob}
  0x0000028b765bb398: ff66 90e8 

  0x0000028b765bb39c: ; ImmutableOopMap {rbp=NarrowOop [32]=Oop }
                      ;*invokeinterface getAsLong {reexecute=0 rethrow=0 return_oop=0}
                      ; - net.minecraft.Util::getNanos@3 (line 119)
                      ; - net.minecraft.Util::getMillis@0 (line 115)
                      ; - net.minecraft.client.Minecraft::runTick@886 (line 1205)
  0x0000028b765bb39c: 60b5 a1fe | bade ffff 

  0x0000028b765bb3a4: ;   {runtime_call UncommonTrapBlob}
  0x0000028b765bb3a4: ff66 90e8 

  0x0000028b765bb3a8: ; ImmutableOopMap {rbp=NarrowOop }
                      ;*invokeinterface pop {reexecute=0 rethrow=0 return_oop=0}
                      ; - net.minecraft.client.Minecraft::runTick@1152 (line 1219)
  0x0000028b765bb3a8: 54b5 a1fe | bade ffff | ff48 8b6c | 2420 4489 | 4424 204c | 8b54 2430 | 4c89 5424 | 2844 894c 
  0x0000028b765bb3c8: 2424 894c 

  0x0000028b765bb3cc: ;   {runtime_call UncommonTrapBlob}
  0x0000028b765bb3cc: 2430 90e8 

  0x0000028b765bb3d0: ; ImmutableOopMap {rbp=Oop [36]=NarrowOop [48]=NarrowOop }
                      ;*invokeinterface getAsLong {reexecute=0 rethrow=0 return_oop=0}
                      ; - net.minecraft.Util::getNanos@3 (line 119)
                      ; - net.minecraft.Util::getMillis@0 (line 115)
                      ; - net.minecraft.client.Minecraft::runTick@107 (line 1104)
  0x0000028b765bb3d0: 2cb5 a1fe | bade ffff | ff48 8b6c | 2420 448b | 5424 2844 | 8954 2420 | 4c8b 5424 | 304c 8954 
  0x0000028b765bb3f0: 2428 894c | 2424 4489 

  0x0000028b765bb3f8: ;   {runtime_call UncommonTrapBlob}
  0x0000028b765bb3f8: 5c24 30e8 

  0x0000028b765bb3fc: ; ImmutableOopMap {rbp=Oop [48]=NarrowOop }
                      ;*invokeinterface push {reexecute=0 rethrow=0 return_oop=0}
                      ; - net.minecraft.client.Minecraft::runTick@122 (line 1105)
  0x0000028b765bb3fc: 00b5 a1fe | bade ffff | ff48 8b6c | 2420 448b | 4424 2844 | 8944 2420 | 4c8b 5424 | 304c 8954 
  0x0000028b765bb41c: 2428 4489 

  0x0000028b765bb420: ;   {runtime_call UncommonTrapBlob}
  0x0000028b765bb420: 5c24 30e8 

  0x0000028b765bb424: ; ImmutableOopMap {rbp=Oop [48]=NarrowOop }
                      ;*invokeinterface pop {reexecute=0 rethrow=0 return_oop=0}
                      ; - net.minecraft.client.Minecraft::runTick@135 (line 1107)
  0x0000028b765bb424: d8b4 a1fe | bade ffff | ff48 8b6c | 2420 448b | 4424 2844 | 8944 2420 | 4489 5c24 

  0x0000028b765bb440: ;   {runtime_call UncommonTrapBlob}
  0x0000028b765bb440: 2466 90e8 

  0x0000028b765bb444: ; ImmutableOopMap {rbp=Oop [36]=NarrowOop }
                      ;*invokeinterface pop {reexecute=0 rethrow=0 return_oop=0}
                      ; - net.minecraft.client.Minecraft::runTick@193 (line 1115)
  0x0000028b765bb444: b8b4 a1fe | 4c89 6c24 | 4089 7c24 | 2c4d 8be9 | 498b f049 | 8bfa 488b | 4c24 4049 | 8bd7 49ba 
  0x0000028b765bb464: 6048 7be1 | f87f 0000 | 41ff d24c | 8bd7 4c8b | c649 8bf5 | 8b7c 242c | 4c8b 6c24 | 40e9 1ec3 
  0x0000028b765bb484: ;   {metadata('java/util/Formatter$FixedString')}
  0x0000028b765bb484: ffff 48ba | f0b1 1408 | 8b02 0000 

  0x0000028b765bb490: ;   {runtime_call _new_instance_Java}
  0x0000028b765bb490: 6666 90e8 

  0x0000028b765bb494: ; ImmutableOopMap {[32]=Oop [48]=Oop [60]=NarrowOop [64]=Oop [72]=Oop }
                      ;*new {reexecute=0 rethrow=0 return_oop=1}
                      ; - java.util.Formatter::parse@40 (line 2724)
                      ; - java.util.Formatter::format@12 (line 2671)
                      ; - java.util.Formatter::format@7 (line 2625)
                      ; - java.lang.String::format@10 (line 4186)
                      ; - net.minecraft.client.Minecraft::runTick@1122 (line 1214)
  0x0000028b765bb494: 6852 acfe | e92b e5ff | ff44 8954 | 242c e9bd | c9ff ffba | f6ff ffff 

  0x0000028b765bb4ac: ;   {runtime_call UncommonTrapBlob}
  0x0000028b765bb4ac: 6666 90e8 

  0x0000028b765bb4b0: ; ImmutableOopMap {}
                      ;*invokeinterface pop {reexecute=0 rethrow=0 return_oop=0}
                      ; - net.minecraft.client.Minecraft::runTick@379 (line 1141)
  0x0000028b765bb4b0: 4cb4 a1fe | 4c8b d349 | c1e2 034d | 85d2 400f | 95c5 400f | b6ed ba5c | ffff ff48 | 897c 2438 
  0x0000028b765bb4d0: 8974 242c 

  0x0000028b765bb4d4: ;   {runtime_call UncommonTrapBlob}
  0x0000028b765bb4d4: 6666 90e8 

  0x0000028b765bb4d8: ; ImmutableOopMap {[32]=Oop [40]=NarrowOop [44]=NarrowOop [56]=Oop }
                      ;*ifnonnull {reexecute=1 rethrow=0 return_oop=0}
                      ; - (reexecute) java.util.Objects::requireNonNull@1 (line 208)
                      ; - java.lang.invoke.VarHandleReferences$FieldInstanceReadWrite::setRelease@16 (line 172)
                      ; - java.lang.invoke.VarHandleGuards::guard_LL_V@45 (line 53)
                      ; - java.util.concurrent.ConcurrentLinkedQueue::updateHead@22 (line 293)
                      ; - java.util.concurrent.ConcurrentLinkedQueue::first@38 (line 432)
                      ; - java.util.concurrent.ConcurrentLinkedQueue::isEmpty@1 (line 447)
                      ; - com.mojang.blaze3d.systems.RenderSystem::replayQueue@7 (line 194)
                      ; - com.mojang.blaze3d.systems.RenderSystem::flipFrame@3 (line 185)
                      ; - com.mojang.blaze3d.platform.Window::updateDisplay@4 (line 274)
                      ; - net.minecraft.client.Minecraft::runTick@624 (line 1170)
  0x0000028b765bb4d8: 24b4 a1fe | ba5c ffff | ff48 8b6c | 2420 448b | 5c24 2844 | 895c 2420 | 8974 2424 

  0x0000028b765bb4f4: ;   {runtime_call UncommonTrapBlob}
  0x0000028b765bb4f4: 6666 90e8 

  0x0000028b765bb4f8: ; ImmutableOopMap {rbp=Oop [36]=NarrowOop }
                      ;*ifnonnull {reexecute=1 rethrow=0 return_oop=0}
                      ; - (reexecute) java.util.Objects::requireNonNull@1 (line 208)
                      ; - java.lang.invoke.VarHandleReferences$FieldInstanceReadWrite::setRelease@16 (line 172)
                      ; - java.lang.invoke.VarHandleGuards::guard_LL_V@45 (line 53)
                      ; - java.util.concurrent.ConcurrentLinkedQueue::updateHead@22 (line 293)
                      ; - java.util.concurrent.ConcurrentLinkedQueue::poll@66 (line 395)
                      ; - net.minecraft.client.Minecraft::runTick@75 (line 1099)
  0x0000028b765bb4f8: 04b4 a1fe | baf6 ffff 

  0x0000028b765bb500: ;   {runtime_call UncommonTrapBlob}
  0x0000028b765bb500: ff66 90e8 

  0x0000028b765bb504: ; ImmutableOopMap {}
                      ;*getfield next {reexecute=1 rethrow=0 return_oop=0}
                      ; - (reexecute) java.util.concurrent.ConcurrentLinkedQueue::offer@22 (line 358)
                      ; - java.util.concurrent.ConcurrentLinkedQueue::add@2 (line 283)
                      ; - net.minecraft.util.thread.BlockableEventLoop::tell@5 (line 82)
                      ; - net.minecraft.util.thread.BlockableEventLoop::execute@13 (line 88)
                      ; - net.minecraft.client.sounds.SoundEngine::updateSource@44 (line 479)
                      ; - net.minecraft.client.sounds.SoundManager::updateSource@5 (line 158)
                      ; - net.minecraft.client.Minecraft::runTick@238 (line 1121)
  0x0000028b765bb504: f8b3 a1fe | 498b d749 | ba60 487b | e1f8 7f00 | 0041 ffd2 | e944 c1ff | ff49 8bd7 | 49ba 6048 
  0x0000028b765bb524: 7be1 f87f | 0000 41ff | d2e9 8dc7 | ffff ba45 | ffff ff4c | 8b54 2430 | 4c89 5424 

  0x0000028b765bb540: ;   {runtime_call UncommonTrapBlob}
  0x0000028b765bb540: 2866 90e8 

  0x0000028b765bb544: ; ImmutableOopMap {[32]=Oop }
                      ;*ifne {reexecute=1 rethrow=0 return_oop=0}
                      ; - (reexecute) net.minecraft.client.Minecraft::runTick@274 (line 1126)
  0x0000028b765bb544: b8b3 a1fe | ba45 ffff | ff4c 8b54 | 2430 4c89 

  0x0000028b765bb554: ;   {runtime_call UncommonTrapBlob}
  0x0000028b765bb554: 5424 28e8 

  0x0000028b765bb558: ; ImmutableOopMap {[32]=Oop }
                      ;*ifne {reexecute=1 rethrow=0 return_oop=0}
                      ; - (reexecute) com.mojang.blaze3d.systems.RenderSystem::assertOnGameThreadOrInit@3 (line 137)
                      ; - com.mojang.blaze3d.systems.RenderSystem::clear@0 (line 387)
                      ; - net.minecraft.client.Minecraft::runTick@346 (line 1136)
  0x0000028b765bb558: a4b3 a1fe | ba45 ffff | ff4c 8b54 | 2430 4c89 | 5424 2844 | 8b54 2440 | 4489 5424 | 304c 8944 
  0x0000028b765bb578: ;   {runtime_call UncommonTrapBlob}
  0x0000028b765bb578: 2440 90e8 

  0x0000028b765bb57c: ; ImmutableOopMap {rbp=NarrowOop [32]=Oop [64]=Oop }
                      ;*if_acmpne {reexecute=1 rethrow=0 return_oop=0}
                      ; - (reexecute) com.mojang.blaze3d.systems.RenderSystem::isOnRenderThread@6 (line 110)
                      ; - com.mojang.blaze3d.systems.RenderSystem::assertOnRenderThreadOrInit@6 (line 143)
                      ; - com.mojang.blaze3d.platform.GlStateManager::_clear@0 (line 683)
                      ; - com.mojang.blaze3d.systems.RenderSystem::clear@5 (line 388)
                      ; - net.minecraft.client.Minecraft::runTick@346 (line 1136)
  0x0000028b765bb57c: 80b3 a1fe | ba45 ffff | ff4c 895c | 2420 4c8b | 5424 304c | 8954 2428 | 448b 5c24 | 4044 895c 
  0x0000028b765bb59c: 2430 4489 | 4c24 3448 | 894c 2440 

  0x0000028b765bb5a8: ;   {runtime_call UncommonTrapBlob}
  0x0000028b765bb5a8: 6666 90e8 

  0x0000028b765bb5ac: ; ImmutableOopMap {rbp=NarrowOop [32]=Oop [52]=NarrowOop [64]=Oop }
                      ;*if_acmpne {reexecute=1 rethrow=0 return_oop=0}
                      ; - (reexecute) com.mojang.blaze3d.systems.RenderSystem::isOnRenderThread@6 (line 110)
                      ; - com.mojang.blaze3d.pipeline.RenderTarget::bindWrite@0 (line 190)
                      ; - net.minecraft.client.Minecraft::runTick@354 (line 1137)
  0x0000028b765bb5ac: 50b3 a1fe | ba45 ffff | ff4c 895c | 2420 4c8b | 5424 304c | 8954 2428 | 4489 4c24 

  0x0000028b765bb5c8: ;   {runtime_call UncommonTrapBlob}
  0x0000028b765bb5c8: 3466 90e8 

  0x0000028b765bb5cc: ; ImmutableOopMap {[32]=Oop [52]=NarrowOop }
                      ;*ifne {reexecute=1 rethrow=0 return_oop=0}
                      ; - (reexecute) com.mojang.blaze3d.systems.RenderSystem::assertOnRenderThreadOrInit@3 (line 143)
                      ; - com.mojang.blaze3d.pipeline.RenderTarget::_bindWrite@0 (line 201)
                      ; - com.mojang.blaze3d.pipeline.RenderTarget::bindWrite@21 (line 195)
                      ; - net.minecraft.client.Minecraft::runTick@354 (line 1137)
  0x0000028b765bb5cc: 30b3 a1fe | ba45 ffff | ff4c 8b54 | 2430 4c89 | 5424 2844 | 8b44 2440 | 4489 4424 | 3044 894c 
  0x0000028b765bb5ec: 2434 4489 

  0x0000028b765bb5f0: ;   {runtime_call UncommonTrapBlob}
  0x0000028b765bb5f0: 5c24 40e8 

  0x0000028b765bb5f4: ; ImmutableOopMap {[32]=Oop }
                      ;*ifne {reexecute=1 rethrow=0 return_oop=0}
                      ; - (reexecute) com.mojang.blaze3d.systems.RenderSystem::assertOnRenderThreadOrInit@3 (line 143)
                      ; - com.mojang.blaze3d.platform.GlStateManager::_viewport@0 (line 616)
                      ; - com.mojang.blaze3d.pipeline.RenderTarget::_bindWrite@26 (line 204)
                      ; - com.mojang.blaze3d.pipeline.RenderTarget::bindWrite@21 (line 195)
                      ; - net.minecraft.client.Minecraft::runTick@354 (line 1137)
  0x0000028b765bb5f4: 08b3 a1fe | ba45 ffff | ff4c 8b54 | 2430 4c89 | 5424 2844 | 8b54 2440 | 4489 5424 | 304c 8b54 
  0x0000028b765bb614: 2448 4c89 | 5424 3844 | 894c 2434 | 4489 5c24 | 404c 8944 

  0x0000028b765bb628: ;   {runtime_call UncommonTrapBlob}
  0x0000028b765bb628: 2448 90e8 

  0x0000028b765bb62c: ; ImmutableOopMap {rbp=NarrowOop [32]=Oop [72]=Oop }
                      ;*if_acmpne {reexecute=1 rethrow=0 return_oop=0}
                      ; - (reexecute) com.mojang.blaze3d.systems.RenderSystem::isOnRenderThread@6 (line 110)
                      ; - com.mojang.blaze3d.systems.RenderSystem::assertOnRenderThreadOrInit@6 (line 143)
                      ; - com.mojang.blaze3d.platform.GlStateManager::_viewport@0 (line 616)
                      ; - com.mojang.blaze3d.pipeline.RenderTarget::_bindWrite@26 (line 204)
                      ; - com.mojang.blaze3d.pipeline.RenderTarget::bindWrite@21 (line 195)
                      ; - net.minecraft.client.Minecraft::runTick@354 (line 1137)
  0x0000028b765bb62c: d0b2 a1fe | ba45 ffff | ff4c 8b54 | 2430 4c89 | 5424 2844 | 8b54 2440 | 4489 5424 | 304c 894c 
  0x0000028b765bb64c: ;   {runtime_call UncommonTrapBlob}
  0x0000028b765bb64c: 2440 90e8 

  0x0000028b765bb650: ; ImmutableOopMap {rbp=NarrowOop [32]=Oop [64]=Oop }
                      ;*if_acmpne {reexecute=1 rethrow=0 return_oop=0}
                      ; - (reexecute) com.mojang.blaze3d.systems.RenderSystem::isOnRenderThread@6 (line 110)
                      ; - com.mojang.blaze3d.systems.RenderSystem::assertOnRenderThread@0 (line 149)
                      ; - com.mojang.blaze3d.systems.RenderSystem::setShaderFogStart@0 (line 392)
                      ; - net.minecraft.client.renderer.FogRenderer::setupNoFog@3 (line 203)
                      ; - net.minecraft.client.Minecraft::runTick@357 (line 1138)
  0x0000028b765bb650: acb2 a1fe | ba45 ffff | ff4c 8b54 | 2430 4c89 | 5424 2889 

  0x0000028b765bb664: ;   {runtime_call UncommonTrapBlob}
  0x0000028b765bb664: 7c24 34e8 

  0x0000028b765bb668: ; ImmutableOopMap {[32]=Oop [52]=NarrowOop }
                      ;*ifne {reexecute=1 rethrow=0 return_oop=0}
                      ; - (reexecute) com.mojang.blaze3d.systems.RenderSystem::assertOnRenderThreadOrInit@3 (line 143)
                      ; - com.mojang.blaze3d.platform.GlStateManager$BooleanState::setEnabled@0 (line 778)
                      ; - com.mojang.blaze3d.platform.GlStateManager$BooleanState::enable@2 (line 774)
                      ; - com.mojang.blaze3d.platform.GlStateManager::_enableCull@9 (line 443)
                      ; - com.mojang.blaze3d.systems.RenderSystem::enableCull@3 (line 281)
                      ; - net.minecraft.client.Minecraft::runTick@372 (line 1140)
  0x0000028b765bb668: 94b2 a1fe | ba45 ffff | ff4c 8954 | 2420 4c8b | 5424 304c | 8954 2428 

  0x0000028b765bb680: ;   {runtime_call UncommonTrapBlob}
  0x0000028b765bb680: 6666 90e8 

  0x0000028b765bb684: ; ImmutableOopMap {[32]=Oop }
                      ;*ifne {reexecute=1 rethrow=0 return_oop=0}
                      ; - (reexecute) net.minecraft.client.Minecraft::runTick@388 (line 1142)
  0x0000028b765bb684: 78b2 a1fe | ba45 ffff | ff4c 895c | 2420 4c89 

  0x0000028b765bb694: ;   {runtime_call UncommonTrapBlob}
  0x0000028b765bb694: 4424 30e8 

  0x0000028b765bb698: ; ImmutableOopMap {rbp=NarrowOop [32]=Oop [48]=Oop }
                      ;*if_acmpne {reexecute=1 rethrow=0 return_oop=0}
                      ; - (reexecute) com.mojang.blaze3d.systems.RenderSystem::isOnRenderThread@6 (line 110)
                      ; - com.mojang.blaze3d.pipeline.RenderTarget::unbindWrite@0 (line 210)
                      ; - net.minecraft.client.Minecraft::runTick@557 (line 1160)
  0x0000028b765bb698: 64b2 a1fe | ba45 ffff | ff4c 895c 

  0x0000028b765bb6a4: ;   {runtime_call UncommonTrapBlob}
  0x0000028b765bb6a4: 2420 90e8 

  0x0000028b765bb6a8: ; ImmutableOopMap {[32]=Oop }
                      ;*ifne {reexecute=1 rethrow=0 return_oop=0}
                      ; - (reexecute) com.mojang.blaze3d.systems.RenderSystem::assertOnRenderThreadOrInit@3 (line 143)
                      ; - com.mojang.blaze3d.platform.GlStateManager::_glBindFramebuffer@0 (line 343)
                      ; - com.mojang.blaze3d.pipeline.RenderTarget::unbindWrite@20 (line 215)
                      ; - net.minecraft.client.Minecraft::runTick@557 (line 1160)
  0x0000028b765bb6a8: 54b2 a1fe | ba45 ffff | ff4c 8954 | 2420 895c | 2430 4489 | 4424 3444 | 894c 2438 

  0x0000028b765bb6c4: ;   {runtime_call UncommonTrapBlob}
  0x0000028b765bb6c4: 6666 90e8 

  0x0000028b765bb6c8: ; ImmutableOopMap {[32]=Oop [48]=NarrowOop }
                      ;*ifne {reexecute=1 rethrow=0 return_oop=0}
                      ; - (reexecute) com.mojang.blaze3d.systems.RenderSystem::assertOnGameThreadOrInit@3 (line 137)
                      ; - com.mojang.blaze3d.pipeline.RenderTarget::blitToScreen@0 (line 232)
                      ; - com.mojang.blaze3d.pipeline.RenderTarget::blitToScreen@4 (line 228)
                      ; - net.minecraft.client.Minecraft::runTick@578 (line 1161)
  0x0000028b765bb6c8: 34b2 a1fe | ba45 ffff 

  0x0000028b765bb6d0: ;   {runtime_call UncommonTrapBlob}
  0x0000028b765bb6d0: ff66 90e8 

  0x0000028b765bb6d4: ; ImmutableOopMap {[32]=Oop [40]=NarrowOop }
                      ;*ifne {reexecute=1 rethrow=0 return_oop=0}
                      ; - (reexecute) com.mojang.blaze3d.systems.RenderSystem::assertOnGameThreadOrInit@3 (line 137)
                      ; - com.mojang.blaze3d.vertex.Tesselator::getInstance@0 (line 15)
                      ; - com.mojang.blaze3d.systems.RenderSystem::flipFrame@6 (line 186)
                      ; - com.mojang.blaze3d.platform.Window::updateDisplay@4 (line 274)
                      ; - net.minecraft.client.Minecraft::runTick@624 (line 1170)
  0x0000028b765bb6d4: 28b2 a1fe | 498b d749 | ba60 487b | e1f8 7f00 | 0041 ffd2 | e9eb d4ff | ff45 33db | 4d3b d3bd 
  0x0000028b765bb6f4: ffff ffff | 7c08 400f | 95c5 400f | b6ed ba45 | ffff ff4c | 8954 2440 

  0x0000028b765bb70c: ;   {runtime_call UncommonTrapBlob}
  0x0000028b765bb70c: 6666 90e8 

  0x0000028b765bb710: ; ImmutableOopMap {[32]=Oop }
                      ;*ifne {reexecute=1 rethrow=0 return_oop=0}
                      ; - (reexecute) org.lwjgl.system.Checks::check@3 (line 187)
                      ; - org.lwjgl.glfw.GLFW::glfwWindowShouldClose@11 (line 2244)
                      ; - com.mojang.blaze3d.platform.GLX::_shouldClose@4 (line 91)
                      ; - com.mojang.blaze3d.platform.Window::shouldClose@1 (line 121)
                      ; - net.minecraft.client.Minecraft::runTick@18 (line 1086)
  0x0000028b765bb710: ecb1 a1fe | ba45 ffff | ff48 8b6c | 2420 448b | 5424 2844 | 8954 2420 | 8944 2424 

  0x0000028b765bb72c: ;   {runtime_call UncommonTrapBlob}
  0x0000028b765bb72c: 6666 90e8 

  0x0000028b765bb730: ; ImmutableOopMap {rbp=Oop }
                      ;*ifeq {reexecute=1 rethrow=0 return_oop=0}
                      ; - (reexecute) org.lwjgl.glfw.GLFW::glfwWindowShouldClose@20 (line 2246)
                      ; - com.mojang.blaze3d.platform.GLX::_shouldClose@4 (line 91)
                      ; - com.mojang.blaze3d.platform.Window::shouldClose@1 (line 121)
                      ; - net.minecraft.client.Minecraft::runTick@18 (line 1086)
  0x0000028b765bb730: ccb1 a1fe | ba45 ffff 

  0x0000028b765bb738: ;   {runtime_call UncommonTrapBlob}
  0x0000028b765bb738: ff66 90e8 

  0x0000028b765bb73c: ; ImmutableOopMap {rbp=NarrowOop [32]=Oop }
                      ;*ifnull {reexecute=1 rethrow=0 return_oop=0}
                      ; - (reexecute) net.minecraft.client.Minecraft::runTick@32 (line 1090)
  0x0000028b765bb73c: c0b1 a1fe | ba45 ffff | ff4c 8b5c | 2430 4c89 | 5c24 2889 | 4c24 3444 | 8954 2438 

  0x0000028b765bb758: ;   {runtime_call UncommonTrapBlob}
  0x0000028b765bb758: 6666 90e8 

  0x0000028b765bb75c: ; ImmutableOopMap {[32]=Oop [52]=NarrowOop [56]=NarrowOop }
                      ;*ifeq {reexecute=1 rethrow=0 return_oop=0}
                      ; - (reexecute) net.minecraft.client.sounds.SoundEngine::updateSource@4 (line 475)
                      ; - net.minecraft.client.sounds.SoundManager::updateSource@5 (line 158)
                      ; - net.minecraft.client.Minecraft::runTick@238 (line 1121)
  0x0000028b765bb75c: a0b1 a1fe | ba45 ffff | ff4c 895c 

  0x0000028b765bb768: ;   {runtime_call UncommonTrapBlob}
  0x0000028b765bb768: 2420 90e8 

  0x0000028b765bb76c: ; ImmutableOopMap {rbp=NarrowOop [32]=Oop }
                      ;*ifnull {reexecute=1 rethrow=0 return_oop=0}
                      ; - (reexecute) net.minecraft.client.Minecraft::runTick@485 (line 1151)
  0x0000028b765bb76c: 90b1 a1fe | ba45 ffff | ff44 8954 

  0x0000028b765bb778: ;   {runtime_call UncommonTrapBlob}
  0x0000028b765bb778: 242c 90e8 

  0x0000028b765bb77c: ; ImmutableOopMap {[32]=Oop [40]=NarrowOop [44]=NarrowOop }
                      ;*ifle {reexecute=1 rethrow=0 return_oop=0}
                      ; - (reexecute) com.mojang.blaze3d.vertex.BufferBuilder::clear@4 (line 345)
                      ; - com.mojang.blaze3d.systems.RenderSystem::flipFrame@12 (line 186)
                      ; - com.mojang.blaze3d.platform.Window::updateDisplay@4 (line 274)
                      ; - net.minecraft.client.Minecraft::runTick@624 (line 1170)
  0x0000028b765bb77c: 80b1 a1fe | 4533 db4d | 3bd3 bdff | ffff ff7c | 0840 0f95 | c540 0fb6 | edba 45ff 

  0x0000028b765bb798: ;   {runtime_call UncommonTrapBlob}
  0x0000028b765bb798: ffff 90e8 

  0x0000028b765bb79c: ; ImmutableOopMap {[32]=Oop [40]=NarrowOop }
                      ;*ifne {reexecute=1 rethrow=0 return_oop=0}
                      ; - (reexecute) org.lwjgl.system.Checks::check@3 (line 187)
                      ; - org.lwjgl.glfw.GLFW::glfwSwapBuffers@11 (line 4899)
                      ; - com.mojang.blaze3d.systems.RenderSystem::flipFrame@16 (line 187)
                      ; - com.mojang.blaze3d.platform.Window::updateDisplay@4 (line 274)
                      ; - net.minecraft.client.Minecraft::runTick@624 (line 1170)
  0x0000028b765bb79c: 60b1 a1fe | ba45 ffff | ff44 8944 

  0x0000028b765bb7a8: ;   {runtime_call UncommonTrapBlob}
  0x0000028b765bb7a8: 242c 90e8 

  0x0000028b765bb7ac: ; ImmutableOopMap {[32]=Oop [40]=NarrowOop }
                      ;*if_icmpeq {reexecute=1 rethrow=0 return_oop=0}
                      ; - (reexecute) com.mojang.blaze3d.platform.Window::updateDisplay@15 (line 275)
                      ; - net.minecraft.client.Minecraft::runTick@624 (line 1170)
  0x0000028b765bb7ac: 50b1 a1fe | ba45 ffff | ff4c 8954 | 2420 4c8b | 5424 304c | 8954 2428 | 448b 5424 | 4044 8954 
  0x0000028b765bb7cc: 2430 4c89 

  0x0000028b765bb7d0: ;   {runtime_call UncommonTrapBlob}
  0x0000028b765bb7d0: 5c24 40e8 

  0x0000028b765bb7d4: ; ImmutableOopMap {[32]=Oop [64]=Oop }
                      ;*ifeq {reexecute=1 rethrow=0 return_oop=0}
                      ; - (reexecute) net.minecraftforge.eventbus.EventBus::post@13 (line 303)
                      ; - net.minecraftforge.eventbus.EventBus::post@7 (line 296)
                      ; - net.minecraftforge.event.ForgeEventFactory::onRenderTickStart@14 (line 905)
                      ; - net.minecraft.client.Minecraft::runTick@420 (line 1144)
  0x0000028b765bb7d4: 28b1 a1fe | ba45 ffff | ff4c 895c | 2420 4c89 

  0x0000028b765bb7e4: ;   {runtime_call UncommonTrapBlob}
  0x0000028b765bb7e4: 5424 30e8 

  0x0000028b765bb7e8: ; ImmutableOopMap {[32]=Oop [48]=Oop }
                      ;*ifeq {reexecute=1 rethrow=0 return_oop=0}
                      ; - (reexecute) net.minecraftforge.eventbus.EventBus::post@13 (line 303)
                      ; - net.minecraftforge.eventbus.EventBus::post@7 (line 296)
                      ; - net.minecraftforge.event.ForgeEventFactory::onRenderTickEnd@14 (line 910)
                      ; - net.minecraft.client.Minecraft::runTick@478 (line 1148)
  0x0000028b765bb7e8: 14b1 a1fe | ba45 ffff | ff4c 8954 | 2438 4489 | 7424 2c48 | 8974 2440 | 897c 2448 

  0x0000028b765bb804: ;   {runtime_call UncommonTrapBlob}
  0x0000028b765bb804: 6666 90e8 

  0x0000028b765bb808: ; ImmutableOopMap {[32]=Oop [44]=NarrowOop [56]=Oop [64]=Oop [72]=NarrowOop }
                      ;*ifeq {reexecute=1 rethrow=0 return_oop=0}
                      ; - (reexecute) java.util.concurrent.ConcurrentLinkedQueue::poll@24 (line 387)
                      ; - net.minecraft.client.Minecraft::runTick@75 (line 1099)
  0x0000028b765bb808: f4b0 a1fe | bade ffff | ff49 8bed | 4c8b 4424 | 304c 8944 | 2420 4489 | 5c24 2c44 | 8954 2430 
  0x0000028b765bb828: 4c89 4c24 

  0x0000028b765bb82c: ;   {runtime_call UncommonTrapBlob}
  0x0000028b765bb82c: 3866 90e8 

  0x0000028b765bb830: ; ImmutableOopMap {rbp=Oop [44]=NarrowOop [48]=NarrowOop [56]=Oop }
                      ;*invokeinterface add {reexecute=0 rethrow=0 return_oop=0}
                      ; - net.minecraft.util.thread.BlockableEventLoop::tell@5 (line 82)
                      ; - net.minecraft.util.thread.BlockableEventLoop::execute@13 (line 88)
                      ; - net.minecraft.client.sounds.SoundEngine::updateSource@44 (line 479)
                      ; - net.minecraft.client.sounds.SoundManager::updateSource@5 (line 158)
                      ; - net.minecraft.client.Minecraft::runTick@238 (line 1121)
  0x0000028b765bb830: ccb0 a1fe | 498b d749 | ba60 487b | e1f8 7f00 | 0041 ffd2 | e915 cfff | ff49 8bd7 | 49ba 6048 
  0x0000028b765bb850: 7be1 f87f | 0000 41ff | d2e9 73cf | ffff ba5c | ffff ff48 | 8b6c 2420 | 448b 5424 | 2844 8954 
  0x0000028b765bb870: 2420 4c8b | 5424 304c | 8954 2428 | 897c 2424 | 4489 7424 

  0x0000028b765bb884: ;   {runtime_call UncommonTrapBlob}
  0x0000028b765bb884: 3066 90e8 

  0x0000028b765bb888: ; ImmutableOopMap {rbp=Oop [36]=NarrowOop [48]=NarrowOop }
                      ;*ifnonnull {reexecute=1 rethrow=0 return_oop=0}
                      ; - (reexecute) java.util.Objects::requireNonNull@1 (line 208)
                      ; - java.lang.invoke.VarHandleReferences$FieldInstanceReadWrite::setRelease@16 (line 172)
                      ; - java.lang.invoke.VarHandleGuards::guard_LL_V@45 (line 53)
                      ; - java.util.concurrent.ConcurrentLinkedQueue::updateHead@22 (line 293)
                      ; - java.util.concurrent.ConcurrentLinkedQueue::poll@48 (line 391)
                      ; - net.minecraft.client.Minecraft::runTick@75 (line 1099)
  0x0000028b765bb888: 74b0 a1fe | 498b c849 | 8bd7 49ba | 6048 7be1 | f87f 0000 | 41ff d2e9 | eac1 ffff | 498b d749 
  0x0000028b765bb8a8: ba60 487b | e1f8 7f00 | 0041 ffd2 | e93a c2ff | ffba 45ff 

  0x0000028b765bb8bc: ;   {runtime_call UncommonTrapBlob}
  0x0000028b765bb8bc: ffff 90e8 

  0x0000028b765bb8c0: ; ImmutableOopMap {rbp=NarrowOop [32]=Oop }
                      ;*ifnonnull {reexecute=1 rethrow=0 return_oop=0}
                      ; - (reexecute) net.minecraft.client.Minecraft::getFramerateLimit@11 (line 1296)
                      ; - net.minecraft.client.Minecraft::runTick@628 (line 1171)
  0x0000028b765bb8c0: 3cb0 a1fe | 4c8b d649 | c1e2 034d | 85d2 400f | 95c5 400f | b6ed ba5c | ffff ff48 | 895c 2438 
  0x0000028b765bb8e0: 4489 6c24 

  0x0000028b765bb8e4: ;   {runtime_call UncommonTrapBlob}
  0x0000028b765bb8e4: 2c66 90e8 

  0x0000028b765bb8e8: ; ImmutableOopMap {[32]=Oop [40]=NarrowOop [44]=NarrowOop [56]=Oop }
                      ;*ifnonnull {reexecute=1 rethrow=0 return_oop=0}
                      ; - (reexecute) java.util.Objects::requireNonNull@1 (line 208)
                      ; - java.lang.invoke.VarHandleReferences$FieldInstanceReadWrite::setRelease@16 (line 172)
                      ; - java.lang.invoke.VarHandleGuards::guard_LL_V@45 (line 53)
                      ; - java.util.concurrent.ConcurrentLinkedQueue::updateHead@22 (line 293)
                      ; - java.util.concurrent.ConcurrentLinkedQueue::first@38 (line 432)
                      ; - java.util.concurrent.ConcurrentLinkedQueue::isEmpty@1 (line 447)
                      ; - com.mojang.blaze3d.systems.RenderSystem::replayQueue@7 (line 194)
                      ; - com.mojang.blaze3d.systems.RenderSystem::flipFrame@3 (line 185)
                      ; - com.mojang.blaze3d.platform.Window::updateDisplay@4 (line 274)
                      ; - net.minecraft.client.Minecraft::runTick@624 (line 1170)
  0x0000028b765bb8e8: 14b0 a1fe | ba45 ffff | ff48 895c 

  0x0000028b765bb8f4: ;   {runtime_call UncommonTrapBlob}
  0x0000028b765bb8f4: 2420 90e8 

  0x0000028b765bb8f8: ; ImmutableOopMap {rbp=NarrowOop [32]=Oop }
                      ;*ifnull {reexecute=1 rethrow=0 return_oop=0}
                      ; - (reexecute) net.minecraft.client.Minecraft::hasSingleplayerServer@11 (line 2419)
                      ; - net.minecraft.client.Minecraft::runTick@691 (line 1181)
  0x0000028b765bb8f8: 04b0 a1fe | bade ffff | ff48 8b6c | 2420 448b | 4424 2844 | 8944 2420 | 4c8b 4424 | 304c 8944 
  0x0000028b765bb918: 2428 4489 | 4c24 2444 | 8954 2430 | 4489 5c24 

  0x0000028b765bb928: ;   {runtime_call UncommonTrapBlob}
  0x0000028b765bb928: 3466 90e8 

  0x0000028b765bb92c: ; ImmutableOopMap {rbp=Oop [52]=NarrowOop }
                      ;*invokeinterface incrementCounter {reexecute=0 rethrow=0 return_oop=0}
                      ; - net.minecraft.client.Minecraft::runTick@174 (line 1111)
  0x0000028b765bb92c: d0af a1fe | ba45 ffff | ff4c 8954 | 2438 4489 | 7424 2c48 | 8974 2440 

  0x0000028b765bb944: ;   {runtime_call UncommonTrapBlob}
  0x0000028b765bb944: 6666 90e8 

  0x0000028b765bb948: ; ImmutableOopMap {rbp=NarrowOop [32]=Oop [44]=NarrowOop [56]=Oop [64]=Oop }
                      ;*if_acmpne {reexecute=1 rethrow=0 return_oop=0}
                      ; - (reexecute) java.util.concurrent.ConcurrentLinkedQueue::poll@73 (line 398)
                      ; - net.minecraft.client.Minecraft::runTick@75 (line 1099)
  0x0000028b765bb948: b4af a1fe 

  0x0000028b765bb94c: ;   {metadata({type array float})}
  0x0000028b765bb94c: 48ba 5863 | 0007 8b02 | 0000 41b8 | 0600 0000 | 488b 6c24 

  0x0000028b765bb960: ;   {runtime_call _new_array_Java}
  0x0000028b765bb960: 2066 90e8 

  0x0000028b765bb964: ; ImmutableOopMap {rbp=Oop [32]=Oop [44]=NarrowOop [56]=Oop [68]=NarrowOop }
                      ;*newarray {reexecute=0 rethrow=0 return_oop=1}
                      ; - com.mojang.blaze3d.audio.Listener::setListenerOrientation@5 (line 24)
                      ; - net.minecraft.client.sounds.SoundEngine::lambda$updateSource$12@14 (line 481)
                      ; - net.minecraft.client.sounds.SoundEngine$$Lambda$9112/0x0000028b0919c210::run@16
                      ; - net.minecraft.util.thread.BlockableEventLoop::execute@20 (line 90)
                      ; - net.minecraft.client.sounds.SoundEngine::updateSource@44 (line 479)
                      ; - net.minecraft.client.sounds.SoundManager::updateSource@5 (line 158)
                      ; - net.minecraft.client.Minecraft::runTick@238 (line 1121)
  0x0000028b765bb964: 9850 acfe | 4c8b c0e9 | 11e5 ffff | 4c89 4c24 | 3044 8954 | 242c 488b 

  0x0000028b765bb97c: ;   {metadata('java/lang/Integer')}
  0x0000028b765bb97c: 6c24 2048 | ba78 1904 | 078b 0200 

  0x0000028b765bb988: ;   {runtime_call _new_instance_Java}
  0x0000028b765bb988: 0066 90e8 

  0x0000028b765bb98c: ; ImmutableOopMap {rbp=Oop [48]=Oop }
                      ;*new {reexecute=0 rethrow=0 return_oop=1}
                      ; - java.lang.Integer::valueOf@23 (line 1081)
                      ; - net.minecraft.client.Minecraft::runTick@983 (line 1214)
  0x0000028b765bb98c: 704d acfe | 4889 6c24 | 2044 8b54 | 242c 4c8b | 4c24 3048 | 8bc8 e9b6 | e5ff ffba | 45ff ffff 
  0x0000028b765bb9ac: 4c8b 5424 | 304c 8954 

  0x0000028b765bb9b4: ;   {runtime_call UncommonTrapBlob}
  0x0000028b765bb9b4: 2428 90e8 

  0x0000028b765bb9b8: ; ImmutableOopMap {rbp=NarrowOop [32]=Oop }
                      ;*ifnull {reexecute=1 rethrow=0 return_oop=0}
                      ; - (reexecute) java.util.concurrent.locks.LockSupport::unpark@1 (line 176)
                      ; - net.minecraft.util.thread.BlockableEventLoop::tell@15 (line 83)
                      ; - net.minecraft.util.thread.BlockableEventLoop::execute@13 (line 88)
                      ; - net.minecraft.client.sounds.SoundEngine::updateSource@44 (line 479)
                      ; - net.minecraft.client.sounds.SoundManager::updateSource@5 (line 158)
                      ; - net.minecraft.client.Minecraft::runTick@238 (line 1121)
  0x0000028b765bb9b8: 44af a1fe | 498b c849 | 8bd7 49ba | 6048 7be1 | f87f 0000 | 41ff d2e9 | 19be ffff | 498b d749 
  0x0000028b765bb9d8: ba60 487b | e1f8 7f00 | 0041 ffd2 | e96c beff | ff48 8944 | 24f8 8b44 | 2428 8944 | 2420 488b 
  0x0000028b765bb9f8: ;   {metadata('java/lang/Integer')}
  0x0000028b765bb9f8: 4424 f848 | ba78 1904 | 078b 0200 

  0x0000028b765bba04: ;   {runtime_call _new_instance_Java}
  0x0000028b765bba04: 0066 90e8 

  0x0000028b765bba08: ; ImmutableOopMap {rbp=Derived_oop_[48] [48]=Oop [72]=Oop }
                      ;*new {reexecute=0 rethrow=0 return_oop=1}
                      ; - java.lang.Integer::valueOf@23 (line 1081)
                      ; - net.minecraft.client.Minecraft::runTick@1005 (line 1214)
  0x0000028b765bba08: f44c acfe | 448b 4424 | 204c 8bd8 | e98a e5ff | ffba beff | ffff 4c89 | 5424 204c | 8b54 2430 
  0x0000028b765bba28: 4c89 5424 | 2844 8b44 | 2440 4489 | 4424 304c | 8b54 2448 | 4c89 5424 | 384c 895c | 2440 4889 
  0x0000028b765bba48: ;   {runtime_call UncommonTrapBlob}
  0x0000028b765bba48: 7c24 48e8 

  0x0000028b765bba4c: ; ImmutableOopMap {[32]=Oop [64]=Oop [72]=Oop }
                      ;*if_icmpge {reexecute=1 rethrow=0 return_oop=0}
                      ; - (reexecute) net.minecraftforge.eventbus.EventBus::post@73 (line 312)
                      ; - net.minecraftforge.eventbus.EventBus::post@7 (line 296)
                      ; - net.minecraftforge.event.ForgeEventFactory::onRenderTickStart@14 (line 905)
                      ; - net.minecraft.client.Minecraft::runTick@420 (line 1144)
  0x0000028b765bba4c: b0ae a1fe | babe ffff | ff4c 895c | 2420 4c89 | 5424 3048 | 895c 2438 

  0x0000028b765bba64: ;   {runtime_call UncommonTrapBlob}
  0x0000028b765bba64: 6666 90e8 

  0x0000028b765bba68: ; ImmutableOopMap {[32]=Oop [48]=Oop [56]=Oop }
                      ;*if_icmpge {reexecute=1 rethrow=0 return_oop=0}
                      ; - (reexecute) net.minecraftforge.eventbus.EventBus::post@73 (line 312)
                      ; - net.minecraftforge.eventbus.EventBus::post@7 (line 296)
                      ; - net.minecraftforge.event.ForgeEventFactory::onRenderTickEnd@14 (line 910)
                      ; - net.minecraft.client.Minecraft::runTick@478 (line 1148)
  0x0000028b765bba68: 94ae a1fe | 498b d749 | ba60 487b | e1f8 7f00 | 0041 ffd2 | e937 ceff | ff49 8bd7 | 49ba 6048 
  0x0000028b765bba88: 7be1 f87f | 0000 41ff | d2e9 91ce | ffff ba45 | ffff ff44 | 896c 242c | 4889 7c24 

  0x0000028b765bbaa4: ;   {runtime_call UncommonTrapBlob}
  0x0000028b765bbaa4: 3866 90e8 

  0x0000028b765bbaa8: ; ImmutableOopMap {rbp=NarrowOop [32]=Oop [40]=NarrowOop [44]=NarrowOop [56]=Oop }
                      ;*if_acmpne {reexecute=1 rethrow=0 return_oop=0}
                      ; - (reexecute) java.util.concurrent.ConcurrentLinkedQueue::first@54 (line 435)
                      ; - java.util.concurrent.ConcurrentLinkedQueue::isEmpty@1 (line 447)
                      ; - com.mojang.blaze3d.systems.RenderSystem::replayQueue@7 (line 194)
                      ; - com.mojang.blaze3d.systems.RenderSystem::flipFrame@3 (line 185)
                      ; - com.mojang.blaze3d.platform.Window::updateDisplay@4 (line 274)
                      ; - net.minecraft.client.Minecraft::runTick@624 (line 1170)
  0x0000028b765bbaa8: 54ae a1fe | 498b d749 | ba60 487b | e1f8 7f00 | 0041 ffd2 | 448b 5c24 | 2ce9 5ac4 | ffff ba5c 
  0x0000028b765bbac8: ffff ff48 | 8b6c 2420 | 448b 5424 | 2844 8954 | 2420 4489 

  0x0000028b765bbadc: ;   {runtime_call UncommonTrapBlob}
  0x0000028b765bbadc: 7424 24e8 

  0x0000028b765bbae0: ; ImmutableOopMap {rbp=Oop [36]=NarrowOop }
                      ;*ifnonnull {reexecute=1 rethrow=0 return_oop=0}
                      ; - (reexecute) java.util.Objects::requireNonNull@1 (line 208)
                      ; - java.lang.invoke.VarHandleReferences$FieldInstanceReadWrite::setRelease@16 (line 172)
                      ; - java.lang.invoke.VarHandleGuards::guard_LL_V@45 (line 53)
                      ; - java.util.concurrent.ConcurrentLinkedQueue::updateHead@22 (line 293)
                      ; - java.util.concurrent.ConcurrentLinkedQueue::poll@66 (line 395)
                      ; - net.minecraft.client.Minecraft::runTick@75 (line 1099)
  0x0000028b765bbae0: 1cae a1fe 

  0x0000028b765bbae4: ;   {metadata('java/util/Formatter$FormatSpecifier')}
  0x0000028b765bbae4: 48ba e8ab | 1307 8b02 

  0x0000028b765bbaec: ;   {runtime_call _new_instance_Java}
  0x0000028b765bbaec: 0000 90e8 

  0x0000028b765bbaf0: ; ImmutableOopMap {[32]=Oop [48]=Oop [60]=NarrowOop [64]=Oop [72]=Oop [88]=Oop }
                      ;*new {reexecute=0 rethrow=0 return_oop=1}
                      ; - java.util.Formatter::parse@174 (line 2747)
                      ; - java.util.Formatter::format@12 (line 2671)
                      ; - java.util.Formatter::format@7 (line 2625)
                      ; - java.lang.String::format@10 (line 4186)
                      ; - net.minecraft.client.Minecraft::runTick@1122 (line 1214)
  0x0000028b765bbaf0: 0c4c acfe | e92d e9ff | ffba 45ff | ffff 4489 | 6c24 2c48 | 895c 2438 

  0x0000028b765bbb08: ;   {runtime_call UncommonTrapBlob}
  0x0000028b765bbb08: 6666 90e8 

  0x0000028b765bbb0c: ; ImmutableOopMap {rbp=NarrowOop [32]=Oop [40]=NarrowOop [44]=NarrowOop [56]=Oop }
                      ;*if_acmpne {reexecute=1 rethrow=0 return_oop=0}
                      ; - (reexecute) java.util.concurrent.ConcurrentLinkedQueue::first@54 (line 435)
                      ; - java.util.concurrent.ConcurrentLinkedQueue::isEmpty@1 (line 447)
                      ; - com.mojang.blaze3d.systems.RenderSystem::replayQueue@7 (line 194)
                      ; - com.mojang.blaze3d.systems.RenderSystem::flipFrame@3 (line 185)
                      ; - com.mojang.blaze3d.platform.Window::updateDisplay@4 (line 274)
                      ; - net.minecraft.client.Minecraft::runTick@624 (line 1170)
  0x0000028b765bbb0c: f0ad a1fe | bd01 0000 | 0045 33db | 4183 faff | 410f 4eeb | ba45 ffff | ff48 895c 

  0x0000028b765bbb28: ;   {runtime_call UncommonTrapBlob}
  0x0000028b765bbb28: 2420 90e8 

  0x0000028b765bbb2c: ; ImmutableOopMap {[32]=Oop }
                      ;*ifne {reexecute=1 rethrow=0 return_oop=0}
                      ; - (reexecute) net.minecraft.client.Minecraft::runTick@738 (line 1181)
  0x0000028b765bbb2c: d0ad a1fe | 498b c849 | 8bd7 49ba | 6048 7be1 | f87f 0000 | 41ff d2e9 | 77d4 ffff | 498b d749 
  0x0000028b765bbb4c: ba60 487b | e1f8 7f00 | 0041 ffd2 | e9d0 d4ff | ffba f6ff 

  0x0000028b765bbb60: ;   {runtime_call UncommonTrapBlob}
  0x0000028b765bbb60: ffff 90e8 

  0x0000028b765bbb64: ; ImmutableOopMap {}
                      ;*invokevirtual biomeBlendRadius {reexecute=0 rethrow=0 return_oop=0}
                      ; - net.minecraft.client.Minecraft::runTick@1109 (line 1214)
  0x0000028b765bbb64: 98ad a1fe | baf6 ffff 

  0x0000028b765bbb6c: ;   {runtime_call UncommonTrapBlob}
  0x0000028b765bbb6c: ff66 90e8 

  0x0000028b765bbb70: ; ImmutableOopMap {}
                      ;*invokevirtual cloudStatus {reexecute=0 rethrow=0 return_oop=0}
                      ; - net.minecraft.client.Minecraft::runTick@1059 (line 1214)
  0x0000028b765bbb70: 8cad a1fe | bade ffff 

  0x0000028b765bbb78: ;   {runtime_call UncommonTrapBlob}
  0x0000028b765bbb78: ff66 90e8 

  0x0000028b765bbb7c: ; ImmutableOopMap {rbp=Oop [32]=Oop [48]=Oop [60]=NarrowOop [64]=Oop }
                      ;*invokeinterface size {reexecute=0 rethrow=0 return_oop=0}
                      ; - java.util.Formatter::format@24 (line 2672)
                      ; - java.util.Formatter::format@7 (line 2625)
                      ; - java.lang.String::format@10 (line 4186)
                      ; - net.minecraft.client.Minecraft::runTick@1122 (line 1214)
  0x0000028b765bbb7c: 80ad a1fe | bac6 ffff | ff44 8b54 | 2458 4489 

  0x0000028b765bbb8c: ;   {runtime_call UncommonTrapBlob}
  0x0000028b765bbb8c: 5424 50e8 

  0x0000028b765bbb90: ; ImmutableOopMap {rbp=Oop [32]=Oop [48]=Oop [60]=NarrowOop [64]=Oop [72]=Oop }
                      ;*invokeinterface index {reexecute=0 rethrow=0 return_oop=0}
                      ; - java.util.Formatter::format@48 (line 2674)
                      ; - java.util.Formatter::format@7 (line 2625)
                      ; - java.lang.String::format@10 (line 4186)
                      ; - net.minecraft.client.Minecraft::runTick@1122 (line 1214)
  0x0000028b765bbb90: 6cad a1fe | ba45 ffff | ff44 8944 | 245c 4489 

  0x0000028b765bbba0: ;   {runtime_call UncommonTrapBlob}
  0x0000028b765bbba0: 5c24 60e8 

  0x0000028b765bbba4: ; ImmutableOopMap {rbp=Oop [32]=Oop [48]=Oop [60]=NarrowOop [64]=Oop [72]=Oop }
                      ;*if_icmplt {reexecute=1 rethrow=0 return_oop=0}
                      ; - (reexecute) java.util.Formatter::parse@90 (line 2732)
                      ; - java.util.Formatter::format@12 (line 2671)
                      ; - java.util.Formatter::format@7 (line 2625)
                      ; - java.lang.String::format@10 (line 4186)
                      ; - net.minecraft.client.Minecraft::runTick@1122 (line 1214)
  0x0000028b765bbba4: 58ad a1fe | ba45 ffff | ff4c 8954 

  0x0000028b765bbbb0: ;   {runtime_call UncommonTrapBlob}
  0x0000028b765bbbb0: 2428 90e8 

  0x0000028b765bbbb4: ; ImmutableOopMap {rbp=NarrowOop [40]=Oop [48]=Oop }
                      ;*if_acmpne {reexecute=1 rethrow=0 return_oop=0}
                      ; - (reexecute) net.minecraft.client.Minecraft::runTick@1068 (line 1214)
  0x0000028b765bbbb4: 48ad a1fe | 498b d749 | ba60 487b | e1f8 7f00 | 0041 ffd2 | e962 eeff | ff49 8bd7 | 49ba 6048 
  0x0000028b765bbbd4: 7be1 f87f | 0000 41ff | d2e9 11ee | ffff 498b | d749 ba60 | 487b e1f8 | 7f00 0041 | ffd2 e959 
  0x0000028b765bbbf4: d8ff ff49 | 8bd7 49ba | 6048 7be1 | f87f 0000 | 41ff d2e9 | a7d8 ffff | 498b d749 | ba60 487b 
  0x0000028b765bbc14: e1f8 7f00 | 0041 ffd2 | e90f d9ff | ff49 8bd7 | 49ba 6048 | 7be1 f87f | 0000 41ff | d2e9 b8d9 
  0x0000028b765bbc34: ffff 498b | d749 ba60 | 487b e1f8 | 7f00 0041 | ffd2 e959 | d9ff ff48 | 8bdd 498b | d749 ba60 
  0x0000028b765bbc54: 487b e1f8 | 7f00 0041 | ffd2 e989 | efff ff49 | 8bd8 498b | d749 ba60 | 487b e1f8 | 7f00 0041 
  0x0000028b765bbc74: ffd2 e931 | efff ff48 | 8b7c 2420 | 498b d749 | ba60 487b | e1f8 7f00 | 0041 ffd2 | e99e efff 
  0x0000028b765bbc94: ;   {section_word}
  0x0000028b765bbc94: ffc5 f92e | 054b b9ff | ffbd ffff | ffff 0f8a | 0e00 0000 | 0f82 0800 | 0000 400f | 95c5 400f 
  0x0000028b765bbcb4: b6ed ba45 

  0x0000028b765bbcb8: ;   {runtime_call UncommonTrapBlob}
  0x0000028b765bbcb8: ffff ffe8 

  0x0000028b765bbcbc: ; ImmutableOopMap {[32]=Oop }
                      ;*ifle {reexecute=1 rethrow=0 return_oop=0}
                      ; - (reexecute) net.minecraft.client.Minecraft::runTick@907 (line 1207)
  0x0000028b765bbcbc: 40ac a1fe | ba45 ffff 

  0x0000028b765bbcc4: ;   {runtime_call UncommonTrapBlob}
  0x0000028b765bbcc4: ff66 90e8 

  0x0000028b765bbcc8: ; ImmutableOopMap {[48]=Oop [72]=Oop }
                      ;*ifeq {reexecute=1 rethrow=0 return_oop=0}
                      ; - (reexecute) net.minecraft.client.Minecraft::runTick@1027 (line 1214)
  0x0000028b765bbcc8: 34ac a1fe | ba45 ffff | ff8b 4c24 | 3889 4c24 | 284c 8944 | 2438 4489 | 5424 2c44 | 895c 2440 
  0x0000028b765bbce8: ;   {runtime_call UncommonTrapBlob}
  0x0000028b765bbce8: 6666 90e8 

  0x0000028b765bbcec: ; ImmutableOopMap {[32]=Oop [44]=NarrowOop [48]=Oop [56]=Oop [64]=NarrowOop }
                      ;*ifnonnull {reexecute=1 rethrow=0 return_oop=0}
                      ; - (reexecute) java.util.Formatter::ensureOpen@4 (line 2576)
                      ; - java.util.Formatter::format@1 (line 2664)
                      ; - java.util.Formatter::format@7 (line 2625)
                      ; - java.lang.String::format@10 (line 4186)
                      ; - net.minecraft.client.Minecraft::runTick@1122 (line 1214)
  0x0000028b765bbcec: 10ac a1fe | ba45 ffff | ff44 8b54 | 2458 4489 | 5424 5044 | 8b54 2460 | 4489 5424 | 584c 8944 
  0x0000028b765bbd0c: ;   {runtime_call UncommonTrapBlob}
  0x0000028b765bbd0c: 2460 90e8 

  0x0000028b765bbd10: ; ImmutableOopMap {[32]=Oop [48]=Oop [60]=NarrowOop [64]=Oop [72]=Oop [96]=Oop }
                      ;*tableswitch {reexecute=1 rethrow=0 return_oop=0}
                      ; - (reexecute) java.util.Formatter::format@57 (line 2676)
                      ; - java.util.Formatter::format@7 (line 2625)
                      ; - java.lang.String::format@10 (line 4186)
                      ; - net.minecraft.client.Minecraft::runTick@1122 (line 1214)
  0x0000028b765bbd10: ecab a1fe | bab8 0000 | 0044 8b5c | 2438 4489 | 5c24 2844 | 8b54 243c | 4489 5424 | 2c44 894c 
  0x0000028b765bbd30: 2438 448b | 5424 5c44 | 8954 243c | 4c89 4424 

  0x0000028b765bbd40: ;   {runtime_call UncommonTrapBlob}
  0x0000028b765bbd40: 5866 90e8 

  0x0000028b765bbd44: ; ImmutableOopMap {[32]=Oop [44]=NarrowOop [48]=Oop [64]=Oop [72]=Oop [88]=Oop }
                      ;*new {reexecute=0 rethrow=0 return_oop=0}
                      ; - java.util.Formatter::format@114 (line 2681)
                      ; - java.util.Formatter::format@7 (line 2625)
                      ; - java.lang.String::format@10 (line 4186)
                      ; - net.minecraft.client.Minecraft::runTick@1122 (line 1214)
  0x0000028b765bbd44: b8ab a1fe | bade ffff | ff44 894c | 2450 448b | 5424 5c44 | 8954 2454 | 448b 5c24 | 6044 895c 
  0x0000028b765bbd64: 2458 4c89 

  0x0000028b765bbd68: ;   {runtime_call UncommonTrapBlob}
  0x0000028b765bbd68: 4424 60e8 

  0x0000028b765bbd6c: ; ImmutableOopMap {rbp=NarrowOop [32]=Oop [48]=Oop [60]=NarrowOop [64]=Oop [72]=Oop [96]=Oop }
                      ;*invokeinterface print {reexecute=0 rethrow=0 return_oop=0}
                      ; - java.util.Formatter::format@144 (line 2682)
                      ; - java.util.Formatter::format@7 (line 2625)
                      ; - java.lang.String::format@10 (line 4186)
                      ; - net.minecraft.client.Minecraft::runTick@1122 (line 1214)
  0x0000028b765bbd6c: 90ab a1fe | bae4 ffff | ff44 8b54 | 2438 4489 | 5424 2844 | 8b5c 243c | 4489 5c24 | 2c44 894c 
  0x0000028b765bbd8c: 243c 448b | 5424 6044 | 8954 2450 | 4c89 4424 | 6044 894c 

  0x0000028b765bbda0: ;   {runtime_call UncommonTrapBlob}
  0x0000028b765bbda0: 2454 90e8 

  0x0000028b765bbda4: ; ImmutableOopMap {[32]=Oop [44]=NarrowOop [48]=Oop [64]=Oop [72]=Oop [96]=Oop }
                      ;*aaload {reexecute=0 rethrow=0 return_oop=0}
                      ; - java.util.Formatter::format@200 (line 2689)
                      ; - java.util.Formatter::format@7 (line 2625)
                      ; - java.lang.String::format@10 (line 4186)
                      ; - net.minecraft.client.Minecraft::runTick@1122 (line 1214)
  0x0000028b765bbda4: 58ab a1fe | bade ffff | ff44 8b5c | 2458 4489 | 5c24 5444 | 8b5c 2460 | 4489 5c24 | 584c 8944 
  0x0000028b765bbdc4: ;   {runtime_call UncommonTrapBlob}
  0x0000028b765bbdc4: 2460 90e8 

  0x0000028b765bbdc8: ; ImmutableOopMap {rbp=NarrowOop [32]=Oop [48]=Oop [60]=NarrowOop [64]=Oop [72]=Oop [96]=Oop }
                      ;*invokeinterface print {reexecute=0 rethrow=0 return_oop=0}
                      ; - java.util.Formatter::format@202 (line 2689)
                      ; - java.util.Formatter::format@7 (line 2625)
                      ; - java.lang.String::format@10 (line 4186)
                      ; - net.minecraft.client.Minecraft::runTick@1122 (line 1214)
  0x0000028b765bbdc8: 34ab a1fe | baf6 ffff 

  0x0000028b765bbdd0: ;   {runtime_call UncommonTrapBlob}
  0x0000028b765bbdd0: ff8b efe8 

  0x0000028b765bbdd4: ; ImmutableOopMap {rbp=NarrowOop }
                      ;*invokevirtual setListenerPosition {reexecute=0 rethrow=0 return_oop=0}
                      ; - net.minecraft.client.sounds.SoundEngine::lambda$updateSource$12@5 (line 480)
                      ; - net.minecraft.client.sounds.SoundEngine$$Lambda$9112/0x0000028b0919c210::run@16
                      ; - net.minecraft.util.thread.BlockableEventLoop::execute@20 (line 90)
                      ; - net.minecraft.client.sounds.SoundEngine::updateSource@44 (line 479)
                      ; - net.minecraft.client.sounds.SoundManager::updateSource@5 (line 158)
                      ; - net.minecraft.client.Minecraft::runTick@238 (line 1121)
  0x0000028b765bbdd4: 28ab a1fe | baf6 ffff | ff8b 6c24 

  0x0000028b765bbde0: ;   {runtime_call UncommonTrapBlob}
  0x0000028b765bbde0: 4466 90e8 

  0x0000028b765bbde4: ; ImmutableOopMap {rbp=NarrowOop [44]=NarrowOop }
                      ;*invokevirtual setListenerOrientation {reexecute=0 rethrow=0 return_oop=0}
                      ; - net.minecraft.client.sounds.SoundEngine::lambda$updateSource$12@14 (line 481)
                      ; - net.minecraft.client.sounds.SoundEngine$$Lambda$9112/0x0000028b0919c210::run@16
                      ; - net.minecraft.util.thread.BlockableEventLoop::execute@20 (line 90)
                      ; - net.minecraft.client.sounds.SoundEngine::updateSource@44 (line 479)
                      ; - net.minecraft.client.sounds.SoundManager::updateSource@5 (line 158)
                      ; - net.minecraft.client.Minecraft::runTick@238 (line 1121)
  0x0000028b765bbde4: 18ab a1fe | ba66 ffff | ff49 8bed | 4c8b 5424 | 304c 8954 | 2420 4c89 

  0x0000028b765bbdfc: ;   {runtime_call UncommonTrapBlob}
  0x0000028b765bbdfc: 4c24 30e8 

  0x0000028b765bbe00: ; ImmutableOopMap {rbp=Oop [48]=Oop }
                      ;*invokeinterface run {reexecute=0 rethrow=0 return_oop=0}
                      ; - net.minecraft.util.thread.BlockableEventLoop::execute@20 (line 90)
                      ; - net.minecraft.client.sounds.SoundEngine::updateSource@44 (line 479)
                      ; - net.minecraft.client.sounds.SoundManager::updateSource@5 (line 158)
                      ; - net.minecraft.client.Minecraft::runTick@238 (line 1121)
  0x0000028b765bbe00: fcaa a1fe | bade ffff | ff4c 896c | 2420 488b | 5c24 3048 | 895c 2428 | 8b5c 2440 | 895c 2430 
  0x0000028b765bbe20: 4489 5424 | 3444 894c | 2438 4489 | 5c24 3cc5 | fa11 4c24 | 40c5 fa11 | 5c24 44c5 | fa11 4424 
  0x0000028b765bbe40: ;   {runtime_call UncommonTrapBlob}
  0x0000028b765bbe40: 4866 90e8 

  0x0000028b765bbe44: ; ImmutableOopMap {rbp=NarrowOop [32]=Oop [52]=NarrowOop [56]=NarrowOop [60]=NarrowOop }
                      ;*invokeinterface get {reexecute=0 rethrow=0 return_oop=0}
                      ; - org.lwjgl.openal.AL::getICD@3 (line 218)
                      ; - org.lwjgl.openal.AL10::alListener3f@0 (line 483)
                      ; - com.mojang.blaze3d.audio.Listener::setListenerPosition@23 (line 16)
                      ; - net.minecraft.client.sounds.SoundEngine::lambda$updateSource$12@5 (line 480)
                      ; - net.minecraft.client.sounds.SoundEngine$$Lambda$9112/0x0000028b0919c210::run@16
                      ; - net.minecraft.util.thread.BlockableEventLoop::execute@20 (line 90)
                      ; - net.minecraft.client.sounds.SoundEngine::updateSource@44 (line 479)
                      ; - net.minecraft.client.sounds.SoundManager::updateSource@5 (line 158)
                      ; - net.minecraft.client.Minecraft::runTick@238 (line 1121)
  0x0000028b765bbe44: b8aa a1fe | bade ffff | ff4c 8b54 | 2430 4c89 | 5424 284c | 8944 2438 

  0x0000028b765bbe5c: ;   {runtime_call UncommonTrapBlob}
  0x0000028b765bbe5c: 6666 90e8 

  0x0000028b765bbe60: ; ImmutableOopMap {rbp=NarrowOop [32]=Oop [56]=Oop }
                      ;*invokeinterface get {reexecute=0 rethrow=0 return_oop=0}
                      ; - org.lwjgl.openal.AL::getICD@3 (line 218)
                      ; - org.lwjgl.openal.AL10::alListenerfv@0 (line 1643)
                      ; - com.mojang.blaze3d.audio.Listener::setListenerOrientation@49 (line 24)
                      ; - net.minecraft.client.sounds.SoundEngine::lambda$updateSource$12@14 (line 481)
                      ; - net.minecraft.client.sounds.SoundEngine$$Lambda$9112/0x0000028b0919c210::run@16
                      ; - net.minecraft.util.thread.BlockableEventLoop::execute@20 (line 90)
                      ; - net.minecraft.client.sounds.SoundEngine::updateSource@44 (line 479)
                      ; - net.minecraft.client.sounds.SoundManager::updateSource@5 (line 158)
                      ; - net.minecraft.client.Minecraft::runTick@238 (line 1121)
  0x0000028b765bbe60: 9caa a1fe | ba45 ffff | ff44 8b54 | 2438 4489 | 5424 2844 | 8b5c 243c | 4489 5c24 | 2c44 894c 
  0x0000028b765bbe80: 243c 448b | 5424 6044 | 8954 2450 | 4c89 4424 | 6044 894c 

  0x0000028b765bbe94: ;   {runtime_call UncommonTrapBlob}
  0x0000028b765bbe94: 2454 90e8 

  0x0000028b765bbe98: ; ImmutableOopMap {[32]=Oop [44]=NarrowOop [48]=Oop [64]=Oop [72]=Oop [96]=Oop }
                      ;*if_icmple {reexecute=1 rethrow=0 return_oop=0}
                      ; - (reexecute) java.util.Formatter::format@169 (line 2687)
                      ; - java.util.Formatter::format@7 (line 2625)
                      ; - java.lang.String::format@10 (line 4186)
                      ; - net.minecraft.client.Minecraft::runTick@1122 (line 1214)
  0x0000028b765bbe98: 64aa a1fe | 4489 4c24 | 2489 7c24 | 2045 8bf3 | 418b ea49 | 8bf0 498b | d749 ba60 | 487b e1f8 
  0x0000028b765bbeb8: 7f00 0041 | ffd2 4c8b | c644 8bd5 | 458b de8b | 7c24 2044 | 8b4c 2424 | e97f deff | ffba f6ff 
  0x0000028b765bbed8: ffff 448b | 5424 3844 | 8954 2428 

  0x0000028b765bbee4: ;   {runtime_call UncommonTrapBlob}
  0x0000028b765bbee4: 6666 90e8 

  0x0000028b765bbee8: ; ImmutableOopMap {[32]=Oop [48]=Oop [60]=NarrowOop [64]=Oop }
                      ;*invokevirtual find {reexecute=0 rethrow=0 return_oop=0}
                      ; - java.util.Formatter::parse@157 (line 2746)
                      ; - java.util.Formatter::format@12 (line 2671)
                      ; - java.util.Formatter::format@7 (line 2625)
                      ; - java.lang.String::format@10 (line 4186)
                      ; - net.minecraft.client.Minecraft::runTick@1122 (line 1214)
  0x0000028b765bbee8: 14aa a1fe | ba45 ffff 

  0x0000028b765bbef0: ;   {runtime_call UncommonTrapBlob}
  0x0000028b765bbef0: ff66 90e8 

  0x0000028b765bbef4: ; ImmutableOopMap {rbp=Oop [32]=Oop [48]=Oop [60]=NarrowOop [64]=Oop [72]=Oop }
                      ;*ifnonnull {reexecute=1 rethrow=0 return_oop=0}
                      ; - (reexecute) java.util.Formatter::parse@141 (line 2741)
                      ; - java.util.Formatter::format@12 (line 2671)
                      ; - java.util.Formatter::format@7 (line 2625)
                      ; - java.lang.String::format@10 (line 4186)
                      ; - net.minecraft.client.Minecraft::runTick@1122 (line 1214)
  0x0000028b765bbef4: 08aa a1fe | ba45 ffff | ff44 8b44 | 2438 4489 | 4424 2844 | 8b5c 243c | 4489 5c24 | 2c4c 8b5c 
  0x0000028b765bbf14: 2440 4c89 | 5c24 3889 

  0x0000028b765bbf1c: ;   {runtime_call UncommonTrapBlob}
  0x0000028b765bbf1c: 4424 60e8 

  0x0000028b765bbf20: ; ImmutableOopMap {[32]=Oop [44]=NarrowOop [48]=Oop [56]=Oop [64]=Oop [72]=Oop [88]=Oop }
                      ;*if_icmpne {reexecute=1 rethrow=0 return_oop=0}
                      ; - (reexecute) java.util.Formatter::parse@170 (line 2746)
                      ; - java.util.Formatter::format@12 (line 2671)
                      ; - java.util.Formatter::format@7 (line 2625)
                      ; - java.lang.String::format@10 (line 4186)
                      ; - net.minecraft.client.Minecraft::runTick@1122 (line 1214)
  0x0000028b765bbf20: dca9 a1fe | ba45 ffff | ff44 8b5c | 2438 4489 | 5c24 2844 | 8b5c 243c | 4489 5c24 | 2c4c 8b5c 
  0x0000028b765bbf40: 2440 4c89 | 5c24 3889 

  0x0000028b765bbf48: ;   {runtime_call UncommonTrapBlob}
  0x0000028b765bbf48: 4424 60e8 

  0x0000028b765bbf4c: ; ImmutableOopMap {[32]=Oop [44]=NarrowOop [48]=Oop [56]=Oop [64]=Oop [72]=Oop [88]=Oop }
                      ;*ifeq {reexecute=1 rethrow=0 return_oop=0}
                      ; - (reexecute) java.util.Formatter::parse@160 (line 2746)
                      ; - java.util.Formatter::format@12 (line 2671)
                      ; - java.util.Formatter::format@7 (line 2625)
                      ; - java.lang.String::format@10 (line 4186)
                      ; - net.minecraft.client.Minecraft::runTick@1122 (line 1214)
  0x0000028b765bbf4c: b0a9 a1fe | bae4 ffff | ff49 8bea | 4c8b 5424 | 304c 8954 | 2420 448b | 5424 4044 | 8954 2428 
  0x0000028b765bbf6c: 4c8b 5424 | 484c 8954 | 2430 4c89 | 5c24 3848 | 897c 2448 | 4489 4424 

  0x0000028b765bbf84: ;   {runtime_call UncommonTrapBlob}
  0x0000028b765bbf84: 5066 90e8 

  0x0000028b765bbf88: ; ImmutableOopMap {rbp=Oop [56]=Oop [72]=Oop }
                      ;*aaload {reexecute=0 rethrow=0 return_oop=0}
                      ; - net.minecraftforge.eventbus.EventBus::post@86 (line 314)
                      ; - net.minecraftforge.eventbus.EventBus::post@7 (line 296)
                      ; - net.minecraftforge.event.ForgeEventFactory::onRenderTickStart@14 (line 905)
                      ; - net.minecraft.client.Minecraft::runTick@420 (line 1144)
  0x0000028b765bbf88: 74a9 a1fe | bae4 ffff | ff49 8beb | 4c89 5424 | 2848 895c | 2440 4489 

  0x0000028b765bbfa0: ;   {runtime_call UncommonTrapBlob}
  0x0000028b765bbfa0: 4c24 3ce8 

  0x0000028b765bbfa4: ; ImmutableOopMap {rbp=Oop [40]=Oop [64]=Oop }
                      ;*aaload {reexecute=0 rethrow=0 return_oop=0}
                      ; - net.minecraftforge.eventbus.EventBus::post@86 (line 314)
                      ; - net.minecraftforge.eventbus.EventBus::post@7 (line 296)
                      ; - net.minecraftforge.event.ForgeEventFactory::onRenderTickEnd@14 (line 910)
                      ; - net.minecraft.client.Minecraft::runTick@478 (line 1148)
  0x0000028b765bbfa4: 58a9 a1fe | bade ffff | ff48 8b6c | 2420 448b | 5c24 2844 | 895c 2420 | 4c8b 5424 | 304c 8954 
  0x0000028b765bbfc4: 2428 4889 

  0x0000028b765bbfc8: ;   {runtime_call UncommonTrapBlob}
  0x0000028b765bbfc8: 4424 30e8 

  0x0000028b765bbfcc: ; ImmutableOopMap {rbp=Oop [32]=NarrowOop [48]=Oop }
                      ;*checkcast {reexecute=0 rethrow=0 return_oop=0}
                      ; - com.mojang.blaze3d.systems.RenderSystem::replayQueue@19 (line 195)
                      ; - com.mojang.blaze3d.systems.RenderSystem::flipFrame@3 (line 185)
                      ; - com.mojang.blaze3d.platform.Window::updateDisplay@4 (line 274)
                      ; - net.minecraft.client.Minecraft::runTick@624 (line 1170)
  0x0000028b765bbfcc: 30a9 a1fe | bade ffff 

  0x0000028b765bbfd4: ;   {runtime_call UncommonTrapBlob}
  0x0000028b765bbfd4: ff66 90e8 

  0x0000028b765bbfd8: ; ImmutableOopMap {rbp=NarrowOop [48]=Oop [72]=Oop }
                      ;*checkcast {reexecute=0 rethrow=0 return_oop=0}
                      ; - net.minecraft.client.Minecraft::runTick@1021 (line 1214)
  0x0000028b765bbfd8: 24a9 a1fe | bade ffff | ff48 8b6c | 2420 448b | 5424 2844 | 8954 2420 | 897c 2424 

  0x0000028b765bbff4: ;   {runtime_call UncommonTrapBlob}
  0x0000028b765bbff4: 6666 90e8 

  0x0000028b765bbff8: ; ImmutableOopMap {rbp=Oop [36]=NarrowOop }
                      ;*checkcast {reexecute=0 rethrow=0 return_oop=0}
                      ; - net.minecraft.client.Minecraft::runTick@80 (line 1099)
  0x0000028b765bbff8: 04a9 a1fe | bade ffff | ff4c 8954 | 2420 4c8b | 5424 304c | 8954 2428 | 448b 5424 | 4044 8954 
  0x0000028b765bc018: 2430 4c89 

  0x0000028b765bc01c: ;   {runtime_call UncommonTrapBlob}
  0x0000028b765bc01c: 5c24 40e8 

  0x0000028b765bc020: ; ImmutableOopMap {rbp=NarrowOop [32]=Oop [64]=Oop }
                      ;*checkcast {reexecute=0 rethrow=0 return_oop=0}
                      ; - net.minecraftforge.eventbus.ListenerList$ListenerListInst::getListeners@18 (line 218)
                      ; - net.minecraftforge.eventbus.ListenerList::getListeners@6 (line 123)
                      ; - net.minecraftforge.eventbus.EventBus::post@62 (line 308)
                      ; - net.minecraftforge.eventbus.EventBus::post@7 (line 296)
                      ; - net.minecraftforge.event.ForgeEventFactory::onRenderTickStart@14 (line 905)
                      ; - net.minecraft.client.Minecraft::runTick@420 (line 1144)
  0x0000028b765bc020: dca8 a1fe | bade ffff | ff4c 895c | 2420 4c89 

  0x0000028b765bc030: ;   {runtime_call UncommonTrapBlob}
  0x0000028b765bc030: 5424 30e8 

  0x0000028b765bc034: ; ImmutableOopMap {rbp=NarrowOop [32]=Oop [48]=Oop }
                      ;*checkcast {reexecute=0 rethrow=0 return_oop=0}
                      ; - net.minecraftforge.eventbus.ListenerList$ListenerListInst::getListeners@18 (line 218)
                      ; - net.minecraftforge.eventbus.ListenerList::getListeners@6 (line 123)
                      ; - net.minecraftforge.eventbus.EventBus::post@62 (line 308)
                      ; - net.minecraftforge.eventbus.EventBus::post@7 (line 296)
                      ; - net.minecraftforge.event.ForgeEventFactory::onRenderTickEnd@14 (line 910)
                      ; - net.minecraft.client.Minecraft::runTick@478 (line 1148)
  0x0000028b765bc034: c8a8 a1fe | bade ffff | ff48 8b6c | 2420 448b | 5c24 2844 | 895c 2420 | 895c 2424 

  0x0000028b765bc050: ;   {runtime_call UncommonTrapBlob}
  0x0000028b765bc050: 6666 90e8 

  0x0000028b765bc054: ; ImmutableOopMap {rbp=Oop [36]=NarrowOop }
                      ;*checkcast {reexecute=0 rethrow=0 return_oop=0}
                      ; - net.minecraft.client.Minecraft::runTick@80 (line 1099)
  0x0000028b765bc054: a8a8 a1fe | baf6 ffff 

  0x0000028b765bc05c: ;   {runtime_call UncommonTrapBlob}
  0x0000028b765bc05c: ff66 90e8 

  0x0000028b765bc060: ; ImmutableOopMap {}
                      ;*getfield item {reexecute=1 rethrow=0 return_oop=0}
                      ; - (reexecute) java.util.concurrent.ConcurrentLinkedQueue::poll@8 (line 387)
                      ; - net.minecraft.client.Minecraft::runTick@75 (line 1099)
  0x0000028b765bc060: 9ca8 a1fe | baf6 ffff 

  0x0000028b765bc068: ;   {runtime_call UncommonTrapBlob}
  0x0000028b765bc068: ff66 90e8 

  0x0000028b765bc06c: ; ImmutableOopMap {}
                      ;*invokeinterface run {reexecute=0 rethrow=0 return_oop=0}
                      ; - net.minecraft.client.Minecraft::runTick@91 (line 1100)
  0x0000028b765bc06c: 90a8 a1fe | baf6 ffff 

  0x0000028b765bc074: ;   {runtime_call UncommonTrapBlob}
  0x0000028b765bc074: ff66 90e8 

  0x0000028b765bc078: ; ImmutableOopMap {}
                      ;*invokeinterface poll {reexecute=0 rethrow=0 return_oop=0}
                      ; - net.minecraft.client.Minecraft::runTick@75 (line 1099)
  0x0000028b765bc078: 84a8 a1fe | baf6 ffff 

  0x0000028b765bc080: ;   {runtime_call UncommonTrapBlob}
  0x0000028b765bc080: ff66 90e8 

  0x0000028b765bc084: ; ImmutableOopMap {}
                      ;*getfield item {reexecute=1 rethrow=0 return_oop=0}
                      ; - (reexecute) java.util.concurrent.ConcurrentLinkedQueue::poll@8 (line 387)
                      ; - net.minecraft.client.Minecraft::runTick@75 (line 1099)
  0x0000028b765bc084: 78a8 a1fe | baf6 ffff 

  0x0000028b765bc08c: ;   {runtime_call UncommonTrapBlob}
  0x0000028b765bc08c: ff66 90e8 

  0x0000028b765bc090: ; ImmutableOopMap {}
                      ;*getfield item {reexecute=1 rethrow=0 return_oop=0}
                      ; - (reexecute) java.util.concurrent.ConcurrentLinkedQueue::first@8 (line 430)
                      ; - java.util.concurrent.ConcurrentLinkedQueue::isEmpty@1 (line 447)
                      ; - com.mojang.blaze3d.systems.RenderSystem::replayQueue@7 (line 194)
                      ; - com.mojang.blaze3d.systems.RenderSystem::flipFrame@3 (line 185)
                      ; - com.mojang.blaze3d.platform.Window::updateDisplay@4 (line 274)
                      ; - net.minecraft.client.Minecraft::runTick@624 (line 1170)
  0x0000028b765bc090: 6ca8 a1fe | baf6 ffff 

  0x0000028b765bc098: ;   {runtime_call UncommonTrapBlob}
  0x0000028b765bc098: ff66 90e8 

  0x0000028b765bc09c: ; ImmutableOopMap {}
                      ;*invokeinterface getAsLong {reexecute=0 rethrow=0 return_oop=0}
                      ; - net.minecraft.Util::getNanos@3 (line 119)
                      ; - net.minecraft.client.Minecraft::runTick@10 (line 1085)
  0x0000028b765bc09c: 60a8 a1fe | baf6 ffff 

  0x0000028b765bc0a4: ;   {runtime_call UncommonTrapBlob}
  0x0000028b765bc0a4: ff66 90e8 

  0x0000028b765bc0a8: ; ImmutableOopMap {}
                      ;*invokevirtual shouldClose {reexecute=0 rethrow=0 return_oop=0}
                      ; - net.minecraft.client.Minecraft::runTick@18 (line 1086)
  0x0000028b765bc0a8: 54a8 a1fe | baf6 ffff 

  0x0000028b765bc0b0: ;   {runtime_call UncommonTrapBlob}
  0x0000028b765bc0b0: ff66 90e8 

  0x0000028b765bc0b4: ; ImmutableOopMap {}
                      ;*invokeinterface poll {reexecute=0 rethrow=0 return_oop=0}
                      ; - net.minecraft.client.Minecraft::runTick@75 (line 1099)
  0x0000028b765bc0b4: 48a8 a1fe | baf6 ffff 

  0x0000028b765bc0bc: ;   {runtime_call UncommonTrapBlob}
  0x0000028b765bc0bc: ff66 90e8 

  0x0000028b765bc0c0: ; ImmutableOopMap {}
                      ;*invokeinterface push {reexecute=0 rethrow=0 return_oop=0}
                      ; - net.minecraft.client.Minecraft::runTick@222 (line 1120)
  0x0000028b765bc0c0: 3ca8 a1fe | baf6 ffff 

  0x0000028b765bc0c8: ;   {runtime_call UncommonTrapBlob}
  0x0000028b765bc0c8: ff66 90e8 

  0x0000028b765bc0cc: ; ImmutableOopMap {}
                      ;*invokevirtual getMainCamera {reexecute=0 rethrow=0 return_oop=0}
                      ; - net.minecraft.client.Minecraft::runTick@235 (line 1121)
  0x0000028b765bc0cc: 30a8 a1fe | baf6 ffff | ff41 8bea 

  0x0000028b765bc0d8: ;   {runtime_call UncommonTrapBlob}
  0x0000028b765bc0d8: 6666 90e8 

  0x0000028b765bc0dc: ; ImmutableOopMap {rbp=NarrowOop }
                      ;*invokevirtual updateSource {reexecute=0 rethrow=0 return_oop=0}
                      ; - net.minecraft.client.Minecraft::runTick@238 (line 1121)
  0x0000028b765bc0dc: 20a8 a1fe | baf6 ffff | ff41 8bea 

  0x0000028b765bc0e8: ;   {runtime_call UncommonTrapBlob}
  0x0000028b765bc0e8: 6666 90e8 

  0x0000028b765bc0ec: ; ImmutableOopMap {rbp=NarrowOop }
                      ;*invokevirtual updateSource {reexecute=0 rethrow=0 return_oop=0}
                      ; - net.minecraft.client.sounds.SoundManager::updateSource@5 (line 158)
                      ; - net.minecraft.client.Minecraft::runTick@238 (line 1121)
  0x0000028b765bc0ec: 10a8 a1fe | baf6 ffff 

  0x0000028b765bc0f4: ;   {runtime_call UncommonTrapBlob}
  0x0000028b765bc0f4: ff66 90e8 

  0x0000028b765bc0f8: ; ImmutableOopMap {}
                      ;*invokevirtual isInitialized {reexecute=0 rethrow=0 return_oop=0}
                      ; - net.minecraft.client.sounds.SoundEngine::updateSource@8 (line 475)
                      ; - net.minecraft.client.sounds.SoundManager::updateSource@5 (line 158)
                      ; - net.minecraft.client.Minecraft::runTick@238 (line 1121)
  0x0000028b765bc0f8: 04a8 a1fe | baf6 ffff 

  0x0000028b765bc100: ;   {runtime_call UncommonTrapBlob}
  0x0000028b765bc100: ff66 90e8 

  0x0000028b765bc104: ; ImmutableOopMap {}
                      ;*invokeinterface getAsLong {reexecute=0 rethrow=0 return_oop=0}
                      ; - net.minecraft.Util::getNanos@3 (line 119)
                      ; - net.minecraft.client.Minecraft::runTick@262 (line 1124)
  0x0000028b765bc104: f8a7 a1fe | baf6 ffff 

  0x0000028b765bc10c: ;   {runtime_call UncommonTrapBlob}
  0x0000028b765bc10c: ff66 90e8 

  0x0000028b765bc110: ; ImmutableOopMap {}
                      ;*getfield renderDebug {reexecute=1 rethrow=0 return_oop=0}
                      ; - (reexecute) net.minecraft.client.Minecraft::runTick@271 (line 1126)
  0x0000028b765bc110: eca7 a1fe | baf6 ffff 

  0x0000028b765bc118: ;   {runtime_call UncommonTrapBlob}
  0x0000028b765bc118: ff66 90e8 

  0x0000028b765bc11c: ; ImmutableOopMap {}
                      ;*invokeinterface isRecording {reexecute=0 rethrow=0 return_oop=0}
                      ; - net.minecraft.client.Minecraft::runTick@281 (line 1126)
  0x0000028b765bc11c: e0a7 a1fe | baf6 ffff 

  0x0000028b765bc124: ;   {runtime_call UncommonTrapBlob}
  0x0000028b765bc124: ff66 90e8 

  0x0000028b765bc128: ; ImmutableOopMap {}
                      ;*invokevirtual bindWrite {reexecute=0 rethrow=0 return_oop=0}
                      ; - net.minecraft.client.Minecraft::runTick@354 (line 1137)
  0x0000028b765bc128: d4a7 a1fe | baf6 ffff 

  0x0000028b765bc130: ;   {runtime_call UncommonTrapBlob}
  0x0000028b765bc130: ff66 90e8 

  0x0000028b765bc134: ; ImmutableOopMap {}
                      ;*invokeinterface push {reexecute=0 rethrow=0 return_oop=0}
                      ; - net.minecraft.client.Minecraft::runTick@367 (line 1139)
  0x0000028b765bc134: c8a7 a1fe | baf6 ffff 

  0x0000028b765bc13c: ;   {runtime_call UncommonTrapBlob}
  0x0000028b765bc13c: ff66 90e8 

  0x0000028b765bc140: ; ImmutableOopMap {}
                      ;*invokevirtual enable {reexecute=0 rethrow=0 return_oop=0}
                      ; - com.mojang.blaze3d.platform.GlStateManager::_enableCull@9 (line 443)
                      ; - com.mojang.blaze3d.systems.RenderSystem::enableCull@3 (line 281)
                      ; - net.minecraft.client.Minecraft::runTick@372 (line 1140)
  0x0000028b765bc140: bca7 a1fe | baf6 ffff 

  0x0000028b765bc148: ;   {runtime_call UncommonTrapBlob}
  0x0000028b765bc148: ff66 90e8 

  0x0000028b765bc14c: ; ImmutableOopMap {}
                      ;*invokeinterface popPush {reexecute=0 rethrow=0 return_oop=0}
                      ; - net.minecraft.client.Minecraft::runTick@430 (line 1145)
  0x0000028b765bc14c: b0a7 a1fe | baf6 ffff 

  0x0000028b765bc154: ;   {runtime_call UncommonTrapBlob}
  0x0000028b765bc154: ff66 90e8 

  0x0000028b765bc158: ; ImmutableOopMap {}
                      ;*invokeinterface pop {reexecute=0 rethrow=0 return_oop=0}
                      ; - net.minecraft.client.Minecraft::runTick@469 (line 1147)
  0x0000028b765bc158: a4a7 a1fe | baf6 ffff 

  0x0000028b765bc160: ;   {runtime_call UncommonTrapBlob}
  0x0000028b765bc160: ff66 90e8 

  0x0000028b765bc164: ; ImmutableOopMap {}
                      ;*invokeinterface push {reexecute=0 rethrow=0 return_oop=0}
                      ; - net.minecraft.client.Minecraft::runTick@548 (line 1159)
  0x0000028b765bc164: 98a7 a1fe | baf6 ffff 

  0x0000028b765bc16c: ;   {runtime_call UncommonTrapBlob}
  0x0000028b765bc16c: ff66 90e8 

  0x0000028b765bc170: ; ImmutableOopMap {}
                      ;*invokevirtual getWidth {reexecute=0 rethrow=0 return_oop=0}
                      ; - net.minecraft.client.Minecraft::runTick@568 (line 1161)
  0x0000028b765bc170: 8ca7 a1fe | baf6 ffff 

  0x0000028b765bc178: ;   {runtime_call UncommonTrapBlob}
  0x0000028b765bc178: ff66 90e8 

  0x0000028b765bc17c: ; ImmutableOopMap {}
                      ;*invokeinterface getAsLong {reexecute=0 rethrow=0 return_oop=0}
                      ; - net.minecraft.Util::getNanos@3 (line 119)
                      ; - net.minecraft.client.Minecraft::runTick@582 (line 1162)
  0x0000028b765bc17c: 80a7 a1fe | baf6 ffff 

  0x0000028b765bc184: ;   {runtime_call UncommonTrapBlob}
  0x0000028b765bc184: ff66 90e8 

  0x0000028b765bc188: ; ImmutableOopMap {}
                      ;*invokeinterface popPush {reexecute=0 rethrow=0 return_oop=0}
                      ; - net.minecraft.client.Minecraft::runTick@615 (line 1169)
  0x0000028b765bc188: 74a7 a1fe | baf6 ffff 

  0x0000028b765bc190: ;   {runtime_call UncommonTrapBlob}
  0x0000028b765bc190: ff66 90e8 

  0x0000028b765bc194: ; ImmutableOopMap {}
                      ;*invokevirtual updateDisplay {reexecute=0 rethrow=0 return_oop=0}
                      ; - net.minecraft.client.Minecraft::runTick@624 (line 1170)
  0x0000028b765bc194: 68a7 a1fe | baf6 ffff 

  0x0000028b765bc19c: ;   {runtime_call UncommonTrapBlob}
  0x0000028b765bc19c: ff66 90e8 

  0x0000028b765bc1a0: ; ImmutableOopMap {}
                      ;*invokeinterface getAsLong {reexecute=0 rethrow=0 return_oop=0}
                      ; - net.minecraft.Util::getNanos@3 (line 119)
                      ; - net.minecraft.Util::getMillis@0 (line 115)
                      ; - com.mojang.blaze3d.systems.RenderSystem::pollEvents@3 (line 173)
                      ; - com.mojang.blaze3d.systems.RenderSystem::flipFrame@0 (line 184)
                      ; - com.mojang.blaze3d.platform.Window::updateDisplay@4 (line 274)
                      ; - net.minecraft.client.Minecraft::runTick@624 (line 1170)
  0x0000028b765bc1a0: 5ca7 a1fe | baf6 ffff 

  0x0000028b765bc1a8: ;   {runtime_call UncommonTrapBlob}
  0x0000028b765bc1a8: ff66 90e8 

  0x0000028b765bc1ac: ; ImmutableOopMap {}
                      ;*invokevirtual clear {reexecute=0 rethrow=0 return_oop=0}
                      ; - com.mojang.blaze3d.systems.RenderSystem::flipFrame@12 (line 186)
                      ; - com.mojang.blaze3d.platform.Window::updateDisplay@4 (line 274)
                      ; - net.minecraft.client.Minecraft::runTick@624 (line 1170)
  0x0000028b765bc1ac: 50a7 a1fe | baf6 ffff 

  0x0000028b765bc1b4: ;   {runtime_call UncommonTrapBlob}
  0x0000028b765bc1b4: ff66 90e8 

  0x0000028b765bc1b8: ; ImmutableOopMap {}
                      ;*invokeinterface getAsLong {reexecute=0 rethrow=0 return_oop=0}
                      ; - net.minecraft.Util::getNanos@3 (line 119)
                      ; - net.minecraft.Util::getMillis@0 (line 115)
                      ; - com.mojang.blaze3d.systems.RenderSystem::pollEvents@3 (line 173)
                      ; - com.mojang.blaze3d.systems.RenderSystem::flipFrame@19 (line 188)
                      ; - com.mojang.blaze3d.platform.Window::updateDisplay@4 (line 274)
                      ; - net.minecraft.client.Minecraft::runTick@624 (line 1170)
  0x0000028b765bc1b8: 44a7 a1fe | baf6 ffff 

  0x0000028b765bc1c0: ;   {runtime_call UncommonTrapBlob}
  0x0000028b765bc1c0: ff66 90e8 

  0x0000028b765bc1c4: ; ImmutableOopMap {}
                      ;*invokeinterface popPush {reexecute=0 rethrow=0 return_oop=0}
                      ; - net.minecraft.client.Minecraft::runTick@653 (line 1176)
  0x0000028b765bc1c4: 38a7 a1fe | baf6 ffff 

  0x0000028b765bc1cc: ;   {runtime_call UncommonTrapBlob}
  0x0000028b765bc1cc: ff66 90e8 

  0x0000028b765bc1d0: ; ImmutableOopMap {}
                      ;*invokeinterface pop {reexecute=0 rethrow=0 return_oop=0}
                      ; - net.minecraft.client.Minecraft::runTick@665 (line 1178)
  0x0000028b765bc1d0: 2ca7 a1fe | baf6 ffff 

  0x0000028b765bc1d8: ;   {runtime_call UncommonTrapBlob}
  0x0000028b765bc1d8: ff66 90e8 

  0x0000028b765bc1dc: ; ImmutableOopMap {}
                      ;*invokeinterface getAsLong {reexecute=0 rethrow=0 return_oop=0}
                      ; - net.minecraft.Util::getNanos@3 (line 119)
                      ; - net.minecraft.client.Minecraft::runTick@795 (line 1192)
  0x0000028b765bc1dc: 20a7 a1fe | baf6 ffff | ff48 8be9 

  0x0000028b765bc1e8: ;   {runtime_call UncommonTrapBlob}
  0x0000028b765bc1e8: 6666 90e8 

  0x0000028b765bc1ec: ; ImmutableOopMap {}
                      ;*invokevirtual logFrameDuration {reexecute=0 rethrow=0 return_oop=0}
                      ; - net.minecraft.client.Minecraft::runTick@826 (line 1198)
  0x0000028b765bc1ec: 10a7 a1fe | baf6 ffff | ff41 8beb | 4889 4c24 

  0x0000028b765bc1fc: ;   {runtime_call UncommonTrapBlob}
  0x0000028b765bc1fc: 2066 90e8 

  0x0000028b765bc200: ; ImmutableOopMap {}
                      ;*lastore {reexecute=0 rethrow=0 return_oop=0}
                      ; - net.minecraft.util.FrameTimer::logFrameDuration@9 (line 11)
                      ; - net.minecraft.client.Minecraft::runTick@826 (line 1198)
  0x0000028b765bc200: fca6 a1fe | baf6 ffff 

  0x0000028b765bc208: ;   {runtime_call UncommonTrapBlob}
  0x0000028b765bc208: ff66 90e8 

  0x0000028b765bc20c: ; ImmutableOopMap {}
                      ;*invokeinterface push {reexecute=0 rethrow=0 return_oop=0}
                      ; - net.minecraft.client.Minecraft::runTick@842 (line 1200)
  0x0000028b765bc20c: f0a6 a1fe | baf6 ffff 

  0x0000028b765bc214: ;   {runtime_call UncommonTrapBlob}
  0x0000028b765bc214: ff66 90e8 

  0x0000028b765bc218: ; ImmutableOopMap {}
                      ;*invokeinterface getAsLong {reexecute=0 rethrow=0 return_oop=0}
                      ; - net.minecraft.Util::getNanos@3 (line 119)
                      ; - net.minecraft.Util::getMillis@0 (line 115)
                      ; - net.minecraft.client.Minecraft::runTick@886 (line 1205)
  0x0000028b765bc218: e4a6 a1fe | baf6 ffff 

  0x0000028b765bc220: ;   {runtime_call UncommonTrapBlob}
  0x0000028b765bc220: ff66 90e8 

  0x0000028b765bc224: ; ImmutableOopMap {}
                      ;*invokeinterface pop {reexecute=0 rethrow=0 return_oop=0}
                      ; - net.minecraft.client.Minecraft::runTick@1152 (line 1219)
  0x0000028b765bc224: d8a6 a1fe | baf6 ffff | ff49 8bea | 4c8b 5424 | 304c 8954 | 2420 4c89 | 5c24 3889 

  0x0000028b765bc240: ;   {runtime_call UncommonTrapBlob}
  0x0000028b765bc240: 5c24 2ce8 

  0x0000028b765bc244: ; ImmutableOopMap {rbp=Oop [56]=Oop }
                      ;*aaload {reexecute=0 rethrow=0 return_oop=0}
                      ; - net.minecraftforge.eventbus.ListenerList::getListeners@5 (line 123)
                      ; - net.minecraftforge.eventbus.EventBus::post@62 (line 308)
                      ; - net.minecraftforge.eventbus.EventBus::post@7 (line 296)
                      ; - net.minecraftforge.event.ForgeEventFactory::onRenderTickStart@14 (line 905)
                      ; - net.minecraft.client.Minecraft::runTick@420 (line 1144)
  0x0000028b765bc244: b8a6 a1fe | baf6 ffff | ff49 8bea | 4c8b 5424 | 304c 8954 | 2420 4c89 

  0x0000028b765bc25c: ;   {runtime_call UncommonTrapBlob}
  0x0000028b765bc25c: 5c24 38e8 

  0x0000028b765bc260: ; ImmutableOopMap {rbp=Oop [56]=Oop }
                      ;*invokevirtual getListeners {reexecute=0 rethrow=0 return_oop=0}
                      ; - net.minecraftforge.eventbus.ListenerList::getListeners@6 (line 123)
                      ; - net.minecraftforge.eventbus.EventBus::post@62 (line 308)
                      ; - net.minecraftforge.eventbus.EventBus::post@7 (line 296)
                      ; - net.minecraftforge.event.ForgeEventFactory::onRenderTickStart@14 (line 905)
                      ; - net.minecraft.client.Minecraft::runTick@420 (line 1144)
  0x0000028b765bc260: 9ca6 a1fe | baf6 ffff | ff49 8bea | 4c8b 5424 | 304c 8954 | 2420 4c89 

  0x0000028b765bc278: ;   {runtime_call UncommonTrapBlob}
  0x0000028b765bc278: 5c24 38e8 

  0x0000028b765bc27c: ; ImmutableOopMap {rbp=Oop [56]=Oop }
                      ;*invokevirtual get {reexecute=0 rethrow=0 return_oop=0}
                      ; - net.minecraftforge.eventbus.ListenerList$ListenerListInst::getListeners@15 (line 218)
                      ; - net.minecraftforge.eventbus.ListenerList::getListeners@6 (line 123)
                      ; - net.minecraftforge.eventbus.EventBus::post@62 (line 308)
                      ; - net.minecraftforge.eventbus.EventBus::post@7 (line 296)
                      ; - net.minecraftforge.event.ForgeEventFactory::onRenderTickStart@14 (line 905)
                      ; - net.minecraft.client.Minecraft::runTick@420 (line 1144)
  0x0000028b765bc27c: 80a6 a1fe | baf4 ffff | ff49 8bea | 4c8b 5424 | 304c 8954 | 2420 4c89 

  0x0000028b765bc294: ;   {runtime_call UncommonTrapBlob}
  0x0000028b765bc294: 5c24 38e8 

  0x0000028b765bc298: ; ImmutableOopMap {rbp=Oop [56]=Oop }
                      ;*checkcast {reexecute=0 rethrow=0 return_oop=0}
                      ; - net.minecraftforge.eventbus.ListenerList$ListenerListInst::getListeners@18 (line 218)
                      ; - net.minecraftforge.eventbus.ListenerList::getListeners@6 (line 123)
                      ; - net.minecraftforge.eventbus.EventBus::post@62 (line 308)
                      ; - net.minecraftforge.eventbus.EventBus::post@7 (line 296)
                      ; - net.minecraftforge.event.ForgeEventFactory::onRenderTickStart@14 (line 905)
                      ; - net.minecraft.client.Minecraft::runTick@420 (line 1144)
  0x0000028b765bc298: 64a6 a1fe | baf6 ffff | ff49 8beb | 4c89 5424 | 2844 894c 

  0x0000028b765bc2ac: ;   {runtime_call UncommonTrapBlob}
  0x0000028b765bc2ac: 2430 90e8 

  0x0000028b765bc2b0: ; ImmutableOopMap {rbp=Oop [40]=Oop }
                      ;*aaload {reexecute=0 rethrow=0 return_oop=0}
                      ; - net.minecraftforge.eventbus.ListenerList::getListeners@5 (line 123)
                      ; - net.minecraftforge.eventbus.EventBus::post@62 (line 308)
                      ; - net.minecraftforge.eventbus.EventBus::post@7 (line 296)
                      ; - net.minecraftforge.event.ForgeEventFactory::onRenderTickEnd@14 (line 910)
                      ; - net.minecraft.client.Minecraft::runTick@478 (line 1148)
  0x0000028b765bc2b0: 4ca6 a1fe | baf6 ffff | ff49 8beb | 4c89 5424 

  0x0000028b765bc2c0: ;   {runtime_call UncommonTrapBlob}
  0x0000028b765bc2c0: 2866 90e8 

  0x0000028b765bc2c4: ; ImmutableOopMap {rbp=Oop [40]=Oop }
                      ;*invokevirtual getListeners {reexecute=0 rethrow=0 return_oop=0}
                      ; - net.minecraftforge.eventbus.ListenerList::getListeners@6 (line 123)
                      ; - net.minecraftforge.eventbus.EventBus::post@62 (line 308)
                      ; - net.minecraftforge.eventbus.EventBus::post@7 (line 296)
                      ; - net.minecraftforge.event.ForgeEventFactory::onRenderTickEnd@14 (line 910)
                      ; - net.minecraft.client.Minecraft::runTick@478 (line 1148)
  0x0000028b765bc2c4: 38a6 a1fe | baf6 ffff | ff49 8beb | 4c89 5424 

  0x0000028b765bc2d4: ;   {runtime_call UncommonTrapBlob}
  0x0000028b765bc2d4: 2866 90e8 

  0x0000028b765bc2d8: ; ImmutableOopMap {rbp=Oop [40]=Oop }
                      ;*invokevirtual get {reexecute=0 rethrow=0 return_oop=0}
                      ; - net.minecraftforge.eventbus.ListenerList$ListenerListInst::getListeners@15 (line 218)
                      ; - net.minecraftforge.eventbus.ListenerList::getListeners@6 (line 123)
                      ; - net.minecraftforge.eventbus.EventBus::post@62 (line 308)
                      ; - net.minecraftforge.eventbus.EventBus::post@7 (line 296)
                      ; - net.minecraftforge.event.ForgeEventFactory::onRenderTickEnd@14 (line 910)
                      ; - net.minecraft.client.Minecraft::runTick@478 (line 1148)
  0x0000028b765bc2d8: 24a6 a1fe | baf4 ffff | ff49 8beb | 4c89 5424 

  0x0000028b765bc2e8: ;   {runtime_call UncommonTrapBlob}
  0x0000028b765bc2e8: 2866 90e8 

  0x0000028b765bc2ec: ; ImmutableOopMap {rbp=Oop [40]=Oop }
                      ;*checkcast {reexecute=0 rethrow=0 return_oop=0}
                      ; - net.minecraftforge.eventbus.ListenerList$ListenerListInst::getListeners@18 (line 218)
                      ; - net.minecraftforge.eventbus.ListenerList::getListeners@6 (line 123)
                      ; - net.minecraftforge.eventbus.EventBus::post@62 (line 308)
                      ; - net.minecraftforge.eventbus.EventBus::post@7 (line 296)
                      ; - net.minecraftforge.event.ForgeEventFactory::onRenderTickEnd@14 (line 910)
                      ; - net.minecraft.client.Minecraft::runTick@478 (line 1148)
  0x0000028b765bc2ec: 10a6 a1fe | baf6 ffff 

  0x0000028b765bc2f4: ;   {runtime_call UncommonTrapBlob}
  0x0000028b765bc2f4: ff66 90e8 

  0x0000028b765bc2f8: ; ImmutableOopMap {}
                      ;*invokeinterface getAsLong {reexecute=0 rethrow=0 return_oop=0}
                      ; - net.minecraft.Util::getNanos@3 (line 119)
                      ; - net.minecraft.Util::getMillis@0 (line 115)
                      ; - net.minecraft.client.Minecraft::runTick@107 (line 1104)
  0x0000028b765bc2f8: 04a6 a1fe | baf6 ffff | ff49 8beb 

  0x0000028b765bc304: ;   {runtime_call UncommonTrapBlob}
  0x0000028b765bc304: 6666 90e8 

  0x0000028b765bc308: ; ImmutableOopMap {}
                      ;*invokevirtual advanceTime {reexecute=0 rethrow=0 return_oop=0}
                      ; - net.minecraft.client.Minecraft::runTick@110 (line 1104)
  0x0000028b765bc308: f4a5 a1fe | baf6 ffff 

  0x0000028b765bc310: ;   {runtime_call UncommonTrapBlob}
  0x0000028b765bc310: ff66 90e8 

  0x0000028b765bc314: ; ImmutableOopMap {}
                      ;*invokeinterface push {reexecute=0 rethrow=0 return_oop=0}
                      ; - net.minecraft.client.Minecraft::runTick@122 (line 1105)
  0x0000028b765bc314: e8a5 a1fe | baf6 ffff 

  0x0000028b765bc31c: ;   {runtime_call UncommonTrapBlob}
  0x0000028b765bc31c: ff66 90e8 

  0x0000028b765bc320: ; ImmutableOopMap {}
                      ;*invokeinterface pop {reexecute=0 rethrow=0 return_oop=0}
                      ; - net.minecraft.client.Minecraft::runTick@135 (line 1107)
  0x0000028b765bc320: dca5 a1fe | baf6 ffff 

  0x0000028b765bc328: ;   {runtime_call UncommonTrapBlob}
  0x0000028b765bc328: ff66 90e8 

  0x0000028b765bc32c: ; ImmutableOopMap {}
                      ;*getfield partialTick {reexecute=1 rethrow=0 return_oop=0}
                      ; - (reexecute) net.minecraft.client.Minecraft::runTick@410 (line 1143)
  0x0000028b765bc32c: d0a5 a1fe | baf6 ffff 

  0x0000028b765bc334: ;   {runtime_call UncommonTrapBlob}
  0x0000028b765bc334: ff66 90e8 

  0x0000028b765bc338: ; ImmutableOopMap {}
                      ;*getfield partialTick {reexecute=1 rethrow=0 return_oop=0}
                      ; - (reexecute) net.minecraft.client.Minecraft::runTick@457 (line 1146)
  0x0000028b765bc338: c4a5 a1fe | baf6 ffff 

  0x0000028b765bc340: ;   {runtime_call UncommonTrapBlob}
  0x0000028b765bc340: ff66 90e8 

  0x0000028b765bc344: ; ImmutableOopMap {}
                      ;*invokevirtual getFramerateLimit {reexecute=0 rethrow=0 return_oop=0}
                      ; - net.minecraft.client.Minecraft::getFramerateLimit@25 (line 1296)
                      ; - net.minecraft.client.Minecraft::runTick@628 (line 1171)
  0x0000028b765bc344: b8a5 a1fe | baf6 ffff 

  0x0000028b765bc34c: ;   {runtime_call UncommonTrapBlob}
  0x0000028b765bc34c: ff66 90e8 

  0x0000028b765bc350: ; ImmutableOopMap {}
                      ;*getfield item {reexecute=1 rethrow=0 return_oop=0}
                      ; - (reexecute) java.util.concurrent.ConcurrentLinkedQueue::first@8 (line 430)
                      ; - java.util.concurrent.ConcurrentLinkedQueue::isEmpty@1 (line 447)
                      ; - com.mojang.blaze3d.systems.RenderSystem::replayQueue@7 (line 194)
                      ; - com.mojang.blaze3d.systems.RenderSystem::flipFrame@3 (line 185)
                      ; - com.mojang.blaze3d.platform.Window::updateDisplay@4 (line 274)
                      ; - net.minecraft.client.Minecraft::runTick@624 (line 1170)
  0x0000028b765bc350: aca5 a1fe | baf4 ffff | ff48 8b6c | 2420 448b | 5c24 2844 | 895c 2420 

  0x0000028b765bc368: ;   {runtime_call UncommonTrapBlob}
  0x0000028b765bc368: 6666 90e8 

  0x0000028b765bc36c: ; ImmutableOopMap {rbp=Oop [32]=NarrowOop }
                      ;*checkcast {reexecute=0 rethrow=0 return_oop=0}
                      ; - com.mojang.blaze3d.systems.RenderSystem::replayQueue@19 (line 195)
                      ; - com.mojang.blaze3d.systems.RenderSystem::flipFrame@3 (line 185)
                      ; - com.mojang.blaze3d.platform.Window::updateDisplay@4 (line 274)
                      ; - net.minecraft.client.Minecraft::runTick@624 (line 1170)
  0x0000028b765bc36c: 90a5 a1fe | baf6 ffff | ff49 8be9 

  0x0000028b765bc378: ;   {runtime_call UncommonTrapBlob}
  0x0000028b765bc378: 6666 90e8 

  0x0000028b765bc37c: ; ImmutableOopMap {rbp=Oop }
                      ;*invokevirtual execute {reexecute=0 rethrow=0 return_oop=0}
                      ; - net.minecraft.client.sounds.SoundEngine::updateSource@44 (line 479)
                      ; - net.minecraft.client.sounds.SoundManager::updateSource@5 (line 158)
                      ; - net.minecraft.client.Minecraft::runTick@238 (line 1121)
  0x0000028b765bc37c: 80a5 a1fe | baf6 ffff | ff49 8be9 

  0x0000028b765bc388: ;   {runtime_call UncommonTrapBlob}
  0x0000028b765bc388: 6666 90e8 

  0x0000028b765bc38c: ; ImmutableOopMap {rbp=Oop }
                      ;*invokeinterface add {reexecute=0 rethrow=0 return_oop=0}
                      ; - net.minecraft.util.thread.BlockableEventLoop::tell@5 (line 82)
                      ; - net.minecraft.util.thread.BlockableEventLoop::execute@13 (line 88)
                      ; - net.minecraft.client.sounds.SoundEngine::updateSource@44 (line 479)
                      ; - net.minecraft.client.sounds.SoundManager::updateSource@5 (line 158)
                      ; - net.minecraft.client.Minecraft::runTick@238 (line 1121)
  0x0000028b765bc38c: 70a5 a1fe | baf6 ffff 

  0x0000028b765bc394: ;   {runtime_call UncommonTrapBlob}
  0x0000028b765bc394: ff66 90e8 

  0x0000028b765bc398: ; ImmutableOopMap {}
                      ;*invokeinterface incrementCounter {reexecute=0 rethrow=0 return_oop=0}
                      ; - net.minecraft.client.Minecraft::runTick@174 (line 1111)
  0x0000028b765bc398: 64a5 a1fe | baf4 ffff | ff44 8b54 | 2438 4489 | 5424 2844 | 8b5c 243c | 4489 5c24 

  0x0000028b765bc3b4: ;   {runtime_call UncommonTrapBlob}
  0x0000028b765bc3b4: 2c66 90e8 

  0x0000028b765bc3b8: ; ImmutableOopMap {[32]=Oop [44]=NarrowOop [48]=Oop [64]=Oop [72]=Oop }
                      ;*checkcast {reexecute=0 rethrow=0 return_oop=0}
                      ; - java.util.Formatter::format@41 (line 2673)
                      ; - java.util.Formatter::format@7 (line 2625)
                      ; - java.lang.String::format@10 (line 4186)
                      ; - net.minecraft.client.Minecraft::runTick@1122 (line 1214)
  0x0000028b765bc3b8: 44a5 a1fe | baf6 ffff 

  0x0000028b765bc3c0: ;   {runtime_call UncommonTrapBlob}
  0x0000028b765bc3c0: ff66 90e8 

  0x0000028b765bc3c4: ; ImmutableOopMap {}
                      ;*invokevirtual enableVsync {reexecute=0 rethrow=0 return_oop=0}
                      ; - net.minecraft.client.Minecraft::runTick@1015 (line 1214)
  0x0000028b765bc3c4: 38a5 a1fe | baf6 ffff 

  0x0000028b765bc3cc: ;   {runtime_call UncommonTrapBlob}
  0x0000028b765bc3cc: ff66 90e8 

  0x0000028b765bc3d0: ; ImmutableOopMap {}
                      ;*invokevirtual get {reexecute=0 rethrow=0 return_oop=0}
                      ; - net.minecraft.client.Minecraft::runTick@1018 (line 1214)
  0x0000028b765bc3d0: 2ca5 a1fe | baf4 ffff | ff44 8b5c | 2438 4489 

  0x0000028b765bc3e0: ;   {runtime_call UncommonTrapBlob}
  0x0000028b765bc3e0: 5c24 28e8 

  0x0000028b765bc3e4: ; ImmutableOopMap {[48]=Oop [72]=Oop }
                      ;*checkcast {reexecute=0 rethrow=0 return_oop=0}
                      ; - net.minecraft.client.Minecraft::runTick@1021 (line 1214)
  0x0000028b765bc3e4: 18a5 a1fe | baf6 ffff 

  0x0000028b765bc3ec: ;   {runtime_call UncommonTrapBlob}
  0x0000028b765bc3ec: ff66 90e8 

  0x0000028b765bc3f0: ; ImmutableOopMap {}
                      ;*invokevirtual get {reexecute=0 rethrow=0 return_oop=0}
                      ; - net.minecraft.client.Minecraft::runTick@1049 (line 1214)
  0x0000028b765bc3f0: 0ca5 a1fe | baf6 ffff 

  0x0000028b765bc3f8: ;   {runtime_call UncommonTrapBlob}
  0x0000028b765bc3f8: ff66 90e8 

  0x0000028b765bc3fc: ; ImmutableOopMap {}
                      ;*invokevirtual get {reexecute=0 rethrow=0 return_oop=0}
                      ; - net.minecraft.client.Minecraft::runTick@1062 (line 1214)
  0x0000028b765bc3fc: 00a5 a1fe | baf6 ffff 

  0x0000028b765bc404: ;   {runtime_call UncommonTrapBlob}
  0x0000028b765bc404: ff66 90e8 

  0x0000028b765bc408: ; ImmutableOopMap {}
                      ;*invokevirtual get {reexecute=0 rethrow=0 return_oop=0}
                      ; - net.minecraft.client.Minecraft::runTick@1112 (line 1214)
  0x0000028b765bc408: f4a4 a1fe | baf6 ffff | ff8b ef44 | 894c 2420 | 4489 5c24 

  0x0000028b765bc41c: ;   {runtime_call UncommonTrapBlob}
  0x0000028b765bc41c: 2466 90e8 

  0x0000028b765bc420: ; ImmutableOopMap {rbp=NarrowOop [32]=NarrowOop [36]=NarrowOop }
                      ;*invokevirtual lambda$updateSource$12 {reexecute=0 rethrow=0 return_oop=0}
                      ; - net.minecraft.client.sounds.SoundEngine$$Lambda$9112/0x0000028b0919c210::run@16
                      ; - net.minecraft.util.thread.BlockableEventLoop::execute@20 (line 90)
                      ; - net.minecraft.client.sounds.SoundEngine::updateSource@44 (line 479)
                      ; - net.minecraft.client.sounds.SoundManager::updateSource@5 (line 158)
                      ; - net.minecraft.client.Minecraft::runTick@238 (line 1121)
  0x0000028b765bc420: dca4 a1fe | baf6 ffff 

  0x0000028b765bc428: ;   {runtime_call UncommonTrapBlob}
  0x0000028b765bc428: ff66 90e8 

  0x0000028b765bc42c: ; ImmutableOopMap {}
                      ;*getfield x {reexecute=1 rethrow=0 return_oop=0}
                      ; - (reexecute) com.mojang.blaze3d.audio.Listener::setListenerPosition@9 (line 16)
                      ; - net.minecraft.client.sounds.SoundEngine::lambda$updateSource$12@5 (line 480)
                      ; - net.minecraft.client.sounds.SoundEngine$$Lambda$9112/0x0000028b0919c210::run@16
                      ; - net.minecraft.util.thread.BlockableEventLoop::execute@20 (line 90)
                      ; - net.minecraft.client.sounds.SoundEngine::updateSource@44 (line 479)
                      ; - net.minecraft.client.sounds.SoundManager::updateSource@5 (line 158)
                      ; - net.minecraft.client.Minecraft::runTick@238 (line 1121)
  0x0000028b765bc42c: d0a4 a1fe | baf6 ffff 

  0x0000028b765bc434: ;   {runtime_call UncommonTrapBlob}
  0x0000028b765bc434: ff66 90e8 

  0x0000028b765bc438: ; ImmutableOopMap {}
                      ;*invokeinterface get {reexecute=0 rethrow=0 return_oop=0}
                      ; - org.lwjgl.openal.AL::getICD@3 (line 218)
                      ; - org.lwjgl.openal.AL10::alListener3f@0 (line 483)
                      ; - com.mojang.blaze3d.audio.Listener::setListenerPosition@23 (line 16)
                      ; - net.minecraft.client.sounds.SoundEngine::lambda$updateSource$12@5 (line 480)
                      ; - net.minecraft.client.sounds.SoundEngine$$Lambda$9112/0x0000028b0919c210::run@16
                      ; - net.minecraft.util.thread.BlockableEventLoop::execute@20 (line 90)
                      ; - net.minecraft.client.sounds.SoundEngine::updateSource@44 (line 479)
                      ; - net.minecraft.client.sounds.SoundManager::updateSource@5 (line 158)
                      ; - net.minecraft.client.Minecraft::runTick@238 (line 1121)
  0x0000028b765bc438: c4a4 a1fe | baf6 ffff 

  0x0000028b765bc440: ;   {runtime_call UncommonTrapBlob}
  0x0000028b765bc440: ff66 90e8 

  0x0000028b765bc444: ; ImmutableOopMap {}
                      ;*invokevirtual x {reexecute=0 rethrow=0 return_oop=0}
                      ; - com.mojang.blaze3d.audio.Listener::setListenerOrientation@10 (line 24)
                      ; - net.minecraft.client.sounds.SoundEngine::lambda$updateSource$12@14 (line 481)
                      ; - net.minecraft.client.sounds.SoundEngine$$Lambda$9112/0x0000028b0919c210::run@16
                      ; - net.minecraft.util.thread.BlockableEventLoop::execute@20 (line 90)
                      ; - net.minecraft.client.sounds.SoundEngine::updateSource@44 (line 479)
                      ; - net.minecraft.client.sounds.SoundManager::updateSource@5 (line 158)
                      ; - net.minecraft.client.Minecraft::runTick@238 (line 1121)
  0x0000028b765bc444: b8a4 a1fe | baf6 ffff 

  0x0000028b765bc44c: ;   {runtime_call UncommonTrapBlob}
  0x0000028b765bc44c: ff66 90e8 

  0x0000028b765bc450: ; ImmutableOopMap {}
                      ;*invokevirtual x {reexecute=0 rethrow=0 return_oop=0}
                      ; - com.mojang.blaze3d.audio.Listener::setListenerOrientation@31 (line 24)
                      ; - net.minecraft.client.sounds.SoundEngine::lambda$updateSource$12@14 (line 481)
                      ; - net.minecraft.client.sounds.SoundEngine$$Lambda$9112/0x0000028b0919c210::run@16
                      ; - net.minecraft.util.thread.BlockableEventLoop::execute@20 (line 90)
                      ; - net.minecraft.client.sounds.SoundEngine::updateSource@44 (line 479)
                      ; - net.minecraft.client.sounds.SoundManager::updateSource@5 (line 158)
                      ; - net.minecraft.client.Minecraft::runTick@238 (line 1121)
  0x0000028b765bc450: aca4 a1fe | baf6 ffff 

  0x0000028b765bc458: ;   {runtime_call UncommonTrapBlob}
  0x0000028b765bc458: ff66 90e8 

  0x0000028b765bc45c: ; ImmutableOopMap {}
                      ;*invokeinterface get {reexecute=0 rethrow=0 return_oop=0}
                      ; - org.lwjgl.openal.AL::getICD@3 (line 218)
                      ; - org.lwjgl.openal.AL10::alListenerfv@0 (line 1643)
                      ; - com.mojang.blaze3d.audio.Listener::setListenerOrientation@49 (line 24)
                      ; - net.minecraft.client.sounds.SoundEngine::lambda$updateSource$12@14 (line 481)
                      ; - net.minecraft.client.sounds.SoundEngine$$Lambda$9112/0x0000028b0919c210::run@16
                      ; - net.minecraft.util.thread.BlockableEventLoop::execute@20 (line 90)
                      ; - net.minecraft.client.sounds.SoundEngine::updateSource@44 (line 479)
                      ; - net.minecraft.client.sounds.SoundManager::updateSource@5 (line 158)
                      ; - net.minecraft.client.Minecraft::runTick@238 (line 1121)
  0x0000028b765bc45c: a0a4 a1fe | baf6 ffff 

  0x0000028b765bc464: ;   {runtime_call UncommonTrapBlob}
  0x0000028b765bc464: ff66 90e8 

  0x0000028b765bc468: ; ImmutableOopMap {}
                      ;*getfield partialTick {reexecute=1 rethrow=0 return_oop=0}
                      ; - (reexecute) net.minecraft.client.Minecraft::runTick@769 (line 1184)
  0x0000028b765bc468: 94a4 a1fe | baf6 ffff | ff49 8bea | 4c8b 5424 | 304c 8954 | 2420 448b | 4c24 4044 | 894c 2428 
  0x0000028b765bc488: 4c89 5c24 | 3848 897c | 2440 4489 

  0x0000028b765bc494: ;   {runtime_call UncommonTrapBlob}
  0x0000028b765bc494: 4424 2ce8 

  0x0000028b765bc498: ; ImmutableOopMap {rbp=Oop [56]=Oop [64]=Oop }
                      ;*invokevirtual getClass {reexecute=0 rethrow=0 return_oop=0}
                      ; - net.minecraftforge.eventbus.EventBus::post@87 (line 314)
                      ; - net.minecraftforge.eventbus.EventBus::post@7 (line 296)
                      ; - net.minecraftforge.event.ForgeEventFactory::onRenderTickStart@14 (line 905)
                      ; - net.minecraft.client.Minecraft::runTick@420 (line 1144)
  0x0000028b765bc498: 64a4 a1fe | baf6 ffff | ff49 8beb | 4c89 5424 | 2848 895c | 2430 4489 

  0x0000028b765bc4b0: ;   {runtime_call UncommonTrapBlob}
  0x0000028b765bc4b0: 4c24 38e8 

  0x0000028b765bc4b4: ; ImmutableOopMap {rbp=Oop [40]=Oop [48]=Oop }
                      ;*invokevirtual getClass {reexecute=0 rethrow=0 return_oop=0}
                      ; - net.minecraftforge.eventbus.EventBus::post@87 (line 314)
                      ; - net.minecraftforge.eventbus.EventBus::post@7 (line 296)
                      ; - net.minecraftforge.event.ForgeEventFactory::onRenderTickEnd@14 (line 910)
                      ; - net.minecraft.client.Minecraft::runTick@478 (line 1148)
  0x0000028b765bc4b4: 48a4 a1fe | baf6 ffff | ffc5 f97e 

  0x0000028b765bc4c0: ;   {runtime_call UncommonTrapBlob}
  0x0000028b765bc4c0: c566 90e8 

  0x0000028b765bc4c4: ; ImmutableOopMap {}
                      ;*putfield partialTick {reexecute=1 rethrow=0 return_oop=0}
                      ; - (reexecute) net.minecraft.client.Minecraft::runTick@786 (line 1186)
  0x0000028b765bc4c4: 38a4 a1fe | 498b d749 | ba60 487b | e1f8 7f00 | 0041 ffd2 | e980 0100 | 004c 8bd0 | e923 0300 
  0x0000028b765bc4e4: 0048 8bd0 | e9bd 0300 | 0048 8bd0 | e9b5 0300 | 0048 8bd0 | e9ad 0300 | 004c 8bd0 | e903 0300 
  0x0000028b765bc504: 004c 8bd0 | e9fb 0200 | 004c 8bd0 | e9f3 0200 | 0048 8bd0 | e98d 0300 | 0048 8bd0 | e985 0300 
  0x0000028b765bc524: 0048 8bd0 | e97d 0300 | 00e9 6b02 | 0000 e9c6 | 0200 004c | 8bd0 e9c9 | 0200 00e9 | d402 0000 
  0x0000028b765bc544: 488b d0e9 | 5e03 0000 | 488b d0e9 | 5603 0000 | 488b d0e9 | 4e03 0000 | 4c8b d0e9 | a402 0000 
  0x0000028b765bc564: 4c8b d0e9 | 9c02 0000 | 4c8b d0e9 | 9402 0000 | 4c8b d0e9 | 8c02 0000 | 4c8b d0e9 | 8402 0000 
  0x0000028b765bc584: 4c8b d0e9 | 7c02 0000 | 4c8b d044 | 8b58 08e9 | 9300 0000 | 488b d0e9 | 0a03 0000 | 4c8b d044 
  0x0000028b765bc5a4: 8b58 0849 | b800 0000 | 078b 0200 | 004d 03c3 | 4d8b 5848 

  0x0000028b765bc5b8: ;   {metadata('java/io/IOException')}
  0x0000028b765bc5b8: 49b8 58b4 | 0408 8b02 | 0000 4d3b | d80f 853d | 0200 0049 | 8bda 448b | 5c24 5844 | 895c 245c 
  0x0000028b765bc5d8: eb78 488b | d0e9 c802 | 0000 488b | d0e9 c002 | 0000 4c8b | d044 8b58 | 0849 b800 | 0000 078b 
  0x0000028b765bc5f8: 0200 004d | 03c3 4d8b 

  0x0000028b765bc600: ;   {metadata('java/io/IOException')}
  0x0000028b765bc600: 5848 49b8 | 58b4 0408 | 8b02 0000 | 4d3b d80f | 85f3 0100 | 0049 8bda | eb38 e97e | 0100 00e9 
  0x0000028b765bc620: d901 0000 | 4c8b d044 | 8b58 0849 | b800 0000 | 078b 0200 | 004d 03c3 | 4d8b 5848 

  0x0000028b765bc63c: ;   {metadata('java/io/IOException')}
  0x0000028b765bc63c: 49b8 58b4 | 0408 8b02 | 0000 4d3b | d80f 85b9 | 0100 0049 | 8bda 4180 | 7f38 000f | 855a 0200 
  0x0000028b765bc65c: 004c 8bd3 | 4c8b 5c24 | 404d 33d3 | 4c8b c349 | c1e8 034c | 8b4c 2440 | 4589 4118 | 49c1 ea15 
  0x0000028b765bc67c: 4d85 d20f | 84fb caff | ff49 c1eb | 0948 b900 | 4064 798b | 0200 0049 | 03cb 8039 | 040f 84e1 
  0x0000028b765bc69c: caff ff4d | 8b57 504d | 8b5f 40f0 | 8344 24c0 | 0080 3900 | 0f84 caca | ffff 4488 | 214d 85db 
  0x0000028b765bc6bc: 7515 498b | d749 ba40 | 487b e1f8 | 7f00 0041 | ffd2 e9ad | caff ff4b | 894c 1af8 | 4983 c3f8 
  0x0000028b765bc6dc: 4d89 5f40 | e99b caff | ff4c 8bd0 | e91b 0100 | 004c 8bd0 | e913 0100 | 004c 8bd0 | e90b 0100 
  0x0000028b765bc6fc: 004c 8bd0 | e903 0100 | 0048 8bd0 | e99d 0100 | 0048 8bd0 | e995 0100 | 0048 8bd0 | e98d 0100 
  0x0000028b765bc71c: 004c 8bd0 | e9e3 0000 | 004c 8bd0 | e9db 0000 | 004c 8bd0 | e9d3 0000 | 004c 8bd0 | e9cb 0000 
  0x0000028b765bc73c: 004c 8bd0 | e9c3 0000 | 0048 8bd0 | e95d 0100 | 0048 8944 

  0x0000028b765bc750: ;   {oop(a 'net/minecraftforge/eventbus/EventBus'{0x000000074b230590})}
  0x0000028b765bc750: 2420 49ba | 9005 234b | 0700 0000 | 458b 5218 | 498b d248 | c1e2 0348 | 8b6c 2428 

  0x0000028b765bc76c: ;   {oop(a 'net/minecraftforge/eventbus/EventBus'{0x000000074b230590})}
  0x0000028b765bc76c: 49b8 9005 | 234b 0700 | 0000 4c8b | 4c24 3048 | 8b7c 2438 | 8b74 2440 | 488b c866 | 9048 b8ff 
  0x0000028b765bc78c: ffff ffff 

  0x0000028b765bc790: ;   {virtual_call}
  0x0000028b765bc790: ffff ffe8 

  0x0000028b765bc794: ; ImmutableOopMap {rbp=Oop [32]=Oop }
                      ;*invokeinterface handleException {reexecute=0 rethrow=0 return_oop=0}
                      ; - net.minecraftforge.eventbus.EventBus::post@134 (line 320)
                      ; - net.minecraftforge.eventbus.EventBus::post@7 (line 296)
                      ; - net.minecraftforge.event.ForgeEventFactory::onRenderTickEnd@14 (line 910)
                      ; - net.minecraft.client.Minecraft::runTick@478 (line 1148)
  0x0000028b765bc794: e84e a1fe | 488b 4424 | 2048 8bd0 | e905 0100 | 0048 8944 

  0x0000028b765bc7a8: ;   {oop(a 'net/minecraftforge/eventbus/EventBus'{0x000000074b230590})}
  0x0000028b765bc7a8: 2428 49ba | 9005 234b | 0700 0000 | 458b 5218 | 498b d248 | c1e2 0348 | 8b6c 2420 | 4c8b 5424 
  0x0000028b765bc7c8: 304c 8954 

  0x0000028b765bc7cc: ;   {oop(a 'net/minecraftforge/eventbus/EventBus'{0x000000074b230590})}
  0x0000028b765bc7cc: 2420 49b8 | 9005 234b | 0700 0000 | 4c8b 4c24 | 3848 8b7c | 2450 8b74 | 2444 488b | c848 b8ff 
  0x0000028b765bc7ec: ffff ffff 

  0x0000028b765bc7f0: ;   {virtual_call}
  0x0000028b765bc7f0: ffff ffe8 

  0x0000028b765bc7f4: ; ImmutableOopMap {rbp=Oop [40]=Oop }
                      ;*invokeinterface handleException {reexecute=0 rethrow=0 return_oop=0}
                      ; - net.minecraftforge.eventbus.EventBus::post@134 (line 320)
                      ; - net.minecraftforge.eventbus.EventBus::post@7 (line 296)
                      ; - net.minecraftforge.event.ForgeEventFactory::onRenderTickStart@14 (line 905)
                      ; - net.minecraft.client.Minecraft::runTick@420 (line 1144)
  0x0000028b765bc7f4: 884e a1fe | 488b 4424 | 2848 8bd0 | e9a5 0000 | 004c 8bd0 | 498b d2e9 | 9a00 0000 | 488b d0e9 
  0x0000028b765bc814: 9200 0000 | 488b d0e9 | 8a00 0000 | 488b d0e9 | 8200 0000 | eb00 488b | d0eb 7b48 | 8bd0 eb76 
  0x0000028b765bc834: 488b d0eb | 7148 8bd0 | eb6c 488b | d0eb 6748 | 8bd0 eb62 | 488b d0eb | 5d48 8bd0 | eb58 488b 
  0x0000028b765bc854: d0eb 5348 | 8bd0 eb4e | 488b d0eb | 4948 8bd0 | eb44 488b | d0eb 3f48 | 8bd0 eb3a | 488b d0eb 
  0x0000028b765bc874: 3548 8bd0 | eb30 488b | d0eb 2b48 | 8bd0 eb26 | 488b d0eb | 2148 8bd0 | eb1c 488b | d0eb 1748 
  0x0000028b765bc894: 8bd0 eb12 | 488b d0eb | 0d48 8bd0 | eb08 488b | d0eb 0348 | 8bd0 4881 | c490 0000 

  0x0000028b765bc8b0: ;   {runtime_call _rethrow_Java}
  0x0000028b765bc8b0: 005d e949 | 85ac fe4c | 8b54 2440 | 458b 5218 | 4585 d20f | 8494 fdff | ff4d 8b5f | 2049 8bca 
  0x0000028b765bc8d0: 48c1 e103 | 4d85 db0f | 84eb fbff | ff4d 8b57 | 304b 894c | 1af8 4983 | c3f8 4d89 | 5f20 e96a 
  0x0000028b765bc8f0: ;   {internal_word}
  0x0000028b765bc8f0: fdff ff49 | ba19 8e5b | 768b 0200 | 004d 8997 | 6803 0000 

  0x0000028b765bc904: ;   {runtime_call SafepointBlob}
  0x0000028b765bc904: e9f7 b0a1 | fef4 f4f4 | f4f4 f4f4 | f4f4 f4f4 | f4f4 f4f4 | f4f4 f4f4 | f4f4 f4f4 
[Stub Code]
  0x0000028b765bc920: ;   {no_reloc}
  0x0000028b765bc920: 48bb 0000 | 0000 0000 

  0x0000028b765bc928: ;   {runtime_call}
  0x0000028b765bc928: 0000 e9fb 

  0x0000028b765bc92c: ;   {static_stub}
  0x0000028b765bc92c: ffff ff48 | bb00 0000 | 0000 0000 

  0x0000028b765bc938: ;   {runtime_call}
  0x0000028b765bc938: 00e9 fbff 

  0x0000028b765bc93c: ;   {static_stub}
  0x0000028b765bc93c: ffff 48bb | 0000 0000 | 0000 0000 

  0x0000028b765bc948: ;   {runtime_call}
  0x0000028b765bc948: e9fb ffff 

  0x0000028b765bc94c: ;   {static_stub}
  0x0000028b765bc94c: ff48 bb00 | 0000 0000 

  0x0000028b765bc954: ;   {runtime_call}
  0x0000028b765bc954: 0000 00e9 | fbff ffff 

  0x0000028b765bc95c: ;   {static_stub}
  0x0000028b765bc95c: 48bb 0000 | 0000 0000 

  0x0000028b765bc964: ;   {runtime_call}
  0x0000028b765bc964: 0000 e9fb 

  0x0000028b765bc968: ;   {static_stub}
  0x0000028b765bc968: ffff ff48 | bb00 0000 | 0000 0000 

  0x0000028b765bc974: ;   {runtime_call}
  0x0000028b765bc974: 00e9 fbff 

  0x0000028b765bc978: ;   {static_stub}
  0x0000028b765bc978: ffff 48bb | 0000 0000 | 0000 0000 

  0x0000028b765bc984: ;   {runtime_call}
  0x0000028b765bc984: e9fb ffff 

  0x0000028b765bc988: ;   {static_stub}
  0x0000028b765bc988: ff48 bb00 | 0000 0000 

  0x0000028b765bc990: ;   {runtime_call}
  0x0000028b765bc990: 0000 00e9 | fbff ffff 

  0x0000028b765bc998: ;   {static_stub}
  0x0000028b765bc998: 48bb 0000 | 0000 0000 

  0x0000028b765bc9a0: ;   {runtime_call}
  0x0000028b765bc9a0: 0000 e9fb 

  0x0000028b765bc9a4: ;   {static_stub}
  0x0000028b765bc9a4: ffff ff48 | bb00 0000 | 0000 0000 

  0x0000028b765bc9b0: ;   {runtime_call}
  0x0000028b765bc9b0: 00e9 fbff 

  0x0000028b765bc9b4: ;   {static_stub}
  0x0000028b765bc9b4: ffff 48bb | 0000 0000 | 0000 0000 

  0x0000028b765bc9c0: ;   {runtime_call}
  0x0000028b765bc9c0: e9fb ffff 

  0x0000028b765bc9c4: ;   {static_stub}
  0x0000028b765bc9c4: ff48 bb00 | 0000 0000 

  0x0000028b765bc9cc: ;   {runtime_call}
  0x0000028b765bc9cc: 0000 00e9 | fbff ffff 

  0x0000028b765bc9d4: ;   {static_stub}
  0x0000028b765bc9d4: 48bb 0000 | 0000 0000 

  0x0000028b765bc9dc: ;   {runtime_call}
  0x0000028b765bc9dc: 0000 e9fb 

  0x0000028b765bc9e0: ;   {static_stub}
  0x0000028b765bc9e0: ffff ff48 | bb00 0000 | 0000 0000 

  0x0000028b765bc9ec: ;   {runtime_call}
  0x0000028b765bc9ec: 00e9 fbff 

  0x0000028b765bc9f0: ;   {static_stub}
  0x0000028b765bc9f0: ffff 48bb | 0000 0000 | 0000 0000 

  0x0000028b765bc9fc: ;   {runtime_call}
  0x0000028b765bc9fc: e9fb ffff 

  0x0000028b765bca00: ;   {static_stub}
  0x0000028b765bca00: ff48 bb00 | 0000 0000 

  0x0000028b765bca08: ;   {runtime_call}
  0x0000028b765bca08: 0000 00e9 | fbff ffff 

  0x0000028b765bca10: ;   {static_stub}
  0x0000028b765bca10: 48bb 0000 | 0000 0000 

  0x0000028b765bca18: ;   {runtime_call}
  0x0000028b765bca18: 0000 e9fb 

  0x0000028b765bca1c: ;   {static_stub}
  0x0000028b765bca1c: ffff ff48 | bb00 0000 | 0000 0000 

  0x0000028b765bca28: ;   {runtime_call}
  0x0000028b765bca28: 00e9 fbff 

  0x0000028b765bca2c: ;   {static_stub}
  0x0000028b765bca2c: ffff 48bb | 0000 0000 | 0000 0000 

  0x0000028b765bca38: ;   {runtime_call}
  0x0000028b765bca38: e9fb ffff 

  0x0000028b765bca3c: ;   {static_stub}
  0x0000028b765bca3c: ff48 bb00 | 0000 0000 

  0x0000028b765bca44: ;   {runtime_call}
  0x0000028b765bca44: 0000 00e9 | fbff ffff 

  0x0000028b765bca4c: ;   {static_stub}
  0x0000028b765bca4c: 48bb 0000 | 0000 0000 

  0x0000028b765bca54: ;   {runtime_call}
  0x0000028b765bca54: 0000 e9fb 

  0x0000028b765bca58: ;   {static_stub}
  0x0000028b765bca58: ffff ff48 | bb00 0000 | 0000 0000 

  0x0000028b765bca64: ;   {runtime_call}
  0x0000028b765bca64: 00e9 fbff 

  0x0000028b765bca68: ;   {static_stub}
  0x0000028b765bca68: ffff 48bb | 0000 0000 | 0000 0000 

  0x0000028b765bca74: ;   {runtime_call}
  0x0000028b765bca74: e9fb ffff 

  0x0000028b765bca78: ;   {static_stub}
  0x0000028b765bca78: ff48 bb00 | 0000 0000 

  0x0000028b765bca80: ;   {runtime_call}
  0x0000028b765bca80: 0000 00e9 | fbff ffff 

  0x0000028b765bca88: ;   {static_stub}
  0x0000028b765bca88: 48bb 0000 | 0000 0000 

  0x0000028b765bca90: ;   {runtime_call}
  0x0000028b765bca90: 0000 e9fb 

  0x0000028b765bca94: ;   {static_stub}
  0x0000028b765bca94: ffff ff48 | bb00 0000 | 0000 0000 

  0x0000028b765bcaa0: ;   {runtime_call}
  0x0000028b765bcaa0: 00e9 fbff 

  0x0000028b765bcaa4: ;   {static_stub}
  0x0000028b765bcaa4: ffff 48bb | 0000 0000 | 0000 0000 

  0x0000028b765bcab0: ;   {runtime_call}
  0x0000028b765bcab0: e9fb ffff 

  0x0000028b765bcab4: ;   {static_stub}
  0x0000028b765bcab4: ff48 bb00 | 0000 0000 

  0x0000028b765bcabc: ;   {runtime_call}
  0x0000028b765bcabc: 0000 00e9 | fbff ffff 

  0x0000028b765bcac4: ;   {static_stub}
  0x0000028b765bcac4: 48bb 0000 | 0000 0000 

  0x0000028b765bcacc: ;   {runtime_call}
  0x0000028b765bcacc: 0000 e9fb 

  0x0000028b765bcad0: ;   {static_stub}
  0x0000028b765bcad0: ffff ff48 | bb00 0000 | 0000 0000 

  0x0000028b765bcadc: ;   {runtime_call}
  0x0000028b765bcadc: 00e9 fbff 

  0x0000028b765bcae0: ;   {static_stub}
  0x0000028b765bcae0: ffff 48bb | 0000 0000 | 0000 0000 

  0x0000028b765bcaec: ;   {runtime_call}
  0x0000028b765bcaec: e9fb ffff 

  0x0000028b765bcaf0: ;   {static_stub}
  0x0000028b765bcaf0: ff48 bb00 | 0000 0000 

  0x0000028b765bcaf8: ;   {runtime_call}
  0x0000028b765bcaf8: 0000 00e9 | fbff ffff 

  0x0000028b765bcb00: ;   {static_stub}
  0x0000028b765bcb00: 48bb 0000 | 0000 0000 

  0x0000028b765bcb08: ;   {runtime_call}
  0x0000028b765bcb08: 0000 e9fb 

  0x0000028b765bcb0c: ;   {static_stub}
  0x0000028b765bcb0c: ffff ff48 | bb00 0000 | 0000 0000 

  0x0000028b765bcb18: ;   {runtime_call}
  0x0000028b765bcb18: 00e9 fbff 

  0x0000028b765bcb1c: ;   {static_stub}
  0x0000028b765bcb1c: ffff 48bb | 0000 0000 | 0000 0000 

  0x0000028b765bcb28: ;   {runtime_call}
  0x0000028b765bcb28: e9fb ffff 

  0x0000028b765bcb2c: ;   {static_stub}
  0x0000028b765bcb2c: ff48 bb00 | 0000 0000 

  0x0000028b765bcb34: ;   {runtime_call}
  0x0000028b765bcb34: 0000 00e9 | fbff ffff 

  0x0000028b765bcb3c: ;   {static_stub}
  0x0000028b765bcb3c: 48bb 0000 | 0000 0000 

  0x0000028b765bcb44: ;   {runtime_call}
  0x0000028b765bcb44: 0000 e9fb 

  0x0000028b765bcb48: ;   {static_stub}
  0x0000028b765bcb48: ffff ff48 | bb00 0000 | 0000 0000 

  0x0000028b765bcb54: ;   {runtime_call}
  0x0000028b765bcb54: 00e9 fbff 

  0x0000028b765bcb58: ;   {static_stub}
  0x0000028b765bcb58: ffff 48bb | 0000 0000 | 0000 0000 

  0x0000028b765bcb64: ;   {runtime_call}
  0x0000028b765bcb64: e9fb ffff 

  0x0000028b765bcb68: ;   {static_stub}
  0x0000028b765bcb68: ff48 bb00 | 0000 0000 

  0x0000028b765bcb70: ;   {runtime_call}
  0x0000028b765bcb70: 0000 00e9 | fbff ffff 

  0x0000028b765bcb78: ;   {static_stub}
  0x0000028b765bcb78: 48bb 0000 | 0000 0000 

  0x0000028b765bcb80: ;   {runtime_call}
  0x0000028b765bcb80: 0000 e9fb 

  0x0000028b765bcb84: ;   {static_stub}
  0x0000028b765bcb84: ffff ff48 | bb00 0000 | 0000 0000 

  0x0000028b765bcb90: ;   {runtime_call}
  0x0000028b765bcb90: 00e9 fbff 

  0x0000028b765bcb94: ;   {static_stub}
  0x0000028b765bcb94: ffff 48bb | 0000 0000 | 0000 0000 

  0x0000028b765bcba0: ;   {runtime_call}
  0x0000028b765bcba0: e9fb ffff 

  0x0000028b765bcba4: ;   {static_stub}
  0x0000028b765bcba4: ff48 bb00 | 0000 0000 

  0x0000028b765bcbac: ;   {runtime_call}
  0x0000028b765bcbac: 0000 00e9 | fbff ffff 

  0x0000028b765bcbb4: ;   {static_stub}
  0x0000028b765bcbb4: 48bb 0000 | 0000 0000 

  0x0000028b765bcbbc: ;   {runtime_call}
  0x0000028b765bcbbc: 0000 e9fb 

  0x0000028b765bcbc0: ;   {static_stub}
  0x0000028b765bcbc0: ffff ff48 | bb00 0000 | 0000 0000 

  0x0000028b765bcbcc: ;   {runtime_call}
  0x0000028b765bcbcc: 00e9 fbff 

  0x0000028b765bcbd0: ;   {static_stub}
  0x0000028b765bcbd0: ffff 48bb | 0000 0000 | 0000 0000 

  0x0000028b765bcbdc: ;   {runtime_call}
  0x0000028b765bcbdc: e9fb ffff 

  0x0000028b765bcbe0: ;   {static_stub}
  0x0000028b765bcbe0: ff48 bb00 | 0000 0000 

  0x0000028b765bcbe8: ;   {runtime_call}
  0x0000028b765bcbe8: 0000 00e9 | fbff ffff 

  0x0000028b765bcbf0: ;   {static_stub}
  0x0000028b765bcbf0: 48bb 0000 | 0000 0000 

  0x0000028b765bcbf8: ;   {runtime_call}
  0x0000028b765bcbf8: 0000 e9fb 

  0x0000028b765bcbfc: ;   {runtime_call ExceptionBlob}
  0x0000028b765bcbfc: ffff ffe9 | 7c89 abfe 
[Deopt Handler Code]
  0x0000028b765bcc04: e800 0000 | 0048 832c 

  0x0000028b765bcc0c: ;   {runtime_call DeoptimizationBlob}
  0x0000028b765bcc0c: 2405 e98d | a0a1 fef4 | f4f4 f4f4 
[/MachCode]


Compiled method (n/a)  275900 6364     n 0       jdk.internal.reflect.NativeMethodAccessorImpl::invoke0 (native)
 total in heap  [0x0000028b7583f290,0x0000028b7583f730] = 1184
 relocation     [0x0000028b7583f3e8,0x0000028b7583f420] = 56
 main code      [0x0000028b7583f420,0x0000028b7583f730] = 784

[Constant Pool (empty)]

[MachCode]
[Entry Point]
  # {method} {0x0000028b071c31d0} 'invoke0' '(Ljava/lang/reflect/Method;Ljava/lang/Object;[Ljava/lang/Object;)Ljava/lang/Object;' in 'jdk/internal/reflect/NativeMethodAccessorImpl'
  # parm0:    rdx:rdx   = 'java/lang/reflect/Method'
  # parm1:    r8:r8     = 'java/lang/Object'
  # parm2:    r9:r9     = '[Ljava/lang/Object;'
  #           [sp+0x80]  (sp of caller)
  0x0000028b7583f420: 448b 5208 | 49bb 0000 | 0007 8b02 | 0000 4d03 | d349 3bc2 | 0f84 0600 

  0x0000028b7583f438: ;   {runtime_call ic_miss_stub}
  0x0000028b7583f438: 0000 e941 | 1c79 ff90 
[Verified Entry Point]
  0x0000028b7583f440: 8984 2400 | 90ff ff55 | 488b ec48 | 83ec 704c | 894c 2438 | 4983 f900 | 488d 4424 | 3848 0f44 
  0x0000028b7583f460: 4424 3848 | 8944 2420 | 4c89 4424 | 3049 83f8 | 004c 8d4c | 2430 4c0f | 444c 2430 | 4889 5424 
  0x0000028b7583f480: 2848 83fa | 004c 8d44 | 2428 4c0f | 4444 2428 

  0x0000028b7583f490: ;   {oop(a 'java/lang/Class'{0x00000007422cc208} = 'jdk/internal/reflect/NativeMethodAccessorImpl')}
  0x0000028b7583f490: 49be 08c2 | 2c42 0700 | 0000 4c89 | 7424 584c | 8d74 2458 | 498b d6c5 

  0x0000028b7583f4a8: ;   {internal_word}
  0x0000028b7583f4a8: f877 49ba | a7f4 8375 | 8b02 0000 | 4d89 97a0 | 0200 0049 | 89a7 9802 

  0x0000028b7583f4c0: ;   {external_word}
  0x0000028b7583f4c0: 0000 49ba | 7935 06e2 | f87f 0000 | 4180 3a00 | 0f84 5200 | 0000 5241 

  0x0000028b7583f4d8: ;   {metadata({method} {0x0000028b071c31d0} 'invoke0' '(Ljava/lang/reflect/Method;Ljava/lang/Object;[Ljava/lang/Object;)Ljava/lang/Object;' in 'jdk/internal/reflect/NativeMethodAccessorImpl')}
  0x0000028b7583f4d8: 5041 5148 | bac8 311c | 078b 0200 | 0049 8bcf | 4883 ec20 | f7c4 0f00 | 0000 0f84 | 1a00 0000 
  0x0000028b7583f4f8: 4883 ec08 

  0x0000028b7583f4fc: ;   {runtime_call}
  0x0000028b7583f4fc: 49ba 0030 | bce1 f87f | 0000 41ff | d248 83c4 | 08e9 0d00 

  0x0000028b7583f510: ;   {runtime_call}
  0x0000028b7583f510: 0000 49ba | 0030 bce1 | f87f 0000 | 41ff d248 | 83c4 2041 | 5941 585a | 498d 8fb8 | 0200 0041 
  0x0000028b7583f530: c787 4803 | 0000 0400 

  0x0000028b7583f538: ;   {runtime_call}
  0x0000028b7583f538: 0000 49ba | c03d 8245 | f97f 0000 | 41ff d2c5 | f877 41c7 | 8748 0300 | 0005 0000 | 00f0 8344 
  0x0000028b7583f558: 24c0 0049 | 3baf 5003 | 0000 0f87 | 1100 0000 | 4181 bf38 | 0300 0000 | 0000 000f | 842c 0000 
  0x0000028b7583f578: 00c5 f877 | 4889 45f8 | 498b cf4c | 8be4 4883 | ec20 4883 

  0x0000028b7583f58c: ;   {runtime_call}
  0x0000028b7583f58c: e4f0 49ba | 7044 cce1 | f87f 0000 | 41ff d249 | 8be4 4d33 | e448 8b45 | f841 c787 | 4803 0000 
  0x0000028b7583f5ac: 0800 0000 | 4181 bfb8 | 0300 0002 | 0000 000f | 843f 0100 

  0x0000028b7583f5c0: ;   {external_word}
  0x0000028b7583f5c0: 0049 ba79 | 3506 e2f8 | 7f00 0041 | 803a 000f | 8450 0000 | 0048 8945 

  0x0000028b7583f5d8: ;   {metadata({method} {0x0000028b071c31d0} 'invoke0' '(Ljava/lang/reflect/Method;Ljava/lang/Object;[Ljava/lang/Object;)Ljava/lang/Object;' in 'jdk/internal/reflect/NativeMethodAccessorImpl')}
  0x0000028b7583f5d8: f848 bac8 | 311c 078b | 0200 0049 | 8bcf 4883 | ec20 f7c4 | 0f00 0000 | 0f84 1a00 | 0000 4883 
  0x0000028b7583f5f8: ;   {runtime_call}
  0x0000028b7583f5f8: ec08 49ba | 0030 bce1 | f87f 0000 | 41ff d248 | 83c4 08e9 | 0d00 0000 

  0x0000028b7583f610: ;   {runtime_call}
  0x0000028b7583f610: 49ba 0030 | bce1 f87f | 0000 41ff | d248 83c4 | 2048 8b45 | f849 c787 | 9802 0000 | 0000 0000 
  0x0000028b7583f630: 49c7 87a0 | 0200 0000 | 0000 00c5 | f877 4885 | c00f 8493 | 0000 0048 | f7c0 0100 | 0000 0f84 
  0x0000028b7583f650: 8300 0000 | 488b 40ff | 4180 7f38 | 000f 846f | 0000 0048 | 83f8 000f | 8465 0000 | 0049 8b4f 
  0x0000028b7583f670: 2048 83f9 | 000f 8414 | 0000 0048 | 83e9 0849 | 894f 2049 | 034f 3048 | 8901 e943 | 0000 0050 
  0x0000028b7583f690: 498b d748 | 8bc8 4883 | ec20 f7c4 | 0f00 0000 | 0f84 1a00 | 0000 4883 

  0x0000028b7583f6a8: ;   {runtime_call}
  0x0000028b7583f6a8: ec08 49ba | 6048 7be1 | f87f 0000 | 41ff d248 | 83c4 08e9 | 0d00 0000 

  0x0000028b7583f6c0: ;   {runtime_call}
  0x0000028b7583f6c0: 49ba 6048 | 7be1 f87f | 0000 41ff | d248 83c4 | 2058 e903 | 0000 0048 | 8b00 498b | 8fd8 0000 
  0x0000028b7583f6e0: 00c7 8100 | 0100 0000 | 0000 00c9 | 4981 7f08 | 0000 0000 | 0f85 0100 

  0x0000028b7583f6f8: ;   {runtime_call StubRoutines (1)}
  0x0000028b7583f6f8: 0000 c3e9 | 0018 74ff | c5f8 7748 | 8945 f84c | 8be4 4883 | ec20 4883 

  0x0000028b7583f710: ;   {runtime_call}
  0x0000028b7583f710: e4f0 49ba | 8060 bce1 | f87f 0000 | 41ff d249 | 8be4 4d33 | e448 8b45 | f8e9 93fe | ffff f4f4 
[/MachCode]


---------------  P R O C E S S  ---------------

Threads class SMR info:
_java_thread_list=0x0000028b06ab5ab0, length=31, elements={
0x0000028b65f45a70, 0x0000028b060f2ee0, 0x0000028b060f72d0, 0x0000028b061144d0,
0x0000028b06114da0, 0x0000028b06115e10, 0x0000028b06119c60, 0x0000028b0611f300,
0x0000028b06122470, 0x0000028b0612ada0, 0x0000028b0611a170, 0x0000028b061173e0,
0x0000028b4c619e90, 0x0000028b06118310, 0x0000028b4c61a3a0, 0x0000028b5e202480,
0x0000028b5e207a90, 0x0000028b5e2089c0, 0x0000028b5e205210, 0x0000028b5e205720,
0x0000028b6001ae10, 0x0000028b60016730, 0x0000028b600143c0, 0x0000028b600152f0,
0x0000028b5e208ed0, 0x0000028b5e207fa0, 0x0000028b5e202ea0, 0x0000028b5e2033b0,
0x0000028b5e204d00, 0x0000028b4c61d640, 0x0000028b5f3e5cd0
}
_to_delete_list=0x0000028b61aaaa80, length=30, elements={
0x0000028b65f45a70, 0x0000028b060f2ee0, 0x0000028b060f72d0, 0x0000028b061144d0,
0x0000028b06114da0, 0x0000028b06115e10, 0x0000028b06119c60, 0x0000028b0611f300,
0x0000028b06122470, 0x0000028b0612ada0, 0x0000028b0611a170, 0x0000028b061173e0,
0x0000028b4c619e90, 0x0000028b06118310, 0x0000028b4c61a3a0, 0x0000028b5e202480,
0x0000028b5e207a90, 0x0000028b5e2089c0, 0x0000028b5e205210, 0x0000028b5e205720,
0x0000028b6001ae10, 0x0000028b60016730, 0x0000028b600143c0, 0x0000028b600152f0,
0x0000028b5e208ed0, 0x0000028b5e207fa0, 0x0000028b5e202ea0, 0x0000028b5e2033b0,
0x0000028b5e204d00, 0x0000028b4c61d640
}

Java Threads: ( => current thread )
=>0x0000028b65f45a70 JavaThread "Render thread" [_thread_in_native, id=3108, stack(0x000000f75cc00000,0x000000f75cd00000)]
  0x0000028b060f2ee0 JavaThread "Reference Handler" daemon [_thread_blocked, id=9552, stack(0x000000f75d300000,0x000000f75d400000)]
  0x0000028b060f72d0 JavaThread "Finalizer" daemon [_thread_blocked, id=2096, stack(0x000000f75d400000,0x000000f75d500000)]
  0x0000028b061144d0 JavaThread "Signal Dispatcher" daemon [_thread_blocked, id=3236, stack(0x000000f75d500000,0x000000f75d600000)]
  0x0000028b06114da0 JavaThread "Attach Listener" daemon [_thread_blocked, id=1812, stack(0x000000f75d600000,0x000000f75d700000)]
  0x0000028b06115e10 JavaThread "Service Thread" daemon [_thread_blocked, id=10336, stack(0x000000f75d700000,0x000000f75d800000)]
  0x0000028b06119c60 JavaThread "Monitor Deflation Thread" daemon [_thread_blocked, id=10584, stack(0x000000f75d800000,0x000000f75d900000)]
  0x0000028b0611f300 JavaThread "C2 CompilerThread0" daemon [_thread_blocked, id=9072, stack(0x000000f75d900000,0x000000f75da00000)]
  0x0000028b06122470 JavaThread "C1 CompilerThread0" daemon [_thread_blocked, id=11296, stack(0x000000f75da00000,0x000000f75db00000)]
  0x0000028b0612ada0 JavaThread "Sweeper thread" daemon [_thread_blocked, id=2364, stack(0x000000f75db00000,0x000000f75dc00000)]
  0x0000028b0611a170 JavaThread "Common-Cleaner" daemon [_thread_blocked, id=1836, stack(0x000000f75dc00000,0x000000f75dd00000)]
  0x0000028b061173e0 JavaThread "Notification Thread" daemon [_thread_blocked, id=10180, stack(0x000000f75de00000,0x000000f75df00000)]
  0x0000028b4c619e90 JavaThread "JNA Cleaner" daemon [_thread_blocked, id=10568, stack(0x000000f75f100000,0x000000f75f200000)]
  0x0000028b06118310 JavaThread "Timer hack thread" daemon [_thread_blocked, id=8304, stack(0x000000f75f300000,0x000000f75f400000)]
  0x0000028b4c61a3a0 JavaThread "Yggdrasil Key Fetcher" daemon [_thread_blocked, id=3380, stack(0x000000f75f400000,0x000000f75f500000)]
  0x0000028b5e202480 JavaThread "modloading-worker-0" daemon [_thread_blocked, id=11612, stack(0x000000f75f900000,0x000000f75fa00000)]
  0x0000028b5e207a90 JavaThread "Worker-Main-1" daemon [_thread_blocked, id=8808, stack(0x000000f75fc00000,0x000000f75fd00000)]
  0x0000028b5e2089c0 JavaThread "Thread-3" daemon [_thread_blocked, id=12028, stack(0x000000f75fd00000,0x000000f75fe00000)]
  0x0000028b5e205210 JavaThread "FileSystemWatchService" daemon [_thread_in_native, id=7272, stack(0x000000f75fe00000,0x000000f75ff00000)]
  0x0000028b5e205720 JavaThread "Worker-Main-2" daemon [_thread_blocked, id=6000, stack(0x000000f75ff00000,0x000000f760000000)]
  0x0000028b6001ae10 JavaThread "Worker-Main-5" daemon [_thread_blocked, id=6224, stack(0x000000f75ca00000,0x000000f75cb00000)]
  0x0000028b60016730 JavaThread "Server thread" [_thread_blocked, id=12052, stack(0x000000f75e400000,0x000000f75e500000)]
  0x0000028b600143c0 JavaThread "FileSystemWatchService" daemon [_thread_in_native, id=4108, stack(0x000000f75e600000,0x000000f75e700000)]
  0x0000028b600152f0 JavaThread "IO-Worker-6" [_thread_blocked, id=7220, stack(0x000000f75ef00000,0x000000f75f000000)]
  0x0000028b5e208ed0 JavaThread "IO-Worker-8" [_thread_blocked, id=4220, stack(0x000000f75f200000,0x000000f75f300000)]
  0x0000028b5e207fa0 JavaThread "Java2D Disposer" daemon [_thread_blocked, id=6192, stack(0x000000f75f500000,0x000000f75f600000)]
  0x0000028b5e202ea0 JavaThread "Netty Server IO #0" daemon [_thread_in_native, id=2812, stack(0x000000f75f600000,0x000000f75f700000)]
  0x0000028b5e2033b0 JavaThread "Netty Local Client IO #0" daemon [_thread_blocked, id=11108, stack(0x000000f75f800000,0x000000f75f900000)]
  0x0000028b5e204d00 JavaThread "Netty Server IO #1" daemon [_thread_in_native, id=1908, stack(0x000000f75fb00000,0x000000f75fc00000)]
  0x0000028b4c61d640 JavaThread "Sound engine" daemon [_thread_blocked, id=6196, stack(0x000000f760000000,0x000000f760100000)]
  0x0000028b5f3e5cd0 JavaThread "C2 CompilerThread1" daemon [_thread_blocked, id=9064, stack(0x000000f75cb00000,0x000000f75cc00000)]

Other Threads:
  0x0000028b060ed810 VMThread "VM Thread" [stack: 0x000000f75d200000,0x000000f75d300000] [id=11276]
  0x0000028b65f46940 WatcherThread [stack: 0x000000f75df00000,0x000000f75e000000] [id=5288]
  0x0000028b65f9bf10 GCTaskThread "GC Thread#0" [stack: 0x000000f75cd00000,0x000000f75ce00000] [id=10800]
  0x0000028b06784220 GCTaskThread "GC Thread#1" [stack: 0x000000f75e000000,0x000000f75e100000] [id=7376]
  0x0000028b067f0490 GCTaskThread "GC Thread#2" [stack: 0x000000f75e100000,0x000000f75e200000] [id=9252]
  0x0000028b067f0750 GCTaskThread "GC Thread#3" [stack: 0x000000f75e200000,0x000000f75e300000] [id=11020]
  0x0000028b65fa9c00 ConcurrentGCThread "G1 Main Marker" [stack: 0x000000f75ce00000,0x000000f75cf00000] [id=5648]
  0x0000028b65fabce0 ConcurrentGCThread "G1 Conc#0" [stack: 0x000000f75cf00000,0x000000f75d000000] [id=6968]
  0x0000028b05fb20d0 ConcurrentGCThread "G1 Refine#0" [stack: 0x000000f75d000000,0x000000f75d100000] [id=11044]
  0x0000028b61a424f0 ConcurrentGCThread "G1 Refine#1" [stack: 0x000000f760500000,0x000000f760600000] [id=8336]
  0x0000028b61a42ad0 ConcurrentGCThread "G1 Refine#2" [stack: 0x000000f760100000,0x000000f760200000] [id=6568]
  0x0000028b61a41640 ConcurrentGCThread "G1 Refine#3" [stack: 0x000000f75e800000,0x000000f75e900000] [id=11100]
  0x0000028b05fb2910 ConcurrentGCThread "G1 Service" [stack: 0x000000f75d100000,0x000000f75d200000] [id=6260]

Threads with active compile tasks:

VM state: not at safepoint (normal execution)

VM Mutex/Monitor currently owned by a thread: None

Heap address: 0x0000000741800000, size: 3048 MB, Compressed Oops mode: Zero based, Oop shift amount: 3

CDS archive(s) mapped at: [0x0000028b07000000-0x0000028b07bb0000-0x0000028b07bb0000), size 12255232, SharedBaseAddress: 0x0000028b07000000, ArchiveRelocationMode: 1.
Compressed class space mapped at: 0x0000028b08000000-0x0000028b48000000, reserved size: 1073741824
Narrow klass base: 0x0000028b07000000, Narrow klass shift: 0, Narrow klass range: 0x100000000

GC Precious Log:
 CPUs: 4 total, 4 available
 Memory: 12190M
 Large Page Support: Disabled
 NUMA Support: Disabled
 Compressed Oops: Enabled (Zero based)
 Heap Region Size: 2M
 Heap Min Capacity: 8M
 Heap Initial Capacity: 192M
 Heap Max Capacity: 3048M
 Pre-touch: Disabled
 Parallel Workers: 4
 Concurrent Workers: 1
 Concurrent Refinement Workers: 4
 Periodic GC: Disabled

Heap:
 garbage-first heap   total 1392640K, used 697009K [0x0000000741800000, 0x0000000800000000)
  region size 2048K, 143 young (292864K), 2 survivors (4096K)
 Metaspace       used 121158K, committed 122880K, reserved 1179648K
  class space    used 17340K, committed 18112K, reserved 1048576K

Heap Regions: E=young(eden), S=young(survivor), O=old, HS=humongous(starts), HC=humongous(continues), CS=collection set, F=free, OA=open archive, CA=closed archive, TAMS=top-at-mark-start (previous, next)
|   0|0x0000000741800000, 0x0000000741a00000, 0x0000000741a00000|100%|HS|  |TAMS 0x0000000741a00000, 0x0000000741800000| Complete 
|   1|0x0000000741a00000, 0x0000000741c00000, 0x0000000741c00000|100%| O|  |TAMS 0x0000000741c00000, 0x0000000741a00000| Untracked 
|   2|0x0000000741c00000, 0x0000000741e00000, 0x0000000741e00000|100%|HS|  |TAMS 0x0000000741e00000, 0x0000000741c00000| Complete 
|   3|0x0000000741e00000, 0x0000000742000000, 0x0000000742000000|100%|HS|  |TAMS 0x0000000742000000, 0x0000000741e00000| Complete 
|   4|0x0000000742000000, 0x0000000742200000, 0x0000000742200000|100%| O|  |TAMS 0x0000000742200000, 0x0000000742000000| Untracked 
|   5|0x0000000742200000, 0x0000000742400000, 0x0000000742400000|100%| O|  |TAMS 0x0000000742400000, 0x0000000742200000| Untracked 
|   6|0x0000000742400000, 0x0000000742600000, 0x0000000742600000|100%|HS|  |TAMS 0x0000000742600000, 0x0000000742400000| Complete 
|   7|0x0000000742600000, 0x0000000742800000, 0x0000000742800000|100%| O|  |TAMS 0x0000000742800000, 0x0000000742600000| Untracked 
|   8|0x0000000742800000, 0x0000000742a00000, 0x0000000742a00000|100%| O|  |TAMS 0x0000000742a00000, 0x0000000742800000| Untracked 
|   9|0x0000000742a00000, 0x0000000742c00000, 0x0000000742c00000|100%| O|  |TAMS 0x0000000742c00000, 0x0000000742a00000| Untracked 
|  10|0x0000000742c00000, 0x0000000742e00000, 0x0000000742e00000|100%| O|  |TAMS 0x0000000742e00000, 0x0000000742c00000| Untracked 
|  11|0x0000000742e00000, 0x0000000743000000, 0x0000000743000000|100%| O|  |TAMS 0x0000000743000000, 0x0000000742e00000| Untracked 
|  12|0x0000000743000000, 0x0000000743200000, 0x0000000743200000|100%| O|  |TAMS 0x0000000743200000, 0x0000000743000000| Untracked 
|  13|0x0000000743200000, 0x0000000743400000, 0x0000000743400000|100%| O|  |TAMS 0x0000000743400000, 0x0000000743200000| Untracked 
|  14|0x0000000743400000, 0x0000000743600000, 0x0000000743600000|100%| O|  |TAMS 0x0000000743600000, 0x0000000743400000| Untracked 
|  15|0x0000000743600000, 0x0000000743800000, 0x0000000743800000|100%| O|  |TAMS 0x0000000743800000, 0x0000000743600000| Untracked 
|  16|0x0000000743800000, 0x0000000743a00000, 0x0000000743a00000|100%|HS|  |TAMS 0x0000000743a00000, 0x0000000743800000| Complete 
|  17|0x0000000743a00000, 0x0000000743c00000, 0x0000000743c00000|100%| O|  |TAMS 0x0000000743c00000, 0x0000000743a00000| Untracked 
|  18|0x0000000743c00000, 0x0000000743e00000, 0x0000000743e00000|100%| O|  |TAMS 0x0000000743e00000, 0x0000000743c00000| Untracked 
|  19|0x0000000743e00000, 0x0000000744000000, 0x0000000744000000|100%| O|  |TAMS 0x0000000744000000, 0x0000000743e00000| Untracked 
|  20|0x0000000744000000, 0x0000000744200000, 0x0000000744200000|100%| O|  |TAMS 0x0000000744200000, 0x0000000744000000| Untracked 
|  21|0x0000000744200000, 0x0000000744400000, 0x0000000744400000|100%| O|  |TAMS 0x0000000744400000, 0x0000000744200000| Untracked 
|  22|0x0000000744400000, 0x0000000744600000, 0x0000000744600000|100%| O|  |TAMS 0x0000000744600000, 0x0000000744400000| Untracked 
|  23|0x0000000744600000, 0x0000000744800000, 0x0000000744800000|100%| O|  |TAMS 0x0000000744800000, 0x0000000744600000| Untracked 
|  24|0x0000000744800000, 0x0000000744a00000, 0x0000000744a00000|100%| O|  |TAMS 0x0000000744a00000, 0x0000000744800000| Untracked 
|  25|0x0000000744a00000, 0x0000000744c00000, 0x0000000744c00000|100%| O|  |TAMS 0x0000000744c00000, 0x0000000744a00000| Untracked 
|  26|0x0000000744c00000, 0x0000000744e00000, 0x0000000744e00000|100%| O|  |TAMS 0x0000000744e00000, 0x0000000744c00000| Untracked 
|  27|0x0000000744e00000, 0x0000000745000000, 0x0000000745000000|100%| O|  |TAMS 0x0000000745000000, 0x0000000744e00000| Untracked 
|  28|0x0000000745000000, 0x0000000745200000, 0x0000000745200000|100%| O|  |TAMS 0x0000000745200000, 0x0000000745000000| Untracked 
|  29|0x0000000745200000, 0x0000000745400000, 0x0000000745400000|100%| O|  |TAMS 0x0000000745400000, 0x0000000745200000| Untracked 
|  30|0x0000000745400000, 0x0000000745600000, 0x0000000745600000|100%| O|  |TAMS 0x0000000745600000, 0x0000000745400000| Untracked 
|  31|0x0000000745600000, 0x0000000745800000, 0x0000000745800000|100%| O|  |TAMS 0x0000000745800000, 0x0000000745600000| Untracked 
|  32|0x0000000745800000, 0x0000000745a00000, 0x0000000745a00000|100%| O|  |TAMS 0x0000000745a00000, 0x0000000745800000| Untracked 
|  33|0x0000000745a00000, 0x0000000745c00000, 0x0000000745c00000|100%| O|  |TAMS 0x0000000745c00000, 0x0000000745a00000| Untracked 
|  34|0x0000000745c00000, 0x0000000745e00000, 0x0000000745e00000|100%| O|  |TAMS 0x0000000745e00000, 0x0000000745c00000| Untracked 
|  35|0x0000000745e00000, 0x0000000746000000, 0x0000000746000000|100%| O|  |TAMS 0x0000000746000000, 0x0000000745e00000| Untracked 
|  36|0x0000000746000000, 0x0000000746200000, 0x0000000746200000|100%| O|  |TAMS 0x0000000746200000, 0x0000000746000000| Untracked 
|  37|0x0000000746200000, 0x0000000746400000, 0x0000000746400000|100%|HS|  |TAMS 0x0000000746400000, 0x0000000746200000| Complete 
|  38|0x0000000746400000, 0x0000000746600000, 0x0000000746600000|100%|HC|  |TAMS 0x0000000746600000, 0x0000000746400000| Complete 
|  39|0x0000000746600000, 0x0000000746800000, 0x0000000746800000|100%|HC|  |TAMS 0x0000000746800000, 0x0000000746600000| Complete 
|  40|0x0000000746800000, 0x0000000746a00000, 0x0000000746a00000|100%|HC|  |TAMS 0x0000000746a00000, 0x0000000746800000| Complete 
|  41|0x0000000746a00000, 0x0000000746c00000, 0x0000000746c00000|100%|HC|  |TAMS 0x0000000746c00000, 0x0000000746a00000| Complete 
|  42|0x0000000746c00000, 0x0000000746e00000, 0x0000000746e00000|100%|HC|  |TAMS 0x0000000746e00000, 0x0000000746c00000| Complete 
|  43|0x0000000746e00000, 0x0000000747000000, 0x0000000747000000|100%| O|  |TAMS 0x0000000747000000, 0x0000000746e00000| Untracked 
|  44|0x0000000747000000, 0x0000000747200000, 0x0000000747200000|100%| O|  |TAMS 0x0000000747200000, 0x0000000747000000| Untracked 
|  45|0x0000000747200000, 0x0000000747400000, 0x0000000747400000|100%| O|  |TAMS 0x0000000747400000, 0x0000000747200000| Untracked 
|  46|0x0000000747400000, 0x0000000747600000, 0x0000000747600000|100%| O|  |TAMS 0x0000000747600000, 0x0000000747400000| Untracked 
|  47|0x0000000747600000, 0x0000000747800000, 0x0000000747800000|100%| O|  |TAMS 0x0000000747800000, 0x0000000747600000| Untracked 
|  48|0x0000000747800000, 0x0000000747a00000, 0x0000000747a00000|100%| O|  |TAMS 0x0000000747a00000, 0x0000000747800000| Untracked 
|  49|0x0000000747a00000, 0x0000000747c00000, 0x0000000747c00000|100%| O|  |TAMS 0x0000000747c00000, 0x0000000747a00000| Untracked 
|  50|0x0000000747c00000, 0x0000000747e00000, 0x0000000747e00000|100%| O|  |TAMS 0x0000000747e00000, 0x0000000747c00000| Untracked 
|  51|0x0000000747e00000, 0x0000000748000000, 0x0000000748000000|100%| O|  |TAMS 0x0000000748000000, 0x0000000747e00000| Untracked 
|  52|0x0000000748000000, 0x0000000748200000, 0x0000000748200000|100%| O|  |TAMS 0x0000000748200000, 0x0000000748000000| Untracked 
|  53|0x0000000748200000, 0x0000000748400000, 0x0000000748400000|100%| O|  |TAMS 0x0000000748400000, 0x0000000748200000| Untracked 
|  54|0x0000000748400000, 0x0000000748600000, 0x0000000748600000|100%| O|  |TAMS 0x0000000748600000, 0x0000000748400000| Untracked 
|  55|0x0000000748600000, 0x0000000748800000, 0x0000000748800000|100%| O|  |TAMS 0x0000000748800000, 0x0000000748600000| Untracked 
|  56|0x0000000748800000, 0x0000000748a00000, 0x0000000748a00000|100%| O|  |TAMS 0x0000000748a00000, 0x0000000748800000| Untracked 
|  57|0x0000000748a00000, 0x0000000748c00000, 0x0000000748c00000|100%| O|  |TAMS 0x0000000748c00000, 0x0000000748a00000| Untracked 
|  58|0x0000000748c00000, 0x0000000748e00000, 0x0000000748e00000|100%| O|  |TAMS 0x0000000748e00000, 0x0000000748c00000| Untracked 
|  59|0x0000000748e00000, 0x0000000749000000, 0x0000000749000000|100%| O|  |TAMS 0x0000000749000000, 0x0000000748e00000| Untracked 
|  60|0x0000000749000000, 0x0000000749200000, 0x0000000749200000|100%| O|  |TAMS 0x0000000749200000, 0x0000000749000000| Untracked 
|  61|0x0000000749200000, 0x0000000749400000, 0x0000000749400000|100%| O|  |TAMS 0x0000000749400000, 0x0000000749200000| Untracked 
|  62|0x0000000749400000, 0x0000000749600000, 0x0000000749600000|100%| O|  |TAMS 0x0000000749600000, 0x0000000749400000| Untracked 
|  63|0x0000000749600000, 0x0000000749800000, 0x0000000749800000|100%| O|  |TAMS 0x0000000749800000, 0x0000000749600000| Untracked 
|  64|0x0000000749800000, 0x0000000749a00000, 0x0000000749a00000|100%| O|  |TAMS 0x0000000749a00000, 0x0000000749800000| Untracked 
|  65|0x0000000749a00000, 0x0000000749c00000, 0x0000000749c00000|100%| O|  |TAMS 0x0000000749c00000, 0x0000000749a00000| Untracked 
|  66|0x0000000749c00000, 0x0000000749e00000, 0x0000000749e00000|100%| O|  |TAMS 0x0000000749e00000, 0x0000000749c00000| Untracked 
|  67|0x0000000749e00000, 0x000000074a000000, 0x000000074a000000|100%| O|  |TAMS 0x000000074a000000, 0x0000000749e00000| Untracked 
|  68|0x000000074a000000, 0x000000074a200000, 0x000000074a200000|100%| O|  |TAMS 0x000000074a200000, 0x000000074a000000| Untracked 
|  69|0x000000074a200000, 0x000000074a400000, 0x000000074a400000|100%| O|  |TAMS 0x000000074a400000, 0x000000074a200000| Untracked 
|  70|0x000000074a400000, 0x000000074a600000, 0x000000074a600000|100%| O|  |TAMS 0x000000074a600000, 0x000000074a400000| Untracked 
|  71|0x000000074a600000, 0x000000074a800000, 0x000000074a800000|100%| O|  |TAMS 0x000000074a800000, 0x000000074a600000| Untracked 
|  72|0x000000074a800000, 0x000000074aa00000, 0x000000074aa00000|100%| O|  |TAMS 0x000000074aa00000, 0x000000074a800000| Untracked 
|  73|0x000000074aa00000, 0x000000074ac00000, 0x000000074ac00000|100%| O|  |TAMS 0x000000074ac00000, 0x000000074aa00000| Untracked 
|  74|0x000000074ac00000, 0x000000074ae00000, 0x000000074ae00000|100%| O|  |TAMS 0x000000074ae00000, 0x000000074ac00000| Untracked 
|  75|0x000000074ae00000, 0x000000074b000000, 0x000000074b000000|100%| O|  |TAMS 0x000000074b000000, 0x000000074ae00000| Untracked 
|  76|0x000000074b000000, 0x000000074b200000, 0x000000074b200000|100%| O|  |TAMS 0x000000074b200000, 0x000000074b000000| Untracked 
|  77|0x000000074b200000, 0x000000074b400000, 0x000000074b400000|100%| O|  |TAMS 0x000000074b400000, 0x000000074b200000| Untracked 
|  78|0x000000074b400000, 0x000000074b600000, 0x000000074b600000|100%| O|  |TAMS 0x000000074b600000, 0x000000074b400000| Untracked 
|  79|0x000000074b600000, 0x000000074b800000, 0x000000074b800000|100%| O|  |TAMS 0x000000074b800000, 0x000000074b600000| Untracked 
|  80|0x000000074b800000, 0x000000074ba00000, 0x000000074ba00000|100%| O|  |TAMS 0x000000074ba00000, 0x000000074b800000| Untracked 
|  81|0x000000074ba00000, 0x000000074bc00000, 0x000000074bc00000|100%| O|  |TAMS 0x000000074bc00000, 0x000000074ba00000| Untracked 
|  82|0x000000074bc00000, 0x000000074be00000, 0x000000074be00000|100%| O|  |TAMS 0x000000074be00000, 0x000000074bc00000| Untracked 
|  83|0x000000074be00000, 0x000000074c000000, 0x000000074c000000|100%| O|  |TAMS 0x000000074c000000, 0x000000074be00000| Untracked 
|  84|0x000000074c000000, 0x000000074c200000, 0x000000074c200000|100%| O|  |TAMS 0x000000074c200000, 0x000000074c000000| Untracked 
|  85|0x000000074c200000, 0x000000074c400000, 0x000000074c400000|100%| O|  |TAMS 0x000000074c400000, 0x000000074c200000| Untracked 
|  86|0x000000074c400000, 0x000000074c600000, 0x000000074c600000|100%| O|  |TAMS 0x000000074c600000, 0x000000074c400000| Untracked 
|  87|0x000000074c600000, 0x000000074c800000, 0x000000074c800000|100%| O|  |TAMS 0x000000074c800000, 0x000000074c600000| Untracked 
|  88|0x000000074c800000, 0x000000074ca00000, 0x000000074ca00000|100%| O|  |TAMS 0x000000074ca00000, 0x000000074c800000| Untracked 
|  89|0x000000074ca00000, 0x000000074cc00000, 0x000000074cc00000|100%| O|  |TAMS 0x000000074cc00000, 0x000000074ca00000| Untracked 
|  90|0x000000074cc00000, 0x000000074ce00000, 0x000000074ce00000|100%| O|  |TAMS 0x000000074ce00000, 0x000000074cc00000| Untracked 
|  91|0x000000074ce00000, 0x000000074d000000, 0x000000074d000000|100%| O|  |TAMS 0x000000074d000000, 0x000000074ce00000| Untracked 
|  92|0x000000074d000000, 0x000000074d200000, 0x000000074d200000|100%| O|  |TAMS 0x000000074d200000, 0x000000074d000000| Untracked 
|  93|0x000000074d200000, 0x000000074d400000, 0x000000074d400000|100%| O|  |TAMS 0x000000074d400000, 0x000000074d200000| Untracked 
|  94|0x000000074d400000, 0x000000074d600000, 0x000000074d600000|100%| O|  |TAMS 0x000000074d600000, 0x000000074d400000| Untracked 
|  95|0x000000074d600000, 0x000000074d800000, 0x000000074d800000|100%| O|  |TAMS 0x000000074d800000, 0x000000074d600000| Untracked 
|  96|0x000000074d800000, 0x000000074da00000, 0x000000074da00000|100%| O|  |TAMS 0x000000074da00000, 0x000000074d800000| Untracked 
|  97|0x000000074da00000, 0x000000074dc00000, 0x000000074dc00000|100%| O|  |TAMS 0x000000074dc00000, 0x000000074da00000| Untracked 
|  98|0x000000074dc00000, 0x000000074de00000, 0x000000074de00000|100%| O|  |TAMS 0x000000074de00000, 0x000000074dc00000| Untracked 
|  99|0x000000074de00000, 0x000000074e000000, 0x000000074e000000|100%| O|  |TAMS 0x000000074e000000, 0x000000074de00000| Untracked 
| 100|0x000000074e000000, 0x000000074e200000, 0x000000074e200000|100%| O|  |TAMS 0x000000074e200000, 0x000000074e000000| Untracked 
| 101|0x000000074e200000, 0x000000074e400000, 0x000000074e400000|100%| O|  |TAMS 0x000000074e400000, 0x000000074e200000| Untracked 
| 102|0x000000074e400000, 0x000000074e600000, 0x000000074e600000|100%| O|  |TAMS 0x000000074e600000, 0x000000074e400000| Untracked 
| 103|0x000000074e600000, 0x000000074e800000, 0x000000074e800000|100%| O|  |TAMS 0x000000074e800000, 0x000000074e600000| Untracked 
| 104|0x000000074e800000, 0x000000074ea00000, 0x000000074ea00000|100%| O|  |TAMS 0x000000074ea00000, 0x000000074e800000| Untracked 
| 105|0x000000074ea00000, 0x000000074ec00000, 0x000000074ec00000|100%| O|  |TAMS 0x000000074ec00000, 0x000000074ea00000| Untracked 
| 106|0x000000074ec00000, 0x000000074ee00000, 0x000000074ee00000|100%| O|  |TAMS 0x000000074ee00000, 0x000000074ec00000| Untracked 
| 107|0x000000074ee00000, 0x000000074f000000, 0x000000074f000000|100%| O|  |TAMS 0x000000074f000000, 0x000000074ee00000| Untracked 
| 108|0x000000074f000000, 0x000000074f200000, 0x000000074f200000|100%| O|  |TAMS 0x000000074f200000, 0x000000074f000000| Untracked 
| 109|0x000000074f200000, 0x000000074f400000, 0x000000074f400000|100%| O|  |TAMS 0x000000074f400000, 0x000000074f200000| Untracked 
| 110|0x000000074f400000, 0x000000074f600000, 0x000000074f600000|100%| O|  |TAMS 0x000000074f600000, 0x000000074f400000| Untracked 
| 111|0x000000074f600000, 0x000000074f800000, 0x000000074f800000|100%| O|  |TAMS 0x000000074f800000, 0x000000074f600000| Untracked 
| 112|0x000000074f800000, 0x000000074fa00000, 0x000000074fa00000|100%| O|  |TAMS 0x000000074fa00000, 0x000000074f800000| Untracked 
| 113|0x000000074fa00000, 0x000000074fc00000, 0x000000074fc00000|100%| O|  |TAMS 0x000000074fc00000, 0x000000074fa00000| Untracked 
| 114|0x000000074fc00000, 0x000000074fe00000, 0x000000074fe00000|100%| O|  |TAMS 0x000000074fe00000, 0x000000074fc00000| Untracked 
| 115|0x000000074fe00000, 0x0000000750000000, 0x0000000750000000|100%| O|  |TAMS 0x0000000750000000, 0x000000074fe00000| Untracked 
| 116|0x0000000750000000, 0x0000000750200000, 0x0000000750200000|100%| O|  |TAMS 0x0000000750200000, 0x0000000750000000| Untracked 
| 117|0x0000000750200000, 0x0000000750400000, 0x0000000750400000|100%| O|  |TAMS 0x0000000750400000, 0x0000000750200000| Untracked 
| 118|0x0000000750400000, 0x0000000750600000, 0x0000000750600000|100%| O|  |TAMS 0x0000000750600000, 0x0000000750400000| Untracked 
| 119|0x0000000750600000, 0x0000000750800000, 0x0000000750800000|100%| O|  |TAMS 0x0000000750800000, 0x0000000750600000| Untracked 
| 120|0x0000000750800000, 0x0000000750a00000, 0x0000000750a00000|100%| O|  |TAMS 0x0000000750a00000, 0x0000000750800000| Untracked 
| 121|0x0000000750a00000, 0x0000000750c00000, 0x0000000750c00000|100%| O|  |TAMS 0x0000000750c00000, 0x0000000750a00000| Untracked 
| 122|0x0000000750c00000, 0x0000000750e00000, 0x0000000750e00000|100%| O|  |TAMS 0x0000000750e00000, 0x0000000750c00000| Untracked 
| 123|0x0000000750e00000, 0x0000000751000000, 0x0000000751000000|100%| O|  |TAMS 0x0000000751000000, 0x0000000750e00000| Untracked 
| 124|0x0000000751000000, 0x0000000751200000, 0x0000000751200000|100%| O|  |TAMS 0x0000000751200000, 0x0000000751000000| Untracked 
| 125|0x0000000751200000, 0x0000000751400000, 0x0000000751400000|100%| O|  |TAMS 0x0000000751400000, 0x0000000751200000| Untracked 
| 126|0x0000000751400000, 0x0000000751600000, 0x0000000751600000|100%| O|  |TAMS 0x0000000751600000, 0x0000000751400000| Untracked 
| 127|0x0000000751600000, 0x0000000751800000, 0x0000000751800000|100%| O|  |TAMS 0x0000000751800000, 0x0000000751600000| Untracked 
| 128|0x0000000751800000, 0x0000000751a00000, 0x0000000751a00000|100%| O|  |TAMS 0x0000000751a00000, 0x0000000751800000| Untracked 
| 129|0x0000000751a00000, 0x0000000751c00000, 0x0000000751c00000|100%| O|  |TAMS 0x0000000751c00000, 0x0000000751a00000| Untracked 
| 130|0x0000000751c00000, 0x0000000751e00000, 0x0000000751e00000|100%| O|  |TAMS 0x0000000751e00000, 0x0000000751c00000| Untracked 
| 131|0x0000000751e00000, 0x0000000752000000, 0x0000000752000000|100%| O|  |TAMS 0x0000000752000000, 0x0000000751e00000| Untracked 
| 132|0x0000000752000000, 0x0000000752200000, 0x0000000752200000|100%| O|  |TAMS 0x0000000752200000, 0x0000000752000000| Untracked 
| 133|0x0000000752200000, 0x0000000752400000, 0x0000000752400000|100%| O|  |TAMS 0x0000000752400000, 0x0000000752200000| Untracked 
| 134|0x0000000752400000, 0x0000000752600000, 0x0000000752600000|100%| O|  |TAMS 0x0000000752600000, 0x0000000752400000| Untracked 
| 135|0x0000000752600000, 0x0000000752800000, 0x0000000752800000|100%| O|  |TAMS 0x0000000752800000, 0x0000000752600000| Untracked 
| 136|0x0000000752800000, 0x0000000752a00000, 0x0000000752a00000|100%| O|  |TAMS 0x0000000752a00000, 0x0000000752800000| Untracked 
| 137|0x0000000752a00000, 0x0000000752c00000, 0x0000000752c00000|100%| O|  |TAMS 0x0000000752c00000, 0x0000000752a00000| Untracked 
| 138|0x0000000752c00000, 0x0000000752e00000, 0x0000000752e00000|100%| O|  |TAMS 0x0000000752e00000, 0x0000000752c00000| Untracked 
| 139|0x0000000752e00000, 0x0000000753000000, 0x0000000753000000|100%| O|  |TAMS 0x0000000753000000, 0x0000000752e00000| Untracked 
| 140|0x0000000753000000, 0x0000000753200000, 0x0000000753200000|100%| O|  |TAMS 0x0000000753200000, 0x0000000753000000| Untracked 
| 141|0x0000000753200000, 0x0000000753400000, 0x0000000753400000|100%| O|  |TAMS 0x0000000753400000, 0x0000000753200000| Untracked 
| 142|0x0000000753400000, 0x0000000753600000, 0x0000000753600000|100%| O|  |TAMS 0x0000000753600000, 0x0000000753400000| Untracked 
| 143|0x0000000753600000, 0x0000000753800000, 0x0000000753800000|100%| O|  |TAMS 0x0000000753800000, 0x0000000753600000| Untracked 
| 144|0x0000000753800000, 0x00000007538bd400, 0x0000000753a00000| 36%| O|  |TAMS 0x0000000753800000, 0x0000000753800000| Untracked 
| 145|0x0000000753a00000, 0x0000000753c00000, 0x0000000753c00000|100%| O|  |TAMS 0x0000000753b6de00, 0x0000000753a00000| Untracked 
| 146|0x0000000753c00000, 0x0000000753c00000, 0x0000000753e00000|  0%| F|  |TAMS 0x0000000753c00000, 0x0000000753c00000| Untracked 
| 147|0x0000000753e00000, 0x0000000753e00000, 0x0000000754000000|  0%| F|  |TAMS 0x0000000753e00000, 0x0000000753e00000| Untracked 
| 148|0x0000000754000000, 0x0000000754000000, 0x0000000754200000|  0%| F|  |TAMS 0x0000000754000000, 0x0000000754000000| Untracked 
| 149|0x0000000754200000, 0x0000000754200000, 0x0000000754400000|  0%| F|  |TAMS 0x0000000754200000, 0x0000000754200000| Untracked 
| 150|0x0000000754400000, 0x0000000754400000, 0x0000000754600000|  0%| F|  |TAMS 0x0000000754400000, 0x0000000754400000| Untracked 
| 151|0x0000000754600000, 0x0000000754600000, 0x0000000754800000|  0%| F|  |TAMS 0x0000000754600000, 0x0000000754600000| Untracked 
| 152|0x0000000754800000, 0x0000000754800000, 0x0000000754a00000|  0%| F|  |TAMS 0x0000000754800000, 0x0000000754800000| Untracked 
| 153|0x0000000754a00000, 0x0000000754a00000, 0x0000000754c00000|  0%| F|  |TAMS 0x0000000754a00000, 0x0000000754a00000| Untracked 
| 154|0x0000000754c00000, 0x0000000754c00000, 0x0000000754e00000|  0%| F|  |TAMS 0x0000000754c00000, 0x0000000754c00000| Untracked 
| 155|0x0000000754e00000, 0x0000000754e00000, 0x0000000755000000|  0%| F|  |TAMS 0x0000000754e00000, 0x0000000754e00000| Untracked 
| 156|0x0000000755000000, 0x0000000755000000, 0x0000000755200000|  0%| F|  |TAMS 0x0000000755000000, 0x0000000755000000| Untracked 
| 157|0x0000000755200000, 0x0000000755200000, 0x0000000755400000|  0%| F|  |TAMS 0x0000000755200000, 0x0000000755200000| Untracked 
| 158|0x0000000755400000, 0x0000000755400000, 0x0000000755600000|  0%| F|  |TAMS 0x0000000755400000, 0x0000000755400000| Untracked 
| 159|0x0000000755600000, 0x0000000755600000, 0x0000000755800000|  0%| F|  |TAMS 0x0000000755600000, 0x0000000755600000| Untracked 
| 160|0x0000000755800000, 0x0000000755800000, 0x0000000755a00000|  0%| F|  |TAMS 0x0000000755800000, 0x0000000755800000| Untracked 
| 161|0x0000000755a00000, 0x0000000755a00000, 0x0000000755c00000|  0%| F|  |TAMS 0x0000000755a00000, 0x0000000755a00000| Untracked 
| 162|0x0000000755c00000, 0x0000000755c00000, 0x0000000755e00000|  0%| F|  |TAMS 0x0000000755c00000, 0x0000000755c00000| Untracked 
| 163|0x0000000755e00000, 0x0000000755e00000, 0x0000000756000000|  0%| F|  |TAMS 0x0000000755e00000, 0x0000000755e00000| Untracked 
| 164|0x0000000756000000, 0x0000000756000000, 0x0000000756200000|  0%| F|  |TAMS 0x0000000756000000, 0x0000000756000000| Untracked 
| 165|0x0000000756200000, 0x0000000756200000, 0x0000000756400000|  0%| F|  |TAMS 0x0000000756200000, 0x0000000756200000| Untracked 
| 166|0x0000000756400000, 0x0000000756400000, 0x0000000756600000|  0%| F|  |TAMS 0x0000000756400000, 0x0000000756400000| Untracked 
| 167|0x0000000756600000, 0x0000000756600000, 0x0000000756800000|  0%| F|  |TAMS 0x0000000756600000, 0x0000000756600000| Untracked 
| 168|0x0000000756800000, 0x0000000756800000, 0x0000000756a00000|  0%| F|  |TAMS 0x0000000756800000, 0x0000000756800000| Untracked 
| 169|0x0000000756a00000, 0x0000000756a00000, 0x0000000756c00000|  0%| F|  |TAMS 0x0000000756a00000, 0x0000000756a00000| Untracked 
| 170|0x0000000756c00000, 0x0000000756c00000, 0x0000000756e00000|  0%| F|  |TAMS 0x0000000756c00000, 0x0000000756c00000| Untracked 
| 171|0x0000000756e00000, 0x0000000756e00000, 0x0000000757000000|  0%| F|  |TAMS 0x0000000756e00000, 0x0000000756e00000| Untracked 
| 172|0x0000000757000000, 0x0000000757000000, 0x0000000757200000|  0%| F|  |TAMS 0x0000000757000000, 0x0000000757000000| Untracked 
| 173|0x0000000757200000, 0x0000000757200000, 0x0000000757400000|  0%| F|  |TAMS 0x0000000757200000, 0x0000000757200000| Untracked 
| 174|0x0000000757400000, 0x0000000757400000, 0x0000000757600000|  0%| F|  |TAMS 0x0000000757400000, 0x0000000757400000| Untracked 
| 175|0x0000000757600000, 0x0000000757600000, 0x0000000757800000|  0%| F|  |TAMS 0x0000000757600000, 0x0000000757600000| Untracked 
| 176|0x0000000757800000, 0x0000000757800000, 0x0000000757a00000|  0%| F|  |TAMS 0x0000000757800000, 0x0000000757800000| Untracked 
| 177|0x0000000757a00000, 0x0000000757a00000, 0x0000000757c00000|  0%| F|  |TAMS 0x0000000757a00000, 0x0000000757a00000| Untracked 
| 178|0x0000000757c00000, 0x0000000757c00000, 0x0000000757e00000|  0%| F|  |TAMS 0x0000000757c00000, 0x0000000757c00000| Untracked 
| 179|0x0000000757e00000, 0x0000000757e00000, 0x0000000758000000|  0%| F|  |TAMS 0x0000000757e00000, 0x0000000757e00000| Untracked 
| 180|0x0000000758000000, 0x0000000758000000, 0x0000000758200000|  0%| F|  |TAMS 0x0000000758000000, 0x0000000758000000| Untracked 
| 181|0x0000000758200000, 0x0000000758200000, 0x0000000758400000|  0%| F|  |TAMS 0x0000000758200000, 0x0000000758200000| Untracked 
| 182|0x0000000758400000, 0x0000000758400000, 0x0000000758600000|  0%| F|  |TAMS 0x0000000758400000, 0x0000000758400000| Untracked 
| 183|0x0000000758600000, 0x0000000758600000, 0x0000000758800000|  0%| F|  |TAMS 0x0000000758600000, 0x0000000758600000| Untracked 
| 184|0x0000000758800000, 0x0000000758800000, 0x0000000758a00000|  0%| F|  |TAMS 0x0000000758800000, 0x0000000758800000| Untracked 
| 185|0x0000000758a00000, 0x0000000758a00000, 0x0000000758c00000|  0%| F|  |TAMS 0x0000000758a00000, 0x0000000758a00000| Untracked 
| 186|0x0000000758c00000, 0x0000000758c00000, 0x0000000758e00000|  0%| F|  |TAMS 0x0000000758c00000, 0x0000000758c00000| Untracked 
| 187|0x0000000758e00000, 0x0000000758e00000, 0x0000000759000000|  0%| F|  |TAMS 0x0000000758e00000, 0x0000000758e00000| Untracked 
| 188|0x0000000759000000, 0x0000000759000000, 0x0000000759200000|  0%| F|  |TAMS 0x0000000759000000, 0x0000000759000000| Untracked 
| 189|0x0000000759200000, 0x0000000759200000, 0x0000000759400000|  0%| F|  |TAMS 0x0000000759200000, 0x0000000759200000| Untracked 
| 190|0x0000000759400000, 0x0000000759400000, 0x0000000759600000|  0%| F|  |TAMS 0x0000000759400000, 0x0000000759400000| Untracked 
| 191|0x0000000759600000, 0x0000000759600000, 0x0000000759800000|  0%| F|  |TAMS 0x0000000759600000, 0x0000000759600000| Untracked 
| 192|0x0000000759800000, 0x0000000759800000, 0x0000000759a00000|  0%| F|  |TAMS 0x0000000759800000, 0x0000000759800000| Untracked 
| 193|0x0000000759a00000, 0x0000000759a00000, 0x0000000759c00000|  0%| F|  |TAMS 0x0000000759a00000, 0x0000000759a00000| Untracked 
| 194|0x0000000759c00000, 0x0000000759c00000, 0x0000000759e00000|  0%| F|  |TAMS 0x0000000759c00000, 0x0000000759c00000| Untracked 
| 195|0x0000000759e00000, 0x0000000759e00000, 0x000000075a000000|  0%| F|  |TAMS 0x0000000759e00000, 0x0000000759e00000| Untracked 
| 196|0x000000075a000000, 0x000000075a200000, 0x000000075a200000|100%| O|  |TAMS 0x000000075a200000, 0x000000075a000000| Untracked 
| 197|0x000000075a200000, 0x000000075a400000, 0x000000075a400000|100%| O|  |TAMS 0x000000075a400000, 0x000000075a200000| Untracked 
| 198|0x000000075a400000, 0x000000075a600000, 0x000000075a600000|100%| O|  |TAMS 0x000000075a600000, 0x000000075a400000| Untracked 
| 199|0x000000075a600000, 0x000000075a800000, 0x000000075a800000|100%| O|  |TAMS 0x000000075a800000, 0x000000075a600000| Untracked 
| 200|0x000000075a800000, 0x000000075aa00000, 0x000000075aa00000|100%| O|  |TAMS 0x000000075aa00000, 0x000000075a800000| Untracked 
| 201|0x000000075aa00000, 0x000000075aa00000, 0x000000075ac00000|  0%| F|  |TAMS 0x000000075aa00000, 0x000000075aa00000| Untracked 
| 202|0x000000075ac00000, 0x000000075ac00000, 0x000000075ae00000|  0%| F|  |TAMS 0x000000075ac00000, 0x000000075ac00000| Untracked 
| 203|0x000000075ae00000, 0x000000075b000000, 0x000000075b000000|100%| O|  |TAMS 0x000000075b000000, 0x000000075ae00000| Untracked 
| 204|0x000000075b000000, 0x000000075b000000, 0x000000075b200000|  0%| F|  |TAMS 0x000000075b000000, 0x000000075b000000| Untracked 
| 205|0x000000075b200000, 0x000000075b200000, 0x000000075b400000|  0%| F|  |TAMS 0x000000075b200000, 0x000000075b200000| Untracked 
| 206|0x000000075b400000, 0x000000075b400000, 0x000000075b600000|  0%| F|  |TAMS 0x000000075b400000, 0x000000075b400000| Untracked 
| 207|0x000000075b600000, 0x000000075b600000, 0x000000075b800000|  0%| F|  |TAMS 0x000000075b600000, 0x000000075b600000| Untracked 
| 208|0x000000075b800000, 0x000000075b800000, 0x000000075ba00000|  0%| F|  |TAMS 0x000000075b800000, 0x000000075b800000| Untracked 
| 209|0x000000075ba00000, 0x000000075ba00000, 0x000000075bc00000|  0%| F|  |TAMS 0x000000075ba00000, 0x000000075ba00000| Untracked 
| 210|0x000000075bc00000, 0x000000075bc00000, 0x000000075be00000|  0%| F|  |TAMS 0x000000075bc00000, 0x000000075bc00000| Untracked 
| 211|0x000000075be00000, 0x000000075be00000, 0x000000075c000000|  0%| F|  |TAMS 0x000000075be00000, 0x000000075be00000| Untracked 
| 212|0x000000075c000000, 0x000000075c000000, 0x000000075c200000|  0%| F|  |TAMS 0x000000075c000000, 0x000000075c000000| Untracked 
| 213|0x000000075c200000, 0x000000075c200000, 0x000000075c400000|  0%| F|  |TAMS 0x000000075c200000, 0x000000075c200000| Untracked 
| 214|0x000000075c400000, 0x000000075c400000, 0x000000075c600000|  0%| F|  |TAMS 0x000000075c400000, 0x000000075c400000| Untracked 
| 215|0x000000075c600000, 0x000000075c600000, 0x000000075c800000|  0%| F|  |TAMS 0x000000075c600000, 0x000000075c600000| Untracked 
| 216|0x000000075c800000, 0x000000075c800000, 0x000000075ca00000|  0%| F|  |TAMS 0x000000075c800000, 0x000000075c800000| Untracked 
| 217|0x000000075ca00000, 0x000000075ca00000, 0x000000075cc00000|  0%| F|  |TAMS 0x000000075ca00000, 0x000000075ca00000| Untracked 
| 218|0x000000075cc00000, 0x000000075cc00000, 0x000000075ce00000|  0%| F|  |TAMS 0x000000075cc00000, 0x000000075cc00000| Untracked 
| 219|0x000000075ce00000, 0x000000075ce00000, 0x000000075d000000|  0%| F|  |TAMS 0x000000075ce00000, 0x000000075ce00000| Untracked 
| 220|0x000000075d000000, 0x000000075d000000, 0x000000075d200000|  0%| F|  |TAMS 0x000000075d000000, 0x000000075d000000| Untracked 
| 221|0x000000075d200000, 0x000000075d200000, 0x000000075d400000|  0%| F|  |TAMS 0x000000075d200000, 0x000000075d200000| Untracked 
| 222|0x000000075d400000, 0x000000075d400000, 0x000000075d600000|  0%| F|  |TAMS 0x000000075d400000, 0x000000075d400000| Untracked 
| 223|0x000000075d600000, 0x000000075d600000, 0x000000075d800000|  0%| F|  |TAMS 0x000000075d600000, 0x000000075d600000| Untracked 
| 224|0x000000075d800000, 0x000000075d800000, 0x000000075da00000|  0%| F|  |TAMS 0x000000075d800000, 0x000000075d800000| Untracked 
| 225|0x000000075da00000, 0x000000075dc00000, 0x000000075dc00000|100%| O|  |TAMS 0x000000075dc00000, 0x000000075da00000| Untracked 
| 226|0x000000075dc00000, 0x000000075dc00000, 0x000000075de00000|  0%| F|  |TAMS 0x000000075dc00000, 0x000000075dc00000| Untracked 
| 227|0x000000075de00000, 0x000000075de00000, 0x000000075e000000|  0%| F|  |TAMS 0x000000075de00000, 0x000000075de00000| Untracked 
| 228|0x000000075e000000, 0x000000075e000000, 0x000000075e200000|  0%| F|  |TAMS 0x000000075e000000, 0x000000075e000000| Untracked 
| 229|0x000000075e200000, 0x000000075e200000, 0x000000075e400000|  0%| F|  |TAMS 0x000000075e200000, 0x000000075e200000| Untracked 
| 230|0x000000075e400000, 0x000000075e400000, 0x000000075e600000|  0%| F|  |TAMS 0x000000075e400000, 0x000000075e400000| Untracked 
| 231|0x000000075e600000, 0x000000075e600000, 0x000000075e800000|  0%| F|  |TAMS 0x000000075e600000, 0x000000075e600000| Untracked 
| 232|0x000000075e800000, 0x000000075ea00000, 0x000000075ea00000|100%| O|  |TAMS 0x000000075ea00000, 0x000000075e800000| Untracked 
| 233|0x000000075ea00000, 0x000000075ec00000, 0x000000075ec00000|100%| O|  |TAMS 0x000000075ec00000, 0x000000075ea00000| Untracked 
| 234|0x000000075ec00000, 0x000000075ec00000, 0x000000075ee00000|  0%| F|  |TAMS 0x000000075ec00000, 0x000000075ec00000| Untracked 
| 235|0x000000075ee00000, 0x000000075f000000, 0x000000075f000000|100%| O|  |TAMS 0x000000075f000000, 0x000000075ee00000| Untracked 
| 236|0x000000075f000000, 0x000000075f200000, 0x000000075f200000|100%| O|  |TAMS 0x000000075f200000, 0x000000075f000000| Untracked 
| 237|0x000000075f200000, 0x000000075f400000, 0x000000075f400000|100%| O|  |TAMS 0x000000075f400000, 0x000000075f200000| Untracked 
| 238|0x000000075f400000, 0x000000075f600000, 0x000000075f600000|100%| O|  |TAMS 0x000000075f600000, 0x000000075f400000| Untracked 
| 239|0x000000075f600000, 0x000000075f800000, 0x000000075f800000|100%| O|  |TAMS 0x000000075f800000, 0x000000075f600000| Untracked 
| 240|0x000000075f800000, 0x000000075fa00000, 0x000000075fa00000|100%| O|  |TAMS 0x000000075fa00000, 0x000000075f800000| Untracked 
| 241|0x000000075fa00000, 0x000000075fc00000, 0x000000075fc00000|100%| O|  |TAMS 0x000000075fc00000, 0x000000075fa00000| Untracked 
| 242|0x000000075fc00000, 0x000000075fe00000, 0x000000075fe00000|100%| O|  |TAMS 0x000000075fe00000, 0x000000075fc00000| Untracked 
| 243|0x000000075fe00000, 0x000000075fe00000, 0x0000000760000000|  0%| F|  |TAMS 0x000000075fe00000, 0x000000075fe00000| Untracked 
| 244|0x0000000760000000, 0x0000000760000000, 0x0000000760200000|  0%| F|  |TAMS 0x0000000760000000, 0x0000000760000000| Untracked 
| 245|0x0000000760200000, 0x00000007603ef130, 0x0000000760400000| 96%| S|CS|TAMS 0x0000000760200000, 0x0000000760200000| Complete 
| 246|0x0000000760400000, 0x0000000760600000, 0x0000000760600000|100%| S|CS|TAMS 0x0000000760400000, 0x0000000760400000| Complete 
| 247|0x0000000760600000, 0x0000000760600000, 0x0000000760800000|  0%| F|  |TAMS 0x0000000760600000, 0x0000000760600000| Untracked 
| 248|0x0000000760800000, 0x0000000760800000, 0x0000000760a00000|  0%| F|  |TAMS 0x0000000760800000, 0x0000000760800000| Untracked 
| 249|0x0000000760a00000, 0x0000000760a00000, 0x0000000760c00000|  0%| F|  |TAMS 0x0000000760a00000, 0x0000000760a00000| Untracked 
| 250|0x0000000760c00000, 0x0000000760c00000, 0x0000000760e00000|  0%| F|  |TAMS 0x0000000760c00000, 0x0000000760c00000| Untracked 
| 251|0x0000000760e00000, 0x0000000760e00000, 0x0000000761000000|  0%| F|  |TAMS 0x0000000760e00000, 0x0000000760e00000| Untracked 
| 252|0x0000000761000000, 0x0000000761000000, 0x0000000761200000|  0%| F|  |TAMS 0x0000000761000000, 0x0000000761000000| Untracked 
| 253|0x0000000761200000, 0x0000000761200000, 0x0000000761400000|  0%| F|  |TAMS 0x0000000761200000, 0x0000000761200000| Untracked 
| 254|0x0000000761400000, 0x0000000761400000, 0x0000000761600000|  0%| F|  |TAMS 0x0000000761400000, 0x0000000761400000| Untracked 
| 255|0x0000000761600000, 0x0000000761600000, 0x0000000761800000|  0%| F|  |TAMS 0x0000000761600000, 0x0000000761600000| Untracked 
| 256|0x0000000761800000, 0x0000000761800000, 0x0000000761a00000|  0%| F|  |TAMS 0x0000000761800000, 0x0000000761800000| Untracked 
| 257|0x0000000761a00000, 0x0000000761a00000, 0x0000000761c00000|  0%| F|  |TAMS 0x0000000761a00000, 0x0000000761a00000| Untracked 
| 258|0x0000000761c00000, 0x0000000761c00000, 0x0000000761e00000|  0%| F|  |TAMS 0x0000000761c00000, 0x0000000761c00000| Untracked 
| 259|0x0000000761e00000, 0x0000000761e00000, 0x0000000762000000|  0%| F|  |TAMS 0x0000000761e00000, 0x0000000761e00000| Untracked 
| 260|0x0000000762000000, 0x0000000762000000, 0x0000000762200000|  0%| F|  |TAMS 0x0000000762000000, 0x0000000762000000| Untracked 
| 261|0x0000000762200000, 0x0000000762200000, 0x0000000762400000|  0%| F|  |TAMS 0x0000000762200000, 0x0000000762200000| Untracked 
| 262|0x0000000762400000, 0x0000000762400000, 0x0000000762600000|  0%| F|  |TAMS 0x0000000762400000, 0x0000000762400000| Untracked 
| 263|0x0000000762600000, 0x0000000762600000, 0x0000000762800000|  0%| F|  |TAMS 0x0000000762600000, 0x0000000762600000| Untracked 
| 264|0x0000000762800000, 0x0000000762800000, 0x0000000762a00000|  0%| F|  |TAMS 0x0000000762800000, 0x0000000762800000| Untracked 
| 265|0x0000000762a00000, 0x0000000762a00000, 0x0000000762c00000|  0%| F|  |TAMS 0x0000000762a00000, 0x0000000762a00000| Untracked 
| 266|0x0000000762c00000, 0x0000000762c00000, 0x0000000762e00000|  0%| F|  |TAMS 0x0000000762c00000, 0x0000000762c00000| Untracked 
| 267|0x0000000762e00000, 0x0000000762e00000, 0x0000000763000000|  0%| F|  |TAMS 0x0000000762e00000, 0x0000000762e00000| Untracked 
| 268|0x0000000763000000, 0x0000000763000000, 0x0000000763200000|  0%| F|  |TAMS 0x0000000763000000, 0x0000000763000000| Untracked 
| 269|0x0000000763200000, 0x0000000763200000, 0x0000000763400000|  0%| F|  |TAMS 0x0000000763200000, 0x0000000763200000| Untracked 
| 270|0x0000000763400000, 0x0000000763400000, 0x0000000763600000|  0%| F|  |TAMS 0x0000000763400000, 0x0000000763400000| Untracked 
| 271|0x0000000763600000, 0x0000000763600000, 0x0000000763800000|  0%| F|  |TAMS 0x0000000763600000, 0x0000000763600000| Untracked 
| 272|0x0000000763800000, 0x0000000763800000, 0x0000000763a00000|  0%| F|  |TAMS 0x0000000763800000, 0x0000000763800000| Untracked 
| 273|0x0000000763a00000, 0x0000000763a00000, 0x0000000763c00000|  0%| F|  |TAMS 0x0000000763a00000, 0x0000000763a00000| Untracked 
| 274|0x0000000763c00000, 0x0000000763c00000, 0x0000000763e00000|  0%| F|  |TAMS 0x0000000763c00000, 0x0000000763c00000| Untracked 
| 275|0x0000000763e00000, 0x0000000763e00000, 0x0000000764000000|  0%| F|  |TAMS 0x0000000763e00000, 0x0000000763e00000| Untracked 
| 276|0x0000000764000000, 0x0000000764000000, 0x0000000764200000|  0%| F|  |TAMS 0x0000000764000000, 0x0000000764000000| Untracked 
| 277|0x0000000764200000, 0x0000000764200000, 0x0000000764400000|  0%| F|  |TAMS 0x0000000764200000, 0x0000000764200000| Untracked 
| 278|0x0000000764400000, 0x0000000764400000, 0x0000000764600000|  0%| F|  |TAMS 0x0000000764400000, 0x0000000764400000| Untracked 
| 279|0x0000000764600000, 0x0000000764600000, 0x0000000764800000|  0%| F|  |TAMS 0x0000000764600000, 0x0000000764600000| Untracked 
| 280|0x0000000764800000, 0x0000000764800000, 0x0000000764a00000|  0%| F|  |TAMS 0x0000000764800000, 0x0000000764800000| Untracked 
| 281|0x0000000764a00000, 0x0000000764a00000, 0x0000000764c00000|  0%| F|  |TAMS 0x0000000764a00000, 0x0000000764a00000| Untracked 
| 282|0x0000000764c00000, 0x0000000764c00000, 0x0000000764e00000|  0%| F|  |TAMS 0x0000000764c00000, 0x0000000764c00000| Untracked 
| 283|0x0000000764e00000, 0x0000000764e00000, 0x0000000765000000|  0%| F|  |TAMS 0x0000000764e00000, 0x0000000764e00000| Untracked 
| 284|0x0000000765000000, 0x0000000765000000, 0x0000000765200000|  0%| F|  |TAMS 0x0000000765000000, 0x0000000765000000| Untracked 
| 285|0x0000000765200000, 0x0000000765200000, 0x0000000765400000|  0%| F|  |TAMS 0x0000000765200000, 0x0000000765200000| Untracked 
| 286|0x0000000765400000, 0x0000000765400000, 0x0000000765600000|  0%| F|  |TAMS 0x0000000765400000, 0x0000000765400000| Untracked 
| 287|0x0000000765600000, 0x0000000765600000, 0x0000000765800000|  0%| F|  |TAMS 0x0000000765600000, 0x0000000765600000| Untracked 
| 288|0x0000000765800000, 0x0000000765800000, 0x0000000765a00000|  0%| F|  |TAMS 0x0000000765800000, 0x0000000765800000| Untracked 
| 289|0x0000000765a00000, 0x0000000765c00000, 0x0000000765c00000|100%| O|  |TAMS 0x0000000765c00000, 0x0000000765a00000| Untracked 
| 290|0x0000000765c00000, 0x0000000765e00000, 0x0000000765e00000|100%| O|  |TAMS 0x0000000765e00000, 0x0000000765c00000| Untracked 
| 291|0x0000000765e00000, 0x0000000766000000, 0x0000000766000000|100%| O|  |TAMS 0x0000000766000000, 0x0000000765e00000| Untracked 
| 292|0x0000000766000000, 0x0000000766000000, 0x0000000766200000|  0%| F|  |TAMS 0x0000000766000000, 0x0000000766000000| Untracked 
| 293|0x0000000766200000, 0x0000000766200000, 0x0000000766400000|  0%| F|  |TAMS 0x0000000766200000, 0x0000000766200000| Untracked 
| 294|0x0000000766400000, 0x0000000766400000, 0x0000000766600000|  0%| F|  |TAMS 0x0000000766400000, 0x0000000766400000| Untracked 
| 295|0x0000000766600000, 0x0000000766600000, 0x0000000766800000|  0%| F|  |TAMS 0x0000000766600000, 0x0000000766600000| Untracked 
| 296|0x0000000766800000, 0x0000000766800000, 0x0000000766a00000|  0%| F|  |TAMS 0x0000000766800000, 0x0000000766800000| Untracked 
| 297|0x0000000766a00000, 0x0000000766a00000, 0x0000000766c00000|  0%| F|  |TAMS 0x0000000766a00000, 0x0000000766a00000| Untracked 
| 298|0x0000000766c00000, 0x0000000766c00000, 0x0000000766e00000|  0%| F|  |TAMS 0x0000000766c00000, 0x0000000766c00000| Untracked 
| 299|0x0000000766e00000, 0x0000000766e00000, 0x0000000767000000|  0%| F|  |TAMS 0x0000000766e00000, 0x0000000766e00000| Untracked 
| 300|0x0000000767000000, 0x0000000767000000, 0x0000000767200000|  0%| F|  |TAMS 0x0000000767000000, 0x0000000767000000| Untracked 
| 301|0x0000000767200000, 0x0000000767200000, 0x0000000767400000|  0%| F|  |TAMS 0x0000000767200000, 0x0000000767200000| Untracked 
| 302|0x0000000767400000, 0x0000000767400000, 0x0000000767600000|  0%| F|  |TAMS 0x0000000767400000, 0x0000000767400000| Untracked 
| 303|0x0000000767600000, 0x0000000767600000, 0x0000000767800000|  0%| F|  |TAMS 0x0000000767600000, 0x0000000767600000| Untracked 
| 304|0x0000000767800000, 0x0000000767800000, 0x0000000767a00000|  0%| F|  |TAMS 0x0000000767800000, 0x0000000767800000| Untracked 
| 305|0x0000000767a00000, 0x0000000767c00000, 0x0000000767c00000|100%| O|  |TAMS 0x0000000767c00000, 0x0000000767a00000| Untracked 
| 306|0x0000000767c00000, 0x0000000767c00000, 0x0000000767e00000|  0%| F|  |TAMS 0x0000000767c00000, 0x0000000767c00000| Untracked 
| 307|0x0000000767e00000, 0x0000000767e00000, 0x0000000768000000|  0%| F|  |TAMS 0x0000000767e00000, 0x0000000767e00000| Untracked 
| 308|0x0000000768000000, 0x0000000768200000, 0x0000000768200000|100%| O|  |TAMS 0x0000000768200000, 0x0000000768000000| Untracked 
| 309|0x0000000768200000, 0x0000000768400000, 0x0000000768400000|100%| O|  |TAMS 0x0000000768400000, 0x0000000768200000| Untracked 
| 310|0x0000000768400000, 0x0000000768600000, 0x0000000768600000|100%| O|  |TAMS 0x0000000768600000, 0x0000000768400000| Untracked 
| 311|0x0000000768600000, 0x0000000768800000, 0x0000000768800000|100%| O|  |TAMS 0x0000000768800000, 0x0000000768600000| Untracked 
| 312|0x0000000768800000, 0x0000000768a00000, 0x0000000768a00000|100%| O|  |TAMS 0x0000000768a00000, 0x0000000768800000| Untracked 
| 313|0x0000000768a00000, 0x0000000768a00000, 0x0000000768c00000|  0%| F|  |TAMS 0x0000000768a00000, 0x0000000768a00000| Untracked 
| 314|0x0000000768c00000, 0x0000000768e00000, 0x0000000768e00000|100%| O|  |TAMS 0x0000000768e00000, 0x0000000768c00000| Untracked 
| 315|0x0000000768e00000, 0x0000000768e00000, 0x0000000769000000|  0%| F|  |TAMS 0x0000000768e00000, 0x0000000768e00000| Untracked 
| 316|0x0000000769000000, 0x0000000769200000, 0x0000000769200000|100%| O|  |TAMS 0x0000000769200000, 0x0000000769000000| Untracked 
| 317|0x0000000769200000, 0x0000000769200000, 0x0000000769400000|  0%| F|  |TAMS 0x0000000769200000, 0x0000000769200000| Untracked 
| 318|0x0000000769400000, 0x0000000769600000, 0x0000000769600000|100%| O|  |TAMS 0x0000000769600000, 0x0000000769400000| Untracked 
| 319|0x0000000769600000, 0x0000000769800000, 0x0000000769800000|100%| O|  |TAMS 0x0000000769800000, 0x0000000769600000| Untracked 
| 320|0x0000000769800000, 0x0000000769800000, 0x0000000769a00000|  0%| F|  |TAMS 0x0000000769800000, 0x0000000769800000| Untracked 
| 321|0x0000000769a00000, 0x0000000769c00000, 0x0000000769c00000|100%| O|  |TAMS 0x0000000769c00000, 0x0000000769a00000| Untracked 
| 322|0x0000000769c00000, 0x0000000769e00000, 0x0000000769e00000|100%| O|  |TAMS 0x0000000769e00000, 0x0000000769c00000| Untracked 
| 323|0x0000000769e00000, 0x000000076a000000, 0x000000076a000000|100%| O|  |TAMS 0x000000076a000000, 0x0000000769e00000| Untracked 
| 324|0x000000076a000000, 0x000000076a200000, 0x000000076a200000|100%| O|  |TAMS 0x000000076a200000, 0x000000076a000000| Untracked 
| 325|0x000000076a200000, 0x000000076a400000, 0x000000076a400000|100%| O|  |TAMS 0x000000076a400000, 0x000000076a200000| Untracked 
| 326|0x000000076a400000, 0x000000076a600000, 0x000000076a600000|100%| O|  |TAMS 0x000000076a600000, 0x000000076a400000| Untracked 
| 327|0x000000076a600000, 0x000000076a600000, 0x000000076a800000|  0%| F|  |TAMS 0x000000076a600000, 0x000000076a600000| Untracked 
| 328|0x000000076a800000, 0x000000076a800000, 0x000000076aa00000|  0%| F|  |TAMS 0x000000076a800000, 0x000000076a800000| Untracked 
| 329|0x000000076aa00000, 0x000000076ac00000, 0x000000076ac00000|100%| O|  |TAMS 0x000000076ac00000, 0x000000076aa00000| Untracked 
| 330|0x000000076ac00000, 0x000000076ae00000, 0x000000076ae00000|100%| O|  |TAMS 0x000000076ae00000, 0x000000076ac00000| Untracked 
| 331|0x000000076ae00000, 0x000000076b000000, 0x000000076b000000|100%| O|  |TAMS 0x000000076b000000, 0x000000076ae00000| Untracked 
| 332|0x000000076b000000, 0x000000076b200000, 0x000000076b200000|100%| O|  |TAMS 0x000000076b200000, 0x000000076b000000| Untracked 
| 333|0x000000076b200000, 0x000000076b400000, 0x000000076b400000|100%| O|  |TAMS 0x000000076b400000, 0x000000076b200000| Untracked 
| 334|0x000000076b400000, 0x000000076b600000, 0x000000076b600000|100%| O|  |TAMS 0x000000076b600000, 0x000000076b400000| Untracked 
| 335|0x000000076b600000, 0x000000076b800000, 0x000000076b800000|100%| O|  |TAMS 0x000000076b800000, 0x000000076b600000| Untracked 
| 336|0x000000076b800000, 0x000000076ba00000, 0x000000076ba00000|100%| O|  |TAMS 0x000000076ba00000, 0x000000076b800000| Untracked 
| 337|0x000000076ba00000, 0x000000076bc00000, 0x000000076bc00000|100%| O|  |TAMS 0x000000076bc00000, 0x000000076ba00000| Untracked 
| 338|0x000000076bc00000, 0x000000076be00000, 0x000000076be00000|100%| O|  |TAMS 0x000000076be00000, 0x000000076bc00000| Untracked 
| 339|0x000000076be00000, 0x000000076c000000, 0x000000076c000000|100%| O|  |TAMS 0x000000076c000000, 0x000000076be00000| Untracked 
| 340|0x000000076c000000, 0x000000076c200000, 0x000000076c200000|100%| O|  |TAMS 0x000000076c200000, 0x000000076c000000| Untracked 
| 341|0x000000076c200000, 0x000000076c400000, 0x000000076c400000|100%| O|  |TAMS 0x000000076c400000, 0x000000076c200000| Untracked 
| 342|0x000000076c400000, 0x000000076c600000, 0x000000076c600000|100%| O|  |TAMS 0x000000076c600000, 0x000000076c400000| Untracked 
| 343|0x000000076c600000, 0x000000076c800000, 0x000000076c800000|100%| O|  |TAMS 0x000000076c800000, 0x000000076c600000| Untracked 
| 344|0x000000076c800000, 0x000000076ca00000, 0x000000076ca00000|100%| O|  |TAMS 0x000000076ca00000, 0x000000076c800000| Untracked 
| 345|0x000000076ca00000, 0x000000076ca00000, 0x000000076cc00000|  0%| F|  |TAMS 0x000000076ca00000, 0x000000076ca00000| Untracked 
| 346|0x000000076cc00000, 0x000000076cc00000, 0x000000076ce00000|  0%| F|  |TAMS 0x000000076cc00000, 0x000000076cc00000| Untracked 
| 347|0x000000076ce00000, 0x000000076ce00000, 0x000000076d000000|  0%| F|  |TAMS 0x000000076ce00000, 0x000000076ce00000| Untracked 
| 348|0x000000076d000000, 0x000000076d000000, 0x000000076d200000|  0%| F|  |TAMS 0x000000076d000000, 0x000000076d000000| Untracked 
| 349|0x000000076d200000, 0x000000076d200000, 0x000000076d400000|  0%| F|  |TAMS 0x000000076d200000, 0x000000076d200000| Untracked 
| 350|0x000000076d400000, 0x000000076d400000, 0x000000076d600000|  0%| F|  |TAMS 0x000000076d400000, 0x000000076d400000| Untracked 
| 351|0x000000076d600000, 0x000000076d600000, 0x000000076d800000|  0%| F|  |TAMS 0x000000076d600000, 0x000000076d600000| Untracked 
| 352|0x000000076d800000, 0x000000076d800000, 0x000000076da00000|  0%| F|  |TAMS 0x000000076d800000, 0x000000076d800000| Untracked 
| 353|0x000000076da00000, 0x000000076da00000, 0x000000076dc00000|  0%| F|  |TAMS 0x000000076da00000, 0x000000076da00000| Untracked 
| 354|0x000000076dc00000, 0x000000076dc00000, 0x000000076de00000|  0%| F|  |TAMS 0x000000076dc00000, 0x000000076dc00000| Untracked 
| 355|0x000000076de00000, 0x000000076de00000, 0x000000076e000000|  0%| F|  |TAMS 0x000000076de00000, 0x000000076de00000| Untracked 
| 356|0x000000076e000000, 0x000000076e000000, 0x000000076e200000|  0%| F|  |TAMS 0x000000076e000000, 0x000000076e000000| Untracked 
| 357|0x000000076e200000, 0x000000076e200000, 0x000000076e400000|  0%| F|  |TAMS 0x000000076e200000, 0x000000076e200000| Untracked 
| 358|0x000000076e400000, 0x000000076e400000, 0x000000076e600000|  0%| F|  |TAMS 0x000000076e400000, 0x000000076e400000| Untracked 
| 359|0x000000076e600000, 0x000000076e600000, 0x000000076e800000|  0%| F|  |TAMS 0x000000076e600000, 0x000000076e600000| Untracked 
| 360|0x000000076e800000, 0x000000076e800000, 0x000000076ea00000|  0%| F|  |TAMS 0x000000076e800000, 0x000000076e800000| Untracked 
| 361|0x000000076ea00000, 0x000000076ea00000, 0x000000076ec00000|  0%| F|  |TAMS 0x000000076ea00000, 0x000000076ea00000| Untracked 
| 362|0x000000076ec00000, 0x000000076ec00000, 0x000000076ee00000|  0%| F|  |TAMS 0x000000076ec00000, 0x000000076ec00000| Untracked 
| 363|0x000000076ee00000, 0x000000076ee00000, 0x000000076f000000|  0%| F|  |TAMS 0x000000076ee00000, 0x000000076ee00000| Untracked 
| 364|0x000000076f000000, 0x000000076f000000, 0x000000076f200000|  0%| F|  |TAMS 0x000000076f000000, 0x000000076f000000| Untracked 
| 365|0x000000076f200000, 0x000000076f200000, 0x000000076f400000|  0%| F|  |TAMS 0x000000076f200000, 0x000000076f200000| Untracked 
| 366|0x000000076f400000, 0x000000076f400000, 0x000000076f600000|  0%| F|  |TAMS 0x000000076f400000, 0x000000076f400000| Untracked 
| 367|0x000000076f600000, 0x000000076f600000, 0x000000076f800000|  0%| F|  |TAMS 0x000000076f600000, 0x000000076f600000| Untracked 
| 368|0x000000076f800000, 0x000000076f800000, 0x000000076fa00000|  0%| F|  |TAMS 0x000000076f800000, 0x000000076f800000| Untracked 
| 369|0x000000076fa00000, 0x000000076fa00000, 0x000000076fc00000|  0%| F|  |TAMS 0x000000076fa00000, 0x000000076fa00000| Untracked 
| 370|0x000000076fc00000, 0x000000076fc00000, 0x000000076fe00000|  0%| F|  |TAMS 0x000000076fc00000, 0x000000076fc00000| Untracked 
| 371|0x000000076fe00000, 0x000000076fe00000, 0x0000000770000000|  0%| F|  |TAMS 0x000000076fe00000, 0x000000076fe00000| Untracked 
| 372|0x0000000770000000, 0x0000000770000000, 0x0000000770200000|  0%| F|  |TAMS 0x0000000770000000, 0x0000000770000000| Untracked 
| 373|0x0000000770200000, 0x0000000770200000, 0x0000000770400000|  0%| F|  |TAMS 0x0000000770200000, 0x0000000770200000| Untracked 
| 374|0x0000000770400000, 0x0000000770400000, 0x0000000770600000|  0%| F|  |TAMS 0x0000000770400000, 0x0000000770400000| Untracked 
| 375|0x0000000770600000, 0x0000000770600000, 0x0000000770800000|  0%| F|  |TAMS 0x0000000770600000, 0x0000000770600000| Untracked 
| 376|0x0000000770800000, 0x0000000770800000, 0x0000000770a00000|  0%| F|  |TAMS 0x0000000770800000, 0x0000000770800000| Untracked 
| 377|0x0000000770a00000, 0x0000000770a00000, 0x0000000770c00000|  0%| F|  |TAMS 0x0000000770a00000, 0x0000000770a00000| Untracked 
| 378|0x0000000770c00000, 0x0000000770c00000, 0x0000000770e00000|  0%| F|  |TAMS 0x0000000770c00000, 0x0000000770c00000| Untracked 
| 379|0x0000000770e00000, 0x0000000770e00000, 0x0000000771000000|  0%| F|  |TAMS 0x0000000770e00000, 0x0000000770e00000| Untracked 
| 380|0x0000000771000000, 0x0000000771000000, 0x0000000771200000|  0%| F|  |TAMS 0x0000000771000000, 0x0000000771000000| Untracked 
| 381|0x0000000771200000, 0x0000000771200000, 0x0000000771400000|  0%| F|  |TAMS 0x0000000771200000, 0x0000000771200000| Untracked 
| 382|0x0000000771400000, 0x0000000771400000, 0x0000000771600000|  0%| F|  |TAMS 0x0000000771400000, 0x0000000771400000| Untracked 
| 383|0x0000000771600000, 0x0000000771600000, 0x0000000771800000|  0%| F|  |TAMS 0x0000000771600000, 0x0000000771600000| Untracked 
| 384|0x0000000771800000, 0x0000000771800000, 0x0000000771a00000|  0%| F|  |TAMS 0x0000000771800000, 0x0000000771800000| Untracked 
| 385|0x0000000771a00000, 0x0000000771a00000, 0x0000000771c00000|  0%| F|  |TAMS 0x0000000771a00000, 0x0000000771a00000| Untracked 
| 386|0x0000000771c00000, 0x0000000771c00000, 0x0000000771e00000|  0%| F|  |TAMS 0x0000000771c00000, 0x0000000771c00000| Untracked 
| 387|0x0000000771e00000, 0x0000000771e00000, 0x0000000772000000|  0%| F|  |TAMS 0x0000000771e00000, 0x0000000771e00000| Untracked 
| 388|0x0000000772000000, 0x0000000772000000, 0x0000000772200000|  0%| F|  |TAMS 0x0000000772000000, 0x0000000772000000| Untracked 
| 389|0x0000000772200000, 0x0000000772200000, 0x0000000772400000|  0%| F|  |TAMS 0x0000000772200000, 0x0000000772200000| Untracked 
| 390|0x0000000772400000, 0x0000000772400000, 0x0000000772600000|  0%| F|  |TAMS 0x0000000772400000, 0x0000000772400000| Untracked 
| 391|0x0000000772600000, 0x0000000772600000, 0x0000000772800000|  0%| F|  |TAMS 0x0000000772600000, 0x0000000772600000| Untracked 
| 392|0x0000000772800000, 0x0000000772800000, 0x0000000772a00000|  0%| F|  |TAMS 0x0000000772800000, 0x0000000772800000| Untracked 
| 393|0x0000000772a00000, 0x0000000772a00000, 0x0000000772c00000|  0%| F|  |TAMS 0x0000000772a00000, 0x0000000772a00000| Untracked 
| 394|0x0000000772c00000, 0x0000000772c00000, 0x0000000772e00000|  0%| F|  |TAMS 0x0000000772c00000, 0x0000000772c00000| Untracked 
| 395|0x0000000772e00000, 0x0000000772e00000, 0x0000000773000000|  0%| F|  |TAMS 0x0000000772e00000, 0x0000000772e00000| Untracked 
| 396|0x0000000773000000, 0x0000000773000000, 0x0000000773200000|  0%| F|  |TAMS 0x0000000773000000, 0x0000000773000000| Untracked 
| 397|0x0000000773200000, 0x0000000773200000, 0x0000000773400000|  0%| F|  |TAMS 0x0000000773200000, 0x0000000773200000| Untracked 
| 398|0x0000000773400000, 0x0000000773400000, 0x0000000773600000|  0%| F|  |TAMS 0x0000000773400000, 0x0000000773400000| Untracked 
| 399|0x0000000773600000, 0x0000000773600000, 0x0000000773800000|  0%| F|  |TAMS 0x0000000773600000, 0x0000000773600000| Untracked 
| 400|0x0000000773800000, 0x0000000773800000, 0x0000000773a00000|  0%| F|  |TAMS 0x0000000773800000, 0x0000000773800000| Untracked 
| 401|0x0000000773a00000, 0x0000000773a00000, 0x0000000773c00000|  0%| F|  |TAMS 0x0000000773a00000, 0x0000000773a00000| Untracked 
| 402|0x0000000773c00000, 0x0000000773c00000, 0x0000000773e00000|  0%| F|  |TAMS 0x0000000773c00000, 0x0000000773c00000| Untracked 
| 403|0x0000000773e00000, 0x0000000773e00000, 0x0000000774000000|  0%| F|  |TAMS 0x0000000773e00000, 0x0000000773e00000| Untracked 
| 404|0x0000000774000000, 0x0000000774000000, 0x0000000774200000|  0%| F|  |TAMS 0x0000000774000000, 0x0000000774000000| Untracked 
| 405|0x0000000774200000, 0x0000000774200000, 0x0000000774400000|  0%| F|  |TAMS 0x0000000774200000, 0x0000000774200000| Untracked 
| 406|0x0000000774400000, 0x0000000774400000, 0x0000000774600000|  0%| F|  |TAMS 0x0000000774400000, 0x0000000774400000| Untracked 
| 407|0x0000000774600000, 0x0000000774600000, 0x0000000774800000|  0%| F|  |TAMS 0x0000000774600000, 0x0000000774600000| Untracked 
| 408|0x0000000774800000, 0x0000000774800000, 0x0000000774a00000|  0%| F|  |TAMS 0x0000000774800000, 0x0000000774800000| Untracked 
| 409|0x0000000774a00000, 0x0000000774a00000, 0x0000000774c00000|  0%| F|  |TAMS 0x0000000774a00000, 0x0000000774a00000| Untracked 
| 410|0x0000000774c00000, 0x0000000774c00000, 0x0000000774e00000|  0%| F|  |TAMS 0x0000000774c00000, 0x0000000774c00000| Untracked 
| 411|0x0000000774e00000, 0x0000000774e00000, 0x0000000775000000|  0%| F|  |TAMS 0x0000000774e00000, 0x0000000774e00000| Untracked 
| 412|0x0000000775000000, 0x0000000775000000, 0x0000000775200000|  0%| F|  |TAMS 0x0000000775000000, 0x0000000775000000| Untracked 
| 413|0x0000000775200000, 0x0000000775200000, 0x0000000775400000|  0%| F|  |TAMS 0x0000000775200000, 0x0000000775200000| Untracked 
| 414|0x0000000775400000, 0x0000000775400000, 0x0000000775600000|  0%| F|  |TAMS 0x0000000775400000, 0x0000000775400000| Untracked 
| 415|0x0000000775600000, 0x0000000775600000, 0x0000000775800000|  0%| F|  |TAMS 0x0000000775600000, 0x0000000775600000| Untracked 
| 416|0x0000000775800000, 0x0000000775800000, 0x0000000775a00000|  0%| F|  |TAMS 0x0000000775800000, 0x0000000775800000| Untracked 
| 417|0x0000000775a00000, 0x0000000775a00000, 0x0000000775c00000|  0%| F|  |TAMS 0x0000000775a00000, 0x0000000775a00000| Untracked 
| 418|0x0000000775c00000, 0x0000000775c00000, 0x0000000775e00000|  0%| F|  |TAMS 0x0000000775c00000, 0x0000000775c00000| Untracked 
| 419|0x0000000775e00000, 0x0000000775e00000, 0x0000000776000000|  0%| F|  |TAMS 0x0000000775e00000, 0x0000000775e00000| Untracked 
| 420|0x0000000776000000, 0x0000000776000000, 0x0000000776200000|  0%| F|  |TAMS 0x0000000776000000, 0x0000000776000000| Untracked 
| 421|0x0000000776200000, 0x0000000776200000, 0x0000000776400000|  0%| F|  |TAMS 0x0000000776200000, 0x0000000776200000| Untracked 
| 422|0x0000000776400000, 0x0000000776400000, 0x0000000776600000|  0%| F|  |TAMS 0x0000000776400000, 0x0000000776400000| Untracked 
| 423|0x0000000776600000, 0x0000000776600000, 0x0000000776800000|  0%| F|  |TAMS 0x0000000776600000, 0x0000000776600000| Untracked 
| 424|0x0000000776800000, 0x0000000776800000, 0x0000000776a00000|  0%| F|  |TAMS 0x0000000776800000, 0x0000000776800000| Untracked 
| 425|0x0000000776a00000, 0x0000000776a00000, 0x0000000776c00000|  0%| F|  |TAMS 0x0000000776a00000, 0x0000000776a00000| Untracked 
| 426|0x0000000776c00000, 0x0000000776c00000, 0x0000000776e00000|  0%| F|  |TAMS 0x0000000776c00000, 0x0000000776c00000| Untracked 
| 427|0x0000000776e00000, 0x0000000776e00000, 0x0000000777000000|  0%| F|  |TAMS 0x0000000776e00000, 0x0000000776e00000| Untracked 
| 428|0x0000000777000000, 0x0000000777000000, 0x0000000777200000|  0%| F|  |TAMS 0x0000000777000000, 0x0000000777000000| Untracked 
| 429|0x0000000777200000, 0x0000000777200000, 0x0000000777400000|  0%| F|  |TAMS 0x0000000777200000, 0x0000000777200000| Untracked 
| 430|0x0000000777400000, 0x0000000777400000, 0x0000000777600000|  0%| F|  |TAMS 0x0000000777400000, 0x0000000777400000| Untracked 
| 431|0x0000000777600000, 0x0000000777600000, 0x0000000777800000|  0%| F|  |TAMS 0x0000000777600000, 0x0000000777600000| Untracked 
| 432|0x0000000777800000, 0x0000000777800000, 0x0000000777a00000|  0%| F|  |TAMS 0x0000000777800000, 0x0000000777800000| Untracked 
| 433|0x0000000777a00000, 0x0000000777a00000, 0x0000000777c00000|  0%| F|  |TAMS 0x0000000777a00000, 0x0000000777a00000| Untracked 
| 434|0x0000000777c00000, 0x0000000777c00000, 0x0000000777e00000|  0%| F|  |TAMS 0x0000000777c00000, 0x0000000777c00000| Untracked 
| 435|0x0000000777e00000, 0x0000000777e00000, 0x0000000778000000|  0%| F|  |TAMS 0x0000000777e00000, 0x0000000777e00000| Untracked 
| 436|0x0000000778000000, 0x0000000778000000, 0x0000000778200000|  0%| F|  |TAMS 0x0000000778000000, 0x0000000778000000| Untracked 
| 437|0x0000000778200000, 0x0000000778200000, 0x0000000778400000|  0%| F|  |TAMS 0x0000000778200000, 0x0000000778200000| Untracked 
| 438|0x0000000778400000, 0x0000000778400000, 0x0000000778600000|  0%| F|  |TAMS 0x0000000778400000, 0x0000000778400000| Untracked 
| 439|0x0000000778600000, 0x0000000778600000, 0x0000000778800000|  0%| F|  |TAMS 0x0000000778600000, 0x0000000778600000| Untracked 
| 440|0x0000000778800000, 0x0000000778800000, 0x0000000778a00000|  0%| F|  |TAMS 0x0000000778800000, 0x0000000778800000| Untracked 
| 441|0x0000000778a00000, 0x0000000778a00000, 0x0000000778c00000|  0%| F|  |TAMS 0x0000000778a00000, 0x0000000778a00000| Untracked 
| 442|0x0000000778c00000, 0x0000000778c00000, 0x0000000778e00000|  0%| F|  |TAMS 0x0000000778c00000, 0x0000000778c00000| Untracked 
| 443|0x0000000778e00000, 0x0000000778e00000, 0x0000000779000000|  0%| F|  |TAMS 0x0000000778e00000, 0x0000000778e00000| Untracked 
| 444|0x0000000779000000, 0x0000000779000000, 0x0000000779200000|  0%| F|  |TAMS 0x0000000779000000, 0x0000000779000000| Untracked 
| 445|0x0000000779200000, 0x0000000779200000, 0x0000000779400000|  0%| F|  |TAMS 0x0000000779200000, 0x0000000779200000| Untracked 
| 446|0x0000000779400000, 0x0000000779400000, 0x0000000779600000|  0%| F|  |TAMS 0x0000000779400000, 0x0000000779400000| Untracked 
| 447|0x0000000779600000, 0x0000000779600000, 0x0000000779800000|  0%| F|  |TAMS 0x0000000779600000, 0x0000000779600000| Untracked 
| 448|0x0000000779800000, 0x0000000779800000, 0x0000000779a00000|  0%| F|  |TAMS 0x0000000779800000, 0x0000000779800000| Untracked 
| 449|0x0000000779a00000, 0x0000000779a00000, 0x0000000779c00000|  0%| F|  |TAMS 0x0000000779a00000, 0x0000000779a00000| Untracked 
| 450|0x0000000779c00000, 0x0000000779c00000, 0x0000000779e00000|  0%| F|  |TAMS 0x0000000779c00000, 0x0000000779c00000| Untracked 
| 451|0x0000000779e00000, 0x0000000779e00000, 0x000000077a000000|  0%| F|  |TAMS 0x0000000779e00000, 0x0000000779e00000| Untracked 
| 452|0x000000077a000000, 0x000000077a000000, 0x000000077a200000|  0%| F|  |TAMS 0x000000077a000000, 0x000000077a000000| Untracked 
| 453|0x000000077a200000, 0x000000077a200000, 0x000000077a400000|  0%| F|  |TAMS 0x000000077a200000, 0x000000077a200000| Untracked 
| 454|0x000000077a400000, 0x000000077a400000, 0x000000077a600000|  0%| F|  |TAMS 0x000000077a400000, 0x000000077a400000| Untracked 
| 455|0x000000077a600000, 0x000000077a600000, 0x000000077a800000|  0%| F|  |TAMS 0x000000077a600000, 0x000000077a600000| Untracked 
| 456|0x000000077a800000, 0x000000077a800000, 0x000000077aa00000|  0%| F|  |TAMS 0x000000077a800000, 0x000000077a800000| Untracked 
| 457|0x000000077aa00000, 0x000000077aa00000, 0x000000077ac00000|  0%| F|  |TAMS 0x000000077aa00000, 0x000000077aa00000| Untracked 
| 458|0x000000077ac00000, 0x000000077ac00000, 0x000000077ae00000|  0%| F|  |TAMS 0x000000077ac00000, 0x000000077ac00000| Untracked 
| 459|0x000000077ae00000, 0x000000077ae00000, 0x000000077b000000|  0%| F|  |TAMS 0x000000077ae00000, 0x000000077ae00000| Untracked 
| 460|0x000000077b000000, 0x000000077b000000, 0x000000077b200000|  0%| F|  |TAMS 0x000000077b000000, 0x000000077b000000| Untracked 
| 461|0x000000077b200000, 0x000000077b200000, 0x000000077b400000|  0%| F|  |TAMS 0x000000077b200000, 0x000000077b200000| Untracked 
| 462|0x000000077b400000, 0x000000077b400000, 0x000000077b600000|  0%| F|  |TAMS 0x000000077b400000, 0x000000077b400000| Untracked 
| 463|0x000000077b600000, 0x000000077b600000, 0x000000077b800000|  0%| F|  |TAMS 0x000000077b600000, 0x000000077b600000| Untracked 
| 464|0x000000077b800000, 0x000000077b800000, 0x000000077ba00000|  0%| F|  |TAMS 0x000000077b800000, 0x000000077b800000| Untracked 
| 465|0x000000077ba00000, 0x000000077ba00000, 0x000000077bc00000|  0%| F|  |TAMS 0x000000077ba00000, 0x000000077ba00000| Untracked 
| 466|0x000000077bc00000, 0x000000077bc00000, 0x000000077be00000|  0%| F|  |TAMS 0x000000077bc00000, 0x000000077bc00000| Untracked 
| 467|0x000000077be00000, 0x000000077be00000, 0x000000077c000000|  0%| F|  |TAMS 0x000000077be00000, 0x000000077be00000| Untracked 
| 468|0x000000077c000000, 0x000000077c000000, 0x000000077c200000|  0%| F|  |TAMS 0x000000077c000000, 0x000000077c000000| Untracked 
| 469|0x000000077c200000, 0x000000077c200000, 0x000000077c400000|  0%| F|  |TAMS 0x000000077c200000, 0x000000077c200000| Untracked 
| 470|0x000000077c400000, 0x000000077c400000, 0x000000077c600000|  0%| F|  |TAMS 0x000000077c400000, 0x000000077c400000| Untracked 
| 471|0x000000077c600000, 0x000000077c600000, 0x000000077c800000|  0%| F|  |TAMS 0x000000077c600000, 0x000000077c600000| Untracked 
| 472|0x000000077c800000, 0x000000077c800000, 0x000000077ca00000|  0%| F|  |TAMS 0x000000077c800000, 0x000000077c800000| Untracked 
| 473|0x000000077ca00000, 0x000000077ca00000, 0x000000077cc00000|  0%| F|  |TAMS 0x000000077ca00000, 0x000000077ca00000| Untracked 
| 474|0x000000077cc00000, 0x000000077cc00000, 0x000000077ce00000|  0%| F|  |TAMS 0x000000077cc00000, 0x000000077cc00000| Untracked 
| 475|0x000000077ce00000, 0x000000077ce00000, 0x000000077d000000|  0%| F|  |TAMS 0x000000077ce00000, 0x000000077ce00000| Untracked 
| 476|0x000000077d000000, 0x000000077d000000, 0x000000077d200000|  0%| F|  |TAMS 0x000000077d000000, 0x000000077d000000| Untracked 
| 477|0x000000077d200000, 0x000000077d200000, 0x000000077d400000|  0%| F|  |TAMS 0x000000077d200000, 0x000000077d200000| Untracked 
| 478|0x000000077d400000, 0x000000077d400000, 0x000000077d600000|  0%| F|  |TAMS 0x000000077d400000, 0x000000077d400000| Untracked 
| 479|0x000000077d600000, 0x000000077d600000, 0x000000077d800000|  0%| F|  |TAMS 0x000000077d600000, 0x000000077d600000| Untracked 
| 480|0x000000077d800000, 0x000000077d800000, 0x000000077da00000|  0%| F|  |TAMS 0x000000077d800000, 0x000000077d800000| Untracked 
| 481|0x000000077da00000, 0x000000077da00000, 0x000000077dc00000|  0%| F|  |TAMS 0x000000077da00000, 0x000000077da00000| Untracked 
| 482|0x000000077dc00000, 0x000000077dc00000, 0x000000077de00000|  0%| F|  |TAMS 0x000000077dc00000, 0x000000077dc00000| Untracked 
| 483|0x000000077de00000, 0x000000077de00000, 0x000000077e000000|  0%| F|  |TAMS 0x000000077de00000, 0x000000077de00000| Untracked 
| 484|0x000000077e000000, 0x000000077e000000, 0x000000077e200000|  0%| F|  |TAMS 0x000000077e000000, 0x000000077e000000| Untracked 
| 485|0x000000077e200000, 0x000000077e200000, 0x000000077e400000|  0%| F|  |TAMS 0x000000077e200000, 0x000000077e200000| Untracked 
| 486|0x000000077e400000, 0x000000077e400000, 0x000000077e600000|  0%| F|  |TAMS 0x000000077e400000, 0x000000077e400000| Untracked 
| 487|0x000000077e600000, 0x000000077e600000, 0x000000077e800000|  0%| F|  |TAMS 0x000000077e600000, 0x000000077e600000| Untracked 
| 488|0x000000077e800000, 0x000000077e800000, 0x000000077ea00000|  0%| F|  |TAMS 0x000000077e800000, 0x000000077e800000| Untracked 
| 489|0x000000077ea00000, 0x000000077ea00000, 0x000000077ec00000|  0%| F|  |TAMS 0x000000077ea00000, 0x000000077ea00000| Untracked 
| 490|0x000000077ec00000, 0x000000077ec00000, 0x000000077ee00000|  0%| F|  |TAMS 0x000000077ec00000, 0x000000077ec00000| Untracked 
| 491|0x000000077ee00000, 0x000000077ee00000, 0x000000077f000000|  0%| F|  |TAMS 0x000000077ee00000, 0x000000077ee00000| Untracked 
| 492|0x000000077f000000, 0x000000077f000000, 0x000000077f200000|  0%| F|  |TAMS 0x000000077f000000, 0x000000077f000000| Untracked 
| 493|0x000000077f200000, 0x000000077f200000, 0x000000077f400000|  0%| F|  |TAMS 0x000000077f200000, 0x000000077f200000| Untracked 
| 494|0x000000077f400000, 0x000000077f400000, 0x000000077f600000|  0%| F|  |TAMS 0x000000077f400000, 0x000000077f400000| Untracked 
| 495|0x000000077f600000, 0x000000077f600000, 0x000000077f800000|  0%| F|  |TAMS 0x000000077f600000, 0x000000077f600000| Untracked 
| 496|0x000000077f800000, 0x000000077f800000, 0x000000077fa00000|  0%| F|  |TAMS 0x000000077f800000, 0x000000077f800000| Untracked 
| 497|0x000000077fa00000, 0x000000077fa00000, 0x000000077fc00000|  0%| F|  |TAMS 0x000000077fa00000, 0x000000077fa00000| Untracked 
| 498|0x000000077fc00000, 0x000000077fc00000, 0x000000077fe00000|  0%| F|  |TAMS 0x000000077fc00000, 0x000000077fc00000| Untracked 
| 499|0x000000077fe00000, 0x000000077fe00000, 0x0000000780000000|  0%| F|  |TAMS 0x000000077fe00000, 0x000000077fe00000| Untracked 
| 500|0x0000000780000000, 0x0000000780000000, 0x0000000780200000|  0%| F|  |TAMS 0x0000000780000000, 0x0000000780000000| Untracked 
| 501|0x0000000780200000, 0x0000000780200000, 0x0000000780400000|  0%| F|  |TAMS 0x0000000780200000, 0x0000000780200000| Untracked 
| 502|0x0000000780400000, 0x0000000780400000, 0x0000000780600000|  0%| F|  |TAMS 0x0000000780400000, 0x0000000780400000| Untracked 
| 503|0x0000000780600000, 0x0000000780600000, 0x0000000780800000|  0%| F|  |TAMS 0x0000000780600000, 0x0000000780600000| Untracked 
| 504|0x0000000780800000, 0x0000000780800000, 0x0000000780a00000|  0%| F|  |TAMS 0x0000000780800000, 0x0000000780800000| Untracked 
| 505|0x0000000780a00000, 0x0000000780a00000, 0x0000000780c00000|  0%| F|  |TAMS 0x0000000780a00000, 0x0000000780a00000| Untracked 
| 506|0x0000000780c00000, 0x0000000780c00000, 0x0000000780e00000|  0%| F|  |TAMS 0x0000000780c00000, 0x0000000780c00000| Untracked 
| 507|0x0000000780e00000, 0x0000000780e00000, 0x0000000781000000|  0%| F|  |TAMS 0x0000000780e00000, 0x0000000780e00000| Untracked 
| 508|0x0000000781000000, 0x0000000781000000, 0x0000000781200000|  0%| F|  |TAMS 0x0000000781000000, 0x0000000781000000| Untracked 
| 509|0x0000000781200000, 0x0000000781200000, 0x0000000781400000|  0%| F|  |TAMS 0x0000000781200000, 0x0000000781200000| Untracked 
| 510|0x0000000781400000, 0x0000000781400000, 0x0000000781600000|  0%| F|  |TAMS 0x0000000781400000, 0x0000000781400000| Untracked 
| 511|0x0000000781600000, 0x0000000781600000, 0x0000000781800000|  0%| F|  |TAMS 0x0000000781600000, 0x0000000781600000| Untracked 
| 512|0x0000000781800000, 0x0000000781800000, 0x0000000781a00000|  0%| F|  |TAMS 0x0000000781800000, 0x0000000781800000| Untracked 
| 513|0x0000000781a00000, 0x0000000781a00000, 0x0000000781c00000|  0%| F|  |TAMS 0x0000000781a00000, 0x0000000781a00000| Untracked 
| 514|0x0000000781c00000, 0x0000000781c00000, 0x0000000781e00000|  0%| F|  |TAMS 0x0000000781c00000, 0x0000000781c00000| Untracked 
| 515|0x0000000781e00000, 0x0000000781e00000, 0x0000000782000000|  0%| F|  |TAMS 0x0000000781e00000, 0x0000000781e00000| Untracked 
| 516|0x0000000782000000, 0x0000000782000000, 0x0000000782200000|  0%| F|  |TAMS 0x0000000782000000, 0x0000000782000000| Untracked 
| 517|0x0000000782200000, 0x0000000782200000, 0x0000000782400000|  0%| F|  |TAMS 0x0000000782200000, 0x0000000782200000| Untracked 
| 518|0x0000000782400000, 0x0000000782400000, 0x0000000782600000|  0%| F|  |TAMS 0x0000000782400000, 0x0000000782400000| Untracked 
| 519|0x0000000782600000, 0x0000000782600000, 0x0000000782800000|  0%| F|  |TAMS 0x0000000782600000, 0x0000000782600000| Untracked 
| 520|0x0000000782800000, 0x0000000782800000, 0x0000000782a00000|  0%| F|  |TAMS 0x0000000782800000, 0x0000000782800000| Untracked 
| 521|0x0000000782a00000, 0x0000000782a00000, 0x0000000782c00000|  0%| F|  |TAMS 0x0000000782a00000, 0x0000000782a00000| Untracked 
| 522|0x0000000782c00000, 0x0000000782c00000, 0x0000000782e00000|  0%| F|  |TAMS 0x0000000782c00000, 0x0000000782c00000| Untracked 
| 523|0x0000000782e00000, 0x0000000782e00000, 0x0000000783000000|  0%| F|  |TAMS 0x0000000782e00000, 0x0000000782e00000| Untracked 
| 524|0x0000000783000000, 0x0000000783000000, 0x0000000783200000|  0%| F|  |TAMS 0x0000000783000000, 0x0000000783000000| Untracked 
| 525|0x0000000783200000, 0x0000000783200000, 0x0000000783400000|  0%| F|  |TAMS 0x0000000783200000, 0x0000000783200000| Untracked 
| 526|0x0000000783400000, 0x0000000783400000, 0x0000000783600000|  0%| F|  |TAMS 0x0000000783400000, 0x0000000783400000| Untracked 
| 527|0x0000000783600000, 0x0000000783600000, 0x0000000783800000|  0%| F|  |TAMS 0x0000000783600000, 0x0000000783600000| Untracked 
| 528|0x0000000783800000, 0x0000000783800000, 0x0000000783a00000|  0%| F|  |TAMS 0x0000000783800000, 0x0000000783800000| Untracked 
| 529|0x0000000783a00000, 0x0000000783a00000, 0x0000000783c00000|  0%| F|  |TAMS 0x0000000783a00000, 0x0000000783a00000| Untracked 
| 530|0x0000000783c00000, 0x0000000783c00000, 0x0000000783e00000|  0%| F|  |TAMS 0x0000000783c00000, 0x0000000783c00000| Untracked 
| 531|0x0000000783e00000, 0x0000000783e00000, 0x0000000784000000|  0%| F|  |TAMS 0x0000000783e00000, 0x0000000783e00000| Untracked 
| 532|0x0000000784000000, 0x0000000784000000, 0x0000000784200000|  0%| F|  |TAMS 0x0000000784000000, 0x0000000784000000| Untracked 
| 533|0x0000000784200000, 0x0000000784200000, 0x0000000784400000|  0%| F|  |TAMS 0x0000000784200000, 0x0000000784200000| Untracked 
| 534|0x0000000784400000, 0x0000000784400000, 0x0000000784600000|  0%| F|  |TAMS 0x0000000784400000, 0x0000000784400000| Untracked 
| 535|0x0000000784600000, 0x0000000784600000, 0x0000000784800000|  0%| F|  |TAMS 0x0000000784600000, 0x0000000784600000| Untracked 
| 536|0x0000000784800000, 0x0000000784800000, 0x0000000784a00000|  0%| F|  |TAMS 0x0000000784800000, 0x0000000784800000| Untracked 
| 537|0x0000000784a00000, 0x0000000784a00000, 0x0000000784c00000|  0%| F|  |TAMS 0x0000000784a00000, 0x0000000784a00000| Untracked 
| 538|0x0000000784c00000, 0x0000000784d032a0, 0x0000000784e00000| 50%| E|  |TAMS 0x0000000784c00000, 0x0000000784c00000| Complete 
| 539|0x0000000784e00000, 0x0000000785000000, 0x0000000785000000|100%| E|CS|TAMS 0x0000000784e00000, 0x0000000784e00000| Complete 
| 540|0x0000000785000000, 0x0000000785200000, 0x0000000785200000|100%| E|CS|TAMS 0x0000000785000000, 0x0000000785000000| Complete 
| 541|0x0000000785200000, 0x0000000785400000, 0x0000000785400000|100%| E|CS|TAMS 0x0000000785200000, 0x0000000785200000| Complete 
| 542|0x0000000785400000, 0x0000000785600000, 0x0000000785600000|100%| E|CS|TAMS 0x0000000785400000, 0x0000000785400000| Complete 
| 543|0x0000000785600000, 0x0000000785800000, 0x0000000785800000|100%| E|CS|TAMS 0x0000000785600000, 0x0000000785600000| Complete 
| 544|0x0000000785800000, 0x0000000785a00000, 0x0000000785a00000|100%| E|CS|TAMS 0x0000000785800000, 0x0000000785800000| Complete 
| 545|0x0000000785a00000, 0x0000000785c00000, 0x0000000785c00000|100%| E|CS|TAMS 0x0000000785a00000, 0x0000000785a00000| Complete 
| 546|0x0000000785c00000, 0x0000000785e00000, 0x0000000785e00000|100%| E|CS|TAMS 0x0000000785c00000, 0x0000000785c00000| Complete 
| 547|0x0000000785e00000, 0x0000000786000000, 0x0000000786000000|100%| E|CS|TAMS 0x0000000785e00000, 0x0000000785e00000| Complete 
| 548|0x0000000786000000, 0x0000000786200000, 0x0000000786200000|100%| E|CS|TAMS 0x0000000786000000, 0x0000000786000000| Complete 
| 549|0x0000000786200000, 0x0000000786400000, 0x0000000786400000|100%| E|CS|TAMS 0x0000000786200000, 0x0000000786200000| Complete 
| 550|0x0000000786400000, 0x0000000786600000, 0x0000000786600000|100%| E|CS|TAMS 0x0000000786400000, 0x0000000786400000| Complete 
| 551|0x0000000786600000, 0x0000000786800000, 0x0000000786800000|100%| E|CS|TAMS 0x0000000786600000, 0x0000000786600000| Complete 
| 552|0x0000000786800000, 0x0000000786a00000, 0x0000000786a00000|100%| E|CS|TAMS 0x0000000786800000, 0x0000000786800000| Complete 
| 553|0x0000000786a00000, 0x0000000786c00000, 0x0000000786c00000|100%| E|CS|TAMS 0x0000000786a00000, 0x0000000786a00000| Complete 
| 554|0x0000000786c00000, 0x0000000786e00000, 0x0000000786e00000|100%| E|CS|TAMS 0x0000000786c00000, 0x0000000786c00000| Complete 
| 555|0x0000000786e00000, 0x0000000787000000, 0x0000000787000000|100%| E|CS|TAMS 0x0000000786e00000, 0x0000000786e00000| Complete 
| 556|0x0000000787000000, 0x0000000787200000, 0x0000000787200000|100%| E|CS|TAMS 0x0000000787000000, 0x0000000787000000| Complete 
| 557|0x0000000787200000, 0x0000000787400000, 0x0000000787400000|100%| E|CS|TAMS 0x0000000787200000, 0x0000000787200000| Complete 
| 558|0x0000000787400000, 0x0000000787600000, 0x0000000787600000|100%| E|CS|TAMS 0x0000000787400000, 0x0000000787400000| Complete 
| 559|0x0000000787600000, 0x0000000787800000, 0x0000000787800000|100%| E|CS|TAMS 0x0000000787600000, 0x0000000787600000| Complete 
| 560|0x0000000787800000, 0x0000000787a00000, 0x0000000787a00000|100%| E|CS|TAMS 0x0000000787800000, 0x0000000787800000| Complete 
| 561|0x0000000787a00000, 0x0000000787c00000, 0x0000000787c00000|100%| E|CS|TAMS 0x0000000787a00000, 0x0000000787a00000| Complete 
| 562|0x0000000787c00000, 0x0000000787e00000, 0x0000000787e00000|100%| E|CS|TAMS 0x0000000787c00000, 0x0000000787c00000| Complete 
| 563|0x0000000787e00000, 0x0000000788000000, 0x0000000788000000|100%| E|CS|TAMS 0x0000000787e00000, 0x0000000787e00000| Complete 
| 564|0x0000000788000000, 0x0000000788200000, 0x0000000788200000|100%| E|CS|TAMS 0x0000000788000000, 0x0000000788000000| Complete 
| 565|0x0000000788200000, 0x0000000788400000, 0x0000000788400000|100%| E|CS|TAMS 0x0000000788200000, 0x0000000788200000| Complete 
| 566|0x0000000788400000, 0x0000000788600000, 0x0000000788600000|100%| E|CS|TAMS 0x0000000788400000, 0x0000000788400000| Complete 
| 567|0x0000000788600000, 0x0000000788800000, 0x0000000788800000|100%| E|CS|TAMS 0x0000000788600000, 0x0000000788600000| Complete 
| 568|0x0000000788800000, 0x0000000788a00000, 0x0000000788a00000|100%| E|CS|TAMS 0x0000000788800000, 0x0000000788800000| Complete 
| 569|0x0000000788a00000, 0x0000000788c00000, 0x0000000788c00000|100%| E|CS|TAMS 0x0000000788a00000, 0x0000000788a00000| Complete 
| 570|0x0000000788c00000, 0x0000000788e00000, 0x0000000788e00000|100%| E|CS|TAMS 0x0000000788c00000, 0x0000000788c00000| Complete 
| 571|0x0000000788e00000, 0x0000000789000000, 0x0000000789000000|100%| E|CS|TAMS 0x0000000788e00000, 0x0000000788e00000| Complete 
| 572|0x0000000789000000, 0x0000000789200000, 0x0000000789200000|100%| E|CS|TAMS 0x0000000789000000, 0x0000000789000000| Complete 
| 573|0x0000000789200000, 0x0000000789400000, 0x0000000789400000|100%| E|CS|TAMS 0x0000000789200000, 0x0000000789200000| Complete 
| 574|0x0000000789400000, 0x0000000789600000, 0x0000000789600000|100%| E|CS|TAMS 0x0000000789400000, 0x0000000789400000| Complete 
| 575|0x0000000789600000, 0x0000000789800000, 0x0000000789800000|100%| E|CS|TAMS 0x0000000789600000, 0x0000000789600000| Complete 
| 576|0x0000000789800000, 0x0000000789a00000, 0x0000000789a00000|100%| E|CS|TAMS 0x0000000789800000, 0x0000000789800000| Complete 
| 577|0x0000000789a00000, 0x0000000789c00000, 0x0000000789c00000|100%| E|CS|TAMS 0x0000000789a00000, 0x0000000789a00000| Complete 
| 578|0x0000000789c00000, 0x0000000789e00000, 0x0000000789e00000|100%| E|CS|TAMS 0x0000000789c00000, 0x0000000789c00000| Complete 
| 579|0x0000000789e00000, 0x000000078a000000, 0x000000078a000000|100%| E|CS|TAMS 0x0000000789e00000, 0x0000000789e00000| Complete 
| 580|0x000000078a000000, 0x000000078a200000, 0x000000078a200000|100%| E|CS|TAMS 0x000000078a000000, 0x000000078a000000| Complete 
| 581|0x000000078a200000, 0x000000078a400000, 0x000000078a400000|100%| E|CS|TAMS 0x000000078a200000, 0x000000078a200000| Complete 
| 582|0x000000078a400000, 0x000000078a600000, 0x000000078a600000|100%| E|CS|TAMS 0x000000078a400000, 0x000000078a400000| Complete 
| 583|0x000000078a600000, 0x000000078a800000, 0x000000078a800000|100%| E|CS|TAMS 0x000000078a600000, 0x000000078a600000| Complete 
| 584|0x000000078a800000, 0x000000078aa00000, 0x000000078aa00000|100%| E|CS|TAMS 0x000000078a800000, 0x000000078a800000| Complete 
| 585|0x000000078aa00000, 0x000000078ac00000, 0x000000078ac00000|100%| E|CS|TAMS 0x000000078aa00000, 0x000000078aa00000| Complete 
| 586|0x000000078ac00000, 0x000000078ae00000, 0x000000078ae00000|100%| E|CS|TAMS 0x000000078ac00000, 0x000000078ac00000| Complete 
| 587|0x000000078ae00000, 0x000000078b000000, 0x000000078b000000|100%| E|CS|TAMS 0x000000078ae00000, 0x000000078ae00000| Complete 
| 588|0x000000078b000000, 0x000000078b200000, 0x000000078b200000|100%| E|CS|TAMS 0x000000078b000000, 0x000000078b000000| Complete 
| 589|0x000000078b200000, 0x000000078b400000, 0x000000078b400000|100%| E|CS|TAMS 0x000000078b200000, 0x000000078b200000| Complete 
| 590|0x000000078b400000, 0x000000078b600000, 0x000000078b600000|100%| E|CS|TAMS 0x000000078b400000, 0x000000078b400000| Complete 
| 591|0x000000078b600000, 0x000000078b800000, 0x000000078b800000|100%| E|CS|TAMS 0x000000078b600000, 0x000000078b600000| Complete 
| 592|0x000000078b800000, 0x000000078ba00000, 0x000000078ba00000|100%| E|CS|TAMS 0x000000078b800000, 0x000000078b800000| Complete 
| 593|0x000000078ba00000, 0x000000078bc00000, 0x000000078bc00000|100%| E|CS|TAMS 0x000000078ba00000, 0x000000078ba00000| Complete 
| 594|0x000000078bc00000, 0x000000078be00000, 0x000000078be00000|100%| E|CS|TAMS 0x000000078bc00000, 0x000000078bc00000| Complete 
| 595|0x000000078be00000, 0x000000078c000000, 0x000000078c000000|100%| E|CS|TAMS 0x000000078be00000, 0x000000078be00000| Complete 
| 596|0x000000078c000000, 0x000000078c200000, 0x000000078c200000|100%| E|CS|TAMS 0x000000078c000000, 0x000000078c000000| Complete 
| 597|0x000000078c200000, 0x000000078c400000, 0x000000078c400000|100%| E|CS|TAMS 0x000000078c200000, 0x000000078c200000| Complete 
| 598|0x000000078c400000, 0x000000078c600000, 0x000000078c600000|100%| E|CS|TAMS 0x000000078c400000, 0x000000078c400000| Complete 
| 599|0x000000078c600000, 0x000000078c800000, 0x000000078c800000|100%| E|CS|TAMS 0x000000078c600000, 0x000000078c600000| Complete 
| 600|0x000000078c800000, 0x000000078ca00000, 0x000000078ca00000|100%| E|CS|TAMS 0x000000078c800000, 0x000000078c800000| Complete 
| 601|0x000000078ca00000, 0x000000078cc00000, 0x000000078cc00000|100%| E|CS|TAMS 0x000000078ca00000, 0x000000078ca00000| Complete 
| 602|0x000000078cc00000, 0x000000078ce00000, 0x000000078ce00000|100%| E|CS|TAMS 0x000000078cc00000, 0x000000078cc00000| Complete 
| 603|0x000000078ce00000, 0x000000078d000000, 0x000000078d000000|100%| E|CS|TAMS 0x000000078ce00000, 0x000000078ce00000| Complete 
| 604|0x000000078d000000, 0x000000078d200000, 0x000000078d200000|100%| E|CS|TAMS 0x000000078d000000, 0x000000078d000000| Complete 
| 605|0x000000078d200000, 0x000000078d400000, 0x000000078d400000|100%| E|CS|TAMS 0x000000078d200000, 0x000000078d200000| Complete 
| 606|0x000000078d400000, 0x000000078d600000, 0x000000078d600000|100%| E|CS|TAMS 0x000000078d400000, 0x000000078d400000| Complete 
| 607|0x000000078d600000, 0x000000078d800000, 0x000000078d800000|100%| E|CS|TAMS 0x000000078d600000, 0x000000078d600000| Complete 
| 608|0x000000078d800000, 0x000000078da00000, 0x000000078da00000|100%| E|CS|TAMS 0x000000078d800000, 0x000000078d800000| Complete 
| 609|0x000000078da00000, 0x000000078dc00000, 0x000000078dc00000|100%| E|CS|TAMS 0x000000078da00000, 0x000000078da00000| Complete 
| 610|0x000000078dc00000, 0x000000078de00000, 0x000000078de00000|100%| E|CS|TAMS 0x000000078dc00000, 0x000000078dc00000| Complete 
| 611|0x000000078de00000, 0x000000078e000000, 0x000000078e000000|100%| E|CS|TAMS 0x000000078de00000, 0x000000078de00000| Complete 
| 612|0x000000078e000000, 0x000000078e200000, 0x000000078e200000|100%| E|CS|TAMS 0x000000078e000000, 0x000000078e000000| Complete 
| 613|0x000000078e200000, 0x000000078e400000, 0x000000078e400000|100%| E|CS|TAMS 0x000000078e200000, 0x000000078e200000| Complete 
| 614|0x000000078e400000, 0x000000078e600000, 0x000000078e600000|100%| E|CS|TAMS 0x000000078e400000, 0x000000078e400000| Complete 
| 615|0x000000078e600000, 0x000000078e800000, 0x000000078e800000|100%| E|CS|TAMS 0x000000078e600000, 0x000000078e600000| Complete 
| 616|0x000000078e800000, 0x000000078ea00000, 0x000000078ea00000|100%| E|CS|TAMS 0x000000078e800000, 0x000000078e800000| Complete 
| 617|0x000000078ea00000, 0x000000078ec00000, 0x000000078ec00000|100%| E|CS|TAMS 0x000000078ea00000, 0x000000078ea00000| Complete 
| 618|0x000000078ec00000, 0x000000078ee00000, 0x000000078ee00000|100%| E|CS|TAMS 0x000000078ec00000, 0x000000078ec00000| Complete 
| 619|0x000000078ee00000, 0x000000078f000000, 0x000000078f000000|100%| E|CS|TAMS 0x000000078ee00000, 0x000000078ee00000| Complete 
| 620|0x000000078f000000, 0x000000078f200000, 0x000000078f200000|100%| E|CS|TAMS 0x000000078f000000, 0x000000078f000000| Complete 
| 621|0x000000078f200000, 0x000000078f400000, 0x000000078f400000|100%| E|CS|TAMS 0x000000078f200000, 0x000000078f200000| Complete 
| 622|0x000000078f400000, 0x000000078f600000, 0x000000078f600000|100%| E|CS|TAMS 0x000000078f400000, 0x000000078f400000| Complete 
| 623|0x000000078f600000, 0x000000078f800000, 0x000000078f800000|100%| E|CS|TAMS 0x000000078f600000, 0x000000078f600000| Complete 
| 624|0x000000078f800000, 0x000000078fa00000, 0x000000078fa00000|100%| E|CS|TAMS 0x000000078f800000, 0x000000078f800000| Complete 
| 625|0x000000078fa00000, 0x000000078fc00000, 0x000000078fc00000|100%| E|CS|TAMS 0x000000078fa00000, 0x000000078fa00000| Complete 
| 626|0x000000078fc00000, 0x000000078fe00000, 0x000000078fe00000|100%| E|CS|TAMS 0x000000078fc00000, 0x000000078fc00000| Complete 
| 627|0x000000078fe00000, 0x0000000790000000, 0x0000000790000000|100%| E|CS|TAMS 0x000000078fe00000, 0x000000078fe00000| Complete 
| 628|0x0000000790000000, 0x0000000790200000, 0x0000000790200000|100%| E|CS|TAMS 0x0000000790000000, 0x0000000790000000| Complete 
| 629|0x0000000790200000, 0x0000000790400000, 0x0000000790400000|100%| E|CS|TAMS 0x0000000790200000, 0x0000000790200000| Complete 
| 630|0x0000000790400000, 0x0000000790600000, 0x0000000790600000|100%| E|CS|TAMS 0x0000000790400000, 0x0000000790400000| Complete 
| 631|0x0000000790600000, 0x0000000790800000, 0x0000000790800000|100%| E|CS|TAMS 0x0000000790600000, 0x0000000790600000| Complete 
| 632|0x0000000790800000, 0x0000000790a00000, 0x0000000790a00000|100%| E|CS|TAMS 0x0000000790800000, 0x0000000790800000| Complete 
| 633|0x0000000790a00000, 0x0000000790c00000, 0x0000000790c00000|100%| E|CS|TAMS 0x0000000790a00000, 0x0000000790a00000| Complete 
| 634|0x0000000790c00000, 0x0000000790e00000, 0x0000000790e00000|100%| E|CS|TAMS 0x0000000790c00000, 0x0000000790c00000| Complete 
| 635|0x0000000790e00000, 0x0000000791000000, 0x0000000791000000|100%| E|CS|TAMS 0x0000000790e00000, 0x0000000790e00000| Complete 
| 636|0x0000000791000000, 0x0000000791200000, 0x0000000791200000|100%| E|CS|TAMS 0x0000000791000000, 0x0000000791000000| Complete 
| 637|0x0000000791200000, 0x0000000791400000, 0x0000000791400000|100%| E|CS|TAMS 0x0000000791200000, 0x0000000791200000| Complete 
| 638|0x0000000791400000, 0x0000000791600000, 0x0000000791600000|100%| E|CS|TAMS 0x0000000791400000, 0x0000000791400000| Complete 
| 639|0x0000000791600000, 0x0000000791800000, 0x0000000791800000|100%| E|CS|TAMS 0x0000000791600000, 0x0000000791600000| Complete 
| 640|0x0000000791800000, 0x0000000791a00000, 0x0000000791a00000|100%| E|CS|TAMS 0x0000000791800000, 0x0000000791800000| Complete 
| 641|0x0000000791a00000, 0x0000000791c00000, 0x0000000791c00000|100%| E|CS|TAMS 0x0000000791a00000, 0x0000000791a00000| Complete 
| 642|0x0000000791c00000, 0x0000000791e00000, 0x0000000791e00000|100%| E|CS|TAMS 0x0000000791c00000, 0x0000000791c00000| Complete 
| 643|0x0000000791e00000, 0x0000000792000000, 0x0000000792000000|100%| E|CS|TAMS 0x0000000791e00000, 0x0000000791e00000| Complete 
| 644|0x0000000792000000, 0x0000000792200000, 0x0000000792200000|100%| E|CS|TAMS 0x0000000792000000, 0x0000000792000000| Complete 
| 645|0x0000000792200000, 0x0000000792400000, 0x0000000792400000|100%| E|CS|TAMS 0x0000000792200000, 0x0000000792200000| Complete 
| 646|0x0000000792400000, 0x0000000792600000, 0x0000000792600000|100%| E|CS|TAMS 0x0000000792400000, 0x0000000792400000| Complete 
| 647|0x0000000792600000, 0x0000000792800000, 0x0000000792800000|100%| E|CS|TAMS 0x0000000792600000, 0x0000000792600000| Complete 
| 648|0x0000000792800000, 0x0000000792a00000, 0x0000000792a00000|100%| E|CS|TAMS 0x0000000792800000, 0x0000000792800000| Complete 
| 649|0x0000000792a00000, 0x0000000792c00000, 0x0000000792c00000|100%| E|CS|TAMS 0x0000000792a00000, 0x0000000792a00000| Complete 
| 650|0x0000000792c00000, 0x0000000792e00000, 0x0000000792e00000|100%| E|CS|TAMS 0x0000000792c00000, 0x0000000792c00000| Complete 
| 651|0x0000000792e00000, 0x0000000793000000, 0x0000000793000000|100%| E|CS|TAMS 0x0000000792e00000, 0x0000000792e00000| Complete 
| 652|0x0000000793000000, 0x0000000793200000, 0x0000000793200000|100%| E|CS|TAMS 0x0000000793000000, 0x0000000793000000| Complete 
| 653|0x0000000793200000, 0x0000000793400000, 0x0000000793400000|100%| E|CS|TAMS 0x0000000793200000, 0x0000000793200000| Complete 
| 654|0x0000000793400000, 0x0000000793600000, 0x0000000793600000|100%| E|CS|TAMS 0x0000000793400000, 0x0000000793400000| Complete 
| 655|0x0000000793600000, 0x0000000793800000, 0x0000000793800000|100%| E|CS|TAMS 0x0000000793600000, 0x0000000793600000| Complete 
| 656|0x0000000793800000, 0x0000000793a00000, 0x0000000793a00000|100%| E|CS|TAMS 0x0000000793800000, 0x0000000793800000| Complete 
| 657|0x0000000793a00000, 0x0000000793c00000, 0x0000000793c00000|100%| E|CS|TAMS 0x0000000793a00000, 0x0000000793a00000| Complete 
| 658|0x0000000793c00000, 0x0000000793e00000, 0x0000000793e00000|100%| E|CS|TAMS 0x0000000793c00000, 0x0000000793c00000| Complete 
| 659|0x0000000793e00000, 0x0000000794000000, 0x0000000794000000|100%| E|CS|TAMS 0x0000000793e00000, 0x0000000793e00000| Complete 
| 660|0x0000000794000000, 0x0000000794200000, 0x0000000794200000|100%| E|CS|TAMS 0x0000000794000000, 0x0000000794000000| Complete 
| 661|0x0000000794200000, 0x0000000794400000, 0x0000000794400000|100%| E|CS|TAMS 0x0000000794200000, 0x0000000794200000| Complete 
| 662|0x0000000794400000, 0x0000000794600000, 0x0000000794600000|100%| E|CS|TAMS 0x0000000794400000, 0x0000000794400000| Complete 
| 663|0x0000000794600000, 0x0000000794800000, 0x0000000794800000|100%| E|CS|TAMS 0x0000000794600000, 0x0000000794600000| Complete 
| 664|0x0000000794800000, 0x0000000794a00000, 0x0000000794a00000|100%| E|CS|TAMS 0x0000000794800000, 0x0000000794800000| Complete 
| 665|0x0000000794a00000, 0x0000000794c00000, 0x0000000794c00000|100%| E|CS|TAMS 0x0000000794a00000, 0x0000000794a00000| Complete 
| 666|0x0000000794c00000, 0x0000000794e00000, 0x0000000794e00000|100%| E|CS|TAMS 0x0000000794c00000, 0x0000000794c00000| Complete 
| 667|0x0000000794e00000, 0x0000000795000000, 0x0000000795000000|100%| E|CS|TAMS 0x0000000794e00000, 0x0000000794e00000| Complete 
| 668|0x0000000795000000, 0x0000000795200000, 0x0000000795200000|100%| E|CS|TAMS 0x0000000795000000, 0x0000000795000000| Complete 
| 669|0x0000000795200000, 0x0000000795400000, 0x0000000795400000|100%| E|CS|TAMS 0x0000000795200000, 0x0000000795200000| Complete 
|1514|0x00000007fec00000, 0x00000007fee00000, 0x00000007fee00000|100%| O|  |TAMS 0x00000007fee00000, 0x00000007fec00000| Untracked 
|1515|0x00000007fee00000, 0x00000007ff000000, 0x00000007ff000000|100%| E|CS|TAMS 0x00000007fee00000, 0x00000007fee00000| Complete 
|1516|0x00000007ff000000, 0x00000007ff200000, 0x00000007ff200000|100%| E|CS|TAMS 0x00000007ff000000, 0x00000007ff000000| Complete 
|1517|0x00000007ff200000, 0x00000007ff400000, 0x00000007ff400000|100%| E|CS|TAMS 0x00000007ff200000, 0x00000007ff200000| Complete 
|1518|0x00000007ff400000, 0x00000007ff600000, 0x00000007ff600000|100%| E|CS|TAMS 0x00000007ff400000, 0x00000007ff400000| Complete 
|1519|0x00000007ff600000, 0x00000007ff800000, 0x00000007ff800000|100%| E|CS|TAMS 0x00000007ff600000, 0x00000007ff600000| Complete 
|1520|0x00000007ff800000, 0x00000007ffa00000, 0x00000007ffa00000|100%| E|CS|TAMS 0x00000007ff800000, 0x00000007ff800000| Complete 
|1521|0x00000007ffa00000, 0x00000007ffc00000, 0x00000007ffc00000|100%| E|CS|TAMS 0x00000007ffa00000, 0x00000007ffa00000| Complete 
|1522|0x00000007ffc00000, 0x00000007ffe00000, 0x00000007ffe00000|100%| E|CS|TAMS 0x00000007ffc00000, 0x00000007ffc00000| Complete 
|1523|0x00000007ffe00000, 0x0000000800000000, 0x0000000800000000|100%| E|CS|TAMS 0x00000007ffe00000, 0x00000007ffe00000| Complete 

Card table byte_map: [0x0000028b7d050000,0x0000028b7d650000] _byte_map_base: 0x0000028b79644000

Marking Bits (Prev, Next): (CMBitMap*) 0x0000028b65f9c480, (CMBitMap*) 0x0000028b65f9c440
 Prev Bits: [0x0000028b02fa0000, 0x0000028b05f40000)
 Next Bits: [0x0000028b00000000, 0x0000028b02fa0000)

Polling page: 0x0000028b656e0000

Metaspace:

Usage:
  Non-class:    101.39 MB used.
      Class:     16.93 MB used.
       Both:    118.32 MB used.

Virtual space:
  Non-class space:      128.00 MB reserved,     102.31 MB ( 80%) committed,  2 nodes.
      Class space:        1.00 GB reserved,      17.69 MB (  2%) committed,  1 nodes.
             Both:        1.12 GB reserved,     120.00 MB ( 10%) committed. 

Chunk freelists:
   Non-Class:  9.30 MB
       Class:  14.19 MB
        Both:  23.49 MB

MaxMetaspaceSize: unlimited
CompressedClassSpaceSize: 1.00 GB
Initial GC threshold: 21.00 MB
Current GC threshold: 198.06 MB
CDS: on
MetaspaceReclaimPolicy: balanced
 - commit_granule_bytes: 65536.
 - commit_granule_words: 8192.
 - virtual_space_node_default_size: 8388608.
 - enlarge_chunks_in_place: 1.
 - new_chunks_are_fully_committed: 0.
 - uncommit_free_chunks: 1.
 - use_allocation_guard: 0.
 - handle_deallocations: 1.


Internal statistics:

num_allocs_failed_limit: 21.
num_arena_births: 2780.
num_arena_deaths: 0.
num_vsnodes_births: 3.
num_vsnodes_deaths: 0.
num_space_committed: 1915.
num_space_uncommitted: 0.
num_chunks_returned_to_freelist: 21.
num_chunks_taken_from_freelist: 7985.
num_chunk_merges: 18.
num_chunk_splits: 5074.
num_chunks_enlarged: 3217.
num_inconsistent_stats: 0.

CodeHeap 'non-profiled nmethods': size=120000Kb used=19047Kb max_used=19175Kb free=100952Kb
 bounds [0x0000028b75520000, 0x0000028b767f0000, 0x0000028b7ca50000]
CodeHeap 'profiled nmethods': size=120000Kb used=31480Kb max_used=33176Kb free=88519Kb
 bounds [0x0000028b6da50000, 0x0000028b6fac0000, 0x0000028b74f80000]
CodeHeap 'non-nmethods': size=5760Kb used=2436Kb max_used=2495Kb free=3323Kb
 bounds [0x0000028b74f80000, 0x0000028b75200000, 0x0000028b75520000]
 total_blobs=21188 nmethods=19097 adapters=2002
 compilation: enabled
              stopped_count=0, restarted_count=0
 full_count=0

Compilation events (20 events):
Event: 274.719 Thread 0x0000028b5f3e5cd0 nmethod 28960 0x0000028b76753b90 code [0x0000028b76753d00, 0x0000028b76753d98]
Event: 274.720 Thread 0x0000028b06122470 28961       3       java.lang.invoke.LambdaForm$DMH/0x0000028b08324c00::newInvokeSpecial (28 bytes)
Event: 274.721 Thread 0x0000028b06122470 nmethod 28961 0x0000028b6f422a90 code [0x0000028b6f422c80, 0x0000028b6f423248]
Event: 274.726 Thread 0x0000028b5f3e5cd0 28962       4       net.minecraft.client.renderer.chunk.ChunkRenderDispatcher$RenderChunk::getBuffer (14 bytes)
Event: 274.727 Thread 0x0000028b5f3e5cd0 nmethod 28962 0x0000028b76753790 code [0x0000028b76753920, 0x0000028b76753a28]
Event: 274.728 Thread 0x0000028b5f3e5cd0 28963   !   4       net.minecraft.util.thread.BlockableEventLoop::managedBlock (60 bytes)
Event: 274.792 Thread 0x0000028b06122470 28965       3       net.minecraft.world.level.BlockGetter::traverseBlocks (492 bytes)
Event: 274.794 Thread 0x0000028b06122470 nmethod 28965 0x0000028b6f356010 code [0x0000028b6f3564a0, 0x0000028b6f358058]
Event: 274.794 Thread 0x0000028b06122470 28966       3       net.minecraft.client.server.IntegratedServer::isPublished (14 bytes)
Event: 274.795 Thread 0x0000028b06122470 nmethod 28966 0x0000028b6e744410 code [0x0000028b6e7445a0, 0x0000028b6e744718]
Event: 274.841 Thread 0x0000028b06122470 28968       3       net.minecraft.world.level.lighting.LayerLightSectionStorage::markNewInconsistencies (303 bytes)
Event: 274.844 Thread 0x0000028b06122470 nmethod 28968 0x0000028b6f4c2690 code [0x0000028b6f4c2b00, 0x0000028b6f4c55b8]
Event: 275.018 Thread 0x0000028b0611f300 nmethod 28952 0x0000028b76226d10 code [0x0000028b76227260, 0x0000028b7622b7e8]
Event: 275.020 Thread 0x0000028b0611f300 28964       4       net.minecraft.client.Minecraft::handleKeybinds (808 bytes)
Event: 275.106 Thread 0x0000028b06122470 28971       3       com.mojang.blaze3d.platform.InputConstants::isKeyDown (15 bytes)
Event: 275.107 Thread 0x0000028b06122470 nmethod 28971 0x0000028b6f4c2290 code [0x0000028b6f4c2440, 0x0000028b6f4c25a8]
Event: 275.107 Thread 0x0000028b06122470 28972       3       org.lwjgl.glfw.GLFW::glfwGetKey (22 bytes)
Event: 275.107 Thread 0x0000028b06122470 nmethod 28972 0x0000028b6f050910 code [0x0000028b6f050ac0, 0x0000028b6f050d58]
Event: 275.214 Thread 0x0000028b06122470 28973       3       net.minecraft.client.renderer.LevelRenderer::setupRender (728 bytes)
Event: 275.225 Thread 0x0000028b06122470 nmethod 28973 0x0000028b6f91ca10 code [0x0000028b6f91d140, 0x0000028b6f9217d8]

GC Heap History (20 events):
Event: 182.381 GC heap before
{Heap before GC invocations=52 (full 0):
 garbage-first heap   total 1392640K, used 776350K [0x0000000741800000, 0x0000000800000000)
  region size 2048K, 34 young (69632K), 8 survivors (16384K)
 Metaspace       used 119144K, committed 120896K, reserved 1179648K
  class space    used 17199K, committed 17984K, reserved 1048576K
}
Event: 182.404 GC heap after
{Heap after GC invocations=53 (full 0):
 garbage-first heap   total 1392640K, used 584077K [0x0000000741800000, 0x0000000800000000)
  region size 2048K, 2 young (4096K), 2 survivors (4096K)
 Metaspace       used 119144K, committed 120896K, reserved 1179648K
  class space    used 17199K, committed 17984K, reserved 1048576K
}
Event: 183.796 GC heap before
{Heap before GC invocations=53 (full 0):
 garbage-first heap   total 1392640K, used 649613K [0x0000000741800000, 0x0000000800000000)
  region size 2048K, 34 young (69632K), 2 survivors (4096K)
 Metaspace       used 119268K, committed 120960K, reserved 1179648K
  class space    used 17202K, committed 17984K, reserved 1048576K
}
Event: 183.801 GC heap after
{Heap after GC invocations=54 (full 0):
 garbage-first heap   total 1392640K, used 445905K [0x0000000741800000, 0x0000000800000000)
  region size 2048K, 1 young (2048K), 1 survivors (2048K)
 Metaspace       used 119268K, committed 120960K, reserved 1179648K
  class space    used 17202K, committed 17984K, reserved 1048576K
}
Event: 185.299 GC heap before
{Heap before GC invocations=54 (full 0):
 garbage-first heap   total 1392640K, used 513489K [0x0000000741800000, 0x0000000800000000)
  region size 2048K, 34 young (69632K), 1 survivors (2048K)
 Metaspace       used 119453K, committed 121152K, reserved 1179648K
  class space    used 17202K, committed 17984K, reserved 1048576K
}
Event: 185.305 GC heap after
{Heap after GC invocations=55 (full 0):
 garbage-first heap   total 1392640K, used 420383K [0x0000000741800000, 0x0000000800000000)
  region size 2048K, 1 young (2048K), 1 survivors (2048K)
 Metaspace       used 119453K, committed 121152K, reserved 1179648K
  class space    used 17202K, committed 17984K, reserved 1048576K
}
Event: 197.458 GC heap before
{Heap before GC invocations=55 (full 0):
 garbage-first heap   total 1392640K, used 1026591K [0x0000000741800000, 0x0000000800000000)
  region size 2048K, 297 young (608256K), 1 survivors (2048K)
 Metaspace       used 119816K, committed 121536K, reserved 1179648K
  class space    used 17211K, committed 17984K, reserved 1048576K
}
Event: 197.462 GC heap after
{Heap after GC invocations=56 (full 0):
 garbage-first heap   total 1392640K, used 420394K [0x0000000741800000, 0x0000000800000000)
  region size 2048K, 1 young (2048K), 1 survivors (2048K)
 Metaspace       used 119816K, committed 121536K, reserved 1179648K
  class space    used 17211K, committed 17984K, reserved 1048576K
}
Event: 212.455 GC heap before
{Heap before GC invocations=56 (full 0):
 garbage-first heap   total 1392640K, used 1169962K [0x0000000741800000, 0x0000000800000000)
  region size 2048K, 367 young (751616K), 1 survivors (2048K)
 Metaspace       used 119946K, committed 121600K, reserved 1179648K
  class space    used 17212K, committed 17984K, reserved 1048576K
}
Event: 212.459 GC heap after
{Heap after GC invocations=57 (full 0):
 garbage-first heap   total 1392640K, used 420382K [0x0000000741800000, 0x0000000800000000)
  region size 2048K, 1 young (2048K), 1 survivors (2048K)
 Metaspace       used 119946K, committed 121600K, reserved 1179648K
  class space    used 17212K, committed 17984K, reserved 1048576K
}
Event: 227.580 GC heap before
{Heap before GC invocations=57 (full 0):
 garbage-first heap   total 1392640K, used 1186334K [0x0000000741800000, 0x0000000800000000)
  region size 2048K, 375 young (768000K), 1 survivors (2048K)
 Metaspace       used 119973K, committed 121664K, reserved 1179648K
  class space    used 17212K, committed 17984K, reserved 1048576K
}
Event: 227.583 GC heap after
{Heap after GC invocations=58 (full 0):
 garbage-first heap   total 1392640K, used 420390K [0x0000000741800000, 0x0000000800000000)
  region size 2048K, 1 young (2048K), 1 survivors (2048K)
 Metaspace       used 119973K, committed 121664K, reserved 1179648K
  class space    used 17212K, committed 17984K, reserved 1048576K
}
Event: 241.830 GC heap before
{Heap before GC invocations=59 (full 0):
 garbage-first heap   total 1392640K, used 1200678K [0x0000000741800000, 0x0000000800000000)
  region size 2048K, 382 young (782336K), 1 survivors (2048K)
 Metaspace       used 120115K, committed 121856K, reserved 1179648K
  class space    used 17218K, committed 17984K, reserved 1048576K
}
Event: 241.837 GC heap after
{Heap after GC invocations=60 (full 0):
 garbage-first heap   total 1392640K, used 420584K [0x0000000741800000, 0x0000000800000000)
  region size 2048K, 1 young (2048K), 1 survivors (2048K)
 Metaspace       used 120115K, committed 121856K, reserved 1179648K
  class space    used 17218K, committed 17984K, reserved 1048576K
}
Event: 242.977 GC heap before
{Heap before GC invocations=60 (full 0):
 garbage-first heap   total 1392640K, used 486120K [0x0000000741800000, 0x0000000800000000)
  region size 2048K, 34 young (69632K), 1 survivors (2048K)
 Metaspace       used 120796K, committed 122496K, reserved 1179648K
  class space    used 17322K, committed 18112K, reserved 1048576K
}
Event: 242.988 GC heap after
{Heap after GC invocations=61 (full 0):
 garbage-first heap   total 1392640K, used 409895K [0x0000000741800000, 0x0000000800000000)
  region size 2048K, 2 young (4096K), 2 survivors (4096K)
 Metaspace       used 120796K, committed 122496K, reserved 1179648K
  class space    used 17322K, committed 18112K, reserved 1048576K
}
Event: 255.657 GC heap before
{Heap before GC invocations=61 (full 0):
 garbage-first heap   total 1392640K, used 1210663K [0x0000000741800000, 0x0000000800000000)
  region size 2048K, 393 young (804864K), 2 survivors (4096K)
 Metaspace       used 121088K, committed 122816K, reserved 1179648K
  class space    used 17334K, committed 18112K, reserved 1048576K
}
Event: 255.664 GC heap after
{Heap after GC invocations=62 (full 0):
 garbage-first heap   total 1392640K, used 410205K [0x0000000741800000, 0x0000000800000000)
  region size 2048K, 2 young (4096K), 2 survivors (4096K)
 Metaspace       used 121088K, committed 122816K, reserved 1179648K
  class space    used 17334K, committed 18112K, reserved 1048576K
}
Event: 271.136 GC heap before
{Heap before GC invocations=62 (full 0):
 garbage-first heap   total 1392640K, used 1219165K [0x0000000741800000, 0x0000000800000000)
  region size 2048K, 397 young (813056K), 2 survivors (4096K)
 Metaspace       used 121123K, committed 122816K, reserved 1179648K
  class space    used 17337K, committed 18112K, reserved 1048576K
}
Event: 271.143 GC heap after
{Heap after GC invocations=63 (full 0):
 garbage-first heap   total 1392640K, used 410289K [0x0000000741800000, 0x0000000800000000)
  region size 2048K, 2 young (4096K), 2 survivors (4096K)
 Metaspace       used 121123K, committed 122816K, reserved 1179648K
  class space    used 17337K, committed 18112K, reserved 1048576K
}

Dll operation events (16 events):
Event: 0.010 Loaded shared library F:\MCreator20241\jdk\bin\java.dll
Event: 0.029 Loaded shared library F:\MCreator20241\jdk\bin\jsvml.dll
Event: 0.273 Loaded shared library F:\MCreator20241\jdk\bin\net.dll
Event: 0.275 Loaded shared library F:\MCreator20241\jdk\bin\nio.dll
Event: 0.278 Loaded shared library F:\MCreator20241\jdk\bin\zip.dll
Event: 0.394 Loaded shared library F:\MCreator20241\jdk\bin\jimage.dll
Event: 1.052 Loaded shared library F:\MCreator20241\jdk\bin\verify.dll
Event: 4.371 Loaded shared library F:\MCreator20241\jdk\bin\management.dll
Event: 4.373 Loaded shared library F:\MCreator20241\jdk\bin\management_ext.dll
Event: 5.724 Loaded shared library C:\Users\JunZulaki\AppData\Local\Temp\lwjglJunZulaki\3.3.1-build-7\lwjgl.dll
Event: 7.433 Loaded shared library C:\Users\JunZulaki\AppData\Local\Temp\lwjglJunZulaki\3.3.1-build-7\lwjgl_stb.dll
Event: 7.682 Loaded shared library C:\Users\JunZulaki\AppData\Local\Temp\lwjglJunZulaki\3.3.1-build-7\lwjgl_opengl.dll
Event: 14.351 Loaded shared library C:\Users\JunZulaki\AppData\Local\Temp\jna--1328118383\jna12836617574678632063.dll
Event: 26.115 Loaded shared library F:\MCreator20241\jdk\bin\sunmscapi.dll
Event: 26.783 Loaded shared library F:\MCreator20241\jdk\bin\extnet.dll
Event: 175.383 Loaded shared library F:\MCreator20241\jdk\bin\awt.dll

Deoptimization events (20 events):
Event: 274.503 Thread 0x0000028b5e207a90 Uncommon trap: trap_request=0xffffff45 fr.pc=0x0000028b760acc28 relative=0x0000000000000368
Event: 274.503 Thread 0x0000028b5e207a90 Uncommon trap: reason=unstable_if action=reinterpret pc=0x0000028b760acc28 method=it.unimi.dsi.fastutil.longs.Long2ObjectLinkedOpenHashMap.remove(J)Ljava/lang/Object; @ 49 c2
Event: 274.503 Thread 0x0000028b5e207a90 DEOPT PACKING pc=0x0000028b760acc28 sp=0x000000f75fcfed60
Event: 274.503 Thread 0x0000028b5e207a90 DEOPT UNPACKING pc=0x0000028b74fd69a3 sp=0x000000f75fcfeb90 mode 2
Event: 274.504 Thread 0x0000028b5e207a90 Uncommon trap: trap_request=0xffffff45 fr.pc=0x0000028b760ae718 relative=0x0000000000000358
Event: 274.504 Thread 0x0000028b5e207a90 Uncommon trap: reason=unstable_if action=reinterpret pc=0x0000028b760ae718 method=net.minecraft.server.level.ChunkTaskPriorityQueue.resortChunkTasks(ILnet/minecraft/world/level/ChunkPos;I)V @ 41 c2
Event: 274.504 Thread 0x0000028b5e207a90 DEOPT PACKING pc=0x0000028b760ae718 sp=0x000000f75fcfecf0
Event: 274.504 Thread 0x0000028b5e207a90 DEOPT UNPACKING pc=0x0000028b74fd69a3 sp=0x000000f75fcfec88 mode 2
Event: 274.515 Thread 0x0000028b60016730 Uncommon trap: trap_request=0xffffff6e fr.pc=0x0000028b765ee344 relative=0x00000000000017c4
Event: 274.515 Thread 0x0000028b60016730 Uncommon trap: reason=loop_limit_check action=maybe_recompile pc=0x0000028b765ee344 method=net.minecraft.server.level.DistanceManager.runAllUpdates(Lnet/minecraft/server/level/ChunkMap;)Z @ 117 c2
Event: 274.515 Thread 0x0000028b60016730 DEOPT PACKING pc=0x0000028b765ee344 sp=0x000000f75e4ff530
Event: 274.515 Thread 0x0000028b60016730 DEOPT UNPACKING pc=0x0000028b74fd69a3 sp=0x000000f75e4ff508 mode 2
Event: 274.563 Thread 0x0000028b65f45a70 Uncommon trap: trap_request=0xffffff76 fr.pc=0x0000028b767afa00 relative=0x00000000000035c0
Event: 274.563 Thread 0x0000028b65f45a70 Uncommon trap: reason=predicate action=maybe_recompile pc=0x0000028b767afa00 method=net.minecraft.client.renderer.LevelRenderer.renderChunkLayer(Lnet/minecraft/client/renderer/RenderType;Lcom/mojang/blaze3d/vertex/PoseStack;DDDLorg/joml/Matrix4f;)V @ 176 
Event: 274.563 Thread 0x0000028b65f45a70 DEOPT PACKING pc=0x0000028b767afa00 sp=0x000000f75ccfd990
Event: 274.563 Thread 0x0000028b65f45a70 DEOPT UNPACKING pc=0x0000028b74fd69a3 sp=0x000000f75ccfd948 mode 2
Event: 274.791 Thread 0x0000028b65f45a70 Uncommon trap: trap_request=0xffffff45 fr.pc=0x0000028b765a7eac relative=0x0000000000000a2c
Event: 274.791 Thread 0x0000028b65f45a70 Uncommon trap: reason=unstable_if action=reinterpret pc=0x0000028b765a7eac method=net.minecraft.world.level.BlockGetter.traverseBlocks(Lnet/minecraft/world/phys/Vec3;Lnet/minecraft/world/phys/Vec3;Ljava/lang/Object;Ljava/util/function/BiFunction;Ljava/uti
Event: 274.791 Thread 0x0000028b65f45a70 DEOPT PACKING pc=0x0000028b765a7eac sp=0x000000f75ccfd9a0
Event: 274.791 Thread 0x0000028b65f45a70 DEOPT UNPACKING pc=0x0000028b74fd69a3 sp=0x000000f75ccfd850 mode 2

Classes unloaded (0 events):
No events

Classes redefined (0 events):
No events

Internal exceptions (20 events):
Event: 223.781 Thread 0x0000028b600152f0 Exception <a 'sun/nio/fs/WindowsException'{0x0000000773705710}> (0x0000000773705710) 
thrown [s\src\hotspot\share\prims\jni.cpp, line 516]
Event: 223.835 Thread 0x0000028b600152f0 Exception <a 'sun/nio/fs/WindowsException'{0x000000077370a6d0}> (0x000000077370a6d0) 
thrown [s\src\hotspot\share\prims\jni.cpp, line 516]
Event: 233.882 Thread 0x0000028b600152f0 Exception <a 'sun/nio/fs/WindowsException'{0x0000000782c056a8}> (0x0000000782c056a8) 
thrown [s\src\hotspot\share\prims\jni.cpp, line 516]
Event: 237.117 Thread 0x0000028b6001bd40 Implicit null exception at 0x0000028b761b31d7 to 0x0000028b761b346c
Event: 239.323 Thread 0x0000028b65f45a70 Implicit null exception at 0x0000028b7633ca1d to 0x0000028b7633cc10
Event: 239.359 Thread 0x0000028b5e205720 Implicit null exception at 0x0000028b76329f34 to 0x0000028b7632e2d8
Event: 239.360 Thread 0x0000028b5e205720 Implicit null exception at 0x0000028b7634b86f to 0x0000028b7634ea6c
Event: 239.361 Thread 0x0000028b5e205720 Implicit null exception at 0x0000028b7633d39d to 0x0000028b7633d590
Event: 242.157 Thread 0x0000028b65f45a70 Exception <a 'java/lang/NoSuchMethodError'{0x00000007ff0bd578}: 'java.lang.Object java.lang.invoke.DirectMethodHandle$Holder.newInvokeSpecial(java.lang.Object, java.lang.Object, long, int, int)'> (0x00000007ff0bd578) 
thrown [s\src\hotspot\share\interpreter\linkResolver.cpp, line 759]
Event: 242.157 Thread 0x0000028b65f45a70 Exception <a 'java/lang/NoSuchMethodError'{0x00000007ff0c4c10}: 'java.lang.Object java.lang.invoke.Invokers$Holder.linkToTargetMethod(java.lang.Object, long, int, int, java.lang.Object)'> (0x00000007ff0c4c10) 
thrown [s\src\hotspot\share\interpreter\linkResolver.cpp, line 759]
Event: 242.665 Thread 0x0000028b65f45a70 Implicit null exception at 0x0000028b764d114f to 0x0000028b764d054c
Event: 242.676 Thread 0x0000028b65f45a70 Exception <a 'java/lang/NoSuchMethodError'{0x00000007934a4d80}: 'float java.lang.invoke.DirectMethodHandle$Holder.invokeStaticInit(java.lang.Object, java.lang.Object, java.lang.Object, java.lang.Object, int)'> (0x00000007934a4d80) 
thrown [s\src\hotspot\share\interpreter\linkResolver.cpp, line 759]
Event: 242.691 Thread 0x0000028b65f45a70 Exception <a 'java/lang/NoSuchMethodError'{0x0000000793245810}: 'java.lang.Object java.lang.invoke.DirectMethodHandle$Holder.newInvokeSpecial(java.lang.Object, java.lang.Object, java.lang.Object, java.lang.Object, java.lang.Object, int, int)'> (0x0000000793245810) 
thrown [s\src\hotspot\share\interpreter\linkResolver.cpp, line 759]
Event: 242.692 Thread 0x0000028b65f45a70 Exception <a 'java/lang/NoSuchMethodError'{0x000000079324d660}: 'java.lang.Object java.lang.invoke.Invokers$Holder.linkToTargetMethod(java.lang.Object, java.lang.Object, java.lang.Object, java.lang.Object, int, int, java.lang.Object)'> (0x000000079324d660) 
thrown [s\src\hotspot\share\interpreter\linkResolver.cpp, line 759]
Event: 248.835 Thread 0x0000028b600152f0 Exception <a 'sun/nio/fs/WindowsException'{0x000000077ed05898}> (0x000000077ed05898) 
thrown [s\src\hotspot\share\prims\jni.cpp, line 516]
Event: 252.483 Thread 0x0000028b600152f0 Exception <a 'sun/nio/fs/WindowsException'{0x000000077ed0a858}> (0x000000077ed0a858) 
thrown [s\src\hotspot\share\prims\jni.cpp, line 516]
Event: 253.382 Thread 0x0000028b600152f0 Exception <a 'sun/nio/fs/WindowsException'{0x000000076fa00368}> (0x000000076fa00368) 
thrown [s\src\hotspot\share\prims\jni.cpp, line 516]
Event: 258.488 Thread 0x0000028b600152f0 Exception <a 'sun/nio/fs/WindowsException'{0x000000078c8053a8}> (0x000000078c8053a8) 
thrown [s\src\hotspot\share\prims\jni.cpp, line 516]
Event: 259.833 Thread 0x0000028b600152f0 Exception <a 'sun/nio/fs/WindowsException'{0x000000078c80a368}> (0x000000078c80a368) 
thrown [s\src\hotspot\share\prims\jni.cpp, line 516]
Event: 270.832 Thread 0x0000028b600152f0 Exception <a 'sun/nio/fs/WindowsException'{0x000000078c80d310}> (0x000000078c80d310) 
thrown [s\src\hotspot\share\prims\jni.cpp, line 516]

VM Operations (20 events):
Event: 266.668 Executing VM operation: Cleanup
Event: 266.668 Executing VM operation: Cleanup done
Event: 267.669 Executing VM operation: Cleanup
Event: 267.669 Executing VM operation: Cleanup done
Event: 268.669 Executing VM operation: Cleanup
Event: 268.669 Executing VM operation: Cleanup done
Event: 269.669 Executing VM operation: Cleanup
Event: 269.670 Executing VM operation: Cleanup done
Event: 270.670 Executing VM operation: Cleanup
Event: 270.671 Executing VM operation: Cleanup done
Event: 271.136 Executing VM operation: G1CollectForAllocation
Event: 271.143 Executing VM operation: G1CollectForAllocation done
Event: 272.144 Executing VM operation: Cleanup
Event: 272.144 Executing VM operation: Cleanup done
Event: 273.145 Executing VM operation: Cleanup
Event: 273.145 Executing VM operation: Cleanup done
Event: 274.146 Executing VM operation: Cleanup
Event: 274.146 Executing VM operation: Cleanup done
Event: 274.442 Executing VM operation: HandshakeAllThreads
Event: 274.443 Executing VM operation: HandshakeAllThreads done

Events (20 events):
Event: 253.340 Thread 0x0000028b0612ada0 flushing nmethod 0x0000028b6f9f9b90
Event: 253.340 Thread 0x0000028b0612ada0 flushing nmethod 0x0000028b6fa02d90
Event: 253.340 Thread 0x0000028b0612ada0 flushing nmethod 0x0000028b6fa34890
Event: 253.340 Thread 0x0000028b0612ada0 flushing nmethod 0x0000028b6fa34c10
Event: 253.340 Thread 0x0000028b0612ada0 flushing nmethod 0x0000028b6fa35a10
Event: 253.340 Thread 0x0000028b0612ada0 flushing nmethod 0x0000028b6fa35d90
Event: 253.340 Thread 0x0000028b0612ada0 flushing nmethod 0x0000028b6fa36b10
Event: 253.340 Thread 0x0000028b0612ada0 flushing nmethod 0x0000028b6fa3bd90
Event: 253.340 Thread 0x0000028b0612ada0 flushing nmethod 0x0000028b6fa3c110
Event: 253.340 Thread 0x0000028b0612ada0 flushing nmethod 0x0000028b6fa3d490
Event: 253.340 Thread 0x0000028b0612ada0 flushing nmethod 0x0000028b6fa41390
Event: 253.340 Thread 0x0000028b0612ada0 flushing nmethod 0x0000028b6fa41b90
Event: 253.341 Thread 0x0000028b0612ada0 flushing nmethod 0x0000028b6fa5d110
Event: 253.341 Thread 0x0000028b0612ada0 flushing nmethod 0x0000028b6fa65790
Event: 254.796 Thread 0x0000028b4e8c93c0 Thread added: 0x0000028b4e8c93c0
Event: 255.987 Thread 0x0000028b4e8c93c0 Thread exited: 0x0000028b4e8c93c0
Event: 260.153 Thread 0x0000028b4e8ca3b0 Thread added: 0x0000028b4e8ca3b0
Event: 260.878 Thread 0x0000028b4e8ca3b0 Thread exited: 0x0000028b4e8ca3b0
Event: 274.443 Thread 0x0000028b5f3e5cd0 Thread added: 0x0000028b5f3e5cd0
Event: 274.483 Thread 0x0000028b0612ada0 flushing nmethod 0x0000028b6f768810


Dynamic libraries:
0x00007ff7a6b10000 - 0x00007ff7a6b1e000 	F:\MCreator20241\jdk\bin\java.exe
0x00007ff95d290000 - 0x00007ff95d489000 	C:\Windows\SYSTEM32\ntdll.dll
0x00007ff95bdc0000 - 0x00007ff95be82000 	C:\Windows\System32\KERNEL32.DLL
0x00007ff95a900000 - 0x00007ff95abf7000 	C:\Windows\System32\KERNELBASE.dll
0x00007ff95ace0000 - 0x00007ff95ade0000 	C:\Windows\System32\ucrtbase.dll
0x00007ff9543f0000 - 0x00007ff954407000 	F:\MCreator20241\jdk\bin\jli.dll
0x00007ff94dd60000 - 0x00007ff94dd7b000 	F:\MCreator20241\jdk\bin\VCRUNTIME140.dll
0x00007ff95cb00000 - 0x00007ff95cc9d000 	C:\Windows\System32\USER32.dll
0x00007ff95b180000 - 0x00007ff95b1a2000 	C:\Windows\System32\win32u.dll
0x00007ff95c300000 - 0x00007ff95c32b000 	C:\Windows\System32\GDI32.dll
0x00007ff947350000 - 0x00007ff9475eb000 	C:\Windows\WinSxS\amd64_microsoft.windows.common-controls_6595b64144ccf1df_6.0.19041.7663_none_60b9ed0b71f50c93\COMCTL32.dll
0x00007ff95af40000 - 0x00007ff95b05a000 	C:\Windows\System32\gdi32full.dll
0x00007ff95c5f0000 - 0x00007ff95c68e000 	C:\Windows\System32\msvcrt.dll
0x00007ff95b0e0000 - 0x00007ff95b17d000 	C:\Windows\System32\msvcp_win.dll
0x00007ff95cd10000 - 0x00007ff95cd3f000 	C:\Windows\System32\IMM32.DLL
0x00007ff94dee0000 - 0x00007ff94deec000 	F:\MCreator20241\jdk\bin\vcruntime140_1.dll
0x00007ff93ad20000 - 0x00007ff93adad000 	F:\MCreator20241\jdk\bin\msvcp140.dll
0x00007ff8e14e0000 - 0x00007ff8e2142000 	F:\MCreator20241\jdk\bin\server\jvm.dll
0x00007ff95c530000 - 0x00007ff95c5e2000 	C:\Windows\System32\ADVAPI32.dll
0x00007ff95bbc0000 - 0x00007ff95bc60000 	C:\Windows\System32\sechost.dll
0x00007ff95ba10000 - 0x00007ff95bb36000 	C:\Windows\System32\RPCRT4.dll
0x00007ff95acb0000 - 0x00007ff95acd7000 	C:\Windows\System32\bcrypt.dll
0x00007ff95a750000 - 0x00007ff95a79b000 	C:\Windows\SYSTEM32\POWRPROF.dll
0x00007ff9509a0000 - 0x00007ff9509c7000 	C:\Windows\SYSTEM32\WINMM.dll
0x00007ff939c20000 - 0x00007ff939c29000 	C:\Windows\SYSTEM32\WSOCK32.dll
0x00007ff95cca0000 - 0x00007ff95cd0b000 	C:\Windows\System32\WS2_32.dll
0x00007ff953c40000 - 0x00007ff953c4a000 	C:\Windows\SYSTEM32\VERSION.dll
0x00007ff95a730000 - 0x00007ff95a742000 	C:\Windows\SYSTEM32\UMPDC.dll
0x00007ff959110000 - 0x00007ff959122000 	C:\Windows\SYSTEM32\kernel.appcore.dll
0x00007ff94dd50000 - 0x00007ff94dd5a000 	F:\MCreator20241\jdk\bin\jimage.dll
0x00007ff958490000 - 0x00007ff958691000 	C:\Windows\SYSTEM32\DBGHELP.DLL
0x00007ff9441e0000 - 0x00007ff944214000 	C:\Windows\SYSTEM32\dbgcore.DLL
0x00007ff95b1b0000 - 0x00007ff95b232000 	C:\Windows\System32\bcryptPrimitives.dll
0x00007ff945820000 - 0x00007ff945845000 	F:\MCreator20241\jdk\bin\java.dll
0x00007ff9389d0000 - 0x00007ff938aa7000 	F:\MCreator20241\jdk\bin\jsvml.dll
0x00007ff95b290000 - 0x00007ff95ba01000 	C:\Windows\System32\SHELL32.dll
0x00007ff9586a0000 - 0x00007ff958e4c000 	C:\Windows\SYSTEM32\windows.storage.dll
0x00007ff95cef0000 - 0x00007ff95d243000 	C:\Windows\System32\combase.dll
0x00007ff95a250000 - 0x00007ff95a27b000 	C:\Windows\SYSTEM32\Wldp.dll
0x00007ff95c210000 - 0x00007ff95c2e6000 	C:\Windows\System32\OLEAUT32.dll
0x00007ff95bd10000 - 0x00007ff95bdbd000 	C:\Windows\System32\SHCORE.dll
0x00007ff95c190000 - 0x00007ff95c1eb000 	C:\Windows\System32\shlwapi.dll
0x00007ff95a820000 - 0x00007ff95a845000 	C:\Windows\SYSTEM32\profapi.dll
0x00007ff9455e0000 - 0x00007ff9455f9000 	F:\MCreator20241\jdk\bin\net.dll
0x00007ff953050000 - 0x00007ff95315d000 	C:\Windows\SYSTEM32\WINHTTP.dll
0x00007ff959f80000 - 0x00007ff959fea000 	C:\Windows\system32\mswsock.dll
0x00007ff9455c0000 - 0x00007ff9455d6000 	F:\MCreator20241\jdk\bin\nio.dll
0x00007ff945490000 - 0x00007ff9454a8000 	F:\MCreator20241\jdk\bin\zip.dll
0x00007ff9410b0000 - 0x00007ff9410c0000 	F:\MCreator20241\jdk\bin\verify.dll
0x00007ff944c10000 - 0x00007ff944c19000 	F:\MCreator20241\jdk\bin\management.dll
0x00007ff944c00000 - 0x00007ff944c0b000 	F:\MCreator20241\jdk\bin\management_ext.dll
0x00007ff95c2f0000 - 0x00007ff95c2f8000 	C:\Windows\System32\PSAPI.DLL
0x00007ff945450000 - 0x00007ff945467000 	C:\Windows\system32\napinsp.dll
0x00007ff9446a0000 - 0x00007ff9446bb000 	C:\Windows\system32\pnrpnsp.dll
0x00007ff956340000 - 0x00007ff95635d000 	C:\Windows\system32\wshbth.dll
0x00007ff956320000 - 0x00007ff95633d000 	C:\Windows\system32\NLAapi.dll
0x00007ff959c60000 - 0x00007ff959c9b000 	C:\Windows\SYSTEM32\IPHLPAPI.DLL
0x00007ff959ca0000 - 0x00007ff959d6c000 	C:\Windows\SYSTEM32\DNSAPI.dll
0x00007ff95c020000 - 0x00007ff95c028000 	C:\Windows\System32\NSI.dll
0x00007ff9439d0000 - 0x00007ff9439e2000 	C:\Windows\System32\winrnr.dll
0x00007ff94d770000 - 0x00007ff94d77a000 	C:\Windows\System32\rasadhlp.dll
0x00007ff94db70000 - 0x00007ff94dbf0000 	C:\Windows\System32\fwpuclnt.dll
0x00007ff922da0000 - 0x00007ff922e15000 	C:\Users\JunZulaki\AppData\Local\Temp\lwjglJunZulaki\3.3.1-build-7\lwjgl.dll
0x00007ff91aec0000 - 0x00007ff91af21000 	C:\Users\JUNZUL~1\AppData\Local\Temp\lwjglJunZulaki\3.3.1-build-7\glfw.dll
0x00007ff936aa0000 - 0x00007ff936ae5000 	C:\Windows\SYSTEM32\dinput8.dll
0x00007ff938450000 - 0x00007ff938461000 	C:\Windows\SYSTEM32\xinput1_4.dll
0x00007ff95b240000 - 0x00007ff95b28e000 	C:\Windows\System32\cfgmgr32.dll
0x00007ff95a5b0000 - 0x00007ff95a5e3000 	C:\Windows\SYSTEM32\DEVOBJ.dll
0x00007ff957670000 - 0x00007ff95769e000 	C:\Windows\SYSTEM32\dwmapi.dll
0x00007ff952340000 - 0x00007ff952492000 	C:\Windows\SYSTEM32\inputhost.dll
0x00007ff955d00000 - 0x00007ff955df2000 	C:\Windows\SYSTEM32\CoreMessaging.dll
0x00007ff956040000 - 0x00007ff956197000 	C:\Windows\SYSTEM32\wintypes.dll
0x00007ff956d20000 - 0x00007ff956e1a000 	C:\Windows\SYSTEM32\PROPSYS.dll
0x00007ff955880000 - 0x00007ff955bdb000 	C:\Windows\SYSTEM32\CoreUIComponents.dll
0x00007ff959af0000 - 0x00007ff959b23000 	C:\Windows\SYSTEM32\ntmarta.dll
0x00007ff957360000 - 0x00007ff9573fe000 	C:\Windows\system32\uxtheme.dll
0x00007ff95c410000 - 0x00007ff95c526000 	C:\Windows\System32\MSCTF.dll
0x00007ff925010000 - 0x00007ff925139000 	C:\Windows\SYSTEM32\opengl32.dll
0x00007ff925380000 - 0x00007ff9253ac000 	C:\Windows\SYSTEM32\GLU32.dll
0x00007ff95bc60000 - 0x00007ff95bd09000 	C:\Windows\System32\clbcatq.dll
0x00007ff8c26c0000 - 0x00007ff8c5014000 	C:\Windows\System32\DriverStore\FileRepository\nvami.inf_amd64_5157a9d8cfc51046\nvoglv64.dll
0x00007ff95c690000 - 0x00007ff95cb00000 	C:\Windows\System32\SETUPAPI.dll
0x00007ff95be90000 - 0x00007ff95bfbb000 	C:\Windows\System32\ole32.dll
0x00007ff955860000 - 0x00007ff955874000 	C:\Windows\SYSTEM32\WTSAPI32.dll
0x00007ff95a3e0000 - 0x00007ff95a3f2000 	C:\Windows\SYSTEM32\msasn1.dll
0x00007ff952bc0000 - 0x00007ff952bf1000 	C:\Windows\SYSTEM32\cryptnet.dll
0x00007ff95ade0000 - 0x00007ff95af3d000 	C:\Windows\System32\CRYPT32.dll
0x00007ff95a1c0000 - 0x00007ff95a1cc000 	C:\Windows\SYSTEM32\cryptbase.dll
0x00007ff952a70000 - 0x00007ff952bb8000 	C:\Windows\SYSTEM32\drvstore.dll
0x00007ff95b060000 - 0x00007ff95b0d4000 	C:\Windows\System32\WINTRUST.dll
0x00007ff95c1f0000 - 0x00007ff95c20d000 	C:\Windows\System32\imagehlp.dll
0x00007ff95a1a0000 - 0x00007ff95a1b8000 	C:\Windows\SYSTEM32\CRYPTSP.dll
0x00007ff9598a0000 - 0x00007ff9598d8000 	C:\Windows\system32\rsaenh.dll
0x00007ff92f970000 - 0x00007ff933704000 	C:\Windows\System32\DriverStore\FileRepository\nvami.inf_amd64_5157a9d8cfc51046\nvgpucomp64.dll
0x00007ff94ae80000 - 0x00007ff94aebb000 	C:\Windows\SYSTEM32\dxcore.dll
0x00007ff95a620000 - 0x00007ff95a67b000 	C:\Windows\SYSTEM32\WINSTA.dll
0x00007ff959150000 - 0x00007ff959246000 	C:\Windows\system32\dxgi.dll
0x00007ff958e60000 - 0x00007ff9590c4000 	C:\Windows\system32\d3d11.dll
0x00007ff938820000 - 0x00007ff9388e4000 	C:\Windows\System32\DriverStore\FileRepository\nvami.inf_amd64_5157a9d8cfc51046\nvldumdx.dll
0x00007ff938740000 - 0x00007ff93881e000 	C:\Windows\System32\DriverStore\FileRepository\nvami.inf_amd64_5157a9d8cfc51046\NvMemMapStoragex.dll
0x00007ff92a130000 - 0x00007ff92f966000 	C:\Windows\System32\DriverStore\FileRepository\nvami.inf_amd64_5157a9d8cfc51046\nvwgf2umx.dll
0x00007ff9337c0000 - 0x00007ff933977000 	C:\Windows\System32\DriverStore\FileRepository\nvami.inf_amd64_5157a9d8cfc51046\nvppex.dll
0x00007ff94c570000 - 0x00007ff94caf6000 	C:\Windows\SYSTEM32\nvapi64.dll
0x00007ff949680000 - 0x00007ff94a5dd000 	C:\Windows\SYSTEM32\igd10iumd64.dll
0x00007ff95a2c0000 - 0x00007ff95a2e7000 	C:\Windows\SYSTEM32\ncrypt.dll
0x00007ff956280000 - 0x00007ff956314000 	C:\Windows\SYSTEM32\apphelp.dll
0x00007ff95a280000 - 0x00007ff95a2bb000 	C:\Windows\SYSTEM32\NTASN1.dll
0x00007ff947d10000 - 0x00007ff94874f000 	C:\Windows\SYSTEM32\igdusc64.dll
0x00007ff955190000 - 0x00007ff955375000 	C:\Windows\SYSTEM32\dcomp.dll
0x00007ff8e5000000 - 0x00007ff8e5259000 	C:\Users\JUNZUL~1\AppData\Local\Temp\lwjglJunZulaki\3.3.1-build-7\jemalloc.dll
0x00007ff9180a0000 - 0x00007ff918121000 	C:\Users\JunZulaki\AppData\Local\Temp\lwjglJunZulaki\3.3.1-build-7\lwjgl_stb.dll
0x00007ff952550000 - 0x00007ff952649000 	C:\Windows\SYSTEM32\textinputframework.dll
0x00007ff947210000 - 0x00007ff947276000 	C:\Windows\system32\Oleacc.dll
0x00007ff9152b0000 - 0x00007ff91530d000 	C:\Users\JunZulaki\AppData\Local\Temp\lwjglJunZulaki\3.3.1-build-7\lwjgl_opengl.dll
0x00007ff9260b0000 - 0x00007ff926101000 	C:\Windows\SYSTEM32\pdh.dll
0x00007ff93d8a0000 - 0x00007ff93d8af000 	C:\Windows\System32\perfproc.dll
0x00007ff93a820000 - 0x00007ff93a82f000 	C:\Windows\System32\perfos.dll
0x00007ff95a7e0000 - 0x00007ff95a80e000 	C:\Windows\SYSTEM32\USERENV.dll
0x00007ff953900000 - 0x00007ff953917000 	C:\Windows\SYSTEM32\dhcpcsvc6.DLL
0x00007ff954080000 - 0x00007ff95409e000 	C:\Windows\SYSTEM32\dhcpcsvc.DLL
0x00007ff936400000 - 0x00007ff936440000 	C:\Users\JunZulaki\AppData\Local\Temp\jna--1328118383\jna12836617574678632063.dll
0x00007ff93dce0000 - 0x00007ff93dcff000 	C:\Windows\SYSTEM32\amsi.dll
0x00007ff940f50000 - 0x00007ff940f5e000 	F:\MCreator20241\jdk\bin\sunmscapi.dll
0x00007ff940f40000 - 0x00007ff940f49000 	F:\MCreator20241\jdk\bin\extnet.dll
0x00007ff950df0000 - 0x00007ff950e9e000 	C:\Windows\SYSTEM32\mscms.dll
0x00007ff950a30000 - 0x00007ff950a41000 	C:\Windows\SYSTEM32\ColorAdapterClient.dll
0x00007ff939910000 - 0x00007ff939956000 	C:\Windows\SYSTEM32\icm32.dll
0x00007ff914400000 - 0x00007ff914597000 	C:\Users\JUNZUL~1\AppData\Local\Temp\lwjglJunZulaki\3.3.1-build-7\OpenAL.dll

dbghelp: loaded successfully - version: 4.0.5 - missing functions: none
symbol engine: initialized successfully - sym options: 0x614 - pdb path: .;F:\MCreator20241\jdk\bin;C:\Windows\SYSTEM32;C:\Windows\WinSxS\amd64_microsoft.windows.common-controls_6595b64144ccf1df_6.0.19041.7663_none_60b9ed0b71f50c93;F:\MCreator20241\jdk\bin\server;C:\Users\JunZulaki\AppData\Local\Temp\lwjglJunZulaki\3.3.1-build-7;C:\Users\JUNZUL~1\AppData\Local\Temp\lwjglJunZulaki\3.3.1-build-7;C:\Windows\System32\DriverStore\FileRepository\nvami.inf_amd64_5157a9d8cfc51046;C:\Users\JunZulaki\AppData\Local\Temp\jna--1328118383;C:\Windows\System32\Speech\Common

VM Arguments:
jvm_args: -Dforge.enableGameTest=true -Dforge.logging.console.level=debug -Dforge.logging.markers=REGISTRIES -DignoreList=bootstraplauncher,securejarhandler,asm-commons,asm-util,asm-analysis,asm-tree,asm,JarJarFileSystems,client-extra,fmlcore,javafmllanguage,lowcodelanguage,mclanguage,forge- -Djava.net.preferIPv6Addresses=system -DlegacyClassPath.file=F:\MCreatorWorkspace\JunjieTrafficMod\build\classpath\runClient_minecraftClasspath.txt -DmergeModules=jna-5.10.0.jar,jna-platform-5.10.0.jar --module-path=C:\Users\JunZulaki\.mcreator\gradle\caches\modules-2\files-2.1\cpw.mods\bootstraplauncher\1.1.2\c546e00443d8432cda6baa1c860346980742628\bootstraplauncher-1.1.2.jar;C:\Users\JunZulaki\.mcreator\gradle\caches\modules-2\files-2.1\cpw.mods\securejarhandler\2.1.10\51e6a22c6c716beb11e244bf5b8be480f51dd6b5\securejarhandler-2.1.10.jar;C:\Users\JunZulaki\.mcreator\gradle\caches\modules-2\files-2.1\org.ow2.asm\asm-commons\9.5\19ab5b5800a3910d30d3a3e64fdb00fd0cb42de0\asm-commons-9.5.jar;C:\Users\JunZulaki\.mcreator\gradle\caches\modules-2\files-2.1\org.ow2.asm\asm-util\9.5\64b5a1fc8c1b15ed2efd6a063e976bc8d3dc5ffe\asm-util-9.5.jar;C:\Users\JunZulaki\.mcreator\gradle\caches\modules-2\files-2.1\org.ow2.asm\asm-analysis\9.5\490bacc77de7cbc0be1a30bb3471072d705be4a4\asm-analysis-9.5.jar;C:\Users\JunZulaki\.mcreator\gradle\caches\modules-2\files-2.1\org.ow2.asm\asm-tree\9.5\fd33c8b6373abaa675be407082fdfda35021254a\asm-tree-9.5.jar;C:\Users\JunZulaki\.mcreator\gradle\caches\modules-2\files-2.1\org.ow2.asm\asm\9.5\dc6ea1875f4d64fbc85e1691c95b96a3d8569c90\asm-9.5.jar;C:\Users\JunZulaki\.mcreator\gradle\caches\modules-2\files-2.1\net.minecraftforge\JarJarFileSystems\0.3.19\2464eb7d6b9ddb9db36a82cf8a95193e5c6fe020\JarJarFileSystems-0.3.19.jar --add-modules=ALL-MODULE-PATH --add-opens=java.base/java.util.jar=cpw.mods.securejarhandler --add-opens=java.base/java.lang.invoke=cpw.mods.securejarhandler --add-exports=java.base/sun.security.util=cpw.mods.securejarhandler --add-exports=jdk.naming.dns/com.sun.jndi.dns=java.naming -XX:HeapDumpPath=MojangTricksIntelDriversForPerformance_javaw.exe_minecraft.exe.heapdump -Dfile.encoding=UTF-8 -Duser.country=CN -Duser.language=zh -Duser.variant 
java_command: cpw.mods.bootstraplauncher.BootstrapLauncher --launchTarget forgeclientuserdev --version MOD_DEV --assetIndex 5 --assetsDir C:\Users\JunZulaki\.mcreator\gradle\caches\forge_gradle\assets --gameDir . --fml.forgeVersion 47.2.0 --fml.mcVersion 1.20.1 --fml.forgeGroup net.minecraftforge --fml.mcpVersion 20230612.114412
java_class_path (initial): F:\MCreatorWorkspace\JunjieTrafficMod\build\classes\java\main;F:\MCreatorWorkspace\JunjieTrafficMod\build\resources\main;C:\Users\JunZulaki\.mcreator\gradle\caches\forge_gradle\minecraft_user_repo\net\minecraftforge\forge\1.20.1-47.2.0_mapped_official_1.20.1\forge-1.20.1-47.2.0_mapped_official_1.20.1-recomp.jar;C:\Users\JunZulaki\.mcreator\gradle\caches\forge_gradle\minecraft_repo\versions\1.20.1\client-extra.jar;C:\Users\JunZulaki\.mcreator\gradle\caches\modules-2\files-2.1\net.minecraftforge\fmlearlydisplay\1.20.1-47.2.0\4c56a03dcedcb909c7eaa8469dd5a36c493a0008\fmlearlydisplay-1.20.1-47.2.0.jar;C:\Users\JunZulaki\.mcreator\gradle\caches\modules-2\files-2.1\net.minecraftforge\javafmllanguage\1.20.1-47.2.0\7f9181f85acc66547685a72020713fc8cbde98\javafmllanguage-1.20.1-47.2.0.jar;C:\Users\JunZulaki\.mcreator\gradle\caches\modules-2\files-2.1\net.minecraftforge\lowcodelanguage\1.20.1-47.2.0\7872f5205685fdd26fae39b1be79b0e60ca5b7bd\lowcodelanguage-1.20.1-47.2.0.jar;C:\Users\JunZulaki\.mcreator\gradle\caches\modules-2\files-2.1\net.minecraftforge\mclanguage\1.20.1-47.2.0\d501d161cabed08b3c139a2c6217b02a39f3c3e9\mclanguage-1.20.1-47.2.0.jar;C:\Users\JunZulaki\.mcreator\gradle\caches\modules-2\files-2.1\net.minecraftforge\fmlcore\1.20.1-47.2.0\ffd3c6debac0a388c9e33ac43c9f5eafb91cb466\fmlcore-1.20.1-47.2.0.jar;C:\Users\JunZulaki\.mcreator\gradle\caches\modules-2\files-2.1\net.minecraftforge\fmlloader\1.20.1-47.2.0\7811231940c0a8b6008453bbc64fdf7fa1280fe9\fmlloader-1.20.1-47.2.0.jar;C:\Users\JunZulaki\.mcreator\gradle\caches\modules-2\files-2.1\net.minecraftforge\JarJarSelector\0.3.19\376cc9c8ea60720cf027c01fc033de915699801c\JarJarSelector-0.3.19.jar;C:\Users\JunZulaki\.mcreator\gradle\caches\modules-2\files-2.1\net.minecraftforge\JarJarMetadata\0.3.19\83feaa9b770e6ac0e96ee4fc23fa89325c5fe2\JarJarMetadata-0.3.19.jar;C:\Users\JunZulaki\.mcreator\gradle\caches\modules-2\files-2.1\com.google.guava\guava\31.1-jre\60458f877d055d0c9114d9e1a2efb737b4bc2
Launcher Type: SUN_STANDARD

[Global flags]
     intx CICompilerCount                          = 3                                         {product} {ergonomic}
     uint ConcGCThreads                            = 1                                         {product} {ergonomic}
     uint G1ConcRefinementThreads                  = 4                                         {product} {ergonomic}
   size_t G1HeapRegionSize                         = 2097152                                   {product} {ergonomic}
    uintx GCDrainStackTargetSize                   = 64                                        {product} {ergonomic}
    ccstr HeapDumpPath                             = MojangTricksIntelDriversForPerformance_javaw.exe_minecraft.exe.heapdump         {manageable} {command line}
   size_t InitialHeapSize                          = 201326592                                 {product} {ergonomic}
   size_t MarkStackSize                            = 4194304                                   {product} {ergonomic}
   size_t MaxHeapSize                              = 3196059648                                {product} {ergonomic}
   size_t MaxNewSize                               = 1916796928                                {product} {ergonomic}
   size_t MinHeapDeltaBytes                        = 2097152                                   {product} {ergonomic}
   size_t MinHeapSize                              = 8388608                                   {product} {ergonomic}
    uintx NonNMethodCodeHeapSize                   = 5832780                                {pd product} {ergonomic}
    uintx NonProfiledCodeHeapSize                  = 122912730                              {pd product} {ergonomic}
    uintx ProfiledCodeHeapSize                     = 122912730                              {pd product} {ergonomic}
    uintx ReservedCodeCacheSize                    = 251658240                              {pd product} {ergonomic}
     bool SegmentedCodeCache                       = true                                      {product} {ergonomic}
   size_t SoftMaxHeapSize                          = 3196059648                             {manageable} {ergonomic}
     bool UseCompressedClassPointers               = true                           {product lp64_product} {ergonomic}
     bool UseCompressedOops                        = true                           {product lp64_product} {ergonomic}
     bool UseG1GC                                  = true                                      {product} {ergonomic}
     bool UseLargePagesIndividualAllocation        = false                                  {pd product} {ergonomic}

Logging:
Log output configuration:
 #0: stdout all=warning uptime,level,tags
 #1: stderr all=off uptime,level,tags

Environment Variables:
JAVA_HOME=F:\MCreator20241\jdk
PATH=C:\Windows\system32;C:\Windows;C:\Windows\System32\Wbem;C:\Windows\System32\WindowsPowerShell\v1.0\;C:\Windows\System32\OpenSSH\;C:\Program Files\dotnet\;C:\Program Files (x86)\NVIDIA Corporation\PhysX\Common;C:\Program Files\nodejs\;C:\Program Files (x86)\Microsoft SDKs\TypeScript\1.0\;C:\Users\JunZulaki\AppData\Local\Microsoft\WindowsApps;C:\Users\JunZulaki\AppData\Local\Programs\Microsoft VS Code\bin;C:\Users\JunZulaki\AppData\Roaming\npm;F:\MCreator20241\jdk\bin
USERNAME=JunZulaki
OS=Windows_NT
PROCESSOR_IDENTIFIER=Intel64 Family 6 Model 61 Stepping 4, GenuineIntel
TMP=C:\Users\JUNZUL~1\AppData\Local\Temp
TEMP=C:\Users\JUNZUL~1\AppData\Local\Temp



Periodic native trim disabled


---------------  S Y S T E M  ---------------

OS:
 Windows 10 , 64 bit Build 19041 (10.0.19041.7663)
OS uptime: 0 days 0:49 hours

CPU: total 4 (initial active 4) (2 cores per cpu, 2 threads per core) family 6 model 61 stepping 4 microcode 0x2d, cx8, cmov, fxsr, ht, mmx, 3dnowpref, sse, sse2, sse3, ssse3, sse4.1, sse4.2, popcnt, lzcnt, tsc, tscinvbit, avx, avx2, aes, erms, clmul, bmi1, bmi2, adx, fma, vzeroupper, clflush
Processor Information for all 4 processors :
  Max Mhz: 2397, Current Mhz: 2397, Mhz Limit: 2397

Memory: 4k page, system-wide physical 12190M (4345M free)
TotalPageFile size 18334M (AvailPageFile size 8489M)
current process WorkingSet (physical memory assigned to process): 1933M, peak: 1937M
current process commit charge ("private bytes"): 2379M, peak: 2384M

vm_info: OpenJDK 64-Bit Server VM (17.0.10+7) for windows-amd64 JRE (17.0.10+7), built on Jan 16 2024 23:25:11 by "admin" with MS VC++ 16.10 / 16.11 (VS2019)

END.
